date,FCT_Ar_1@10
2019-04-30,
2019-05-06,
2019-05-07,
2019-05-08,
2019-05-09,
2019-05-10,
2019-05-13,
2019-05-14,
2019-05-15,
2019-05-16,0.37568058076225047
2019-05-17,0.38666666666666666
2019-05-20,0.43186180422264875
2019-05-21,0.5066413662239089
2019-05-22,0.5584843492586491
2019-05-23,0.5494327390599676
2019-05-24,0.5890014471780028
2019-05-27,0.5324675324675324
2019-05-28,0.34310850439882695
2019-05-29,0.330188679245283
2019-05-30,0.2754946727549467
2019-05-31,0.2600297176820208
2019-06-03,0.15688949522510232
2019-06-04,0.10148849797023005
2019-06-05,-0.05185185185185185
2019-06-06,-0.16022099447513813
2019-06-10,-0.23348017621145375
2019-06-11,-0.2886762360446571
2019-06-12,-0.28888888888888886
2019-06-13,-0.16293929712460065
2019-06-14,-0.15955766192733017
2019-06-17,-0.10526315789473684
2019-06-18,-0.09359605911330049
2019-06-19,-0.026578073089700997
2019-06-20,0.008319467554076539
2019-06-21,0.18021201413427562
2019-06-24,0.10669077757685352
2019-06-25,0.04189435336976321
2019-06-26,0.08379888268156424
2019-06-27,-0.007874015748031496
2019-06-28,-0.0778688524590164
2019-07-01,-0.1896551724137931
2019-07-02,-0.0951276102088167
2019-07-03,-0.09468822170900693
2019-07-04,-0.08353221957040573
2019-07-05,-0.19902912621359223
2019-07-08,-0.0673076923076923
2019-07-09,-0.11475409836065574
2019-07-10,-0.19646799116997793
2019-07-11,-0.3615023474178404
2019-07-12,-0.297029702970297
2019-07-15,-0.17444717444717445
2019-07-16,-0.13216957605985039
2019-07-17,-0.14563106796116504
2019-07-18,-0.1750599520383693
2019-07-19,-0.12895377128953772
2019-07-22,-0.3482587064676617
2019-07-23,-0.29198966408268734
2019-07-24,-0.21052631578947367
2019-07-25,-0.18232044198895028
2019-07-26,-0.13186813186813187
2019-07-29,-0.18840579710144928
2019-07-30,-0.20710059171597633
2019-07-31,-0.2459016393442623
2019-08-01,-0.24919093851132687
2019-08-02,-0.1270358306188925
2019-08-05,-0.0949367088607595
2019-08-06,0.17098445595854922
2019-08-07,0.1457286432160804
2019-08-08,0.18284424379232506
2019-08-09,0.06318082788671024
2019-08-12,0.08282828282828283
2019-08-13,0.0
2019-08-14,-0.039525691699604744
2019-08-15,0.02
2019-08-16,-0.02
2019-08-19,-0.0021141649048625794
2019-08-20,-0.2548076923076923
2019-08-21,-0.18703241895261846
2019-08-22,-0.29476584022038566
2019-08-23,-0.23780487804878048
2019-08-26,-0.25308641975308643
2019-08-27,-0.08256880733944955
2019-08-28,-0.05846153846153846
2019-08-29,-0.015015015015015015
2019-08-30,0.011834319526627219
2019-09-02,0.017341040462427744
2019-09-03,0.2926829268292683
2019-09-04,0.38571428571428573
2019-09-05,0.22755741127348644
2019-09-06,0.10865561694290976
2019-09-09,0.07809523809523809
2019-09-10,0.07961165048543689
2019-09-11,0.006920415224913495
2019-09-12,-0.08650519031141868
2019-09-16,-0.12292358803986711
2019-09-17,-0.08485856905158069
2019-09-18,-0.2679245283018868
2019-09-19,-0.44840525328330205
2019-09-20,-0.4100418410041841
2019-09-23,-0.45021645021645024
2019-09-24,-0.4392935982339956
2019-09-25,-0.537117903930131
2019-09-26,-0.4132029339853301
2019-09-27,-0.38349514563106796
2019-09-30,-0.45
2019-10-08,-0.31685393258426964
2019-10-09,-0.35185185185185186
2019-10-10,-0.265
2019-10-11,-0.2376237623762376
2019-10-14,-0.06486486486486487
2019-10-15,-0.005291005291005291
2019-10-16,0.018867924528301886
2019-10-17,-0.27765237020316025
2019-10-18,-0.24301075268817204
2019-10-21,-0.18340611353711792
2019-10-22,-0.315136476426799
2019-10-23,-0.08829568788501027
2019-10-24,-0.0846774193548387
2019-10-25,-0.08064516129032258
2019-10-28,-0.18304431599229287
2019-10-29,-0.18846153846153846
2019-10-30,-0.16988416988416988
2019-10-31,0.009174311926605505
2019-11-01,0.02912621359223301
2019-11-04,0.17286652078774617
2019-11-05,0.12916666666666668
2019-11-06,-0.13189448441247004
2019-11-07,-0.10476190476190476
2019-11-08,-0.00943269158818791
2019-11-11,0.05911675910973534
2019-11-12,0.02032260812834074
2019-11-13,0.07174074742415307
2019-11-14,0.1715342336832167
2019-11-15,0.18796592568827872
2019-11-18,-0.028988694637439385
2019-11-19,-0.14297054584259525
2019-11-20,-0.01217755928608143
2019-11-21,-0.10173697270471783
2019-11-22,-0.23308270676691573
2019-11-25,-0.20610687022900237
2019-11-26,-0.19587628865978784
2019-11-27,-0.25194805194804565
2019-11-28,-0.32394366197182184
2019-11-29,-0.2578947368420956
2019-12-02,-0.22631578947367298
2019-12-03,-0.04581895065067725
2019-12-04,-0.10537614883109252
2019-12-05,-0.04953505115343545
2019-12-06,-0.028045919626461722
2019-12-09,0.0631065277986207
2019-12-10,0.025630327077304015
2019-12-11,0.09836419542193912
2019-12-12,0.09304950149353028
2019-12-13,-0.046876607453514366
2019-12-16,1.2374207943698703e-15
2019-12-17,-0.016835016835014732
2019-12-18,-0.07167235494880402
2019-12-19,-0.07216494845360538
2019-12-20,0.032000000000004726
2019-12-23,-0.12107623318385455
2019-12-24,-0.12499999999999899
2019-12-25,-0.25114155251141457
2019-12-26,-0.32432432432432545
2019-12-27,-0.23720930232558296
2019-12-30,-0.16157205240174075
2019-12-31,-0.12970711297070728
2020-01-02,-0.08370044052863498
2020-01-03,-0.0643776824034346
2020-01-06,-0.14960629921260127
2020-01-07,-0.331168831168833
2020-01-08,-0.3415384615384635
2020-01-09,-0.3251533742331306
2020-01-10,-0.2703412073490817
2020-01-13,-0.30882352941176366
2020-01-14,-0.31358024691358277
2020-01-15,-0.3740831295843541
2020-01-16,-0.3507109004739338
2020-01-17,-0.3254156769596192
2020-01-20,-0.3033175355450217
2020-01-21,-0.14206128133704485
2020-01-22,-0.05785123966941925
2020-01-23,-0.05849582172701811
2020-02-03,-0.07486631016042597
2020-02-04,-0.03722084367245722
2020-02-05,-0.038560411311056565
2020-02-06,0.015873015873010005
2020-02-07,0.032967032967027715
2020-02-10,0.05691056910568666
2020-02-11,0.08620689655172037
2020-02-12,0.13636363636363336
2020-02-13,0.11455108359132557
2020-02-14,0.08923076923076353
2020-02-17,0.18796992481202446
2020-02-18,0.32038834951456
2020-02-19,0.34375000000000117
2020-02-20,0.36150234741784576
2020-02-21,0.32701421800947833
2020-02-24,0.13084112149532764
2020-02-25,0.27659574468085
2020-02-26,0.15021459227467762
2020-02-27,-0.02583025830258238
2020-02-28,0.105633802816899
2020-03-02,0.196319018404904
2020-03-03,0.12352941176470233
2020-03-04,0.0662824207492761
2020-03-05,-4.49137917956468e-15
2020-03-06,-0.03592814371257669
2020-03-09,0.09090909090908598
2020-03-10,-0.005882352941182123
2020-03-11,-0.008450704225357153
2020-03-12,0.11436950146627026
2020-03-13,0.02395209580838122
2020-03-16,-0.15087719298245947
2020-03-17,-0.08833922261484226
2020-03-18,-0.07857142857143355
2020-03-19,-0.17868338557994426
2020-03-20,0.053763440860205944
2020-03-23,-0.06508875739645723
2020-03-24,-0.17705735660848437
2020-03-25,-0.2045977011494307
2020-03-26,-0.10064239828694327
2020-03-27,-0.006185567010316717
2020-03-30,-0.025242718446607863
2020-03-31,-0.011764705882359991
2020-04-01,-0.040145985401464725
2020-04-02,0.05426356589147021
2020-04-03,-0.1387755102040834
2020-04-07,-0.09314916058819166
2020-04-08,0.004291146403505719
2020-04-09,0.015996260705659484
2020-04-10,-0.16315133451768493
2020-04-13,-0.2529974183805654
2020-04-14,-0.23918090777739118
2020-04-15,-0.3098041396182895
2020-04-16,-0.27740258485616465
2020-04-17,-0.2595383502568323
2020-04-20,-0.16721311475409922
2020-04-21,-0.20401337792642277
2020-04-22,-0.16838487972509014
2020-04-23,-0.06474820143884981
2020-04-24,0.23549488054606926
2020-04-27,0.3639143730886787
2020-04-28,0.33939393939393087
2020-04-29,0.24926686217008134
2020-04-30,0.24999999999999573
2020-05-06,0.27272727272726816
2020-05-07,0.32098765432098425
2020-05-08,0.34939759036144125
2020-05-11,0.35504885993485374
2020-05-12,0.361290322580642
2020-05-13,0.22419928825623472
2020-05-14,0.03508771929825538
2020-05-15,0.07692307692308914
2020-05-18,0.26000000000001167
2020-05-19,0.2537313432835908
2020-05-20,0.12568306010929683
2020-05-21,0.14736842105263254
2020-05-22,0.00502512562814489
2020-05-25,-0.015228426395940414
2020-05-26,-0.025380710659904576
2020-05-27,-0.06818181818182455
2020-05-28,-0.18085106382979815
2020-05-29,-0.32057416267943895
2020-06-01,-0.2093023255814052
2020-06-02,-0.20720720720721728
2020-06-03,-0.1944444444444564
2020-06-04,-0.3059360730593696
2020-06-05,-0.16923076923078254
2020-06-08,-0.13131313131314484
2020-06-09,-0.265700483091796
2020-06-10,-0.18584070796461577
2020-06-11,-0.01769911504425754
2020-06-12,0.1822660098522071
2020-06-15,0.08994708994707801
2020-06-16,0.0306122448979524
2020-06-17,-0.010000000000006516
2020-06-18,0.03589743589742374
2020-06-19,-0.005181347150265323
2020-06-22,-0.1428571428571463
2020-06-23,-0.061032863849767104
2020-06-24,-0.30894308943089316
2020-06-29,-0.42975206611570393
2020-06-30,-0.4645669291338602
2020-07-01,-0.41312741312741663
2020-07-02,-0.27480916030534475
2020-07-03,-0.17164179104477517
2020-07-06,-0.1877394636015343
2020-07-07,-0.17110266159696166
2020-07-08,-0.17551020408163578
2020-07-09,-0.15744680851064194
2020-07-10,-0.08920187793427883
2020-07-13,-0.01492537313433163
2020-07-14,0.020408163265304258
2020-07-15,0.1132075471698076
2020-07-16,0.056410256410248084
2020-07-17,-0.35531135531136276
2020-07-20,-0.4415584415584448
2020-07-21,-0.38906752411575896
2020-07-22,-0.38278931750741996
2020-07-23,-0.3950953678474116
2020-07-24,-0.28682170542635754
2020-07-27,-0.2341463414634155
2020-07-28,-0.2259615384615408
2020-07-29,-0.3269689737470179
2020-07-30,-0.28703703703703853
2020-07-31,-0.019283746556473556
2020-08-03,0.04871060171919903
2020-08-04,-0.017241379310343218
2020-08-05,0.15028901734104022
2020-08-06,0.0721649484536081
2020-08-07,0.0
2020-08-10,0.1482352941176483
2020-08-11,0.22666666666666874
2020-08-12,0.2069716775599151
2020-08-13,0.21052631578947592
2020-08-14,0.0534979423868337
2020-08-17,0.07405175283754527
2020-08-18,0.09277168188816289
2020-08-19,-0.002525747181000883
2020-08-20,0.007912240491274944
2020-08-21,0.039666595702130124
2020-08-24,-0.12386679790910914
2020-08-25,-0.22785104605252252
2020-08-26,-0.18809523809523515
2020-08-27,-0.2936911212536771
2020-08-28,-0.1538461538461489
2020-08-31,-0.011070110701104897
2020-09-01,0.06428571428571525
2020-09-02,0.07368421052631619
2020-09-03,0.3921568627450985
2020-09-04,0.5728155339805866
2020-09-07,0.5987055016181265
2020-09-08,0.46278317152104037
2020-09-09,0.34239130434782983
2020-09-10,0.30183727034120966
2020-09-11,0.35602094240837895
2020-09-14,0.32984293193717534
2020-09-15,0.25319693094629525
2020-09-16,0.26854219948849395
2020-09-17,0.22527472527472792
2020-09-18,0.11111111111111603
2020-09-21,0.009063444108767048
2020-09-22,-0.002949852507368859
2020-09-23,0.017301038062290858
2020-09-24,-0.028571428571421902
2020-09-25,-0.07453416149067678
2020-09-28,-0.16352201257860965
2020-09-29,-0.22539682539681874
2020-09-30,-0.12962962962962057
2020-10-09,-0.11304347826085893
2020-10-12,-0.07999999999999505
2020-10-13,-0.0696378830083533
2020-10-14,0.1356783919598013
2020-10-15,0.21867321867321904
2020-10-16,0.282051282051284
2020-10-19,0.3209549071618041
2020-10-20,0.34054054054053967
2020-10-21,0.4088397790055222
2020-10-22,0.3577464788732338
2020-10-23,0.2698412698412628
2020-10-26,0.3273273273273219
2020-10-27,0.3271028037383113
2020-10-28,0.009646302250796789
2020-10-29,-0.05050505050505756
2020-10-30,0.12052117263842811
2020-11-02,0.10967741935483215
2020-11-03,0.1354838709677364
2020-11-04,0.17948717948717405
2020-11-05,0.08695652173912778
2020-11-06,0.11111111111111055
2020-11-09,0.01910828025477871
2020-11-10,0.034267912772589865
2020-11-11,0.27464788732394724
2020-11-12,0.2500000000000055
2020-11-13,0.09727626459144485
2020-11-16,-0.0671641791044742
2020-11-17,-0.18466898954703817
2020-11-18,-0.18727915194346242
2020-11-19,0.010526315789471693
2020-11-20,0.04234527687295841
2020-11-23,0.06896551724137237
2020-11-24,-0.062295081967220965
2020-11-25,-0.07641196013289805
2020-11-26,-0.05685618729098003
2020-11-27,-0.06622516556292343
2020-11-30,-0.1351351351351415
2020-12-01,-0.10059171597633504
2020-12-02,-0.10285714285714578
2020-12-03,-0.12068965517241592
2020-12-04,-0.2260061919504636
2020-12-07,-0.29375000000000084
2020-12-08,-0.17687074829932106
2020-12-09,-0.3032258064516112
2020-12-10,-0.4550128534704363
2020-12-11,-0.1578947368421041
2020-12-14,0.06113537117904002
2020-12-15,0.1050228310502278
2020-12-16,0.030318734807647327
2020-12-17,-0.0922681946459747
2020-12-18,-0.05289264750691576
2020-12-21,0.05709843442465126
2020-12-22,-0.034161840976759214
2020-12-23,0.015909305444761143
2020-12-24,0.22842846365395658
2020-12-25,0.017714985970616232
2020-12-28,-0.008687704090284678
2020-12-29,-0.019607843137256463
2020-12-30,0.09340659340659453
2020-12-31,0.2485549132947983
2021-01-04,0.15819209039548032
2021-01-05,0.04093567251461966
2021-01-06,0.10030395136778399
2021-01-07,0.08517350157729309
2021-01-08,0.18260869565217966
2021-01-11,0.16489361702128386
2021-01-12,0.03857566765579344
2021-01-13,0.052959501557638115
2021-01-14,-0.08641975308642151
2021-01-15,-0.14551083591331332
2021-01-18,0.02469135802469165
2021-01-19,0.021406727828746596
2021-01-20,0.05882352941176234
2021-01-21,0.0927152317880772
2021-01-22,0.010909090909088997
2021-01-25,-0.09600000000000454
2021-01-26,-0.06172839506173459
2021-01-27,0.024999999999994034
2021-01-28,0.16814159292035363
2021-01-29,0.12107623318385821
2021-02-01,-0.1453744493392095
2021-02-02,-0.10599078341014384
2021-02-03,-0.0883720930232638
2021-02-04,-0.06363636363637779
2021-02-05,-0.23008849557523592
2021-02-08,-0.19090909090910751
2021-02-09,-0.3140495867768759
2021-02-10,-0.3632653061224633
2021-02-18,-0.43529411764707227
2021-02-19,-0.3409961685823887
2021-02-22,-0.032028469750904426
2021-02-23,0.03010033444814457
2021-02-24,0.029508196721298584
2021-02-25,0.05228758169933551
2021-02-26,0.3692307692307646
2021-03-01,0.48418491484184567
2021-03-02,0.3981481481481448
2021-03-03,0.3922902494331022
2021-03-04,0.39407744874715006
2021-03-05,0.2997711670480529
2021-03-08,0.14425427872860347
2021-03-09,-0.021479713603817865
2021-03-10,-0.03562945368171177
2021-03-11,-0.09492273730684507
2021-03-12,-0.3725490196078492
2021-03-15,-0.48104956268221943
2021-03-16,-0.4655172413793123
2021-03-17,-0.3739612188365665
2021-03-18,-0.387978142076505
2021-03-19,-0.33838383838384023
2021-03-22,-0.2153110047846896
2021-03-23,-0.08629441624365462
2021-03-24,0.012224938875308154
2021-03-25,0.025252525252528423
2021-03-26,-0.07619047619047235
2021-03-29,-0.07469879518072102
2021-03-30,0.12737127371273774
2021-03-31,-0.08847184986594946
2021-04-01,-0.019498607242339084
2021-04-02,0.05074626865671687
2021-04-06,0.1394658753709193
2021-04-07,0.13140393824983934
2021-04-08,0.05514049852122917
2021-04-09,0.02367055720945633
2021-04-12,0.03237706565879795
2021-04-13,0.08547607980461014
2021-04-14,0.02465050223875415
2021-04-15,0.2717740173755197
2021-04-16,0.21510379187791934
2021-04-19,0.15465880752663516
2021-04-20,0.023999999999999567
2021-04-21,-0.06513409961685837
2021-04-22,-0.12213740458015253
2021-04-23,0.004081632653063174
2021-04-26,0.015748031496065528
2021-04-27,-0.29801324503310966
2021-04-28,-0.33544303797468367
2021-04-29,-0.4285714285714297
2021-04-30,-0.421828908554574
2021-05-06,-0.4812680115273786
2021-05-07,-0.4410958904109611
2021-05-10,-0.39772727272727526
2021-05-11,-0.5059952038369336
2021-05-12,-0.5736263736263764
2021-05-13,-0.47071583514100074
2021-05-14,-0.2805755395683478
2021-05-17,-0.15151515151515257
2021-05-18,-0.19187358916478567
2021-05-19,-0.17802197802197717
2021-05-20,-0.028806584362139332
2021-05-21,0.036000000000000316
2021-05-24,0.09219858156028356
2021-05-25,0.22676579925650517
2021-05-26,0.1827956989247307
2021-05-27,0.22299651567944184
2021-05-28,0.13367174280879743
2021-05-31,0.0451388888888877
2021-06-01,0.122557726465363
2021-06-02,0.015177065767284045
2021-06-03,-0.07299270072992875
2021-06-04,-0.07918968692449482
2021-06-07,-0.2198019801980219
2021-06-08,-0.19668737060041583
2021-06-09,-0.058823529411766995
2021-06-10,-0.23150357995226967
2021-06-11,-0.22051282051282362
2021-06-15,-0.14066496163683162
2021-06-16,-0.22277227722772613
2021-06-17,-0.06395348837209838
2021-06-18,0.026086956521735028
2021-06-21,-0.2860892388451477
2021-06-22,-0.13424657534246728
2021-06-23,-0.15730337078652
2021-06-24,-0.19780219780220096
2021-06-25,-0.13414634146341747
2021-06-28,-0.11174785100286726
2021-06-29,-0.0786516853932598
2021-06-30,-0.011560693641619135
2021-07-01,-0.008547008547007804
2021-07-02,-0.0791788856304978
2021-07-05,0.24113475177304974
2021-07-06,0.20295202952029442
2021-07-07,0.17314487632508868
2021-07-08,0.12195121951219652
2021-07-09,0.1389830508474564
2021-07-12,0.14181818181818243
2021-07-13,-0.015037593984960818
2021-07-14,0.2065573770491804
2021-07-15,0.22257053291536016
2021-07-16,0.36206896551724216
2021-07-19,0.18457300275482194
2021-07-20,0.15254237288135633
2021-07-21,0.14522821576763548
2021-07-22,0.12524084778420044
2021-07-23,0.15887850467289855
2021-07-26,0.22984052478154662
2021-07-27,0.28354565723443037
2021-07-28,0.13796942527340736
2021-07-29,0.03333104574359351
2021-07-30,-0.10057208080911215
2021-08-02,0.0183608658844784
2021-08-03,-0.11960124241814034
2021-08-04,-0.11239441668720573
2021-08-05,-0.1470029254173444
2021-08-06,-0.1737451737451746
2021-08-09,-0.3074935400516802
2021-08-10,-0.24146981627296601
2021-08-11,-0.15079365079365045
2021-08-12,0.06976744186046559
2021-08-13,0.1791613722998728
2021-08-16,0.1652892561983478
2021-08-17,0.3342696629213483
2021-08-18,0.31258840169731344
2021-08-19,0.4518716577540116
2021-08-20,0.35632183908046017
2021-08-23,0.4278668310727495
2021-08-24,0.25925925925925836
2021-08-25,0.4107708553326282
2021-08-26,0.3237885462555056
2021-08-27,0.11111111111111098
2021-08-30,0.07092907092907079
2021-08-31,0.0958083832335327
2021-09-01,0.1363184079601978
2021-09-02,0.0772442588726502
2021-09-03,0.028340080971658882
2021-09-06,-0.024061597690087713
2021-09-07,0.02616822429906448
2021-09-08,-0.17372881355932268
2021-09-09,-0.17659352142110796
2021-09-10,-0.08463251670378664
2021-09-13,-0.08102345415778359
2021-09-14,-0.14922048997772983
2021-09-15,-0.14095449500555007
2021-09-16,-0.19266055045871597
2021-09-17,-0.16449704142011815
2021-09-22,-0.23218997361477509
2021-09-23,-0.2105263157894727
2021-09-24,-0.2759643916913928
2021-09-27,-0.002557544757032826
2021-09-28,0.182464454976304
2021-09-29,0.30275229357798306
2021-09-30,0.30257510729613807
2021-10-08,-0.015570934256054585
2021-10-11,0.07704160246533089
2021-10-12,0.12408759124087472
2021-10-13,0.03943115707821506
2021-10-14,-0.008641975308642946
2021-10-15,-0.037259615384616945
2021-10-18,0.020431328036321004
2021-10-19,0.11099421357180365
2021-10-20,0.10419753086419695
2021-10-21,0.12440645773979118
2021-10-22,0.2601098352471299
2021-10-25,0.24658227848101366
2021-10-26,0.10456273764258711
2021-10-27,0.1926070038910522
2021-10-28,0.198067632850243
2021-10-29,0.2478411053540602
2021-11-01,0.11326860841424133
2021-11-02,0.08092485549133081
2021-11-03,0.0577024880889374
2021-11-04,-0.0005521811154046843
2021-11-05,0.0051694428489374835
2021-11-08,0.059422750424448445
2021-11-09,0.21487082545683656
2021-11-10,0.22823218997361447
2021-11-11,0.18081761006289432
2021-11-12,0.10416666666666774
2021-11-15,0.1960297766749395
2021-11-16,0.024702653247942474
2021-11-17,-0.0974539069359076
2021-11-18,-0.008246407805596113
2021-11-19,-0.025813888235872457
2021-11-22,-0.23050763469556607
2021-11-23,-0.34875379491062836
2021-11-24,-0.36847528191696255
2021-11-25,-0.3070489642344004
2021-11-26,-0.19793089645482412
2021-11-29,-0.274758893640248
2021-11-30,-0.3131686921070064
2021-12-01,-0.21477162293488647
2021-12-02,-0.3545554335894608
2021-12-03,-0.2438238453276027
2021-12-06,-0.1349036402569564
2021-12-07,-0.02011834319526559
2021-12-08,-0.06845965770171118
2021-12-09,-0.19450800915331837
2021-12-10,-0.4665226781857459
2021-12-13,-0.4398340248962672
2021-12-14,-0.4753451676528592
2021-12-15,-0.5124378109452745
2021-12-16,-0.45629202689721365
2021-12-17,-0.48761904761904823
2021-12-20,-0.5787439613526587
2021-12-21,-0.6201413427561845
2021-12-22,-0.5803955288048152
2021-12-23,-0.4691119691119697
2021-12-24,-0.2158119658119657
2021-12-27,-0.1888888888888893
2021-12-28,-0.05174488567990424
2021-12-29,-0.11848341232227427
2021-12-30,-0.17533252720677175
2021-12-31,-0.2706766917293224
2022-01-04,-0.4294175715695945
2022-01-05,-0.23963599595550933
2022-01-06,-0.1904761904761895
2022-01-07,-0.19414634146341436
2022-01-10,-0.2860040567951324
2022-01-11,-0.3240000000000007
2022-01-12,-0.3401849948612546
2022-01-13,-0.27440904419321743
2022-01-14,-0.10772163965681658
2022-01-17,-0.07678075855689225
2022-01-18,0.2983293556085913
2022-01-19,0.29508196721311347
2022-01-20,0.2589641434262938
2022-01-21,0.15934065934065855
2022-01-24,0.0335570469798658
2022-01-25,0.009497964721844877
2022-01-26,0.025232403718458647
2022-01-27,-0.031207598371778004
2022-01-28,-0.3323741007194251
2022-02-07,-0.24198250728863083
2022-02-08,-0.08208955223880618
2022-02-09,-0.1515892420537901
2022-02-10,-0.20676202860858311
2022-02-11,0.01456310679611614
2022-02-14,0.16938519447929745
2022-02-15,0.20481927710843392
2022-02-16,0.1662971175166305
2022-02-17,0.1002087682672236
2022-02-18,0.24330357142857198
2022-02-21,0.19770114942528844
2022-02-22,0.049555273189327044
2022-02-23,0.08290155440414562
2022-02-24,0.07017543859649174
2022-02-25,-0.2050632911392395
2022-02-28,-0.22123893805309636
2022-03-01,-0.20643431635388543
2022-03-02,-0.32386363636363447
2022-03-03,-0.18032786885245677
2022-03-04,-0.16129032258064352
2022-03-07,-0.2389853137516692
2022-03-08,-0.3816425120772951
2022-03-09,-0.2745535714285715
2022-03-10,-0.21205597416576996
2022-03-11,-0.10227272727272758
2022-03-14,-0.14508928571428648
2022-03-15,-0.16777041942604967
2022-03-16,-0.10706638115631786
2022-03-17,-0.12565997888067648
2022-03-18,-0.09465020576131707
2022-03-21,0.034554973821989944
2022-03-22,0.13053613053613075
2022-03-23,0.07692307692307705
2022-03-24,0.018276762402089683
2022-03-25,0.04736842105263213
2022-03-28,0.07462686567164291
2022-03-29,0.12482468443197844
2022-03-30,0.1483679525222552
2022-03-31,0.2049306625577808
2022-04-01,0.04251968503936971
2022-04-06,-0.15771812080536918
2022-04-07,-0.14641744548286606
2022-04-08,-0.17365269461077856
2022-04-11,-0.26269618900705627
2022-04-12,-0.20297180039423643
2022-04-13,-0.23156552161661878
2022-04-14,-0.2025941921300019
2022-04-15,-0.19214927862045555
2022-04-18,-0.033065881424467994
2022-04-19,0.04941964656407353
2022-04-20,0.12421474281713565
2022-04-21,0.309533787029091
2022-04-22,0.34983127109111223
2022-04-25,0.44140197152245253
2022-04-26,0.48805460750853147
2022-04-27,0.43878656554712775
2022-04-28,0.31127197518097105
2022-04-29,0.34564102564102483
2022-05-05,0.31422505307855525
2022-05-06,0.23624595469255608
2022-05-09,0.2561629153269017
2022-05-10,0.0728929384965821
2022-05-11,0.08532423208191038
2022-05-12,0.10012360939431265
2022-05-13,-0.016602809706259557
2022-05-16,0.07442489851150104
2022-05-17,0.17739816031537292
2022-05-18,0.0987821380243555
2022-05-19,0.010494752623686678
2022-05-20,-0.003003003003004633
2022-05-23,-0.14534883720930294
2022-05-24,-0.16305916305916285
2022-05-25,-0.21818181818181862
2022-05-26,-0.26315789473684265
2022-05-27,-0.31494920174165436
2022-05-30,-0.367164179104478
2022-05-31,-0.3766666666666668
2022-06-01,-0.42536115569823446
2022-06-02,-0.4950819672131147
2022-06-06,-0.42184873949579876
2022-06-07,-0.3274336283185844
2022-06-08,-0.2490421455938699
2022-06-09,-0.129277566539923
2022-06-10,-0.10424710424710294
2022-06-13,-0.052837573385517936
2022-06-14,0.02247191011236053
2022-06-15,-0.15438596491228032
2022-06-16,-0.18211920529801326
2022-06-17,-0.2516339869281043
2022-06-20,-0.25770308123249236
2022-06-21,-0.2961373390557932
2022-06-22,-0.33150684931506846
2022-06-23,-0.41145139813581866
2022-06-24,-0.34500000000000014
2022-06-27,-0.19163763066202097
2022-06-28,-0.31910112359550624
2022-06-29,-0.20278099652375503
2022-06-30,-0.13316582914572914
2022-07-01,-0.2167990919409767
2022-07-04,-0.1431924882629115
2022-07-05,-0.15466101694915388
2022-07-06,-0.1302564102564109
2022-07-07,-0.14609053497942476
2022-07-08,-0.12863070539419152
2022-07-11,-0.19826652221018493
2022-07-12,-0.10902696365767903
2022-07-13,-0.19999999999999984
2022-07-14,-0.2213570634037818
2022-07-15,-0.21205357142857112
2022-07-18,-0.2307692307692302
2022-07-19,-0.22368421052631463
2022-07-20,-0.2245407068644096
2022-07-21,-0.09229182169107421
2022-07-22,-0.18981625114338063
2022-07-25,-0.33167320556111607
2022-07-26,-0.38078337252899086
2022-07-27,-0.35263276931496274
2022-07-28,-0.3676839993282592
2022-07-29,-0.20333547586557643
2022-08-01,-0.15450702400173652
2022-08-02,-0.19186046511627888
2022-08-03,-0.20777279521674058
2022-08-04,-0.2182890855457227
2022-08-05,-0.22065727699530444
2022-08-08,-0.1558669001751308
2022-08-09,-0.0535714285714277
2022-08-10,-0.027343749999999025
2022-08-11,0.0772442588726502
2022-08-12,0.018404907975459406
2022-08-15,-0.05932203389830643
2022-08-16,-0.0022471910112369883
2022-08-17,-0.0068337129840550246
2022-08-18,-0.11270983213429156
2022-08-19,0.021739130434783725
2022-08-22,0.19015659955257255
2022-08-23,0.1469194312796208
2022-08-24,0.1367924528301881
2022-08-25,0.19015659955257364
2022-08-26,0.2698412698412702
2022-08-29,0.28310502283105193
2022-08-30,0.2602739726027421
2022-08-31,0.31363636363636693
2022-09-01,0.1782608695652205
2022-09-02,0.08545034642032696
2022-09-05,0.09774436090225991
2022-09-06,0.07142857142857427
2022-09-07,0.11778290993071838
2022-09-08,0.046454767726163776
2022-09-09,0.030927835051549033
2022-09-13,-0.030927835051543815
2022-09-14,0.08040201005025238
2022-09-15,0.0
2022-09-16,-0.224568138195778
2022-09-19,-0.22200392927308527
2022-09-20,-0.25626204238921035
2022-09-21,-0.25343811394891863
2022-09-22,-0.3212851405622473
2022-09-23,-0.3069306930693056
2022-09-26,-0.3576642335766406
2022-09-27,-0.400379506641365
2022-09-28,-0.3698630136986283
2022-09-29,-0.3142857142857128
2022-09-30,0.08656716417910758
2022-10-10,-0.1336898395721905
2022-10-11,-0.13573407202215837
2022-10-12,-0.03621169916434377
2022-10-13,0.05121293800539227
2022-10-14,0.007832898172325216
2022-10-17,-0.01960784313725472
2022-10-18,0.05915492957746535
2022-10-19,0.03957783641161034
2022-10-20,0.19907407407407515
2022-10-21,0.053304904051173566
2022-10-24,0.16742081447963897
2022-10-25,0.1565217391304365
2022-10-26,0.07526881720430315
2022-10-27,-0.08932461873638256
2022-10-28,-0.13502109704641335
2022-10-31,-0.1717171717171713
2022-11-01,-0.306818181818182
2022-11-02,-0.3502935420743643
2022-11-03,-0.4549180327868854
2022-11-04,-0.20967741935483888
2022-11-07,-0.09795918367346945
2022-11-08,-0.18800000000000136
2022-11-09,-0.19850187265917688
2022-11-10,-0.085714285714287
2022-11-11,-0.04873294346978646
2022-11-14,0.035156249999998605
2022-11-15,0.16734693877550955
2022-11-16,0.21757322175732138
2022-11-17,0.11297071129707009
2022-11-18,-0.03401360544217768
2022-11-21,-0.1918735891647859
2022-11-22,-0.15738498789346347
2022-11-23,-0.24189526184538868
2022-11-24,-0.3366336633663375
2022-11-25,-0.2558139534883724
2022-11-28,-0.2960893854748615
2022-11-29,-0.22222222222222424
2022-11-30,-0.35211267605633817
2022-12-01,-0.22727272727272907
2022-12-02,-0.2316715542522024
2022-12-05,-0.12727272727272862
2022-12-06,-0.15517241379310406
2022-12-07,-0.06369426751592533
2022-12-08,-0.14634146341463503
2022-12-09,-0.2037617554858931
2022-12-12,0.051355172788842635
2022-12-13,-0.02071968793518511
2022-12-14,0.0008781878217937687
2022-12-15,-0.08416277337666653
2022-12-16,-0.016954023688381892
2022-12-19,-0.24337317622236668
2022-12-20,-0.2384142161119584
2022-12-21,-0.1820340109997317
2022-12-22,-0.12282375037600532
2022-12-23,-0.07400379506641326
2022-12-26,-0.17343173431734238
2022-12-27,-0.1698841698841694
2022-12-28,-0.1566731141199225
2022-12-29,-0.1338582677165352
2022-12-30,-0.1911468812877256
2023-01-03,0.13784461152882363
2023-01-04,0.2513089005235623
2023-01-05,0.22222222222222496
2023-01-06,0.1578947368421075
2023-01-09,0.14062500000000186
2023-01-10,0.16012084592145254
2023-01-11,0.03529411764706037
2023-01-12,0.14689265536723384
2023-01-13,0.13636363636363882
2023-01-16,0.05753424657534433
2023-01-17,0.03278688524590191
2023-01-18,0.050847457627119654
2023-01-19,0.046511627906975536
2023-01-20,0.24096385542168422
2023-01-30,0.13165266106442347
2023-01-31,0.2535885167464097
2023-02-01,0.350961538461538
2023-02-02,0.17351598173515978
2023-02-03,0.188720173535791
2023-02-06,0.2951541850220257
2023-02-07,0.16331096196868108
2023-02-08,0.06437768240343435
2023-02-09,-0.006085192697766129
2023-02-10,-0.1156186612576016
2023-02-13,-0.04384133611690558
2023-02-14,-0.22931442080377665
2023-02-15,-0.3365853658536532
2023-02-16,-0.2727272727272679
2023-02-17,-0.4397759103641395
2023-02-20,-0.5144508670520168
2023-02-21,-0.32564841498558555
2023-02-22,-0.23219814241485714
2023-02-23,-0.15172413793103262
2023-02-24,0.09206349206349063
2023-02-27,-0.028938906752413354
2023-02-28,-0.17582417582417872
2023-03-01,-0.11653116531165542
2023-03-02,-0.14441416893733125
2023-03-03,-0.06214689265537011
2023-03-06,-0.07142857142857365
2023-03-07,-0.15053763440860476
2023-03-08,-0.2162162162162193
2023-03-09,-0.2760416666666689
2023-03-10,-0.48860759493671174
2023-03-13,-0.45363408521303483
2023-03-14,-0.31378299120234576
2023-03-15,-0.29999999999999927
2023-03-16,-0.39896373056994777
2023-03-17,-0.38133333333333125
2023-03-20,-0.3965517241379293
2023-03-21,-0.441988950276243
2023-03-22,-0.36927223719676455
2023-03-23,-0.35809018567639045
2023-03-24,-0.28813559322033566
2023-03-27,-0.22448979591836388
2023-03-28,-0.23076923076922856
2023-03-29,-0.3162393162393151
2023-03-30,-0.26415094339622386
2023-03-31,-0.1020408163265282
2023-04-03,-0.1176470588235266
2023-04-04,-0.04927536231883707
2023-04-06,-0.10601719197707361
2023-04-07,0.09826589595376067
2023-04-10,0.1818181818181847
2023-04-11,0.005555555555558792
2023-04-12,-0.0874316939890687
2023-04-13,0.04624277456647738
2023-04-14,0.21892445479738254
2023-04-17,0.18257405161960963
2023-04-18,0.18616318986004793
2023-04-19,0.23564941740918519
2023-04-20,0.30491704762517946
2023-04-21,-0.02549334157985124
2023-04-24,0.018648574310079463
2023-04-25,0.14715142874116605
2023-04-26,0.26311511891170286
2023-04-27,0.14567901234568
2023-04-28,0.24347826086956567
2023-05-04,0.22567287784679219
2023-05-05,0.23505976095617728
2023-05-08,0.20634920634920895
2023-05-09,0.10156250000000297
2023-05-10,0.2586206896551757
2023-05-11,0.08817204301075508
2023-05-12,0.06918238993710951
2023-05-15,0.10526315789474161
2023-05-16,0.09716599190283848
2023-05-17,-0.1261682242990611
2023-05-18,-0.2167832167832126
2023-05-19,-0.33027522935779413
2023-05-22,-0.3501144164759705
2023-05-23,-0.3302540415704367
2023-05-24,-0.43296703296703204
2023-05-25,-0.3991031390134527
2023-05-26,-0.44874715261959014
2023-05-29,-0.581730769230769
2023-05-30,-0.5357142857142848
2023-05-31,-0.5493670886075923
2023-06-01,-0.45177664974619125
2023-06-02,-0.37190082644627837
2023-06-05,-0.4351585014409182
2023-06-06,-0.3111782477341365
2023-06-07,-0.15050167224079927
2023-06-08,-0.0830324909747259
2023-06-09,0.01872659176030185
2023-06-12,0.1672354948805461
2023-06-13,0.15068493150684875
2023-06-14,0.3197278911564621
2023-06-15,0.19117647058823434
2023-06-16,0.28327645051194444
2023-06-19,0.35251798561150843
2023-06-20,0.24210526315789446
2023-06-21,0.32236842105263214
2023-06-26,0.2371794871794891
2023-06-27,0.15723270440251783
2023-06-28,-0.03496503496503334
2023-06-29,0.030508474576272333
2023-06-30,-0.017421602787455606
2023-07-03,0.20127795527156717
2023-07-04,0.056105610561056674
2023-07-05,0.14880952380952403
2023-07-06,0.20353982300884818
2023-07-07,-0.00879765395894585
2023-07-10,0.13544668587896122
2023-07-11,0.12320916905444058
2023-07-12,0.16056338028168834
2023-07-13,0.15555555555555362
2023-07-14,0.15702479338842687
2023-07-17,0.3584158415841548
2023-07-18,0.35221238938052857
2023-07-19,0.30810810810810724
2023-07-20,0.2977624784853693
2023-07-21,0.21974522292993562
2023-07-24,0.2006472491909377
2023-07-25,0.2140672782874607
2023-07-26,0.2236652236652235
2023-07-27,0.24216524216524218
2023-07-28,0.1491712707182326
2023-07-31,0.05198776758409969
2023-08-01,0.12828947368421162
2023-08-02,0.16754416357543891
2023-08-03,0.0702334992553118
2023-08-04,0.20307681332791916
2023-08-07,0.08588053878117073
2023-08-08,0.17906920116667485
2023-08-09,0.11015469079348081
2023-08-10,0.09644979128080394
2023-08-11,0.22423645348494792
2023-08-14,-0.09236250335202086
2023-08-15,-0.2500000000000014
2023-08-16,-0.3393177737881525
2023-08-17,-0.1145299145299167
2023-08-18,-0.1243611584327101
2023-08-21,0.04129263913823786
2023-08-22,0.07092198581560008
2023-08-23,0.17750439367310922
2023-08-24,0.10600706713780828
2023-08-25,0.024475524475523484
2023-08-28,0.12499999999999933
2023-08-29,0.1770334928229673
2023-08-30,0.17274167987321903
2023-08-31,0.036666666666669005
2023-09-01,0.13280000000000264
2023-09-04,0.17751479289941152
2023-09-05,0.10172143974961277
2023-09-06,0.03481012658228235
2023-09-07,-0.04747774480711808
2023-09-08,0.009118541033437861
2023-09-11,0.05882352941176846
2023-09-12,0.045372050816699525
2023-09-13,0.0017953321364474093
2023-09-14,0.017013232514178824
2023-09-15,0.0636704119850187
2023-09-18,-0.11570247933884263
2023-09-19,-0.13414634146341367
2023-09-20,-0.01632653061224365
2023-09-21,0.16465863453815327
2023-09-22,0.17857142857142919
2023-09-25,0.13307984790874683
2023-09-26,0.15831663326653617
2023-09-27,0.19507186858316597
2023-09-28,0.2642276422764269
2023-10-09,-0.02135922330096775
2023-10-10,-0.18867924528301586
2023-10-11,-0.17554858934169157
2023-10-12,-0.043235704323570386
2023-10-13,0.023004059539919505
2023-10-16,0.030463576158941828
2023-10-17,0.018970189701897667
2023-10-18,-0.02695417789757344
2023-10-19,0.09296482412060303
2023-10-20,0.05837563451776657
2023-10-23,0.0397022332506205
2023-10-24,0.22720694645441314
2023-10-25,0.28531073446327737
2023-10-26,0.08885298869143969
2023-10-27,-0.06959706959706799
2023-10-30,-0.20996441281138822
2023-10-31,-0.09090909090909138
2023-11-01,-0.16293929712460214
2023-11-02,-0.3274021352313163
2023-11-03,-0.05014749262536796
2023-11-06,0.1058122205663212
2023-11-07,0.10443490701001555
2023-11-08,0.08092485549132997
2023-11-09,0.0470914127423815
2023-11-10,0.015706806282722655
2023-11-13,0.09346991037131988
2023-11-14,0.0681818181818194
2023-11-15,0.16291390728477026
2023-11-16,0.18193891102257695
2023-11-17,0.06970128022759607
2023-11-20,0.19138149556400483
2023-11-21,0.22864321608040222
2023-11-22,0.13642052565707202
2023-11-23,0.06508875739645104
2023-11-24,0.11483253588516841
2023-11-27,0.0726114649681541
2023-11-28,0.08730138660597737
2023-11-29,0.08605109389862879
2023-11-30,0.06714231112243721
2023-12-01,-0.033040691876336806
2023-12-04,-0.2590984747461955
2023-12-05,-0.3182937843829534
2023-12-06,-0.26064690304697674
2023-12-07,0.007391015711440046
2023-12-08,-0.0492023961768878
2023-12-11,-0.0377358490566063
2023-12-12,-0.10784313725490345
2023-12-13,-0.1587301587301611
2023-12-14,-0.15384615384615571
2023-12-15,-0.15345699831366236
2023-12-18,-0.1458333333333366
2023-12-19,-0.08462867012090161
2023-12-20,-0.08145580589254982
2023-12-21,-0.21111111111111097
2023-12-22,-0.05667276051188299
2023-12-25,-0.07326007326007171
2023-12-26,-0.19713261648745525
2023-12-27,-0.19569120287253092
2023-12-28,-0.12212389380530887
2023-12-29,-0.033962264150942216
2024-01-02,0.059040590405906826
2024-01-03,-0.0038461538461511792
2024-01-04,-0.1952861952861942
2024-01-05,-0.24709784411276903
2024-01-08,-0.4505862646566159
2024-01-09,-0.4415584415584418
2024-01-10,-0.3569023569023575
2024-01-11,-0.24832214765100652
2024-01-12,-0.3940345368916805
2024-01-15,-0.3665158371040716
2024-01-16,-0.4944751381215478
2024-01-17,-0.5080213903743314
2024-01-18,-0.34929577464788686
2024-01-19,-0.22510231923601656
2024-01-22,-0.2365591397849469
2024-01-23,-0.21568627450980418
2024-01-24,-0.19154929577464677
2024-01-25,-0.19822485207100524
2024-01-26,-0.17971014492753565
2024-01-29,-0.2677279305354556
2024-01-30,-0.16300940438871306
2024-01-31,-0.17817014446227852
2024-02-01,-0.23893805309734256
2024-02-02,-0.3840707964601749
2024-02-05,-0.255639097744358
2024-02-06,-0.2928571428571401
2024-02-07,-0.3675496688741711
2024-02-08,-0.06649616368286383
2024-02-19,-0.08819538670284888
2024-02-20,-0.10957004160887597
2024-02-21,-0.1741573033707866
2024-02-22,-0.14446002805049107
2024-02-23,-0.11018131101813275
2024-02-26,-0.13636363636363802
2024-02-27,-0.1076040172166445
2024-02-28,-0.04579025110783023
2024-02-29,0.06969696969696856
2024-03-01,-0.14391143911439042
2024-03-04,0.021194605009633702
2024-03-05,0.04379562043795428
2024-03-06,0.2380952380952365
2024-03-07,0.19223985890652412
2024-03-08,0.1065292096219922
2024-03-11,0.08609271523178802
2024-03-12,0.12602291325695641
2024-03-13,0.18660287081339647
2024-03-14,-0.017191977077364303
2024-03-15,-0.11504424778761177
2024-03-18,-0.1970370370370359
2024-03-19,-0.12312312312312179
2024-03-20,-0.17360114777618219
2024-03-21,-0.09226190476190237
2024-03-22,-0.13864306784660516
2024-03-25,-0.07164179104477422
2024-03-26,-0.11209439528023407
2024-03-27,-0.27272727272727026
2024-03-28,-0.12068965517241127
2024-03-29,-0.17522123893805122
2024-04-01,-0.16316639741518524
2024-04-02,-0.2678001924855154
2024-04-03,-0.27264267990074365
2024-04-08,-0.3081972235546932
2024-04-09,-0.21471840960083824
2024-04-10,-0.07929172919057381
2024-04-11,-0.08973425831677238
2024-04-12,-0.00031059130911872913
2024-04-15,-0.1444037930775867
2024-04-16,-0.08825559898355861
2024-04-17,-0.04991394148020776
2024-04-18,0.14879999999999863
2024-04-19,0.10518053375196093
2024-04-22,0.252840909090908
2024-04-23,0.12328767123287614
2024-04-24,0.08488063660477364
2024-04-25,-0.012080536912752677
2024-04-26,0.018324607329842202
2024-04-29,0.1354838709677408
2024-04-30,0.10225763612217717
2024-05-06,0.16310160427807427
2024-05-07,0.12934631432545146
2024-05-08,0.10955056179775313
2024-05-09,-0.03633491311216329
2024-05-10,0.0503597122302178
2024-05-13,0.08963093145870217
2024-05-14,0.0945945945945963
2024-05-15,0.05924596050269654
2024-05-16,-0.037328094302549235
2024-05-17,0.052000000000002294
2024-05-20,0.014141414141416354
2024-05-21,-0.30256410256410066
2024-05-22,-0.29246935201401025
2024-05-23,-0.3354330708661425
2024-05-24,-0.3312302839116743
2024-05-27,-0.42088607594936767
2024-05-28,-0.34851138353765326
2024-05-29,-0.2512820512820524
2024-05-30,-0.18211920529801506
2024-05-31,-0.21935483870967842
2024-06-03,-0.3229813664596283
2024-06-04,-0.12500000000000164
2024-06-05,-0.07526881720430183
2024-06-06,-0.0573770491803288
2024-06-07,-0.11919191919192021
2024-06-11,-0.06054279749478397
2024-06-12,-0.06584362139918047
2024-06-13,-0.23228346456693258
2024-06-14,-0.20081135902637204
2024-06-17,-0.3150684931506868
2024-06-18,-0.1975308641975328
2024-06-19,-0.24193548387097044
2024-06-20,-0.2837837837837891
2024-06-21,-0.06882591093117967
2024-06-24,0.06986027944111263
2024-06-25,0.04158415841583605
2024-06-26,0.02169625246547798
2024-06-27,-0.009242144177452866
2024-06-28,-0.030965391621133077
2024-07-01,0.008912655971475692
2024-07-02,0.05454545454545135
2024-07-03,0.07971014492753405
2024-07-04,0.06913996627318764
2024-07-05,-0.12323943661971631
2024-07-08,-0.1806331471135911
2024-07-09,-0.2458410351201442
2024-07-10,-0.3010380622837329
2024-07-11,-0.1999999999999968
2024-07-12,-0.274853801169588
2024-07-15,-0.310924369747897
2024-07-16,-0.310204081632651
2024-07-17,-0.31048387096773916
2024-07-18,-0.3194154488517724
2024-07-19,-0.29978118161925377
2024-07-22,-0.2690582959641238
2024-07-23,-0.20697167755991158
2024-07-24,-0.0648769574944074
2024-07-25,-0.1511111111111118
2024-07-26,-0.07594936708860772
2024-07-29,-0.03282368821159464
2024-07-30,-0.031041754616194628
2024-07-31,0.04461710950848929
2024-08-01,-0.04567665719345616
2024-08-02,0.018854580040822102
2024-08-05,0.09031324709412433
2024-08-06,0.03311335468913887
2024-08-07,0.043636996712537485
2024-08-08,0.002718176858103358
2024-08-09,0.04477611940298488
2024-08-12,-0.0801526717557243
2024-08-13,-0.20866141732283403
2024-08-14,-0.310344827586207
2024-08-15,-0.28925619834710786
2024-08-16,-0.29918032786885257
2024-08-19,-0.3262260127931775
2024-08-20,-0.2941176470588247
2024-08-21,-0.3391304347826095
2024-08-22,-0.25858123569794067
2024-08-23,-0.414634146341463
2024-08-26,-0.08515815085158017
2024-08-27,0.0025062656641623485
2024-08-28,0.046683046683048866
2024-08-29,0.09677419354838986
2024-08-30,0.02770780856423469
2024-09-02,-0.05181347150258834
2024-09-03,-0.07532467532467352
2024-09-04,-0.22084367245657446
2024-09-05,-0.21197007481296698
2024-09-06,-0.20744680851063838
2024-09-09,-0.470085470085471
2024-09-10,-0.4835164835164847
2024-09-11,-0.46218487394958013
2024-09-12,-0.39325842696629215
2024-09-13,-0.35555555555555607
2024-09-18,-0.4591836734693878
2024-09-19,-0.28971962616822394
2024-09-20,-0.1545893719806755
2024-09-23,-0.2304038004750591
2024-09-24,0.008849557522124515
2024-09-25,0.09473684210526473
2024-09-26,0.1853448275862094
2024-09-27,0.29945553539020137
2024-09-30,0.24414715719063645
2024-10-08,0.11436950146627663
2024-10-09,0.19758672699849256
2024-10-10,0.18425196850393813
2024-10-11,0.08925869894099892
2024-10-14,0.1786259541984738
2024-10-15,0.12217194570135885
2024-10-16,0.06942392909896766
2024-10-17,-0.009845288326300272
2024-10-18,-0.12989045383411524
2024-10-21,-0.1658291457286421
2024-10-22,-0.06483300589390768
2024-10-23,-0.13294797687861062
2024-10-24,-0.1984126984126963
2024-10-25,-0.18723404255318857
2024-10-28,-0.14522821576763184
2024-10-29,-0.2927927927927911
2024-10-30,0.07142857142857208
2024-10-31,0.01657458563535999
2024-11-01,0.21712538226299793
2024-11-04,0.22352941176470614
2024-11-05,0.16759776536312848
2024-11-06,0.21691678035470668
2024-11-07,0.25668449197860943
2024-11-08,0.20561941251596413
2024-11-11,0.1623711340206185
2024-11-12,0.20537897310513423
2024-11-13,0.04637681159420201
2024-11-14,0.049999999999999316
2024-11-15,-0.2967409948542034
2024-11-18,-0.3712255772646546
2024-11-19,-0.35104364326375836
2024-11-20,-0.420289855072465
2024-11-21,-0.5000000000000009
2024-11-22,-0.4035087719298254
2024-11-25,-0.35807860262008845
2024-11-26,-0.35096153846153855
2024-11-27,-0.3446601941747574
2024-11-28,-0.26323891080875395
2024-11-29,-0.00785795805347105
2024-12-02,0.1715897589684007
2024-12-03,0.18351683821683515
2024-12-04,0.12844956039072614
2024-12-05,0.18008102575522728
2024-12-06,0.14635773530472457
2024-12-09,0.147603046797874
2024-12-10,0.016308650445981676
2024-12-11,0.01675977653631424
2024-12-12,0.07317073170731822
2024-12-13,-0.06849315068492905
2024-12-16,-0.074792243767311
2024-12-17,-0.15877437325905
2024-12-18,-0.13960113960113796
2024-12-19,-0.22352941176470453
2024-12-20,-0.16568047337277975
2024-12-23,-0.13609467455621174
2024-12-24,-0.1382636655948535
2024-12-25,-0.19093851132685882
2024-12-26,-0.3312101910828003
2024-12-27,-0.25252525252525143
2024-12-30,-0.342105263157893
2024-12-31,-0.22602739726027365
