date,FCT_Dmi_Adxr@5
2019-04-30,
2019-05-06,
2019-05-07,
2019-05-08,
2019-05-09,
2019-05-10,
2019-05-13,
2019-05-14,
2019-05-15,
2019-05-16,
2019-05-17,
2019-05-20,
2019-05-21,
2019-05-22,
2019-05-23,91.11942019526256
2019-05-24,95.4039562777368
2019-05-27,98.42516825951566
2019-05-28,95.37140481865545
2019-05-29,90.62350565899158
2019-05-30,85.12642963559976
2019-05-31,76.31909018605847
2019-06-03,73.37791371547024
2019-06-04,69.67421001176655
2019-06-05,65.38849572605226
2019-06-06,64.90364724120377
2019-06-10,64.92831361271729
2019-06-11,61.09190243442016
2019-06-12,60.34676780365504
2019-06-13,55.398581275157625
2019-06-14,58.70053534732993
2019-06-17,65.5325661548959
2019-06-18,64.94433086077825
2019-06-19,66.77753096735967
2019-06-20,67.59657858640728
2019-06-21,63.35415434398303
2019-06-24,60.51161855666197
2019-06-25,61.69696338424818
2019-06-26,62.70419478920685
2019-06-27,70.61156499117365
2019-06-28,67.1969308448322
2019-07-01,59.1722394868075
2019-07-02,53.156196706058836
2019-07-03,46.871360497355894
2019-07-04,45.07486926928571
2019-07-05,44.963432319139095
2019-07-08,41.34024391334199
2019-07-09,39.90828188802554
2019-07-10,33.645526785984714
2019-07-11,26.298588010474514
2019-07-12,24.750449371193387
2019-07-15,26.355387642798327
2019-07-16,27.407691503321367
2019-07-17,33.24419072943647
2019-07-18,32.37098498780966
2019-07-19,27.626361331895687
2019-07-22,27.686331346888196
2019-07-23,24.926220201472944
2019-07-24,34.31397530351376
2019-07-25,43.70173040555457
2019-07-26,46.00248228525382
2019-07-29,47.73087734698221
2019-07-30,47.249669057554755
2019-07-31,46.09024876769968
2019-08-01,43.08375526120617
2019-08-02,45.42570928419468
2019-08-05,44.49617405181087
2019-08-06,45.59102500032036
2019-08-07,40.500115909411264
2019-08-08,38.31829772759308
2019-08-09,41.212250400686855
2019-08-12,46.59984729991166
2019-08-13,50.2644717609963
2019-08-14,43.84174253155162
2019-08-15,45.734599674408756
2019-08-16,45.4993434707349
2019-08-19,43.44888721738009
2019-08-20,40.4576262935349
2019-08-21,35.92828221988702
2019-08-22,28.72738435232249
2019-08-23,28.56291496190349
2019-08-26,24.01919991921877
2019-08-27,21.66226776582644
2019-08-28,21.933628235206708
2019-08-29,21.5365694116773
2019-08-30,23.22373124148546
2019-09-02,24.903553139886593
2019-09-03,31.772208699747114
2019-09-04,39.74994978700939
2019-09-05,44.19874513154629
2019-09-06,38.017581176602604
2019-09-09,34.95924710561031
2019-09-10,35.718697277431616
2019-09-11,45.34832690706125
2019-09-12,52.995385730590655
2019-09-16,57.28110001630495
2019-09-17,63.517037014054864
2019-09-18,61.72393356577901
2019-09-19,56.96644564307368
2019-09-20,54.94384460878907
2019-09-23,60.53422153625909
2019-09-24,66.69689381543623
2019-09-25,73.60411031028158
2019-09-26,67.76141368106809
2019-09-27,62.99077147923324
2019-09-30,56.625678418713086
2019-10-08,53.311737457713306
2019-10-09,52.85196734277076
2019-10-10,53.09812118892462
2019-10-11,54.80874128871079
2019-10-14,53.020145637131414
2019-10-15,49.584746085227
2019-10-16,43.43089993138085
2019-10-17,44.829152116149885
2019-10-18,45.599794317984745
2019-10-21,51.12381919079425
2019-10-22,55.50302207745982
2019-10-23,51.47850100466289
2019-10-24,53.776925471762056
2019-10-25,59.02282711110631
2019-10-28,61.64307691179725
2019-10-29,65.97874124746158
2019-10-30,67.65890319078142
2019-10-31,64.60334763522587
2019-11-01,61.544524105814105
2019-11-04,63.333796136465445
2019-11-05,63.6410832304075
2019-11-06,68.49281364935104
2019-11-07,67.3895576501476
2019-11-08,63.33298436089305
2019-11-11,55.68205254278641
2019-11-12,47.96251009003139
2019-11-13,48.823732432183505
2019-11-14,55.59188122956755
2019-11-15,61.4262149630609
2019-11-18,60.020986204890924
2019-11-19,50.925010972692796
2019-11-20,46.96216944263814
2019-11-21,51.920847128588555
2019-11-22,55.977420417843106
2019-11-25,65.51514468877994
2019-11-26,73.76254637907184
2019-11-27,73.60142334178579
2019-11-28,70.5596896387415
2019-11-29,67.6665323758364
2019-12-02,65.50966963073839
2019-12-03,70.04859052740024
2019-12-04,71.97588345414479
2019-12-05,65.5776190770413
2019-12-06,64.12839175519473
2019-12-09,56.43625323688147
2019-12-10,49.726575817526395
2019-12-11,44.89550956039601
2019-12-12,39.75343181545392
2019-12-13,39.071078874277504
2019-12-16,35.68872593310106
2019-12-17,33.33401556275501
2019-12-18,31.793117193833517
2019-12-19,30.84444279542673
2019-12-20,23.062900886504135
2019-12-23,23.798517665687033
2019-12-24,26.798517665687132
2019-12-25,27.784121209430246
2019-12-26,26.699783860032653
2019-12-27,23.317965678214577
2019-12-30,23.921413954076776
2019-12-31,30.421413954076883
2020-01-02,37.76835272958716
2020-01-03,42.7623503286268
2020-01-06,41.99311955939618
2020-01-07,48.52410938363289
2020-01-08,53.16374902327242
2020-01-09,60.42243628195956
2020-01-10,70.42243628195949
2020-01-13,76.10425446377752
2020-01-14,78.68262436973347
2020-01-15,74.33051169367698
2020-01-16,67.49506865570228
2020-01-17,69.13372411788731
2020-01-20,78.39298337714646
2020-01-21,76.15184862537352
2020-01-22,73.17887565240059
2020-01-23,69.62619253450012
2020-02-03,65.22143062973821
2020-02-04,65.25389816220573
2020-02-05,65.7449194865604
2020-02-06,69.35790172783416
2020-02-07,73.33620190866591
2020-02-10,68.49493206739598
2020-02-11,66.23567280813668
2020-02-12,66.23567280813666
2020-02-13,66.90233947480334
2020-02-14,64.4517465894279
2020-02-17,65.77958541726684
2020-02-18,64.69156232924388
2020-02-19,62.804437108785535
2020-02-20,60.46949346949417
2020-02-21,62.02228850055015
2020-02-24,58.244510722772475
2020-02-25,52.355621833883575
2020-02-26,46.13339961166137
2020-02-27,46.67885415711583
2020-02-28,50.92127839953996
2020-03-02,44.9872124654739
2020-03-03,39.160051971646595
2020-03-04,35.491621636549326
2020-03-05,39.56569571062328
2020-03-06,33.70586443223267
2020-03-09,38.29343505370164
2020-03-10,42.43656123072619
2020-03-11,47.91081597327365
2020-03-12,47.115361427819245
2020-03-13,45.34768466014266
2020-03-16,52.4074541589365
2020-03-17,60.28073624605504
2020-03-18,66.99678562877105
2020-03-19,65.74678562877098
2020-03-20,63.07489915947809
2020-03-23,59.41486476989304
2020-03-24,57.856279655670335
2020-03-25,55.55662808772597
2020-03-26,51.4001240226852
2020-03-27,49.909702566746375
2020-03-30,43.973598135279595
2020-03-31,38.816365430877134
2020-04-01,35.36058311795205
2020-04-02,31.891481994356575
2020-04-03,32.240368080947576
2020-04-07,34.08878813321674
2020-04-08,35.95983768246538
2020-04-09,38.8782050294043
2020-04-10,44.14144093638032
2020-04-13,49.52075128120789
2020-04-14,56.29696411375874
2020-04-15,61.53505935185398
2020-04-16,66.48103774321056
2020-04-17,63.27561056491945
2020-04-20,63.28910584157272
2020-04-21,63.08177700840007
2020-04-22,57.93761049650589
2020-04-23,53.27590174520854
2020-04-24,50.354653774240866
2020-04-27,46.68118438648575
2020-04-28,47.06940393133182
2020-04-29,42.69152374700013
2020-04-30,38.06154272233229
2020-05-06,36.31940435755219
2020-05-07,39.57086634585605
2020-05-08,38.39906429170091
2020-05-11,41.86541796932223
2020-05-12,43.95719142942974
2020-05-13,41.31995317249735
2020-05-14,38.326755893585926
2020-05-15,33.21631412651815
2020-05-18,34.3560990727549
2020-05-19,34.00870453181204
2020-05-20,34.201686987951774
2020-05-21,33.50083228709681
2020-05-22,35.14104392730877
2020-05-25,36.66882170508667
2020-05-26,37.32879301068215
2020-05-27,38.17547493287864
2020-05-28,43.360660118063606
2020-05-29,47.49186579182184
2020-06-01,50.67705097700661
2020-06-02,54.56674618745633
2020-06-03,62.8404303979834
2020-06-04,67.09684065439399
2020-06-05,63.98137224480731
2020-06-08,61.89803891147424
2020-06-09,58.34305169919791
2020-06-10,56.46479082963274
2020-06-11,52.04463296685198
2020-06-12,45.96898284864872
2020-06-15,39.050464330130374
2020-06-16,33.8636348813697
2020-06-17,27.829592328178162
2020-06-18,23.82959232817814
2020-06-19,24.779818572522196
2020-06-22,27.84648523918856
2020-06-23,33.10735480440582
2020-06-24,40.18867348572444
2020-06-29,45.66478091509306
2020-06-30,51.1348663851786
2020-07-01,56.45794330825547
2020-07-02,57.62985393297055
2020-07-03,61.459641167013146
2020-07-06,68.12630783367982
2020-07-07,74.71284629521858
2020-07-08,72.4591877586332
2020-07-09,66.5702988697445
2020-07-10,66.77786907731486
2020-07-13,66.09228988109751
2020-07-14,66.94543673424437
2020-07-15,62.02235981116742
2020-07-16,60.47534262208747
2020-07-17,59.264213325851706
2020-07-20,55.48798954962791
2020-07-21,53.85933991459132
2020-07-22,59.5721533807542
2020-07-23,68.33525610612116
2020-07-24,66.58922436008953
2020-07-27,61.75438952525472
2020-07-28,57.419461295589684
2020-07-29,58.85696129558971
2020-07-30,57.56024123456762
2020-07-31,55.266534940861476
2020-08-03,51.10158224649696
2020-08-04,46.4234136997152
2020-08-05,40.59023279611178
2020-08-06,33.12981206308196
2020-08-07,31.63211621054722
2020-08-10,29.006633585064545
2020-08-11,27.88366487296167
2020-08-12,25.14383929156634
2020-08-13,28.12206799585727
2020-08-14,27.396750302797535
2020-08-17,28.436456645140616
2020-08-18,36.61827482695887
2020-08-19,42.59230080098477
2020-08-20,49.53163163123271
2020-08-21,52.94204677489408
2020-08-24,59.40821218842788
2020-08-25,61.47216973625636
2020-08-26,66.13681415823136
2020-08-27,65.78139247148422
2020-08-28,65.29080107363464
2020-08-31,64.59227120187984
2020-09-01,57.68318029278892
2020-09-02,49.6831802927888
2020-09-03,46.395630129584404
2020-09-04,45.34005369560046
2020-09-07,45.37635133625381
2020-09-08,47.84859856097627
2020-09-09,47.106969375569
2020-09-10,43.72191190430477
2020-09-11,42.87255292994588
2020-09-14,42.936321045887915
2020-09-15,41.958088011316875
2020-09-16,44.624754677983766
2020-09-17,48.55918090749202
2020-09-18,50.55918090749206
2020-09-21,52.62814642473346
2020-09-22,45.79803484214666
2020-09-23,41.32227272320609
2020-09-24,48.86966785680802
2020-09-25,55.76610475324496
2020-09-28,63.30233663730296
2020-09-29,71.18966058096493
2020-09-30,76.52299391429816
2020-10-09,69.19905025232632
2020-10-12,62.056193109469156
2020-10-13,54.05619310946916
2020-10-14,61.37574986298817
2020-10-15,70.24072331685534
2020-10-16,67.80226625153276
2020-10-19,65.24250717003454
2020-10-20,60.60482601061429
2020-10-21,58.70006410585255
2020-10-22,57.32075376102511
2020-10-23,62.42247520077498
2020-10-26,61.810230302815825
2020-10-27,61.17386666645221
2020-10-28,58.790996197934106
2020-10-29,55.822761874501765
2020-10-30,52.26554794415344
2020-11-02,49.6305018308464
2020-11-03,47.27789172813071
2020-11-04,43.24515363289247
2020-11-05,37.30052031574806
2020-11-06,34.37988539511293
2020-11-09,36.06355886450072
2020-11-10,35.811033611975475
2020-11-11,31.747363199990513
2020-11-12,28.863591270165934
2020-11-13,29.879851432767445
2020-11-16,29.805639929984697
2020-11-17,34.87812297294273
2020-11-18,40.51711551025623
2020-11-19,40.9103661029212
2020-11-20,37.18365802838703
2020-11-23,36.588419933148884
2020-11-24,39.91029851275937
2020-11-25,42.67662153681425
2020-11-26,41.91309299715526
2020-11-27,41.048347986068805
2020-11-30,44.947010899509806
2020-12-01,43.6733297569855
2020-12-02,40.78034785796976
2020-12-03,42.61670130463507
2020-12-04,45.74158567096248
2020-12-07,45.95663943440336
2020-12-08,45.809364029395894
2020-12-09,41.79304100534088
2020-12-10,48.837927144606326
2020-12-11,52.77732108400035
2020-12-14,47.72260293409333
2020-12-15,42.34266372436696
2020-12-16,36.215428421486216
2020-12-17,35.80047463997745
2020-12-18,34.07479748482515
2020-12-21,30.944511025185317
2020-12-22,29.250010440141292
2020-12-23,28.96321390334481
2020-12-24,24.13934618228088
2020-12-25,23.865641392447102
2020-12-28,29.22256798869286
2020-12-29,37.54399656012147
2020-12-30,46.58874862196471
2020-12-31,52.098042026115024
2021-01-04,55.39257585650693
2021-01-05,56.33811158300867
2021-01-06,54.246897882338416
2021-01-07,58.58511285885155
2021-01-08,56.32927880526448
2021-01-11,56.55969355180807
2021-01-12,55.2281490272397
2021-01-13,48.81148236057297
2021-01-14,44.15791873142855
2021-01-15,44.15791873142855
2021-01-18,40.33374290725294
2021-01-19,39.990514706882244
2021-01-20,42.6612464141994
2021-01-21,41.050304164959186
2021-01-22,43.07671851544239
2021-01-25,38.0290994678235
2021-01-26,33.275942177352924
2021-01-27,35.20576673875661
2021-01-28,38.8429803899956
2021-01-29,33.128694675710264
2021-02-01,35.24634173453376
2021-02-02,38.343580630091935
2021-02-03,41.91703496928651
2021-02-04,42.644797772520796
2021-02-05,43.10731770872492
2021-02-08,45.35731770872489
2021-02-09,49.58808693949413
2021-02-10,51.38375257416894
2021-02-18,49.48566935771271
2021-02-19,47.98684031789965
2021-02-22,48.41464780453061
2021-02-23,52.910862131845654
2021-02-24,56.16667608533406
2021-02-25,62.581770424956716
2021-02-26,67.28130817534193
2021-03-01,73.73472024883289
2021-03-02,73.58766142530352
2021-03-03,71.38177907236238
2021-03-04,67.20176381683216
2021-03-05,74.41487857093054
2021-03-08,79.86942402547598
2021-03-09,81.25556263933734
2021-03-10,81.25556263933734
2021-03-11,77.95659356717243
2021-03-12,74.68764073574422
2021-03-15,69.49477718546004
2021-03-16,69.35447968715039
2021-03-17,69.0253480344893
2021-03-18,73.89376908712083
2021-03-19,71.69864713590131
2021-03-22,71.23353085683156
2021-03-23,70.23353085683159
2021-03-24,61.52385343747679
2021-03-25,55.48948917630833
2021-03-26,49.621378312976006
2021-03-29,47.70222763923163
2021-03-30,45.93076043165892
2021-03-31,44.920464421362915
2021-04-01,43.81390704431375
2021-04-02,39.97129314647671
2021-04-06,30.949229938366955
2021-04-07,22.855426274943895
2021-04-08,27.197779164579273
2021-04-09,26.73089756713663
2021-04-12,27.965329152133467
2021-04-13,30.245893220052494
2021-04-14,33.69815937241514
2021-04-15,34.07353474779055
2021-04-16,29.531943976691558
2021-04-19,27.877372133440424
2021-04-20,29.817381809299228
2021-04-21,30.178791106525082
2021-04-22,28.831829921958818
2021-04-23,33.78356000424995
2021-04-26,37.69372507069909
2021-04-27,42.155096486651054
2021-04-28,44.77804730632313
2021-04-29,49.854675658813534
2021-04-30,58.002823806961715
2021-05-06,65.69513149926942
2021-05-07,73.24230131059014
2021-05-10,81.9746956767873
2021-05-11,87.68898139107299
2021-05-12,92.53746623955786
2021-05-13,96.98191068400232
2021-05-14,97.07281977491138
2021-05-17,95.24940878842875
2021-05-18,91.33543793880199
2021-05-19,82.2445288478929
2021-05-20,76.01076261412665
2021-05-21,67.53076261412664
2021-05-24,61.50803534139936
2021-05-25,56.06424835915084
2021-05-26,48.48849078339325
2021-05-27,43.71576351066598
2021-05-28,38.537897898017775
2021-05-31,35.052780610416775
2021-06-01,33.119513788556695
2021-06-02,36.74033740938033
2021-06-03,39.257289483854564
2021-06-04,41.57187595002
2021-06-07,41.93943080895418
2021-06-08,42.134990840848104
2021-06-09,39.84408174993902
2021-06-10,34.908071158588626
2021-06-11,37.52836101366108
2021-06-15,33.82049584512174
2021-06-16,33.047895287574924
2021-06-17,30.863659770006052
2021-06-18,28.580473929298083
2021-06-21,31.61545268052398
2021-06-22,37.27062509431707
2021-06-23,39.66170918752885
2021-06-24,46.79153374893237
2021-06-25,53.2903950698002
2021-06-28,47.488769053540196
2021-06-29,50.39199485999172
2021-06-30,48.43093123226137
2021-07-01,47.2327932035223
2021-07-02,45.83553292954972
2021-07-05,39.78563984330592
2021-07-06,31.21421127187739
2021-07-07,26.140319646261705
2021-07-08,19.099383973746928
2021-07-09,16.24865445635053
2021-07-12,19.06533423605128
2021-07-13,18.420172945728886
2021-07-14,25.84043560989404
2021-07-15,32.49777267506791
2021-07-16,38.0582982551629
2021-07-19,46.06979495518422
2021-07-20,53.53484054788934
2021-07-21,59.33104356997369
2021-07-22,63.30524991918018
2021-07-23,63.1158559797864
2021-07-26,62.12010567491741
2021-07-27,62.45223406115907
2021-07-28,58.00917626944917
2021-07-29,55.88853128461013
2021-07-30,52.02869085958439
2021-08-02,47.483236314129854
2021-08-03,40.1047708080048
2021-08-04,33.177102268678965
2021-08-05,29.213231836785276
2021-08-06,27.248946122499557
2021-08-09,31.61938625367142
2021-08-10,32.779193351300655
2021-08-11,31.31921358502764
2021-08-12,30.770115656221343
2021-08-13,32.214722271187625
2021-08-16,37.92900798547333
2021-08-17,46.413856470321804
2021-08-18,55.4763564703218
2021-08-19,59.39474172701332
2021-08-20,60.72013855241013
2021-08-23,54.575504743105625
2021-08-24,53.658838076438926
2021-08-25,54.61414044278422
2021-08-26,56.4925799682826
2021-08-27,52.104065088533815
2021-08-30,43.145074552256226
2021-08-31,35.32138309220114
2021-09-01,26.74995452077256
2021-09-02,26.089577162282016
2021-09-03,24.66521303912274
2021-09-06,27.527322920742037
2021-09-07,32.24718107677042
2021-09-08,33.31408885253895
2021-09-09,31.845968737359982
2021-09-10,35.63496697253092
2021-09-13,36.999020799947786
2021-09-14,35.342192779483426
2021-09-15,36.37515981245052
2021-09-16,33.493289426888644
2021-09-17,32.49619761135068
2021-09-22,29.80301303701161
2021-09-23,23.313651334883986
2021-09-24,24.462064470088556
2021-09-27,24.79380290709014
2021-09-28,29.645288055605
2021-09-29,37.24022476446572
2021-09-30,46.72074424498517
2021-10-08,48.38644885033085
2021-10-11,49.66964509004879
2021-10-12,50.408561346206355
2021-10-13,56.8468138401864
2021-10-14,65.78298405295232
2021-10-15,70.71052028483635
2021-10-18,65.18384276629776
2021-10-19,58.65606498851997
2021-10-20,54.17606498851998
2021-10-21,49.933640746095755
2021-10-22,51.44549542357247
2021-10-25,53.51193686501387
2021-10-26,58.40721663994357
2021-10-27,57.875528309180574
2021-10-28,52.67129230312916
2021-10-29,47.15847179030867
2021-11-01,51.991902814685446
2021-11-02,52.04777048010368
2021-11-03,48.15231921656577
2021-11-04,46.043392107638695
2021-11-05,45.123395486873335
2021-11-08,44.463763452241295
2021-11-09,45.189092576609006
2021-11-10,44.65515999233929
2021-11-11,47.36632120614693
2021-11-12,50.833687173512814
2021-11-15,52.815095015927085
2021-11-16,55.32660908868259
2021-11-17,55.87947970705915
2021-11-18,52.50111837998459
2021-11-19,49.75895937957069
2021-11-22,52.46842030507555
2021-11-23,52.906878839339925
2021-11-24,53.43633730855929
2021-11-25,52.852489023880025
2021-11-26,53.68213809821004
2021-11-29,54.50185839436713
2021-11-30,54.978383466229225
2021-12-01,59.42596411139053
2021-12-02,64.06133716717481
2021-12-03,63.34653096632347
2021-12-06,60.520186923935654
2021-12-07,56.733335463377536
2021-12-08,52.13739812091893
2021-12-09,49.21432119784195
2021-12-10,48.8407226954566
2021-12-13,50.855648068590924
2021-12-14,54.33951903633288
2021-12-15,57.714519036332916
2021-12-16,62.808858658974486
2021-12-17,65.25301644293795
2021-12-20,64.96593510322495
2021-12-21,67.11130154780375
2021-12-22,71.33986511159677
2021-12-23,73.3692768763027
2021-12-24,69.20704686288454
2021-12-27,63.88718154301921
2021-12-28,57.805310197989996
2021-12-29,54.44866684134668
2021-12-30,50.21025624532019
2021-12-31,47.5151984940826
2022-01-04,52.34773437925
2022-01-05,56.50158053309612
2022-01-06,58.2190092245375
2022-01-07,60.27370960936431
2022-01-10,64.0302097763411
2022-01-11,64.35007509620644
2022-01-12,60.552428368946536
2022-01-13,62.90907172558986
2022-01-14,61.012512996462966
2022-01-17,64.95077199090173
2022-01-18,63.48723552736525
2022-01-19,59.50874090370934
2022-01-20,61.02214618200127
2022-01-21,62.355509760623896
2022-01-24,55.385126339195885
2022-01-25,52.55380103799103
2022-01-26,53.26204839204809
2022-01-27,50.724633426061686
2022-01-28,55.014942557040314
2022-02-07,56.00747659305265
2022-02-08,53.19962268225757
2022-02-09,50.14254418338383
2022-02-10,44.69049508831414
2022-02-11,45.2730193601588
2022-02-14,54.23853660153813
2022-02-15,56.4322780101255
2022-02-16,60.884447604762045
2022-02-17,54.49593664482252
2022-02-18,51.92199218783448
2022-02-21,48.74186796423194
2022-02-22,46.77316509847026
2022-02-23,47.60184166927577
2022-02-24,46.28214857464663
2022-02-25,38.233368086841736
2022-02-28,35.14393719253283
2022-03-01,38.281521085150274
2022-03-02,41.04940269655067
2022-03-03,50.97532862247661
2022-03-04,49.47556592670067
2022-03-07,53.34156814154015
2022-03-08,60.09681289678492
2022-03-09,64.5245683442146
2022-03-10,67.59529663553116
2022-03-11,73.24660078264206
2022-03-14,73.41295475387406
2022-03-15,68.46197436171724
2022-03-16,65.02312295192658
2022-03-17,65.02312295192657
2022-03-18,67.30512666250166
2022-03-21,61.736043215169204
2022-03-22,53.7668430164608
2022-03-23,48.69283726760839
2022-03-24,43.4336206777466
2022-03-25,37.306506854506175
2022-03-28,37.16506764855082
2022-03-29,41.19262461728421
2022-03-30,40.154124110698554
2022-03-31,32.925208448047954
2022-04-01,28.745480130388575
2022-04-06,27.81011339110031
2022-04-07,32.9126118907371
2022-04-08,36.54897552710078
2022-04-11,43.476781970135576
2022-04-12,52.001372134069996
2022-04-13,55.06588826310227
2022-04-14,58.489311686525696
2022-04-15,64.91788311509714
2022-04-18,69.27387060095216
2022-04-19,76.5930681450373
2022-04-20,81.9375916504803
2022-04-21,83.38945531402422
2022-04-22,83.79687398231243
2022-04-25,76.68632755376314
2022-04-26,67.15753174224486
2022-04-27,59.40884064276842
2022-04-28,54.93122870246991
2022-04-29,52.121311347098015
2022-05-05,48.81446424299472
2022-05-06,43.13158337203373
2022-05-09,42.00322571797663
2022-05-10,37.772324593953
2022-05-11,33.814012374771195
2022-05-12,38.089425012984904
2022-05-13,40.82922999881514
2022-05-16,39.94155746192794
2022-05-17,43.75250273555978
2022-05-18,45.81054039168354
2022-05-19,51.41060552765488
2022-05-20,57.07756029573325
2022-05-23,55.13559847293725
2022-05-24,58.278558360478556
2022-05-25,61.1959677484762
2022-05-26,63.572829145956185
2022-05-27,69.78489689472117
2022-05-30,77.6569293208937
2022-05-31,73.01386147428605
2022-06-01,68.54834986918634
2022-06-02,63.12806001411387
2022-06-06,56.34676287987555
2022-06-07,58.31273842479847
2022-06-08,61.22693960823038
2022-06-09,63.43014816438007
2022-06-10,58.91380829509903
2022-06-13,55.12709500838575
2022-06-14,50.838794639629484
2022-06-15,50.98723883032321
2022-06-16,53.47735740739831
2022-06-17,59.47735740739833
2022-06-20,63.77588034080077
2022-06-21,65.8884344533549
2022-06-22,64.01719699516093
2022-06-23,61.20642449338914
2022-06-24,59.160919498938554
2022-06-27,58.410400611433346
2022-06-28,58.89160361895212
2022-06-29,62.13901834344663
2022-06-30,64.86629107071934
2022-07-01,55.191494322751865
2022-07-04,54.58460456435857
2022-07-05,54.39583923786869
2022-07-06,54.929247858233836
2022-07-07,56.70309649955236
2022-07-08,56.988665087007746
2022-07-11,52.388534623863606
2022-07-12,49.15043938576837
2022-07-13,43.60976952930907
2022-07-14,35.30468478354638
2022-07-15,43.55091010294241
2022-07-18,43.96931497300206
2022-07-19,44.497810221311404
2022-07-20,41.422391770724865
2022-07-21,36.12803813447217
2022-07-22,45.18209218852621
2022-07-25,46.51522698943219
2022-07-26,46.063581484998636
2022-07-27,47.24361713562249
2022-07-28,52.76181663548359
2022-07-29,52.77445886051521
2022-08-01,49.54828205224884
2022-08-02,43.12451851698397
2022-08-03,42.30164117054051
2022-08-04,46.18548930179949
2022-08-05,42.0910011128231
2022-08-08,42.694374248425056
2022-08-09,42.89798960554786
2022-08-10,41.114945452634885
2022-08-11,42.98229046865137
2022-08-12,40.936681210652694
2022-08-15,38.77550904948064
2022-08-16,46.66906647244997
2022-08-17,50.54864225076004
2022-08-18,45.610872375220296
2022-08-19,40.29359585831436
2022-08-22,39.88955545427392
2022-08-23,39.765291229290234
2022-08-24,41.46770499920889
2022-08-25,41.36683706582863
2022-08-26,44.82837552736713
2022-08-29,53.39980409879562
2022-08-30,55.1140898130812
2022-08-31,57.81679251578383
2022-09-01,57.32524105649046
2022-09-02,60.77209348167103
2022-09-05,68.00153071110826
2022-09-06,72.72181043138801
2022-09-07,72.72774426909753
2022-09-08,71.67918691512142
2022-09-09,69.61022139787997
2022-09-13,68.77688806454658
2022-09-14,68.77688806454658
2022-09-15,68.77688806454658
2022-09-16,72.77074367130541
2022-09-19,73.20570203495649
2022-09-20,72.31025690038095
2022-09-21,75.20036679049086
2022-09-22,81.54957313969723
2022-09-23,83.61853865693871
2022-09-26,85.68750417418018
2022-09-27,86.52083750751355
2022-09-28,83.7708375075135
2022-09-29,80.33333750751348
2022-09-30,80.5299580912307
2022-10-10,78.5599120082813
2022-10-11,74.09194862155354
2022-10-12,69.5205200501249
2022-10-13,60.46788847117752
2022-10-14,53.0892476944785
2022-10-17,46.2710658762967
2022-10-18,38.376329034191485
2022-10-19,32.77681447108473
2022-10-20,28.160623195916976
2022-10-21,24.759779314060562
2022-10-24,25.744627798909157
2022-10-25,24.0874442996205
2022-10-26,21.853252262149848
2022-10-27,29.087702022915355
2022-10-28,34.98486131813282
2022-10-31,40.66018599345742
2022-11-01,47.67901042680347
2022-11-02,55.29323087226317
2022-11-03,58.51032084024139
2022-11-04,58.01372882466204
2022-11-07,57.25615306708626
2022-11-08,61.382972193905346
2022-11-09,61.103771374233176
2022-11-10,54.32546196434485
2022-11-11,51.80694344582646
2022-11-14,46.53470624906106
2022-11-15,40.176576104628765
2022-11-16,33.70256789669443
2022-11-17,30.749695519673477
2022-11-18,31.170940940918896
2022-11-21,33.61608200674964
2022-11-22,32.94610682064547
2022-11-23,40.60235682064548
2022-11-24,49.19884804871569
2022-11-25,48.67710891828083
2022-11-28,50.3649305306307
2022-11-29,49.36367896617513
2022-11-30,47.837349107848475
2022-12-01,52.44500461024077
2022-12-02,56.73839938750641
2022-12-05,61.16598559440292
2022-12-06,58.03505580313154
2022-12-07,50.38799697960212
2022-12-08,50.110219201824336
2022-12-09,54.357985729519385
2022-12-12,51.09174775983142
2022-12-13,53.466952886839096
2022-12-14,56.91342252148415
2022-12-15,57.21087139856003
2022-12-16,59.01999343753719
2022-12-19,54.891691550744724
2022-12-20,61.24463272721532
2022-12-21,68.89169155074474
2022-12-22,69.16946932852252
2022-12-23,68.73338275966465
2022-12-26,72.92689345662538
2022-12-27,71.83046070813435
2022-12-28,71.04367389030884
2022-12-29,65.62035088735897
2022-12-30,61.76485788063998
2023-01-03,61.37512698054721
2023-01-04,58.383530341891756
2023-01-05,54.09781605617758
2023-01-06,45.78320931460459
2023-01-09,38.87422086715461
2023-01-10,32.83295102588474
2023-01-11,34.47697276501514
2023-01-12,32.1154221321037
2023-01-13,34.30066546020408
2023-01-16,31.656816253854814
2023-01-17,28.045437276034143
2023-01-18,27.048132693823867
2023-01-19,22.706395999145776
2023-01-20,21.021002740718863
2023-01-30,26.21580793552398
2023-01-31,34.39041111012712
2023-02-01,38.26146966868564
2023-02-02,40.905866220409756
2023-02-03,39.744364582717665
2023-02-06,39.5856344239875
2023-02-07,45.02226268353879
2023-02-08,49.218325029724255
2023-02-09,56.73466489900544
2023-02-10,65.71425673574007
2023-02-13,64.45428863366679
2023-02-14,61.01457232161013
2023-02-15,57.93220423924212
2023-02-16,54.29134542336695
2023-02-17,52.39496817179849
2023-02-20,56.42671420354464
2023-02-21,49.81361535575808
2023-02-22,41.604797229609844
2023-02-23,34.66035278516532
2023-02-24,33.24173655818676
2023-02-27,34.48692269425867
2023-02-28,32.233305672982006
2023-03-01,29.70793486892261
2023-03-02,31.141897133073627
2023-03-03,38.9739103951845
2023-03-06,43.354862776136805
2023-03-07,50.95548197118332
2023-03-08,58.40510277291687
2023-03-09,65.79399166180582
2023-03-10,68.23301605204966
2023-03-13,70.67204044229351
2023-03-14,75.53204044229354
2023-03-15,80.01241343071287
2023-03-16,85.80768902126408
2023-03-17,83.32038718964947
2023-03-20,80.3838792531415
2023-03-21,82.48914241103617
2023-03-22,83.8089804677163
2023-03-23,83.76136142009724
2023-03-24,83.2962451410275
2023-03-27,80.99739456631491
2023-03-28,77.32455506014213
2023-03-29,74.79132158326519
2023-03-30,71.50154049820856
2023-03-31,66.33715693656468
2023-04-03,60.22604582545357
2023-04-04,50.875396474804205
2023-04-06,42.38762775723559
2023-04-07,39.851913471521264
2023-04-10,36.37763581119706
2023-04-11,29.604321437456
2023-04-12,28.603247900150542
2023-04-13,25.350858336730198
2023-04-14,21.7795393631506
2023-04-17,22.00000844630629
2023-04-18,27.192747128511567
2023-04-19,36.54339647916093
2023-04-20,45.5574809862032
2023-04-21,39.26202644074865
2023-04-24,34.024949791907304
2023-04-25,33.43419339204629
2023-04-26,32.40297823039634
2023-04-27,34.23109282066949
2023-04-28,39.83537882721611
2023-05-04,45.80240974406047
2023-05-05,47.4238303538906
2023-05-08,44.65459958465986
2023-05-09,41.753836225881265
2023-05-10,46.16415563620076
2023-05-11,47.073959557769356
2023-05-12,49.50796524343335
2023-05-15,49.49087122633929
2023-05-16,46.43972222708058
2023-05-17,40.65126068861905
2023-05-18,36.713760688619026
2023-05-19,30.263237760219987
2023-05-22,29.800145297127465
2023-05-23,28.662447117444472
2023-05-24,30.5914753823505
2023-05-25,38.13350436785777
2023-05-26,44.35231902040738
2023-05-29,50.469278084734825
2023-05-30,59.20167245093195
2023-05-31,67.22718265501352
2023-06-01,66.60876160238192
2023-06-02,68.87670418611395
2023-06-05,62.509027418437135
2023-06-06,57.13572425101631
2023-06-07,56.34183112124537
2023-06-08,47.56646880240484
2023-06-09,39.44613502989723
2023-06-12,37.96930863555335
2023-06-13,35.178015421725064
2023-06-14,32.71019752533591
2023-06-15,35.89951410035576
2023-06-16,40.01212119949915
2023-06-19,44.41212119949933
2023-06-20,44.24642111664943
2023-06-21,39.41525228548065
2023-06-26,42.35275228548063
2023-06-27,45.676735455186105
2023-06-28,43.4523733945216
2023-06-29,39.1577025481265
2023-06-30,34.35001024043402
2023-07-03,33.11735001216342
2023-07-04,36.37316396565164
2023-07-05,41.57316396565152
2023-07-06,51.15062875438384
2023-07-07,56.14846425221928
2023-07-10,57.764727693079486
2023-07-11,57.2668314798957
2023-07-12,55.749339430827085
2023-07-13,55.072778976876826
2023-07-14,53.875809279907195
2023-07-17,56.60974971800709
2023-07-18,54.54625765451502
2023-07-19,53.69880002739639
2023-07-20,51.74964748502351
2023-07-21,50.3234652474226
2023-07-24,50.77990588819498
2023-07-25,51.87416968066853
2023-07-26,51.17090245828662
2023-07-27,50.88960850610661
2023-07-28,53.63005646394589
2023-07-31,53.10788073172835
2023-08-01,52.67137279522043
2023-08-02,50.49887286674614
2023-08-03,45.20672921540884
2023-08-04,44.926052029809625
2023-08-07,49.312740800343676
2023-08-08,54.049694791566864
2023-08-09,61.703073900219685
2023-08-10,69.94680149878603
2023-08-11,76.29726263185587
2023-08-14,78.9709468423822
2023-08-15,81.4709468423822
2023-08-16,84.49090439797513
2023-08-17,87.04084256699392
2023-08-18,87.30496170389549
2023-08-21,78.89321736658029
2023-08-22,73.63208167470484
2023-08-23,70.3259134504058
2023-08-24,67.19329696295057
2023-08-25,62.23234725973285
2023-08-28,55.445230213385585
2023-08-29,50.76054552870096
2023-08-30,45.39972078643298
2023-08-31,45.761181903907826
2023-09-01,43.608684094968325
2023-09-04,45.56353558011693
2023-09-05,50.17420580876467
2023-09-06,51.893421495039064
2023-09-07,47.099770701388294
2023-09-08,42.81170854689846
2023-09-11,44.41085566843361
2023-09-12,42.428873686451546
2023-09-13,43.44187234176297
2023-09-14,40.771769248979524
2023-09-15,39.957097434307684
2023-09-18,36.98584743430764
2023-09-19,30.350822250270426
2023-09-20,32.31160656399595
2023-09-21,40.88303513542451
2023-09-22,49.3095361706213
2023-09-25,54.14146894373065
2023-09-26,58.01743793597878
2023-09-27,57.872510399746915
2023-09-28,57.40263088167464
2023-10-09,57.82632525273746
2023-10-10,67.35757525273746
2023-10-11,75.11619594239261
2023-10-12,67.9477371610306
2023-10-13,58.20561681719106
2023-10-16,52.17964279121695
2023-10-17,53.061995732393356
2023-10-18,53.697520993018784
2023-10-19,55.59960104107762
2023-10-20,59.00443990874332
2023-10-23,60.15732211425711
2023-10-24,54.14746989750838
2023-10-25,44.51784026787874
2023-10-26,44.543441906383606
2023-10-27,46.91714119759157
2023-10-30,45.77793665213697
2023-10-31,39.29645517065546
2023-11-01,39.612547124678514
2023-11-02,40.36414024003799
2023-11-03,37.849094310357934
2023-11-06,41.38408837915978
2023-11-07,43.24678340527305
2023-11-08,51.46464832902032
2023-11-09,55.180932045304026
2023-11-10,52.83506738364987
2023-11-13,52.749572100631056
2023-11-14,49.71381220280223
2023-11-15,41.61825213969648
2023-11-16,35.12399926613319
2023-11-17,38.17467408151389
2023-11-20,39.6082334718315
2023-11-21,42.41036142270087
2023-11-22,42.27909942235182
2023-11-23,42.136119043151005
2023-11-24,48.40212889536781
2023-11-27,50.02255064897482
2023-11-28,51.592618383411676
2023-11-29,55.00199675185467
2023-11-30,57.44172033464697
2023-12-01,52.8388848545038
2023-12-04,47.68184013330067
2023-12-05,46.15186937306673
2023-12-06,45.06632465072671
2023-12-07,39.54496936559186
2023-12-08,33.968854983758376
2023-12-11,31.305456290947987
2023-12-12,31.092629935821485
2023-12-13,31.32159579395808
2023-12-14,31.187808284225184
2023-12-15,39.32005552907427
2023-12-18,46.17521345782459
2023-12-19,45.50590966035626
2023-12-20,41.3652503196969
2023-12-21,41.289492743939306
2023-12-22,50.31388298784174
2023-12-25,60.036105210063965
2023-12-26,59.35889590773834
2023-12-27,58.50435421520779
2023-12-28,55.917890089343146
2023-12-29,50.203604375057445
2024-01-02,45.1126952841483
2024-01-03,40.879221303838776
2024-01-04,42.61851195330904
2024-01-05,49.31764615244323
2024-01-08,48.30382126765056
2024-01-09,48.303821267650555
2024-01-10,56.80769723664284
2024-01-11,63.46773767945737
2024-01-12,71.69324955103289
2024-01-15,76.81494267272602
2024-01-16,81.43247898257007
2024-01-17,89.21025676034796
2024-01-18,94.24019688010848
2024-01-19,92.43099978789262
2024-01-22,89.66704689490754
2024-01-23,83.48522871308938
2024-01-24,77.63674386460455
2024-01-25,70.05736597202034
2024-01-26,70.44571548658342
2024-01-29,71.038308079176
2024-01-30,70.47464382320405
2024-01-31,69.43760678616702
2024-02-01,68.40056974912999
2024-02-02,66.48011621028685
2024-02-05,64.75789398806464
2024-02-06,68.92628935109087
2024-02-07,73.59295601775753
2024-02-08,71.85079901667572
2024-02-19,62.11472863544406
2024-02-20,54.15294519595362
2024-02-21,49.03613607914452
2024-02-22,46.65212048460262
2024-02-23,40.26980268292992
2024-02-26,42.535361849897484
2024-02-27,46.28778903436341
2024-02-28,40.72226448473424
2024-02-29,32.422601185070945
2024-03-01,35.726057885104254
2024-03-04,45.462128266335924
2024-03-05,49.163556676240574
2024-03-06,50.246980294875456
2024-03-07,48.412558473899665
2024-03-08,47.9838120467867
2024-03-11,49.77257883555356
2024-03-12,48.36225691424554
2024-03-13,46.34770834770737
2024-03-14,50.79109459109361
2024-03-15,52.163358308880674
2024-03-18,44.98778578979673
2024-03-19,43.144244715486444
2024-03-20,41.93261596864639
2024-03-21,37.840264334244594
2024-03-22,36.214681389541006
2024-03-25,30.48352278436659
2024-03-26,25.397142712048353
2024-03-27,27.611997870308596
2024-03-28,25.604785665038094
2024-03-29,21.03842738986628
2024-04-01,21.501671141826943
2024-04-02,24.487890280300903
2024-04-03,26.590544419770932
2024-04-08,30.512296985979578
2024-04-09,34.141758818562266
2024-04-10,38.56711535840964
2024-04-11,46.81139016756991
2024-04-12,54.190030944268955
2024-04-15,55.93108782835058
2024-04-16,57.68534017666237
2024-04-17,59.10355129672679
2024-04-18,53.67160994153821
2024-04-19,49.301388763508825
2024-04-22,50.327462284256654
2024-04-23,54.64227289749434
2024-04-24,58.09093210567849
2024-04-25,53.87218210567851
2024-04-26,46.41876595661019
2024-04-29,43.72301651589426
2024-04-30,44.21410734596813
2024-05-06,40.98109321008127
2024-05-07,42.669397662078794
2024-05-08,49.048473347030594
2024-05-09,50.154355699971845
2024-05-10,45.74317340527181
2024-05-13,39.74317340527179
2024-05-14,34.166005037924805
2024-05-15,34.77010611849999
2024-05-16,35.73501839920173
2024-05-17,37.47835980356008
2024-05-20,39.90379667125164
2024-05-21,43.57492649078504
2024-05-22,42.807616019099285
2024-05-23,44.21648776451873
2024-05-24,49.12703890546972
2024-05-27,54.62494685526053
2024-05-28,63.244394634372185
2024-05-29,67.36643697559262
2024-05-30,64.93093645959677
2024-05-31,65.31188884054913
2024-06-03,68.38328072550027
2024-06-04,68.54316174427703
2024-06-05,65.86009981894192
2024-06-06,63.238303467060135
2024-06-07,59.531504280251966
2024-06-11,51.358897535280455
2024-06-12,43.86066932833505
2024-06-13,45.72772700184436
2024-06-14,54.671433516708404
2024-06-17,58.168032156164166
2024-06-18,59.64661104853613
2024-06-19,61.225301175613325
2024-06-20,64.31100494068737
2024-06-21,59.89718388485601
2024-06-24,60.57152599011914
2024-06-25,67.79167933075446
2024-06-26,76.46637812593517
2024-06-27,71.70497155807696
2024-06-28,62.93555698221071
2024-07-01,60.10562500942157
2024-07-02,56.990682480685905
2024-07-03,54.6585116001279
2024-07-04,53.75937943339013
2024-07-05,60.084822895414355
2024-07-08,61.2259745808076
2024-07-09,60.22768984667375
2024-07-10,59.44846906745297
2024-07-11,63.55284930976425
2024-07-12,69.98247893939394
2024-07-15,72.06850044477035
2024-07-16,73.7445129058296
2024-07-17,72.01105531030309
2024-07-18,66.07831013705157
2024-07-19,58.67372998437989
2024-07-22,53.1019276140551
2024-07-23,48.58846566790284
2024-07-24,41.840804726693484
2024-07-25,34.83345594206941
2024-07-26,29.798161824422305
2024-07-29,23.234276764652094
2024-07-30,16.911790417695215
2024-07-31,13.610123350475744
2024-08-01,14.595915074268431
2024-08-02,19.3535189918652
2024-08-05,25.446669676796795
2024-08-06,32.41296181162831
2024-08-07,39.93984353205845
2024-08-08,43.46443369599281
2024-08-09,46.699727813639875
2024-08-12,53.883473720974926
2024-08-13,61.65815273507775
2024-08-14,70.47706118160758
2024-08-15,78.85835806540985
2024-08-16,82.46810108658856
2024-08-19,79.6732958917833
2024-08-20,70.41403663252399
2024-08-21,62.86686682120326
2024-08-22,64.7899437442803
2024-08-23,63.8744507865338
2024-08-26,58.180914112604896
2024-08-27,50.35767352340686
2024-08-28,40.68734385307716
2024-08-29,31.017014182747467
2024-08-30,32.649667243971955
2024-09-02,30.094472438777174
2024-09-03,35.88706503136984
2024-09-04,43.09235450081025
2024-09-05,45.8875874368882
2024-09-06,51.803080394634705
2024-09-09,59.45740138228907
2024-09-10,68.23086821583098
2024-09-11,76.97096532802115
2024-09-12,82.47462833168416
2024-09-13,75.92290419375311
2024-09-18,79.20231595845895
2024-09-19,74.86898262512557
2024-09-20,65.46296380734204
2024-09-23,58.16889637242952
2024-09-24,49.2656705659779
2024-09-25,45.20769955148515
2024-09-26,40.883654143848396
2024-09-27,39.14722003532126
2024-09-30,42.91784709802756
2024-10-08,46.93435996835296
2024-10-09,46.509114870313766
2024-10-10,49.56164012283903
2024-10-11,54.19326021273541
2024-10-14,58.76016823097083
2024-10-15,58.974869447258484
2024-10-16,53.699507128417906
2024-10-17,49.52087873926322
2024-10-18,48.5809880288807
2024-10-21,46.00405465986812
2024-10-22,42.06867769217962
2024-10-23,39.691783752785625
2024-10-24,35.348349409351215
2024-10-25,35.40133733987816
2024-10-28,36.518295005508406
2024-10-29,45.206819595672364
2024-10-30,49.762375151227914
2024-10-31,54.07550646435922
2024-11-01,57.01260777446283
2024-11-04,59.98558074743581
2024-11-05,63.56728009384105
2024-11-06,63.54271006927107
2024-11-07,65.33632186288293
2024-11-08,69.53004778473216
2024-11-11,70.61385886854328
2024-11-12,65.21385886854327
2024-11-13,63.638695469850454
2024-11-14,64.0616345379508
2024-11-15,61.219640223216985
2024-11-18,58.173282607322946
2024-11-19,59.562171496211846
2024-11-20,65.2065762315257
2024-11-21,70.52367550902105
2024-11-22,68.98360217219553
2024-11-25,66.97478157182567
2024-11-26,67.81781954650926
2024-11-27,69.81178636400551
2024-11-28,67.92414691974022
2024-11-29,66.9150889247587
2024-12-02,69.96144654065276
2024-12-03,68.60602485390572
2024-12-04,64.66175142398635
2024-12-05,62.17386433740532
2024-12-06,56.822308861771404
2024-12-09,51.71468196833526
2024-12-10,49.88275510476281
2024-12-11,48.653494169619464
2024-12-12,47.588280015869834
2024-12-13,44.38949014691672
2024-12-16,35.50060125802785
2024-12-17,35.02268961144135
2024-12-18,36.50220854452043
2024-12-19,40.1369603175699
2024-12-20,47.89815434742064
2024-12-23,48.662188822146966
2024-12-24,47.21323987319805
2024-12-25,45.55147516731575
2024-12-26,45.69867364784763
2024-12-27,44.0631331837843
2024-12-30,52.607194486466284
2024-12-31,54.0357659150379
