date,Amihud@10
2013-09-06,
2013-09-09,
2013-09-10,
2013-09-11,
2013-09-12,
2013-09-13,
2013-09-16,
2013-09-17,
2013-09-18,
2013-09-23,
2013-09-24,0.15675500505221154
2013-09-25,0.1433918869858768
2013-09-26,0.16049627045896672
2013-09-27,0.18471514515353926
2013-09-30,0.2031181030749299
2013-10-08,0.21961630326761927
2013-10-09,0.2230206326571569
2013-10-10,0.21328822611247594
2013-10-11,0.24726816977638583
2013-10-14,0.299628468946099
2013-10-15,0.37809900505312793
2013-10-16,0.38870793174226526
2013-10-17,0.41553134956101817
2013-10-18,0.4043678116258098
2013-10-21,0.3973132028800738
2013-10-22,0.4205871273508684
2013-10-23,0.41535907071125605
2013-10-24,0.5130604116459114
2013-10-25,0.5188623791936557
2013-10-28,0.4574061840081663
2013-10-29,0.4449505946604622
2013-10-30,0.44456487352390034
2013-10-31,0.48644301220145447
2013-11-01,0.5037258424101895
2013-11-04,0.5831596146493738
2013-11-05,0.6073216608704943
2013-11-06,0.6462323769982907
2013-11-07,0.678276527054779
2013-11-08,0.8196633473384061
2013-11-11,0.9640459121487966
2013-11-12,0.9675965293937482
2013-11-13,1.0306121898897431
2013-11-14,0.9909794165582746
2013-11-15,1.0249190224113784
2013-11-18,0.9253203214001117
2013-11-19,0.9786173708514609
2013-11-20,0.9592484841875657
2013-11-21,0.9190700991158187
2013-11-22,0.8162853574552483
2013-11-25,0.834100534339802
2013-11-26,0.8182584318990113
2013-11-27,0.9162384085872306
2013-11-28,0.9883810845044693
2013-11-29,0.8978433705053231
2013-12-02,1.1336255867907505
2013-12-03,1.0810694461334507
2013-12-04,1.0995505339395724
2013-12-05,1.0846435605617029
2013-12-06,1.0587856578833947
2013-12-09,1.0201285406054854
2013-12-10,1.1005987658224707
2013-12-11,0.9622861609415487
2013-12-12,0.9163308540272334
2013-12-13,0.9574373191994164
2013-12-16,0.980126310469433
2013-12-17,0.9764193903390973
2013-12-18,0.980308435671615
2013-12-19,0.9198744322068952
2013-12-20,0.8713179588442186
2013-12-23,0.830153700142693
2013-12-24,0.7098354814194272
2013-12-25,0.7426208133955261
2013-12-26,0.7357165133066849
2013-12-27,0.7552171458096419
2013-12-30,0.6231829447251593
2013-12-31,0.5581063903437481
2014-01-02,0.7026034091323572
2014-01-03,0.6950512075557765
2014-01-06,0.7299237734649706
2014-01-07,0.7240779270186608
2014-01-08,0.8129648756941509
2014-01-09,0.8136238002279361
2014-01-10,0.7515300504700033
2014-01-13,0.7461615703221081
2014-01-14,0.6245678679843738
2014-01-15,0.7241341055664338
2014-01-16,0.6236548947669069
2014-01-17,0.61569233895515
2014-01-20,0.685627654106879
2014-01-21,0.7021846254965662
2014-01-22,0.6599218487031246
2014-01-23,0.6686290626226649
2014-01-24,0.7483233454613597
2014-01-27,0.8077430599138664
2014-01-28,0.8961414473778466
2014-01-29,0.8536597616643993
2014-01-30,0.9683230651240956
2014-02-07,1.211461085070835
2014-02-10,1.2193573143745906
2014-02-11,1.2054289165147836
2014-02-12,1.191962127120287
2014-02-13,1.2223151111113928
2014-02-14,1.1628845564379755
2014-02-17,1.2375346516129737
2014-02-18,1.2944326546492249
2014-02-19,1.2803381215371072
2014-02-20,1.096894180739184
2014-02-21,0.8699027996177655
2014-02-24,0.9246925366568403
2014-02-25,1.0376112715984427
2014-02-26,1.1118121681810254
2014-02-27,1.1231303567268782
2014-02-28,1.1164145422257776
2014-03-03,1.0920645514580385
2014-03-04,1.1096751504152074
2014-03-05,1.0964392846517077
2014-03-06,1.1348168890689534
2014-03-07,1.2039632329703656
2014-03-10,1.1081185119934527
2014-03-11,0.9295529748398095
2014-03-12,0.8383738802974845
2014-03-13,0.7918581777183801
2014-03-14,0.8195754822234692
2014-03-17,0.7886580641136027
2014-03-18,0.7534452945390975
2014-03-19,0.7347618194097147
2014-03-20,0.6615157661499075
2014-03-21,0.5953246984326604
2014-03-24,0.584493332095816
2014-03-25,0.5842668925204343
2014-03-26,0.6353804089088725
2014-03-27,0.5892394146080521
2014-03-28,0.5444011940223524
2014-03-31,0.43745690834119366
2014-04-01,0.39293051374435745
2014-04-02,0.5072259540086178
2014-04-03,0.5871352700826451
2014-04-04,0.5984915218858586
2014-04-08,0.5416634720521653
2014-04-09,0.5891717590552451
2014-04-10,0.6497095796938502
2014-04-11,0.7228430004943895
2014-04-14,0.8385480829724921
2014-04-15,0.8674247623616093
2014-04-16,0.8092095304887764
2014-04-17,0.7460422772766113
2014-04-18,0.7437736940610395
2014-04-21,0.7749820889834198
2014-04-22,0.927008999068656
2014-04-23,0.910770724753288
2014-04-24,0.8853014752495152
2014-04-25,0.8406086671902611
2014-04-28,0.7235351820880512
2014-04-29,0.8826666063176035
2014-04-30,0.9758459504229903
2014-05-05,0.9401717786451089
2014-05-06,0.9671761654258831
2014-05-07,0.9339980268010671
2014-05-08,0.8489051981707485
2014-05-09,0.9513366364067323
2014-05-12,0.8775263942632113
2014-05-13,0.9719103291468679
2014-05-14,1.0943878644097755
2014-05-15,1.0248371200568176
2014-05-16,1.0398122127500968
2014-05-19,1.0430738163591602
2014-05-20,1.0018166934759576
2014-05-21,1.0526266872973697
2014-05-22,0.9890612981221159
2014-05-23,0.8303589315579905
2014-05-26,0.8206445714989292
2014-05-27,0.7631210268684768
2014-05-28,0.752736977508997
2014-05-29,0.6143785403370711
2014-05-30,0.6001922402815802
2014-06-03,0.5804699034161803
2014-06-04,0.5817040751642288
2014-06-05,0.5688180687598723
2014-06-06,0.561774677246171
2014-06-09,0.6159230298999824
2014-06-10,0.6076343420335365
2014-06-11,0.5446171731376621
2014-06-12,0.5093521235893074
2014-06-13,0.520771401697655
2014-06-16,0.48737186284107575
2014-06-17,0.525915615216107
2014-06-18,0.45590514770306506
2014-06-19,0.3994703864677204
2014-06-20,0.42189429626049235
2014-06-23,0.39008403397658087
2014-06-24,0.3729156389710027
2014-06-25,0.403273884613816
2014-06-26,0.340439852117878
2014-06-27,0.35083051537167703
2014-06-30,0.3434036034273145
2014-07-01,0.46217684248784513
2014-07-02,0.5357146485568642
2014-07-03,0.6357353445892528
2014-07-04,0.6679273492999473
2014-07-07,0.7267807947224721
2014-07-08,0.7426597487549225
2014-07-09,0.7447914843938144
2014-07-10,0.7974559033458993
2014-07-11,0.8676300607240885
2014-07-14,1.0025329520574702
2014-07-15,0.966904071196341
2014-07-16,1.012266853667545
2014-07-17,1.0111336457433766
2014-07-18,0.9878533714232807
2014-07-21,0.9632549312218138
2014-07-22,0.9529619414002513
2014-07-23,0.9742179272623191
2014-07-24,0.9202126733271047
2014-07-25,0.9916203815597197
2014-07-28,0.9002092446727145
2014-07-29,0.7873562663473819
2014-07-30,0.6757735095273959
2014-07-31,0.6203782443311505
2014-08-01,0.6667101486194361
2014-08-04,0.651823467686399
2014-08-05,0.6855584791037769
2014-08-06,0.6363803033251284
2014-08-07,0.6337478554564802
2014-08-08,0.5143669461428965
2014-08-11,0.3962405036094305
2014-08-12,0.5882174655365393
2014-08-13,0.7034721402807309
2014-08-14,0.6900128127580651
2014-08-15,0.6517264882558343
2014-08-18,0.7036776193255377
2014-08-19,0.7660600819463318
2014-08-20,0.7547849762390255
2014-08-21,0.7645536980036282
2014-08-22,0.7930199408031985
2014-08-25,0.8985931971083306
2014-08-26,0.7997997575583806
2014-08-27,0.7353356310120087
2014-08-28,0.7419313692824832
2014-08-29,0.7781655896551565
2014-09-01,0.729069040086615
2014-09-02,0.7213565451085601
2014-09-03,0.7565079372220306
2014-09-04,0.7857434481651686
2014-09-05,0.7138700893835827
2014-09-09,0.6777192693076488
2014-09-10,0.6591171830388226
2014-09-11,0.6361558235635466
2014-09-12,0.6495058843315143
2014-09-15,0.6431808705418246
2014-09-16,0.5986198743827422
2014-09-17,0.5270626153369399
2014-09-18,0.5758451904266955
2014-09-19,0.5859498299955591
2014-09-22,0.5777804341378245
2014-09-23,0.5560425230887356
2014-09-24,0.4687676997854204
2014-09-25,0.5090238921792121
2014-09-26,0.5442619826425874
2014-09-29,0.6315024226565717
2014-09-30,0.6820102876123831
2014-10-08,0.852737781937273
2014-10-09,0.7622090308591135
2014-10-10,0.7096640921444
2014-10-13,0.7888028466322639
2014-10-14,0.8290179308631708
2014-10-15,0.8368120614291199
2014-10-16,0.7974951295164434
2014-10-17,0.7767821898176376
2014-10-20,0.6838377151610007
2014-10-21,0.6922194951692778
2014-10-22,0.5511341222836471
2014-10-23,0.5462984199057678
2014-10-24,0.5673775845742234
2014-10-27,0.5390467172331933
2014-10-28,0.5185366912219531
2014-10-29,0.528422558803318
2014-10-30,0.5628723104229573
2014-10-31,0.5215377914420183
2014-11-03,0.5447082938144945
2014-11-04,0.5741289000741818
2014-11-05,0.5549146476084804
2014-11-06,0.5582181213403876
2014-11-07,0.5916996029573591
2014-11-10,0.554605686272171
2014-11-11,0.49549189824306605
2014-11-12,0.4823311173773116
2014-11-13,0.4274200543150239
2014-11-14,0.41550854481449406
2014-11-17,0.3577246526515039
2014-11-18,0.3174277219499883
2014-11-19,0.29870809588702807
2014-11-20,0.30964898213159686
2014-11-21,0.2573396327033689
2014-11-24,0.3058541740511343
2014-11-25,0.30168943567623646
2014-11-26,0.3283067892158766
2014-11-27,0.32941484959588124
2014-11-28,0.3026907140036545
2014-12-01,0.2691138990735425
2014-12-02,0.24580399359996907
2014-12-03,0.26809997083308956
2014-12-04,0.28594545393960646
2014-12-05,0.2884765761322997
2014-12-08,0.22956001453429545
2014-12-09,0.21585898508677948
2014-12-10,0.19366695063088787
2014-12-11,0.21421536791180168
2014-12-12,0.2294549679918825
2014-12-15,0.2497275887513277
2014-12-16,0.2517933981051357
2014-12-17,0.23649294809973256
2014-12-18,0.19059902017112013
2014-12-19,0.17738815959605844
2014-12-22,0.18956866899545255
2014-12-23,0.2366504397751236
2014-12-24,0.23575008060442115
2014-12-25,0.22344030615425362
2014-12-26,0.23717402789332734
2014-12-29,0.22298472651811696
2014-12-30,0.2411614890809343
2014-12-31,0.25326853011868083
2015-01-05,0.2547908966270698
2015-01-06,0.2859059647481103
2015-01-07,0.27786502641061805
2015-01-08,0.2461871457868578
2015-01-09,0.2311524642632408
2015-01-12,0.2104536438228265
2015-01-13,0.23720673721977734
2015-01-14,0.24207588386049586
2015-01-15,0.20854874245931682
2015-01-16,0.2138975275559949
2015-01-19,0.2217284351363092
2015-01-20,0.2064231534826923
2015-01-21,0.2083288534386286
2015-01-22,0.2220273585363927
2015-01-23,0.2398117604010208
2015-01-26,0.2807792917865323
2015-01-27,0.2616100702434774
2015-01-28,0.25318902534834953
2015-01-29,0.32492976665523426
2015-01-30,0.2897469616517643
2015-02-02,0.3399846591486802
2015-02-03,0.3202064168833173
2015-02-04,0.3295038469038772
2015-02-05,0.3048975818461873
2015-02-06,0.3157543227312405
2015-02-09,0.28334374772967713
2015-02-10,0.26657892732138394
2015-02-11,0.2982072283616858
2015-02-12,0.22944212512627096
2015-02-13,0.22098790854495812
2015-02-16,0.1611139897497936
2015-02-17,0.18940822496070855
2015-02-25,0.16825240214991527
2015-02-26,0.18569120573723746
2015-02-27,0.16145595341043073
2015-03-02,0.17796438466282652
2015-03-03,0.1710688033098876
2015-03-04,0.1406624729081765
2015-03-05,0.15520339078432085
2015-03-06,0.15459396187702645
2015-03-09,0.15257380497177667
2015-03-10,0.12605412075377123
2015-03-11,0.13482987564827031
2015-03-12,0.11510755119556457
2015-03-13,0.121933334955356
2015-03-16,0.10120018672700448
2015-03-17,0.09672861568747794
2015-03-18,0.12213765924151512
2015-03-19,0.11448823213304588
2015-03-20,0.1317495726180635
2015-03-23,0.1550075691564548
2015-03-24,0.1528013733352531
2015-03-25,0.1442950309602494
2015-03-26,0.18151499682214392
2015-03-27,0.18529524957278626
2015-03-30,0.19665104181334211
2015-03-31,0.20333645391354607
2015-04-01,0.21299793514233634
2015-04-02,0.19983490992656758
2015-04-03,0.21681423515301
2015-04-07,0.21234976555812504
2015-04-08,0.2335093824700835
2015-04-09,0.2546424801582229
2015-04-10,0.2183461784331878
2015-04-13,0.23986281843586768
2015-04-14,0.2310173248721517
2015-04-15,0.23597107701877967
2015-04-16,0.2037301353281708
2015-04-17,0.20018182712619764
2015-04-20,0.23123776193534532
2015-04-21,0.2111394298073075
2015-04-22,0.19890765850779027
2015-04-23,0.18273207681392967
2015-04-24,0.20637978729380613
2015-04-27,0.20964633476202368
2015-04-28,0.2018610287284501
2015-04-29,0.18175789971256237
2015-04-30,0.18073871458279267
2015-05-04,0.22406448890037411
2015-05-05,0.170382030567022
2015-05-06,0.21677149086836706
2015-05-07,0.20699586521257946
2015-05-08,0.2527236713923739
2015-05-11,0.2233149248491429
2015-05-12,0.20697748416056747
2015-05-13,0.20710450368429162
2015-05-14,0.21029491356182153
2015-05-15,0.27434034375366123
2015-05-18,0.24883981160866733
2015-05-19,0.27482752633008023
2015-05-20,0.25938112767248445
2015-05-21,0.2848151128828914
2015-05-22,0.24295513890312287
2015-05-25,0.27985591101916724
2015-05-26,0.32301543837236746
2015-05-27,0.32692242098305474
2015-05-28,0.37711098242857083
2015-05-29,0.31531474915267343
2015-06-01,0.3376226987775581
2015-06-02,0.3512120143231276
2015-06-03,0.33944980414268816
2015-06-04,0.3261091506136401
2015-06-05,0.3697891917155444
2015-06-08,0.3558297235053401
2015-06-09,0.29285671372745004
2015-06-10,0.3496053816655376
2015-06-11,0.31103316620937643
2015-06-12,0.3121091035527207
2015-06-15,0.3209999240471084
2015-06-16,0.3247210358447993
2015-06-17,0.31650281808541714
2015-06-18,0.34902061772476106
2015-06-19,0.33219564750629016
2015-06-23,0.32324812076525017
2015-06-24,0.321838993995391
2015-06-25,0.2697189336696821
2015-06-26,0.2609074461524202
2015-06-29,0.27405437042585623
2015-06-30,0.25478586779202916
2015-07-01,0.24758336835278205
2015-07-02,0.23633552901597066
2015-07-03,0.2557378282166957
2015-07-06,0.30436169878184
2015-07-07,0.3126390222965394
2015-07-08,0.3528296671259872
2015-07-09,0.41844345374407677
2015-07-10,0.4366950634992858
2015-07-13,0.4195782798395651
2015-07-14,0.4359516640559711
2015-07-15,0.38931856624234884
2015-07-16,0.468413268425154
2015-07-17,0.41188242137704856
2015-07-20,0.34118964222237963
2015-07-21,0.36217557018913604
2015-07-22,0.34373651310535647
2015-07-23,0.3429218402477568
2015-07-24,0.33994263813871023
2015-07-27,0.35410491930537435
2015-07-28,0.32382024329893533
2015-07-29,0.3221015058479546
2015-07-30,0.3081897005559944
2015-07-31,0.35352595742723414
2015-08-03,0.3593595885816005
2015-08-04,0.3424633245654811
2015-08-05,0.3253131493928619
2015-08-06,0.31658678979022725
2015-08-07,0.2998046980209292
2015-08-10,0.33097006650411726
2015-08-11,0.3928527187490923
2015-08-12,0.4138196530124682
2015-08-13,0.3568983810168299
2015-08-14,0.3196959926627868
2015-08-17,0.3632472962571775
2015-08-18,0.3734816147536864
2015-08-19,0.4202478495223167
2015-08-20,0.39466713145619287
2015-08-21,0.4209977652470511
2015-08-24,0.42350517536224164
2015-08-25,0.35133457179600214
2015-08-26,0.3617116994033476
2015-08-27,0.43212391748864304
2015-08-28,0.45893780831442055
2015-08-31,0.445511058703058
2015-09-01,0.41922499191391366
2015-09-02,0.4197169291940152
2015-09-07,0.41986095832444914
2015-09-08,0.40209379098647396
2015-09-09,0.36040327828024804
2015-09-10,0.37325862321320574
2015-09-11,0.3552674208839877
2015-09-14,0.29656381171518537
2015-09-15,0.2780110512175233
2015-09-16,0.2407602814898129
2015-09-17,0.2499153916983279
2015-09-18,0.19907567811674542
2015-09-21,0.16247929581784187
2015-09-22,0.16467149692382183
2015-09-23,0.15866418397745183
2015-09-24,0.15576493541331596
2015-09-25,0.14815164711257925
2015-09-28,0.1435916246541756
2015-09-29,0.13512723796263618
2015-09-30,0.12941855052409273
2015-10-08,0.11327700728955364
2015-10-09,0.1470640804931391
2015-10-12,0.1437991235992759
2015-10-13,0.14144581001349316
2015-10-14,0.1363879767953523
2015-10-15,0.12121906084651919
2015-10-16,0.12378118365495414
2015-10-19,0.1119843966839859
2015-10-20,0.10900992602804024
2015-10-21,0.1085988210281288
2015-10-22,0.10726912340160666
2015-10-23,0.07348662172943138
2015-10-26,0.07489914151593102
2015-10-27,0.06534336662257553
2015-10-28,0.06946887512114823
2015-10-29,0.07123188310182545
2015-10-30,0.0608000701617457
2015-11-02,0.056732095167786475
2015-11-03,0.044009364599686504
2015-11-04,0.03902260961901442
2015-11-05,0.03738412992150397
2015-11-06,0.03738454940128357
2015-11-09,0.043668620583881705
2015-11-10,0.042574644485365486
2015-11-11,0.04071325045531815
2015-11-12,0.03410625384401353
2015-11-13,0.035357139234274734
2015-11-16,0.03802686922731494
2015-11-17,0.03572056403244522
2015-11-18,0.04006326363040576
2015-11-19,0.045223694471530296
2015-11-20,0.07486643269867704
2015-11-23,0.06772199479973126
2015-11-24,0.07425622108361905
2015-11-25,0.0695338105024732
2015-11-26,0.07360691163572192
2015-11-27,0.07353004639480738
2015-11-30,0.07516042888981868
2015-12-01,0.07848831675766542
2015-12-02,0.0731499264149814
2015-12-03,0.06631079662099444
2015-12-04,0.034553150506488516
2015-12-07,0.03342461243485378
2015-12-08,0.027426109585540388
2015-12-09,0.027791797111774028
2015-12-10,0.025104069109941732
2015-12-11,0.029147134513906048
2015-12-14,0.03360091916746131
2015-12-15,0.03379478199000878
2015-12-16,0.034943026640307816
2015-12-17,0.03264877137408198
2015-12-18,0.04176641848323597
2015-12-21,0.04567184901533116
2015-12-22,0.04145761783349254
2015-12-23,0.042797431977811336
2015-12-24,0.048224692951470784
2015-12-25,0.04564844547340962
2015-12-28,0.04154886062449354
2015-12-29,0.0421185256492574
2015-12-30,0.0423397863296858
2015-12-31,0.04706195721701372
2016-01-04,0.0400386351553575
2016-01-05,0.045694158132437754
2016-01-06,0.05823121024883903
2016-01-07,0.0576541404987073
2016-01-08,0.05756564729618715
2016-01-11,0.05515379080482227
2016-01-12,0.058805192196500294
2016-01-13,0.06017578875272683
2016-01-14,0.06656438029040944
2016-01-15,0.06864782871586897
2016-01-18,0.07535191598398193
2016-01-19,0.06911610023656899
2016-01-20,0.060325776516059366
2016-01-21,0.06126341071669201
2016-01-22,0.05544205566982592
2016-01-25,0.07352315559093209
2016-01-26,0.06733921520799294
2016-01-27,0.06386211177693081
2016-01-28,0.06018093391325268
2016-01-29,0.06745161398023064
2016-02-01,0.05910311332293673
2016-02-02,0.06924982508463556
2016-02-03,0.07107703688571772
2016-02-04,0.07785431596369544
2016-02-05,0.08227696099141486
2016-02-15,0.13441676985405596
2016-02-16,0.17983195305527647
2016-02-17,0.17817251419873062
2016-02-18,0.18527072412659198
2016-02-19,0.18080147700262408
2016-02-22,0.18663158042779185
2016-02-23,0.1748047029542137
2016-02-24,0.16904291292779727
2016-02-25,0.16438986354813237
2016-02-26,0.16756094509055136
2016-02-29,0.10213706091715594
2016-03-01,0.06091677439179526
2016-03-02,0.07073989748851144
2016-03-03,0.07030481292969319
2016-03-04,0.07002653721862964
2016-03-07,0.0805259168702587
2016-03-08,0.0858850508661619
2016-03-09,0.09769841538066822
2016-03-10,0.1044778757644349
2016-03-11,0.11029373508751746
2016-03-14,0.11199741144269627
2016-03-15,0.10570107628844873
2016-03-16,0.10326486920953468
2016-03-17,0.10218952345245431
2016-03-18,0.0951801017135618
2016-03-21,0.08542754167132424
2016-03-22,0.08615333707623841
2016-03-23,0.07549440964514616
2016-03-24,0.07448494812071513
2016-03-25,0.06521770746293874
2016-03-28,0.064698310395538
2016-03-29,0.08025602043805971
2016-03-30,0.0764960868027407
2016-03-31,0.06996155264913574
2016-04-01,0.07256446527711596
2016-04-05,0.07922233671400963
2016-04-06,0.07080007872580671
2016-04-07,0.0708518135757824
2016-04-08,0.07014332565397803
2016-04-11,0.0733473909989088
2016-04-12,0.0719489384127269
2016-04-13,0.07152907053326316
2016-04-14,0.08648960338299568
2016-04-15,0.09781172277403107
2016-04-18,0.101584528626508
2016-04-19,0.08669385407683973
2016-04-20,0.09773268074267884
2016-04-21,0.09765511524284733
2016-04-22,0.09483399303677337
2016-04-25,0.10609915056241143
2016-04-26,0.12005693042855602
2016-04-27,0.11038785029663242
2016-04-28,0.10798687089443716
2016-04-29,0.10576920029802457
2016-05-03,0.1682230008813042
2016-05-04,0.1867915320426533
2016-05-05,0.18182210739459664
2016-05-06,0.18527083511168313
2016-05-09,0.2669032518590745
2016-05-10,0.25492901741556995
2016-05-11,0.24123546328257567
2016-05-12,0.25590358461630464
2016-05-13,0.24935319629944908
2016-05-16,0.252348682541183
2016-05-17,0.18276905081473135
2016-05-18,0.18776597268777698
2016-05-19,0.18635481788249142
2016-05-20,0.20307282617048006
2016-05-23,0.1203970659396833
2016-05-24,0.13527152155881925
2016-05-25,0.12927235712324553
2016-05-26,0.123882928149103
2016-05-27,0.12203506863242916
2016-05-30,0.1179885533478262
2016-05-31,0.13895000972749763
2016-06-01,0.11580959988396224
2016-06-02,0.13056735824285787
2016-06-03,0.11781925607494674
2016-06-06,0.12198619190560628
2016-06-07,0.11558647392627194
2016-06-08,0.12880459546642697
2016-06-13,0.14167960700926965
2016-06-14,0.1497962251584408
2016-06-15,0.13873810543350265
2016-06-16,0.14702914449167043
2016-06-17,0.15203132168669378
2016-06-20,0.1323811332475243
2016-06-21,0.14065392421796546
2016-06-22,0.1325134926403388
2016-06-23,0.11737449861705555
2016-06-24,0.1226881069904531
2016-06-27,0.11732573939282488
2016-06-28,0.12217667764819966
2016-06-29,0.12195268163954083
2016-06-30,0.1086100911237634
2016-07-01,0.11946352447875686
2016-07-04,0.12989360939635272
2016-07-05,0.11778171992332868
2016-07-06,0.126074224804831
2016-07-07,0.14757281225069896
2016-07-08,0.13403600574617894
2016-07-11,0.1277310876144141
2016-07-12,0.11551097879429902
2016-07-13,0.12075683605978305
2016-07-14,0.10600016907236968
2016-07-15,0.10102673373621412
2016-07-18,0.09211392245347537
2016-07-19,0.09736857065882713
2016-07-20,0.10863533962702114
2016-07-21,0.09214951717021784
2016-07-22,0.08785415534793879
2016-07-25,0.08615506717221995
2016-07-26,0.09337246432160336
2016-07-27,0.09392586396369705
2016-07-28,0.10647916137243237
2016-07-29,0.10188472346370066
2016-08-01,0.110634040744312
2016-08-02,0.11649339086685435
2016-08-03,0.10295929976632934
2016-08-04,0.10004358433346733
2016-08-05,0.11887667665354326
2016-08-08,0.10486236127357026
2016-08-09,0.09745214285037392
2016-08-10,0.09134204954629153
2016-08-11,0.09640636968319907
2016-08-12,0.10970846561012654
2016-08-15,0.11091755510059337
2016-08-16,0.10826701755021212
2016-08-17,0.1033533919034587
2016-08-18,0.10094690393582743
2016-08-19,0.09520817221205359
2016-08-22,0.10561510196184254
2016-08-23,0.11666580664418257
2016-08-24,0.11852309283026288
2016-08-25,0.10133777908730193
2016-08-26,0.10316383440861082
2016-08-29,0.10408061289496646
2016-08-30,0.1101554847012783
2016-08-31,0.1147331448167861
2016-09-01,0.11848380772934243
2016-09-02,0.10797197156741209
2016-09-05,0.10215337307468826
2016-09-06,0.08651572822448564
2016-09-07,0.0891810860905974
2016-09-08,0.1053237336177271
2016-09-09,0.09039013709749064
2016-09-12,0.0921395996961147
2016-09-13,0.08509729533368296
2016-09-14,0.08142629080218103
2016-09-19,0.07823123707580398
2016-09-20,0.07837624793016379
2016-09-21,0.07392506002941622
2016-09-22,0.06935141396218134
2016-09-23,0.07693870947722085
2016-09-26,0.06472259570330843
2016-09-27,0.06154143068303271
2016-09-28,0.04963602834651063
2016-09-29,0.03904198053768659
2016-09-30,0.03718340870914766
2016-10-10,0.07144333159955338
2016-10-11,0.07359026173681113
2016-10-12,0.08564488587875854
2016-10-13,0.10151878920871267
2016-10-14,0.09334713270485659
2016-10-17,0.1011643255120601
2016-10-18,0.10521407992202582
2016-10-19,0.12010958118687881
2016-10-20,0.13972735254012522
2016-10-21,0.13918687064172247
2016-10-24,0.12494945178064625
2016-10-25,0.12732568665667465
2016-10-26,0.12937911157292567
2016-10-27,0.13923952787660296
2016-10-28,0.13592551226367214
2016-10-31,0.15049018310670814
2016-11-01,0.15029085853775073
2016-11-02,0.1448937166539084
2016-11-03,0.13795485990445866
2016-11-04,0.13803087232038547
2016-11-07,0.1401478570375089
2016-11-08,0.13219759514873775
2016-11-09,0.11845077877434006
2016-11-10,0.13347735500689828
2016-11-11,0.1558682896647636
2016-11-14,0.14883226841980782
2016-11-15,0.14525899283602767
2016-11-16,0.1543032871327838
2016-11-17,0.15795000304509313
2016-11-18,0.165565641417812
2016-11-21,0.14848020040154938
2016-11-22,0.14916284557066334
2016-11-23,0.17478452669350625
2016-11-24,0.13977701711921506
2016-11-25,0.13040619724997374
2016-11-28,0.12325718534592192
2016-11-29,0.15600797084761264
2016-11-30,0.13767877305905915
2016-12-01,0.1447107068728304
2016-12-02,0.137470432122748
2016-12-05,0.15010867934642455
2016-12-06,0.16546570833935026
2016-12-07,0.14494434434223746
2016-12-08,0.1411881473572789
2016-12-09,0.13114150622364557
2016-12-12,0.15341917091762194
2016-12-13,0.12628839242384543
2016-12-14,0.13904003624355568
2016-12-15,0.1794578078549233
2016-12-16,0.22379351258576374
2016-12-19,0.2439850758120261
2016-12-20,0.23049753422142716
2016-12-21,0.27289508057557504
2016-12-22,0.2869607896344168
2016-12-23,0.30938682671233325
2016-12-26,0.28013176992795097
2016-12-27,0.2957189016424454
2016-12-28,0.3025484780959907
2016-12-29,0.2777919145598735
2016-12-30,0.2500834556606825
2017-01-03,0.21211633617112718
2017-01-04,0.21333816248299697
2017-01-05,0.18526099333930623
2017-01-06,0.18339959302822198
2017-01-09,0.1744727748007127
2017-01-10,0.16834605187269092
2017-01-11,0.15960561985918445
2017-01-12,0.14308755329036058
2017-01-13,0.11906360202707941
2017-01-16,0.1507385442472362
2017-01-17,0.15868270355821995
2017-01-18,0.1588330695628767
2017-01-19,0.17173568738070066
2017-01-20,0.1711537208715586
2017-01-23,0.16583904320180712
2017-01-24,0.2068452185821908
2017-01-25,0.20523516299588687
2017-01-26,0.25696816739652417
2017-02-03,0.30920139358521403
2017-02-06,0.2739174442192283
2017-02-07,0.29003953479965894
2017-02-08,0.3264418603499053
2017-02-09,0.31385733419581346
2017-02-10,0.3134438218357524
2017-02-13,0.33784352040034116
2017-02-14,0.3075422807948644
2017-02-15,0.2984623309301357
2017-02-16,0.29366439277696693
2017-02-17,0.22758319712274253
2017-02-20,0.23488376715816917
2017-02-21,0.23752033958826457
2017-02-22,0.23232266949714628
2017-02-23,0.21273789160425075
2017-02-24,0.20313686140085457
2017-02-27,0.17467946626340108
2017-02-28,0.18985787627983405
2017-03-01,0.2238175184515305
2017-03-02,0.17615434979940983
2017-03-03,0.18084972862593174
2017-03-06,0.17086234860905541
2017-03-07,0.1644396141535166
2017-03-08,0.16786613201291511
2017-03-09,0.17608637864708643
2017-03-10,0.18113566870556194
2017-03-13,0.20943615430003354
2017-03-14,0.19279403800095543
2017-03-15,0.15310543159111087
2017-03-16,0.1622577186710142
2017-03-17,0.16340525925684027
2017-03-20,0.15215020658027645
2017-03-21,0.14444999782103796
2017-03-22,0.11570153347315201
2017-03-23,0.11461344062414427
2017-03-24,0.1314563785479944
2017-03-27,0.10821985540655782
2017-03-28,0.11230181606185485
2017-03-29,0.11342448142597211
2017-03-30,0.09882411249083237
2017-03-31,0.0939145886631624
2017-04-05,0.11346351596436213
2017-04-06,0.1127840296005658
2017-04-07,0.11888588742624775
2017-04-10,0.13185079406728498
2017-04-11,0.11249847659050266
2017-04-12,0.11426709394997946
2017-04-13,0.10373130552999833
2017-04-14,0.13252784527090103
2017-04-17,0.15940608632745426
2017-04-18,0.15759843929509593
2017-04-19,0.14993517273145301
2017-04-20,0.13879064674089048
2017-04-21,0.1516015625424184
2017-04-24,0.15637804886636544
2017-04-25,0.17413148767250602
2017-04-26,0.16315798115670618
2017-04-27,0.1597057572187752
2017-04-28,0.14442135132944067
2017-05-02,0.12207349763778448
2017-05-03,0.1329806438968849
2017-05-04,0.1564430159992466
2017-05-05,0.16141981970184122
2017-05-08,0.16063690705862366
2017-05-09,0.14310972672777014
2017-05-10,0.14444112168414472
2017-05-11,0.15880649880353884
2017-05-12,0.17490356857741773
2017-05-15,0.17896551734283586
2017-05-16,0.17779578688225647
2017-05-17,0.16847537335916957
2017-05-18,0.13835054801523383
2017-05-19,0.13761708331590397
2017-05-22,0.1416980363612837
2017-05-23,0.1464634782112421
2017-05-24,0.1335907313093716
2017-05-25,0.11969892148943098
2017-05-26,0.11395900644084639
2017-05-31,0.12828608183947296
2017-06-01,0.14156001162829218
2017-06-02,0.14445982501604432
2017-06-05,0.15237836465036972
2017-06-06,0.15998443366913767
2017-06-07,0.13245593405009404
2017-06-08,0.13078470128779535
2017-06-09,0.12597624116659717
2017-06-12,0.14580524180424534
2017-06-13,0.13599995930470005
2017-06-14,0.10786225515519185
2017-06-15,0.09205494625533713
2017-06-16,0.09064798010289864
2017-06-19,0.10419483852861779
2017-06-20,0.09184812229720068
2017-06-21,0.10046156899517174
2017-06-22,0.10248690554938956
2017-06-23,0.11002886612788347
2017-06-26,0.10382236227353453
2017-06-27,0.1031054988183888
2017-06-28,0.10151666048478052
2017-06-29,0.10394943301245047
2017-06-30,0.10885808254357508
2017-07-03,0.10449260557274445
2017-07-04,0.11195663108481115
2017-07-05,0.11186337726657271
2017-07-06,0.11190202477657553
2017-07-07,0.10491969901832233
2017-07-10,0.09292396696747879
2017-07-11,0.09135052946267462
2017-07-12,0.08807463627682652
2017-07-13,0.08832999437421256
2017-07-14,0.0841695194512539
2017-07-17,0.06728706511630428
2017-07-18,0.067463278276541
2017-07-19,0.0565101907485166
2017-07-20,0.06494925802639845
2017-07-21,0.06768626546155246
2017-07-24,0.0726087388629106
2017-07-25,0.09234242175879226
2017-07-26,0.10685968994959828
2017-07-27,0.10322239338097872
2017-07-28,0.10727320295658901
2017-07-31,0.11374172701953737
2017-08-01,0.11470643000168787
2017-08-02,0.11674246829394828
2017-08-03,0.09805621064935163
2017-08-04,0.0919728793059448
2017-08-07,0.10030990131782759
2017-08-08,0.08057621842194591
2017-08-09,0.07448409679168481
2017-08-10,0.08236699782228528
2017-08-11,0.09633855826754094
2017-08-14,0.09577435041311118
2017-08-15,0.0868036014873881
2017-08-16,0.09336305107149019
2017-08-17,0.09061321362296865
2017-08-18,0.08492439988166266
2017-08-21,0.07153507311840283
2017-08-22,0.07273837394570641
2017-08-23,0.06589219812072446
2017-08-24,0.061811300736116154
2017-08-25,0.049774533888193466
2017-08-28,0.048393581096733355
2017-08-29,0.06021634068839108
2017-08-30,0.05662255448689488
2017-08-31,0.06326088625782722
2017-09-01,0.07335421652832243
2017-09-04,0.07053577018649705
2017-09-05,0.0889847961133833
2017-09-06,0.10628027593871518
2017-09-07,0.12067003870815121
2017-09-08,0.11648376284560248
2017-09-11,0.1193353211922908
2017-09-12,0.11037159709350286
2017-09-13,0.11179231110697044
2017-09-14,0.11892403544864893
2017-09-15,0.1136216557044537
2017-09-18,0.12117743205562392
2017-09-19,0.11214724068434763
2017-09-20,0.10096559085616144
2017-09-21,0.0901143124844364
2017-09-22,0.09663596577587329
2017-09-25,0.09443590083501636
2017-09-26,0.09164592254932351
2017-09-27,0.08627845527053013
2017-09-28,0.0816129600219797
2017-09-29,0.08051581533145534
2017-10-09,0.09843850063510172
2017-10-10,0.09282999957924258
2017-10-11,0.08937377387861199
2017-10-12,0.09681423445811008
2017-10-13,0.08347323131936209
2017-10-16,0.09010462826279418
2017-10-17,0.10617623187507348
2017-10-18,0.10572584200958388
2017-10-19,0.10654518093854805
2017-10-20,0.1033330115384233
2017-10-23,0.07771126720639314
2017-10-24,0.08050460365180398
2017-10-25,0.10218056298401998
2017-10-26,0.0906738215056366
2017-10-27,0.12183385101008763
2017-10-30,0.11644261531611043
2017-10-31,0.10628341422229658
2017-11-01,0.11004633008701205
2017-11-02,0.10611698114490653
2017-11-03,0.107872893444049
2017-11-06,0.11082855903234921
2017-11-07,0.11775260025615253
2017-11-08,0.09820780596980601
2017-11-09,0.09685849118964789
2017-11-10,0.06792359989252596
2017-11-13,0.08292202062707624
2017-11-14,0.0923879695052937
2017-11-15,0.09493089961537618
2017-11-16,0.09590463605432506
2017-11-17,0.10307785834032974
2017-11-20,0.09798707484587404
2017-11-21,0.0863857978450526
2017-11-22,0.1067242623108433
2017-11-23,0.10753022860406412
2017-11-24,0.13679620775530707
2017-11-27,0.10985822326327499
2017-11-28,0.09737034458978855
2017-11-29,0.12091832800976035
2017-11-30,0.11703851284745866
2017-12-01,0.11154975341028936
2017-12-04,0.11362966380094168
2017-12-05,0.11049992880549457
2017-12-06,0.08462366404998974
2017-12-07,0.0910603373084776
2017-12-08,0.0669497891461078
2017-12-11,0.08266797626575417
2017-12-12,0.0883407229612376
2017-12-13,0.06120376835732326
2017-12-14,0.07337746204783561
2017-12-15,0.08288630750322554
2017-12-18,0.0824333885310118
2017-12-19,0.08541080495356139
2017-12-20,0.08794865205240447
2017-12-21,0.0820144259487908
2017-12-22,0.09943095059041142
2017-12-25,0.09230256710928308
2017-12-26,0.09552505324096232
2017-12-27,0.09523099015142344
2017-12-28,0.08264113340082387
2017-12-29,0.0799649804615415
2018-01-02,0.11132646110154613
2018-01-03,0.11179161544909268
2018-01-04,0.11174570577726828
2018-01-05,0.10982818411954266
2018-01-08,0.10028619386598006
2018-01-09,0.09268364702133286
2018-01-10,0.10202258110930795
2018-01-11,0.10975678915338942
2018-01-12,0.12302954537706384
2018-01-15,0.1258950261448651
2018-01-16,0.09514483552801561
2018-01-17,0.10242295673183693
2018-01-18,0.1117835807434038
2018-01-19,0.11200757894537704
2018-01-22,0.11246586106092149
2018-01-23,0.11270150629509575
2018-01-24,0.0958994485052017
2018-01-25,0.0940463805733749
2018-01-26,0.07790969212245293
2018-01-29,0.06612699557379063
2018-01-30,0.07107975063762408
2018-01-31,0.06531404570273355
2018-02-01,0.06294352034429003
2018-02-02,0.07475029281728278
2018-02-05,0.06487483422090205
2018-02-06,0.07567968775252334
2018-02-07,0.0708944031994468
2018-02-08,0.07491629919052462
2018-02-09,0.08779978592394583
2018-02-12,0.0894298949187954
2018-02-13,0.088309591295659
2018-02-14,0.09116377041084654
2018-02-22,0.12314862573467421
2018-02-23,0.12294155281349937
2018-02-26,0.1565492358785046
2018-02-27,0.16216519442495575
2018-02-28,0.16227111472645633
2018-03-01,0.14936656480830193
2018-03-02,0.13656944670642474
2018-03-05,0.1368483149765269
2018-03-06,0.1440258174496363
2018-03-07,0.13621665129542185
2018-03-08,0.0954625416621166
2018-03-09,0.08314848849042072
2018-03-12,0.054630891852642416
2018-03-13,0.06029985005168272
2018-03-14,0.05958195205424725
2018-03-15,0.06830477316743128
2018-03-16,0.06869328288696376
2018-03-19,0.0740130415360791
2018-03-20,0.07599807955582966
2018-03-21,0.07828285408080281
2018-03-22,0.08748584312420205
2018-03-23,0.1097205027329629
2018-03-26,0.1093673048223386
2018-03-27,0.08793673862248998
2018-03-28,0.09013641117012364
2018-03-29,0.08162826606109738
2018-03-30,0.08423702383008957
2018-04-02,0.07934739524917556
2018-04-03,0.07323106688669619
2018-04-04,0.07360251095148565
2018-04-09,0.08155008310589956
2018-04-10,0.08514035646150894
2018-04-11,0.09052857746641531
2018-04-12,0.10258774334800942
2018-04-13,0.10410446454300154
2018-04-16,0.12710844176638622
2018-04-17,0.13154860234873575
2018-04-18,0.15770070426690452
2018-04-19,0.1572625910023889
2018-04-20,0.1560737959330914
2018-04-23,0.15866376460570267
2018-04-24,0.1519421078678527
2018-04-25,0.14555474494563247
2018-04-26,0.1400213157236717
2018-04-27,0.1577537048222111
2018-05-02,0.1472830357562864
2018-05-03,0.17267475771401988
2018-05-04,0.16272223467641722
2018-05-07,0.16482162812802248
2018-05-08,0.1704947592853698
2018-05-09,0.15914744854060997
2018-05-10,0.1613783478068735
2018-05-11,0.15813269585307677
2018-05-14,0.1500718414876128
2018-05-15,0.13981352508386674
2018-05-16,0.133151573026202
2018-05-17,0.13048622323877943
2018-05-18,0.12421348961544186
2018-05-21,0.12533392629457776
2018-05-22,0.14451464291904986
2018-05-23,0.14546272164852722
2018-05-24,0.13731768021517274
2018-05-25,0.16964135921168244
2018-05-28,0.19308743116895286
2018-05-29,0.19106537278300645
2018-05-30,0.18790578041204753
2018-05-31,0.18012446032890794
2018-06-01,0.17294513533160932
2018-06-04,0.1852277861618
2018-06-05,0.17399612602120298
2018-06-06,0.17249716476967356
2018-06-07,0.16483245750765485
2018-06-08,0.14275842267174788
2018-06-11,0.1210457745403589
2018-06-12,0.14357427541920711
2018-06-13,0.1636732251080966
2018-06-14,0.16402320887631505
2018-06-15,0.18088147766991935
2018-06-19,0.1910948580173684
2018-06-20,0.2170297147490897
2018-06-21,0.2530936857583102
2018-06-22,0.2626590109118074
2018-06-25,0.255381655402771
2018-06-26,0.2539539371379624
2018-06-27,0.24233378247244738
2018-06-28,0.23513614475513778
2018-06-29,0.22939914109012427
2018-07-02,0.24056881338209474
2018-07-03,0.23934598115250352
2018-07-04,0.20400273749383527
2018-07-05,0.1647632054559754
2018-07-06,0.17107859136575942
2018-07-09,0.1783669404638819
2018-07-10,0.17918316561790526
2018-07-11,0.1907154640997312
2018-07-12,0.1922048830977171
2018-07-13,0.21195247694276745
2018-07-16,0.19049058349356474
2018-07-17,0.15646937281766876
2018-07-18,0.15078814858292822
2018-07-19,0.1715302471022253
2018-07-20,0.19486298371005395
2018-07-23,0.18752154619327635
2018-07-24,0.21075520535383846
2018-07-25,0.19413762245746377
2018-07-26,0.18611483437185933
2018-07-27,0.17661025347323892
2018-07-30,0.16770939005892793
2018-07-31,0.1832165247280861
2018-08-01,0.19708277904158547
2018-08-02,0.178576921263687
2018-08-03,0.14890646878903116
2018-08-06,0.1562700970364785
2018-08-07,0.13794390945362991
2018-08-08,0.16883603139425063
2018-08-09,0.17285629773220149
2018-08-10,0.16313987128999546
2018-08-13,0.18208282357161248
2018-08-14,0.2004768439757928
2018-08-15,0.21391543052461717
2018-08-16,0.2405540292161813
2018-08-17,0.22918825650438182
2018-08-20,0.21825646636083654
2018-08-21,0.2151333539354041
2018-08-22,0.17889855504133165
2018-08-23,0.1732711319702809
2018-08-24,0.15847159488814094
2018-08-27,0.14212576731471702
2018-08-28,0.1309765042858304
2018-08-29,0.10601504503606207
2018-08-30,0.09237141318661769
2018-08-31,0.10657822528209109
2018-09-03,0.13629872264024046
2018-09-04,0.1575403959075881
2018-09-05,0.15959413975873027
2018-09-06,0.1562619996328195
2018-09-07,0.16358643981857973
2018-09-10,0.1937337933215352
2018-09-11,0.18544800121433147
2018-09-12,0.19514875545665225
2018-09-13,0.18446401272334215
2018-09-14,0.17935987225199646
2018-09-17,0.16594275407369735
2018-09-18,0.16089131174501828
2018-09-19,0.1778024255597057
2018-09-20,0.20985935437006734
2018-09-21,0.23074353790731356
2018-09-25,0.20115954802777247
2018-09-26,0.22995205397448848
2018-09-27,0.24622811757318724
2018-09-28,0.24243289505779644
2018-10-08,0.23382194460159283
2018-10-09,0.2211104523864821
2018-10-10,0.20955145960608898
2018-10-11,0.20957594693881373
2018-10-12,0.1734433263619234
2018-10-15,0.15488862124997083
2018-10-16,0.15669961064794757
2018-10-17,0.12297666393210036
2018-10-18,0.1124912366022511
2018-10-19,0.11250766306747388
2018-10-22,0.13134009934801041
2018-10-23,0.14115012848112832
2018-10-24,0.15240034345254505
2018-10-25,0.1324997424416494
2018-10-26,0.13349035455675917
2018-10-29,0.14828225620377783
2018-10-30,0.14331528900635873
2018-10-31,0.13681297356523386
2018-11-01,0.12383312868925113
2018-11-02,0.1546089582820516
2018-11-05,0.14399667679826914
2018-11-06,0.1561085440206044
2018-11-07,0.15193250358243135
2018-11-08,0.16394951633334126
2018-11-09,0.17248173906864897
2018-11-12,0.15718372821608692
2018-11-13,0.15857514116879645
2018-11-14,0.18448186817324175
2018-11-15,0.19391712016025936
2018-11-16,0.19339835207836467
2018-11-19,0.19667263986125819
2018-11-20,0.1685222527525199
2018-11-21,0.15308667688273142
2018-11-22,0.17169432744844962
2018-11-23,0.17210991268886588
2018-11-26,0.17529028819882805
2018-11-27,0.19412815492278668
2018-11-28,0.1722738482935853
2018-11-29,0.1837839634232285
2018-11-30,0.1646244912924422
2018-12-03,0.16109113752472895
2018-12-04,0.17033311902673975
2018-12-05,0.17660337643582136
2018-12-06,0.1525326231835017
2018-12-07,0.14622681182474168
2018-12-10,0.14791906690023282
2018-12-11,0.12912925013211807
2018-12-12,0.13608126445298535
2018-12-13,0.15017999363451362
2018-12-14,0.14333793666370445
2018-12-17,0.17339160735615514
2018-12-18,0.17708469932781912
2018-12-19,0.18876070968620154
2018-12-20,0.20339970351273035
2018-12-21,0.2174818519365526
2018-12-24,0.20948810593781123
2018-12-25,0.23369221873369186
2018-12-26,0.24173203053722242
2018-12-27,0.20460658003182916
2018-12-28,0.23955557586046158
2019-01-02,0.25551844606371915
2019-01-03,0.2416451639690197
2019-01-04,0.2397586854378813
2019-01-07,0.21990923940423174
2019-01-08,0.24584982066485386
2019-01-09,0.24544441102693632
2019-01-10,0.2505132605337848
2019-01-11,0.24053838148124004
2019-01-14,0.26082059379183886
2019-01-15,0.21507299883154743
2019-01-16,0.216827999835108
2019-01-17,0.22609801417173464
2019-01-18,0.2348353185792345
2019-01-21,0.2382493976069266
2019-01-22,0.20554396393264762
2019-01-23,0.21707030140170813
2019-01-24,0.18536436722865915
2019-01-25,0.19325925847004455
2019-01-28,0.18602177317891247
2019-01-29,0.20172699273181632
2019-01-30,0.1558746487165296
2019-01-31,0.150827222558524
2019-02-01,0.15514977484998907
2019-02-11,0.1798858447906371
2019-02-12,0.1716953690845222
2019-02-13,0.16423899543558448
2019-02-14,0.1863186277598456
2019-02-15,0.16755010254774888
2019-02-18,0.18473469202440007
2019-02-19,0.18366638416597508
2019-02-20,0.19802936034081794
2019-02-21,0.20375279519779937
2019-02-22,0.20243937627989186
2019-02-25,0.21051305712313256
2019-02-26,0.23550655472064425
2019-02-27,0.23688439905986403
2019-02-28,0.22223420340960978
2019-03-01,0.24428530115990646
2019-03-04,0.23177240361445786
2019-03-05,0.22394008386655787
2019-03-06,0.19633609674040484
2019-03-07,0.23177275385622487
2019-03-08,0.22113295129500057
2019-03-11,0.191554634577564
2019-03-12,0.17084531924559526
2019-03-13,0.1627904878350203
2019-03-14,0.18526451444019146
2019-03-15,0.17024163687195246
2019-03-18,0.17243440837707993
2019-03-19,0.18183178870371627
2019-03-20,0.18347665646368
2019-03-21,0.16816388988145634
2019-03-22,0.17717868049098612
2019-03-25,0.20641368753594247
2019-03-26,0.19824366693392612
2019-03-27,0.21090205553796804
2019-03-28,0.19112009813641015
2019-03-29,0.20152282593651574
2019-04-01,0.22545194281203362
2019-04-02,0.22253293431821447
2019-04-03,0.25874455904680577
2019-04-04,0.2490698094233469
2019-04-08,0.23060256644281255
2019-04-09,0.19252540263794482
2019-04-10,0.19772043701912276
2019-04-11,0.19836684085766187
2019-04-12,0.19611469017277622
2019-04-15,0.20097729785482796
2019-04-16,0.1811722987542158
2019-04-17,0.18937520711630984
2019-04-18,0.1606266951881977
2019-04-19,0.14148242905073685
2019-04-22,0.1664599965240071
2019-04-23,0.16905290560052097
2019-04-24,0.19502937775210494
2019-04-25,0.1931633811817577
2019-04-26,0.22434613555671862
2019-04-29,0.23234825873907924
2019-04-30,0.26751850254578924
2019-05-06,0.2649492847087608
2019-05-07,0.2598138961698083
2019-05-08,0.26335635154269044
2019-05-09,0.24498669926274158
2019-05-10,0.23523472892154304
2019-05-13,0.2326944666779929
2019-05-14,0.23961347597426472
2019-05-15,0.20187832149456153
2019-05-16,0.17668499073848298
2019-05-17,0.11956708361938738
2019-05-20,0.103291090224959
2019-05-21,0.10950510268536684
2019-05-22,0.12000212085872937
2019-05-23,0.1495101431123617
2019-05-24,0.14878485330116176
2019-05-27,0.15850752781459718
2019-05-28,0.1549861455279966
2019-05-29,0.19479760903811594
2019-05-30,0.19522894244754221
2019-05-31,0.1984039341518414
2019-06-03,0.21544926686357904
2019-06-04,0.22517156293078078
2019-06-05,0.21894328194149942
2019-06-06,0.18156837433617617
2019-06-10,0.18766001205956773
2019-06-11,0.17597593533247874
2019-06-12,0.16046468465815636
2019-06-13,0.14405545063402891
2019-06-14,0.18052641698949992
2019-06-17,0.179547869585052
2019-06-18,0.1710206188853031
2019-06-19,0.15832810507753495
2019-06-20,0.14830595351161582
2019-06-21,0.15083172939609166
2019-06-24,0.16548519349009597
2019-06-25,0.1421776157721402
2019-06-26,0.15043835151637516
2019-06-27,0.12769449299025684
2019-06-28,0.10429655931356444
2019-07-01,0.10523840758819399
2019-07-02,0.12410878375944688
2019-07-03,0.12318153840088644
2019-07-04,0.1293250591092756
2019-07-05,0.1496269904545267
2019-07-08,0.1408483950829677
2019-07-09,0.15243873183721368
2019-07-10,0.14217735825007768
2019-07-11,0.13898159373977448
2019-07-12,0.13256518002253567
2019-07-15,0.13676791740310018
2019-07-16,0.10868809853966953
2019-07-17,0.10874501134377025
2019-07-18,0.11898487045177962
2019-07-19,0.09287621524031074
2019-07-22,0.09430124931436784
2019-07-23,0.07943987011615845
2019-07-24,0.09759251923059621
2019-07-25,0.10380216319175885
2019-07-26,0.09918022760056566
2019-07-29,0.10338531622642123
2019-07-30,0.11144005066448072
2019-07-31,0.1260991387464371
2019-08-01,0.1089035679342897
2019-08-02,0.12744811334363945
2019-08-05,0.14069378695749982
2019-08-06,0.14352838500048665
2019-08-07,0.1215985892979193
2019-08-08,0.11470112088278694
2019-08-09,0.11213777345099386
2019-08-12,0.10111380302615909
2019-08-13,0.09577869845440758
2019-08-14,0.07570618891199649
2019-08-15,0.08528285100685348
2019-08-16,0.07024294959185154
2019-08-19,0.05553975092066929
2019-08-20,0.06525917695413438
2019-08-21,0.09061053997431978
2019-08-22,0.10304913717382232
2019-08-23,0.09966586947649624
2019-08-26,0.09995513879164612
2019-08-27,0.09957405725805837
2019-08-28,0.10377009388027107
2019-08-29,0.10684693755233304
2019-08-30,0.11576455110170367
2019-09-02,0.11160014094238094
2019-09-03,0.10455066207181049
2019-09-04,0.08951300384114909
2019-09-05,0.09071398358972799
2019-09-06,0.09352029038826548
2019-09-09,0.09512852060772058
2019-09-10,0.10276597257384326
2019-09-11,0.09811750833979258
2019-09-12,0.09884545939302779
2019-09-16,0.08890357023407261
2019-09-17,0.08776146472999997
2019-09-18,0.09039453456527632
2019-09-19,0.09689386735933575
2019-09-20,0.08898916039163972
2019-09-23,0.08710938891603062
2019-09-24,0.08364452158572144
2019-09-25,0.08058083526417473
2019-09-26,0.09666175630894665
2019-09-27,0.09830448321753688
2019-09-30,0.11756560807887122
2019-10-08,0.13181270572359222
2019-10-09,0.12595119029206572
2019-10-10,0.12475403971950758
2019-10-11,0.13276763792849794
2019-10-14,0.12993327242148248
2019-10-15,0.1273682584514577
2019-10-16,0.11880974810825118
2019-10-17,0.11228560040234133
2019-10-18,0.10974970162830723
2019-10-21,0.09641696840686831
2019-10-22,0.07908908328109465
2019-10-23,0.08154957983025551
2019-10-24,0.0674025653356024
2019-10-25,0.058831230545205025
2019-10-28,0.06774772643575717
2019-10-29,0.06790419747812451
2019-10-30,0.08032998678017449
2019-10-31,0.08662538896971132
2019-11-01,0.07955000757855377
2019-11-04,0.07562234359472529
2019-11-05,0.08580538888370744
2019-11-06,0.08244559848975484
2019-11-07,0.081539754519183
2019-11-08,0.08356714107033567
2019-11-11,0.09010571690874813
2019-11-12,0.09672715159797733
2019-11-13,0.09506479791991107
2019-11-14,0.08070079261410158
2019-11-15,0.08195629714564723
2019-11-18,0.09222413276705087
2019-11-19,0.08980114127246962
2019-11-20,0.08914153569168616
2019-11-21,0.09795821685788622
2019-11-22,0.09031595127500183
2019-11-25,0.088070479456228
2019-11-26,0.09006320678311062
2019-11-27,0.08070116807815177
2019-11-28,0.07905197593638623
2019-11-29,0.07459667208726109
2019-12-02,0.07488061687542684
2019-12-03,0.07373589719281531
2019-12-04,0.08126322574946296
2019-12-05,0.07278756264574755
2019-12-06,0.08572198741843354
2019-12-09,0.07277335801484516
2019-12-10,0.07153580682695511
2019-12-11,0.07579504725287423
2019-12-12,0.07573176778489418
2019-12-13,0.08377364569141234
2019-12-16,0.06556671529597012
2019-12-17,0.06551393956038745
2019-12-18,0.05830699165516295
2019-12-19,0.0645869210440498
2019-12-20,0.06518773158392611
2019-12-23,0.07238991701854593
2019-12-24,0.0651926523614743
2019-12-25,0.06607044775524545
2019-12-26,0.06868572416206084
2019-12-27,0.06018464618383674
2019-12-30,0.06115506647296479
2019-12-31,0.051045795778633975
2020-01-02,0.056384437594663675
2020-01-03,0.05640940229818691
2020-01-06,0.05538024316182234
2020-01-07,0.05321170112533091
2020-01-08,0.05856147740234821
2020-01-09,0.05842697575849753
2020-01-10,0.06388857580360079
2020-01-13,0.06525263925563271
2020-01-14,0.06811910101640524
2020-01-15,0.07130297505076064
2020-01-16,0.06738168606532899
2020-01-17,0.06819122539465566
2020-01-20,0.07271445056199241
2020-01-21,0.07076796584380532
2020-01-22,0.06975039984159151
2020-01-23,0.08879715631383561
2020-02-03,0.12970536592204712
2020-02-04,0.13404164285728445
2020-02-05,0.1313282518913237
2020-02-06,0.13582581941084873
2020-02-07,0.14749722559781944
2020-02-10,0.1394787455677977
2020-02-11,0.13021086551494623
2020-02-12,0.12933643927290217
2020-02-13,0.12735022032313367
2020-02-14,0.11472121720328025
2020-02-17,0.06664073006036066
2020-02-18,0.07474054600300023
2020-02-19,0.07754822660190135
2020-02-20,0.08158963671270153
2020-02-21,0.0839608420025579
2020-02-24,0.09652731529415452
2020-02-25,0.08800621419229238
2020-02-26,0.08510873410229405
2020-02-27,0.09241926987742041
2020-02-28,0.09518565437184923
2020-03-02,0.09873465509056302
2020-03-03,0.08551286143637025
2020-03-04,0.10304319772331394
2020-03-05,0.09459921909055018
2020-03-06,0.09194214125242813
2020-03-09,0.09304497142220937
2020-03-10,0.1185090997832443
2020-03-11,0.13338357594973066
2020-03-12,0.1304578078957627
2020-03-13,0.12220547915863328
2020-03-16,0.11591710886034312
2020-03-17,0.12689267399479948
2020-03-18,0.11882967629306221
2020-03-19,0.12421158336815136
2020-03-20,0.11941643013082798
2020-03-23,0.13530571518094334
2020-03-24,0.11700109658177064
2020-03-25,0.10974099456993953
2020-03-26,0.10735343677140176
2020-03-27,0.10674943017454772
2020-03-30,0.11748896984194182
2020-03-31,0.11100036613783948
2020-04-01,0.09901242948723016
2020-04-02,0.09922555113274056
2020-04-03,0.09519066974032592
2020-04-07,0.09552207281116303
2020-04-08,0.10660453953487514
2020-04-09,0.10378665999252104
2020-04-10,0.10758209633632779
2020-04-13,0.10306579856178967
2020-04-14,0.09857989868098199
2020-04-15,0.1020411927615008
2020-04-16,0.10152967826155755
2020-04-17,0.10230033014246949
2020-04-20,0.09895512816605004
2020-04-21,0.08474651393473558
2020-04-22,0.08080353618014514
2020-04-23,0.08205526697576926
2020-04-24,0.07371700567947363
2020-04-27,0.07201575557265599
2020-04-28,0.07943602268574888
2020-04-29,0.0863715695983618
2020-04-30,0.09623187557384104
2020-05-06,0.10359379375961493
2020-05-07,0.12272345869976574
2020-05-08,0.11005969622850757
2020-05-11,0.11335327991459725
2020-05-12,0.11216849829271171
2020-05-13,0.11302191869413493
2020-05-14,0.11597474135474281
2020-05-15,0.10870840400809524
2020-05-18,0.10471033149532992
2020-05-19,0.1003200968162897
2020-05-20,0.08855455319453023
2020-05-21,0.06662289448986225
2020-05-22,0.08253246408108296
2020-05-25,0.08567586410784554
2020-05-26,0.08995714612913439
2020-05-27,0.09189582141718718
2020-05-28,0.09437729915640512
2020-05-29,0.08895574606222863
2020-06-01,0.0766054850516598
2020-06-02,0.08271240660418547
2020-06-03,0.07985514754422018
2020-06-04,0.08859383314015849
2020-06-05,0.0742278415018034
2020-06-08,0.05925511756435573
2020-06-09,0.04987216169601976
2020-06-10,0.04664035015219435
2020-06-11,0.04311823454889666
2020-06-12,0.04722207448919038
2020-06-15,0.048717195128928796
2020-06-16,0.05379645114243525
2020-06-17,0.05868089198313452
2020-06-18,0.05173373259340879
2020-06-19,0.04778494458011413
2020-06-22,0.0485619592311839
2020-06-23,0.04969481126649158
2020-06-24,0.05968862480575661
2020-06-29,0.05671943319050182
2020-06-30,0.05258481079376249
2020-07-01,0.05193213388586223
2020-07-02,0.03927945869906933
2020-07-03,0.03685435949041422
2020-07-06,0.05848106863891091
2020-07-07,0.06107213136418771
2020-07-08,0.06223570484263171
2020-07-09,0.06380437853280324
2020-07-10,0.05940135060062937
2020-07-13,0.06769181384673796
2020-07-14,0.07180074439379716
2020-07-15,0.08146415305547201
2020-07-16,0.08229099458364361
2020-07-17,0.07973428423683596
2020-07-20,0.06055632651105097
2020-07-21,0.06520486264775945
2020-07-22,0.06422733480276722
2020-07-23,0.0665746997762765
2020-07-24,0.06768163062052944
2020-07-27,0.0639863934090152
2020-07-28,0.0693820015766847
2020-07-29,0.0638135639454645
2020-07-30,0.060310431384179033
2020-07-31,0.06574356087040535
2020-08-03,0.0725626716585491
2020-08-04,0.06715644770641582
2020-08-05,0.0727620112541419
2020-08-06,0.07282943276222874
2020-08-07,0.06718916046001085
2020-08-10,0.07596046614516917
2020-08-11,0.06943768602313802
2020-08-12,0.0628157999883559
2020-08-13,0.06292609782861976
2020-08-14,0.06236559497844433
2020-08-17,0.0589279765302057
2020-08-18,0.06137339698808406
2020-08-19,0.06720489190753921
2020-08-20,0.07039398347344805
2020-08-21,0.07449057563062005
2020-08-24,0.06400977941068951
2020-08-25,0.06704315590845333
2020-08-26,0.07708876168993758
2020-08-27,0.07592251388860817
2020-08-28,0.06936907872853075
2020-08-31,0.07016197137690511
2020-09-01,0.06669470998805521
2020-09-02,0.0583273282375677
2020-09-03,0.049740934910648224
2020-09-04,0.04938437707183079
2020-09-07,0.04634664348066982
2020-09-08,0.044239253738146196
2020-09-09,0.043502437968313205
2020-09-10,0.04445454100627535
2020-09-11,0.05302511900881497
2020-09-14,0.04654894410131233
2020-09-15,0.054786651620490665
2020-09-16,0.04467598380054159
2020-09-17,0.04699470336764382
2020-09-18,0.04376031997239364
2020-09-21,0.05328411725410591
2020-09-22,0.05185739068254231
2020-09-23,0.044747574621731796
2020-09-24,0.048061723971157
2020-09-25,0.04795053799002151
2020-09-28,0.05129048059048512
2020-09-29,0.04759167635155993
2020-09-30,0.061064292787548706
2020-10-09,0.07321984725669085
2020-10-12,0.07805203546436668
2020-10-13,0.06812864739160221
2020-10-14,0.0683684443765014
2020-10-15,0.07219450359617209
2020-10-16,0.07201364219621464
2020-10-19,0.07169666197872383
2020-10-20,0.06782462133666968
2020-10-21,0.06394328386351429
2020-10-22,0.05918073820996247
2020-10-23,0.048363597439129956
2020-10-26,0.04447172103615719
2020-10-27,0.04911641946420011
2020-10-28,0.04506590721318918
2020-10-29,0.04171055688808224
2020-10-30,0.03746618536690839
2020-11-02,0.03623970282181747
2020-11-03,0.0351319140668549
2020-11-04,0.034275460505801165
2020-11-05,0.031171833018890528
2020-11-06,0.03602971706467473
2020-11-09,0.037256119258907455
2020-11-10,0.03619783309390436
2020-11-11,0.036738856967214864
2020-11-12,0.038205877739739484
2020-11-13,0.04366420776567913
2020-11-16,0.036371098892112624
2020-11-17,0.03926970302767746
2020-11-18,0.04889702326940183
2020-11-19,0.048320039297780004
2020-11-20,0.04210247123035806
2020-11-23,0.04729466119085041
2020-11-24,0.04794431570224855
2020-11-25,0.054045427821993154
2020-11-26,0.051801621554432714
2020-11-27,0.05031195415734568
2020-11-30,0.06556411766702717
2020-12-01,0.06992753213619447
2020-12-02,0.0649439394213763
2020-12-03,0.06296397789061638
2020-12-04,0.06767198264924486
2020-12-07,0.06328521182909977
2020-12-08,0.06632633700810947
2020-12-09,0.060926534676459254
2020-12-10,0.06144930242767005
2020-12-11,0.06155823833541201
2020-12-14,0.046377332844120094
2020-12-15,0.0452847027294583
2020-12-16,0.04284973723930223
2020-12-17,0.04593959461783235
2020-12-18,0.043803108123544425
2020-12-21,0.051041147378403366
2020-12-22,0.05022354938179864
2020-12-23,0.052199359208915413
2020-12-24,0.05499202844407736
2020-12-25,0.05864837428399673
2020-12-28,0.0622951796368048
2020-12-29,0.05992580359033644
2020-12-30,0.0631887935547348
2020-12-31,0.06437645725825128
2021-01-04,0.06281885457839
2021-01-05,0.057302504815816335
2021-01-06,0.05172282752900671
2021-01-07,0.04961773928593162
2021-01-08,0.04739607130540586
2021-01-11,0.040812823709900525
2021-01-12,0.04412990880203044
2021-01-13,0.04354814763421612
2021-01-14,0.03711492406539084
2021-01-15,0.03612273847567318
2021-01-18,0.036993805229335014
2021-01-19,0.031103806769154797
2021-01-20,0.036294984069880395
2021-01-21,0.041019508781158516
2021-01-22,0.03980518213444704
2021-01-25,0.04110273725245367
2021-01-26,0.042976346349551095
2021-01-27,0.04166005689372533
2021-01-28,0.04955480199721082
2021-01-29,0.043719167134371725
2021-02-01,0.04390948458763257
2021-02-02,0.04358592624012049
2021-02-03,0.0449361197196041
2021-02-04,0.041782653840903766
2021-02-05,0.04016295715284233
2021-02-08,0.03735003023462277
2021-02-09,0.03157654699427598
2021-02-10,0.0360085745415576
2021-02-18,0.03483546286332736
2021-02-19,0.0466896306721516
2021-02-22,0.04569177653078653
2021-02-23,0.04781792575700633
2021-02-24,0.04200546817976302
2021-02-25,0.03913705658215153
2021-02-26,0.04573548736051257
2021-03-01,0.0501288388633541
2021-03-02,0.04722647790058902
2021-03-03,0.04232778841943992
2021-03-04,0.03919919013404969
2021-03-05,0.03360614799179945
2021-03-08,0.0323468874203825
2021-03-09,0.03289893454494791
2021-03-10,0.03351637379239768
2021-03-11,0.037718762710223494
2021-03-12,0.03348575406874256
2021-03-15,0.0325928064553993
2021-03-16,0.03386964544170243
2021-03-17,0.03547722363920406
2021-03-18,0.03519329388182645
2021-03-19,0.03607311986960482
2021-03-22,0.03800071366439621
2021-03-23,0.03598308544682092
2021-03-24,0.04098432000053131
2021-03-25,0.03900247489793157
2021-03-26,0.04212963278462351
2021-03-29,0.038918824130740264
2021-03-30,0.041949212585575234
2021-03-31,0.04705919142699067
2021-04-01,0.04637268727248042
2021-04-02,0.03962447133766518
2021-04-06,0.03898316797484486
2021-04-07,0.04283886466229132
2021-04-08,0.03714204022565261
2021-04-09,0.0387703961046681
2021-04-12,0.041230090067435395
2021-04-13,0.04991081076136875
2021-04-14,0.045409719979555285
2021-04-15,0.041449467569059956
2021-04-16,0.04027164187297238
2021-04-19,0.04102086418529594
2021-04-20,0.039831739312277056
2021-04-21,0.037654728649016735
2021-04-22,0.038339696839315845
2021-04-23,0.03541609703131692
2021-04-26,0.03184050891517538
2021-04-27,0.023395023244098062
2021-04-28,0.026697184305595128
2021-04-29,0.023069321778435674
2021-04-30,0.02947607511335638
2021-05-06,0.030541592117012493
2021-05-07,0.02887837454895588
2021-05-10,0.028919327040779815
2021-05-11,0.0320669718519716
2021-05-12,0.033597726397687586
2021-05-13,0.030309043877651574
2021-05-14,0.029979901075950856
2021-05-17,0.029148590767595475
2021-05-18,0.02882248843778662
2021-05-19,0.028112245027328158
2021-05-20,0.030286942639424403
2021-05-21,0.03310855779004573
2021-05-24,0.033452627529924915
2021-05-25,0.02887532034320491
2021-05-26,0.027447040145505495
2021-05-27,0.03157678755375742
2021-05-28,0.03374738141840664
2021-05-31,0.03405090692405564
2021-06-01,0.034617965727094725
2021-06-02,0.03133942694884054
2021-06-03,0.02999912192234313
2021-06-04,0.03357217648895091
2021-06-07,0.034590160456450914
2021-06-08,0.034736661939942244
2021-06-09,0.034383009716842626
2021-06-10,0.032667968176594876
2021-06-11,0.0348791802935915
2021-06-15,0.03372897592412603
2021-06-16,0.03302649419425458
2021-06-17,0.03220729025594017
2021-06-18,0.034229048096732224
2021-06-21,0.036116926023860844
2021-06-22,0.03138584276762723
2021-06-23,0.032968519189832464
2021-06-24,0.03336668379379267
2021-06-25,0.030221823898634984
2021-06-28,0.029205703641840667
2021-06-29,0.032696821880292444
2021-06-30,0.03679099378531351
2021-07-01,0.03842764235569202
2021-07-02,0.03545514243148423
2021-07-05,0.02738076674850397
2021-07-06,0.029939192973742368
2021-07-07,0.034330748289290634
2021-07-08,0.041499656584005055
2021-07-09,0.04362884022989072
2021-07-12,0.04881761374243577
2021-07-13,0.04619049218795324
2021-07-14,0.044835994708158904
2021-07-15,0.04692397144814736
2021-07-16,0.05079159396360229
2021-07-19,0.05078115282445372
2021-07-20,0.052375266061800825
2021-07-21,0.05062973131358708
2021-07-22,0.04623284418578324
2021-07-23,0.05055556206324457
2021-07-26,0.0465246994582352
2021-07-27,0.052907881071559464
2021-07-28,0.05100513854491441
2021-07-29,0.050362836092666674
2021-07-30,0.056307200164344956
2021-08-02,0.05936928667659111
2021-08-03,0.06042599297892413
2021-08-04,0.057316033023723345
2021-08-05,0.06178667337135669
2021-08-06,0.057582545711637984
2021-08-09,0.06301342919114702
2021-08-10,0.05478999196149764
2021-08-11,0.05500529983778434
2021-08-12,0.055468768784672794
2021-08-13,0.04448494103671041
2021-08-16,0.04323288573235487
2021-08-17,0.041443838334229426
2021-08-18,0.0487373629323164
2021-08-19,0.04223383403288071
2021-08-20,0.043057392609062405
2021-08-23,0.036497691579706386
2021-08-24,0.03982257080193585
2021-08-25,0.04208302124823381
2021-08-26,0.04288056415005752
2021-08-27,0.048296993974886175
2021-08-30,0.04958770991014519
2021-08-31,0.04642008406136824
2021-09-01,0.04572685282133117
2021-09-02,0.047632808560646146
2021-09-03,0.04643679462536596
2021-09-06,0.04382864233056392
2021-09-07,0.045325656419265746
2021-09-08,0.04162016753169326
2021-09-09,0.035436522633234
2021-09-10,0.029232174943513954
2021-09-13,0.03460117118394711
2021-09-14,0.03547868664120223
2021-09-15,0.028374590380000474
2021-09-16,0.02716902032197814
2021-09-17,0.03111731397073958
2021-09-22,0.036838741947800076
2021-09-23,0.03411076012540397
2021-09-24,0.03781114064220431
2021-09-27,0.03844190607483605
2021-09-28,0.04093800122495725
2021-09-29,0.0386146047197465
2021-09-30,0.03877741239425917
2021-10-08,0.04470823061066535
2021-10-11,0.0496830683161326
2021-10-12,0.04607598539559634
2021-10-13,0.04075605628303643
2021-10-14,0.03827463406224062
2021-10-15,0.03519122172013694
2021-10-18,0.04436686971126029
2021-10-19,0.04518067239752455
2021-10-20,0.03848436163232887
2021-10-21,0.04654865695844501
2021-10-22,0.0417847954990261
2021-10-25,0.035966558026773426
2021-10-26,0.0350584141509428
2021-10-27,0.03390708642024089
2021-10-28,0.03475251836654983
2021-10-29,0.036160739594321825
2021-11-01,0.03079176706595486
2021-11-02,0.030617714512097025
2021-11-03,0.03116284974955492
2021-11-04,0.02463598562478249
2021-11-05,0.02922035598838986
2021-11-08,0.02883781269955046
2021-11-09,0.027002044408370306
2021-11-10,0.02712667188273007
2021-11-11,0.029089524405282004
2021-11-12,0.02710710790081323
2021-11-15,0.026289463390215925
2021-11-16,0.022792736780172077
2021-11-17,0.025049469192367564
2021-11-18,0.024477665778641203
2021-11-19,0.0219567165760901
2021-11-22,0.028175925145481555
2021-11-23,0.029608302650006475
2021-11-24,0.03531993031748891
2021-11-25,0.03257153608365339
2021-11-26,0.04026500709502619
2021-11-29,0.036766577912817296
2021-11-30,0.03868942264411249
2021-12-01,0.04056222083238687
2021-12-02,0.042987628175508566
2021-12-03,0.041052096367685385
2021-12-06,0.044274079915383895
2021-12-07,0.047569523318884616
2021-12-08,0.04367384178579438
2021-12-09,0.04601512388721822
2021-12-10,0.04265295327926441
2021-12-13,0.041568655535823264
2021-12-14,0.04254035271465599
2021-12-15,0.04067563989912081
2021-12-16,0.03897872854336696
2021-12-17,0.0358096463929135
2021-12-20,0.02749910538569866
2021-12-21,0.023775783219900478
2021-12-22,0.025565337450761245
2021-12-23,0.027279728709362065
2021-12-24,0.026738858006659833
2021-12-27,0.0286505945005877
2021-12-28,0.02596669390329059
2021-12-29,0.02863725451941495
2021-12-30,0.03270324101782026
2021-12-31,0.03500854364161324
2022-01-04,0.03280232916442395
2022-01-05,0.03534622593629498
2022-01-06,0.03520877402565109
2022-01-07,0.03056544590531121
2022-01-10,0.0319450799692357
2022-01-11,0.03237878191850203
2022-01-12,0.032300168685710104
2022-01-13,0.026822632900595073
2022-01-14,0.020246780764987017
2022-01-17,0.02115189016461091
2022-01-18,0.030086265359314055
2022-01-19,0.029131452792738037
2022-01-20,0.025823590129858933
2022-01-21,0.03235268044802139
2022-01-24,0.030184859146045427
2022-01-25,0.03018236631338597
2022-01-26,0.03388874072938435
2022-01-27,0.03560134480479391
2022-01-28,0.043760243886269326
2022-02-07,0.04536624344397383
2022-02-08,0.03638292057212137
2022-02-09,0.037222174862220174
2022-02-10,0.036249147131590956
2022-02-11,0.03669987394498967
2022-02-14,0.03571669775824968
2022-02-15,0.034503554867950335
2022-02-16,0.031091335462974524
2022-02-17,0.030233328797539108
2022-02-18,0.02591700850305734
2022-02-21,0.02741278338570015
2022-02-22,0.028727391473789533
2022-02-23,0.03031545508539732
2022-02-24,0.031152209820881238
2022-02-25,0.02656858010311842
2022-02-28,0.025304791446654703
2022-03-01,0.027339532696656024
2022-03-02,0.028889230935476733
2022-03-03,0.03171392044829935
2022-03-04,0.030257068846878052
2022-03-07,0.02661040273136977
2022-03-08,0.027713813677380798
2022-03-09,0.024813372187168715
2022-03-10,0.025360218487583422
2022-03-11,0.028277832945047977
2022-03-14,0.030841472521367357
2022-03-15,0.032434068806951856
2022-03-16,0.030722901423264642
2022-03-17,0.029218987519908746
2022-03-18,0.030537913270302308
2022-03-21,0.035544353342592046
2022-03-22,0.03875416949605227
2022-03-23,0.03881989347023112
2022-03-24,0.04079135853548534
2022-03-25,0.03750148625838819
2022-03-28,0.035371714801982375
2022-03-29,0.03111347980661019
2022-03-30,0.03507952212276106
2022-03-31,0.036609649586384026
2022-04-01,0.03631425762617367
2022-04-06,0.03145890041899904
2022-04-07,0.029786136471483683
2022-04-08,0.02957921499154143
2022-04-11,0.03103164999226151
2022-04-12,0.030197202842048066
2022-04-13,0.032966765705397236
2022-04-14,0.03338932184728909
2022-04-15,0.029386891286403184
2022-04-18,0.031213036564062328
2022-04-19,0.02865329738459301
2022-04-20,0.02733962143588942
2022-04-21,0.02526197152973193
2022-04-22,0.02682336994262205
2022-04-25,0.025351984001744928
2022-04-26,0.025886618792746712
2022-04-27,0.024109545346635758
2022-04-28,0.024400575496109016
2022-04-29,0.02874710336291499
2022-05-05,0.025652461929885916
2022-05-06,0.024487544712005684
2022-05-09,0.02571829042361699
2022-05-10,0.027233823981881504
2022-05-11,0.026652290497360606
2022-05-12,0.027072837541762224
2022-05-13,0.02775558178445565
2022-05-16,0.028008299938404774
2022-05-17,0.028855983478053866
2022-05-18,0.028750071843128354
2022-05-19,0.026918076146350667
2022-05-20,0.027699669019587952
2022-05-23,0.02866708787986416
2022-05-24,0.025568546772093817
2022-05-25,0.023419415708705146
2022-05-26,0.026590883477213778
2022-05-27,0.02449731803779476
2022-05-30,0.02725928036951129
2022-05-31,0.029805698380844486
2022-06-01,0.026824421297004263
2022-06-02,0.027178734195168044
2022-06-06,0.02974219093896724
2022-06-07,0.02856641164628028
2022-06-08,0.02873849066700097
2022-06-09,0.030248852360956043
2022-06-10,0.02487146747135988
2022-06-13,0.02651158776093429
2022-06-14,0.0212375179730626
2022-06-15,0.018500698670556107
2022-06-16,0.019174568017073058
2022-06-17,0.02007364396930584
2022-06-20,0.020424485628268523
2022-06-21,0.01855015928441405
2022-06-22,0.021208446517779322
2022-06-23,0.020851183413875693
2022-06-24,0.020897246684268962
2022-06-27,0.02421111630752928
2022-06-28,0.026075717616264756
2022-06-29,0.025600628916991237
2022-06-30,0.027470724164906823
2022-07-01,0.025684183156637817
2022-07-04,0.027879314598131175
2022-07-05,0.029321234947575502
2022-07-06,0.027184829920101287
2022-07-07,0.025593791389157176
2022-07-08,0.02398448068680431
2022-07-11,0.024684714264583015
2022-07-12,0.0249178525061897
2022-07-13,0.025247079515290254
2022-07-14,0.02298515827730481
2022-07-15,0.024920141502020293
2022-07-18,0.01918607096361485
2022-07-19,0.01775307533731212
2022-07-20,0.018735338842070515
2022-07-21,0.020393505474417067
2022-07-22,0.022443836682876687
2022-07-25,0.01694676407370093
2022-07-26,0.01936166514844173
2022-07-27,0.01828090691449627
2022-07-28,0.019531898561429614
2022-07-29,0.022570063010115275
2022-08-01,0.024380866642425322
2022-08-02,0.0263973094645459
2022-08-03,0.02658378035230538
2022-08-04,0.025528413161992048
2022-08-05,0.024924566923184975
2022-08-08,0.025018379962494706
2022-08-09,0.02071138344842645
2022-08-10,0.02116904147792422
2022-08-11,0.019977200105982997
2022-08-12,0.016228275999496517
2022-08-15,0.02713633713828025
2022-08-16,0.024954556442914836
2022-08-17,0.023903796704087203
2022-08-18,0.02393402820127501
2022-08-19,0.02326749136290688
2022-08-22,0.023753197130917517
2022-08-23,0.026437172096290127
2022-08-24,0.0260180537128669
2022-08-25,0.027203445571443545
2022-08-26,0.025944377781480867
2022-08-29,0.01535739734394581
2022-08-30,0.015198207153505216
2022-08-31,0.014060966143662179
2022-09-01,0.016186377071092026
2022-09-02,0.016137366818335726
2022-09-05,0.016579356582927748
2022-09-06,0.014232851256581865
2022-09-07,0.014397716672165977
2022-09-08,0.012269314030400921
2022-09-09,0.015143555164124892
2022-09-13,0.014188580127194648
2022-09-14,0.015612861351627254
2022-09-15,0.016412360094748522
2022-09-16,0.013091038631265215
2022-09-19,0.013272473098511251
2022-09-20,0.013637220362890036
2022-09-21,0.013730150279234597
2022-09-22,0.012806933339250223
2022-09-23,0.01377476560716711
2022-09-26,0.014738202494392566
2022-09-27,0.014555587653075006
2022-09-28,0.01443488723975149
2022-09-29,0.015431050404554222
2022-09-30,0.01570411305331756
2022-10-10,0.018900001780713768
2022-10-11,0.018254417958861145
2022-10-12,0.0193080126804154
2022-10-13,0.01909552342098644
2022-10-14,0.01986484798446345
2022-10-17,0.01734761223687891
2022-10-18,0.016907265613314015
2022-10-19,0.01574783056608673
2022-10-20,0.014759170259008367
2022-10-21,0.016402491272843593
2022-10-24,0.014452774899440314
2022-10-25,0.014411929925394577
2022-10-26,0.0158799454341227
2022-10-27,0.01753310404300921
2022-10-28,0.01688481213734031
2022-10-31,0.01616198439172391
2022-11-01,0.016865626652716733
2022-11-02,0.017574677155558802
2022-11-03,0.016768249523957432
2022-11-04,0.0164869000836238
2022-11-07,0.014454211863247454
2022-11-08,0.013723838599645087
2022-11-09,0.010986590039815726
2022-11-10,0.009232308638437672
2022-11-11,0.009566176569277737
2022-11-14,0.014645326507940008
2022-11-15,0.013140222367837979
2022-11-16,0.01577098905310654
2022-11-17,0.02099375218107639
2022-11-18,0.020778285542526607
2022-11-21,0.022024378683756136
2022-11-22,0.02267039434642114
2022-11-23,0.02506776703272033
2022-11-24,0.027026152686218094
2022-11-25,0.028133863679681948
2022-11-28,0.024271766491755185
2022-11-29,0.026559938471902276
2022-11-30,0.023871880342653858
2022-12-01,0.020921378630999757
2022-12-02,0.02015857223159357
2022-12-05,0.01965574744842109
2022-12-06,0.021511136734581146
2022-12-07,0.019893080649344988
2022-12-08,0.019462965709002484
2022-12-09,0.017681271646162063
2022-12-12,0.01603133636413122
2022-12-13,0.015097805273685264
2022-12-14,0.018746934574232064
2022-12-15,0.01738826250519398
2022-12-16,0.017130855490106855
2022-12-19,0.01827649305118599
2022-12-20,0.017615399771804287
2022-12-21,0.019574270267157863
2022-12-22,0.018364956069640267
2022-12-23,0.019340305884293345
2022-12-26,0.02172120656942616
2022-12-27,0.02435041880969481
2022-12-28,0.022016412662355433
2022-12-29,0.02323408751938563
2022-12-30,0.022834733350163793
2023-01-03,0.023028076815389355
2023-01-04,0.023117536549072077
2023-01-05,0.0204341722599241
2023-01-06,0.021773097080843466
2023-01-09,0.019544930700281855
2023-01-10,0.020545160267785408
2023-01-11,0.01807779871602771
2023-01-12,0.016834056040126492
2023-01-13,0.015948533755782198
2023-01-16,0.018823537907909353
2023-01-17,0.017285463317898025
2023-01-18,0.01555004367329495
2023-01-19,0.015339026347193465
2023-01-20,0.016845833184142397
2023-01-30,0.01977869344079663
2023-01-31,0.01771303975732002
2023-02-01,0.01690987260127635
2023-02-02,0.018199300602968035
2023-02-03,0.01746100690627604
2023-02-06,0.016495678930521816
2023-02-07,0.01789964508399131
2023-02-08,0.01801283285443886
2023-02-09,0.01929904274092405
2023-02-10,0.017429875002112412
2023-02-13,0.013982138538970392
2023-02-14,0.012826328591047438
2023-02-15,0.012335457402934619
2023-02-16,0.011151049158576573
2023-02-17,0.011454115081004116
2023-02-20,0.014584184883092235
2023-02-21,0.012331682643718209
2023-02-22,0.01270837115130781
2023-02-23,0.011431281573217406
2023-02-24,0.010863703486612461
2023-02-27,0.010679584679360025
2023-02-28,0.011359951666869676
2023-03-01,0.01166190121167213
2023-03-02,0.01201956619785003
2023-03-03,0.011975923709752997
2023-03-06,0.009598511928222517
2023-03-07,0.011228553591442043
2023-03-08,0.01153718935412846
2023-03-09,0.012549030589960054
2023-03-10,0.012387127077896071
2023-03-13,0.012882138641911045
2023-03-14,0.013135492463796595
2023-03-15,0.01411112958071515
2023-03-16,0.015341368797514398
2023-03-17,0.014443463704394739
2023-03-20,0.013161690995375274
2023-03-21,0.012333338282321839
2023-03-22,0.010900573786618637
2023-03-23,0.009862516929697229
2023-03-24,0.01078888315460632
2023-03-27,0.01306633306289885
2023-03-28,0.012254933554072502
2023-03-29,0.010683697160599663
2023-03-30,0.008600693528705974
2023-03-31,0.00997621360926896
2023-04-03,0.010616265441788711
2023-04-04,0.011191640706021787
2023-04-06,0.012018544857834317
2023-04-07,0.013954920707143414
2023-04-10,0.012966917330931046
2023-04-11,0.011344298294668388
2023-04-12,0.01190393628440159
2023-04-13,0.013349819135778117
2023-04-14,0.012922027611476043
2023-04-17,0.013133869931505735
2023-04-18,0.013057691048241624
2023-04-19,0.012760889593472902
2023-04-20,0.012577151378114748
2023-04-21,0.0117529277567425
2023-04-24,0.011897279312266732
2023-04-25,0.010717991565244353
2023-04-26,0.011349419109481592
2023-04-27,0.011996956781809549
2023-04-28,0.012409824044588045
2023-05-04,0.01229268162878534
2023-05-05,0.014747311765639695
2023-05-08,0.01569078024212607
2023-05-09,0.015495145248897347
2023-05-10,0.0165252239474481
2023-05-11,0.018439271728353215
2023-05-12,0.01916662330294076
2023-05-15,0.01822609899431563
2023-05-16,0.0164659976945346
2023-05-17,0.0180404332371987
2023-05-18,0.017128791902636466
2023-05-19,0.014214137872239586
2023-05-22,0.013914560025056606
2023-05-23,0.016612826312402587
2023-05-24,0.014741639840388766
2023-05-25,0.013407316486452084
2023-05-26,0.013724315534854368
2023-05-29,0.015146519373049032
2023-05-30,0.015749142073909695
2023-05-31,0.015397862646116523
2023-06-01,0.0162579384622486
2023-06-02,0.01949378272545757
2023-06-05,0.020343391913458294
2023-06-06,0.019361642540276055
2023-06-07,0.019490671896709652
2023-06-08,0.01953168977122817
2023-06-09,0.02162992288247666
2023-06-12,0.01978572518613386
2023-06-13,0.022314912070210528
2023-06-14,0.02061459813314053
2023-06-15,0.022244524894102554
2023-06-16,0.02004128259088308
2023-06-19,0.019140241038581765
2023-06-20,0.01928193075334514
2023-06-21,0.020228039873352758
2023-06-26,0.019720449697476126
2023-06-27,0.017924328503668836
2023-06-28,0.02005317511480573
2023-06-29,0.01796146609791017
2023-06-30,0.020589238394182502
2023-07-03,0.01963366671218973
2023-07-04,0.018302539675662647
2023-07-05,0.019838633827631912
2023-07-06,0.017889285057548963
2023-07-07,0.016926161388742846
2023-07-10,0.016298400798300382
2023-07-11,0.015091920446908266
2023-07-12,0.012861389064190784
2023-07-13,0.012752250934032665
2023-07-14,0.010070597531694087
2023-07-17,0.010648601941873581
2023-07-18,0.010480668304106534
2023-07-19,0.007783688669240118
2023-07-20,0.008443777684087777
2023-07-21,0.009382866264801846
2023-07-24,0.010457991443760013
2023-07-25,0.015606241370703525
2023-07-26,0.01780735267656985
2023-07-27,0.01821859148430139
2023-07-28,0.019540402496857175
2023-07-31,0.017917962448304427
2023-08-01,0.017429650243868083
2023-08-02,0.017790919949128584
2023-08-03,0.01962430578611994
2023-08-04,0.017891251118117842
2023-08-07,0.01699030260572099
2023-08-08,0.011599105256594572
2023-08-09,0.009123984144155432
2023-08-10,0.007734742135010557
2023-08-11,0.0070237940166401665
2023-08-14,0.0069248012131229945
2023-08-15,0.008955575249282205
2023-08-16,0.009101514052181165
2023-08-17,0.007947864323955644
2023-08-18,0.009196141375649988
2023-08-21,0.010212387282741328
2023-08-22,0.011240600803679928
2023-08-23,0.011212220917157806
2023-08-24,0.01152756403385959
2023-08-25,0.01337674984621518
2023-08-28,0.012703832470008603
2023-08-29,0.012673448736772617
2023-08-30,0.014176670500021565
2023-08-31,0.012727126467563929
2023-09-01,0.015479436154657062
2023-09-04,0.0152890448541251
2023-09-05,0.014361354352443375
2023-09-06,0.016810339498103198
2023-09-07,0.017259080372713634
2023-09-08,0.01569983064633082
2023-09-11,0.015941451776494343
2023-09-12,0.014540782932959326
2023-09-13,0.014161885691425373
2023-09-14,0.016115243859512976
2023-09-15,0.014564190556125007
2023-09-18,0.015059033774400864
2023-09-19,0.015293020120539002
2023-09-20,0.012922900636802067
2023-09-21,0.013735138556704643
2023-09-22,0.01507716660003676
2023-09-25,0.015460389390659197
2023-09-26,0.014761974813821742
2023-09-27,0.013530720732505728
2023-09-28,0.013234510875489729
2023-10-09,0.011194594426878847
2023-10-10,0.011005358871131523
2023-10-11,0.013192706923093486
2023-10-12,0.014374340578919844
2023-10-13,0.013821007005664802
2023-10-16,0.01210538877773316
2023-10-17,0.013617932480262628
2023-10-18,0.01414865294264542
2023-10-19,0.015714753278086697
2023-10-20,0.01548551155952684
2023-10-23,0.01720720677532889
2023-10-24,0.017079489660183547
2023-10-25,0.01672986039908815
2023-10-26,0.016086547085374197
2023-10-27,0.015257889775201898
2023-10-30,0.015354157054588445
2023-10-31,0.01453417263789439
2023-11-01,0.013751927335879563
2023-11-02,0.014193578785861468
2023-11-03,0.013255777265005528
2023-11-06,0.011709303677489315
2023-11-07,0.012496253416684217
2023-11-08,0.01200361918988319
2023-11-09,0.01187124003764899
2023-11-10,0.01200553210725421
2023-11-13,0.012224147590237003
2023-11-14,0.011802216222361456
2023-11-15,0.011971638693685067
2023-11-16,0.011040264306744084
2023-11-17,0.010403520422317406
2023-11-20,0.01151233305351577
2023-11-21,0.011585678103421523
2023-11-22,0.011860660217584845
2023-11-23,0.013565310091673206
2023-11-24,0.013283390056696546
2023-11-27,0.013338598590189847
2023-11-28,0.014987564917683398
2023-11-29,0.01576374274296914
2023-11-30,0.013963443437711633
2023-12-01,0.014305638224289296
2023-12-04,0.014947943824430883
2023-12-05,0.014098045352168314
2023-12-06,0.013617305775346505
2023-12-07,0.01308241437674338
2023-12-08,0.012847870838612916
2023-12-11,0.01403186049180065
2023-12-12,0.011594321196052547
2023-12-13,0.014025383270143204
2023-12-14,0.013896106619645836
2023-12-15,0.015541892351547704
2023-12-18,0.013775888468328659
2023-12-19,0.012443746696232843
2023-12-20,0.012098078526487279
2023-12-21,0.012177956573226746
2023-12-22,0.012957160904257704
2023-12-25,0.013280952688921065
2023-12-26,0.012987219977609725
2023-12-27,0.010052957245575696
2023-12-28,0.011004401367729141
2023-12-29,0.009392657134370586
2024-01-02,0.01119770045477211
2024-01-03,0.012184832387228416
2024-01-04,0.011661885554825432
2024-01-05,0.01126386846651382
2024-01-08,0.01171732012112399
2024-01-09,0.010758782317399814
2024-01-10,0.012689852555786323
2024-01-11,0.01363623908048218
2024-01-12,0.014810826832435793
2024-01-15,0.014591394201935004
2024-01-16,0.01340080653961096
2024-01-17,0.014238954631180942
2024-01-18,0.013981308635644474
2024-01-19,0.015176878128381375
2024-01-22,0.014685014680332797
2024-01-23,0.014492659021658496
2024-01-24,0.01324334408620762
2024-01-25,0.013674681803153885
2024-01-26,0.012072233316525186
2024-01-29,0.013198794967439404
2024-01-30,0.01574602464596465
2024-01-31,0.013909840703126782
2024-02-01,0.0152779673787213
2024-02-02,0.01277370505495092
2024-02-05,0.012065599245061872
2024-02-06,0.01432173157961042
2024-02-07,0.014349667624133904
2024-02-08,0.015446740450289119
2024-02-19,0.01669544276077997
2024-02-20,0.016806930089246035
2024-02-21,0.013206703840050899
2024-02-22,0.015376231778732647
2024-02-23,0.014742125211227827
2024-02-26,0.01605393773564354
2024-02-27,0.017144496569473214
2024-02-28,0.01562758381548378
2024-02-29,0.015454866491910241
2024-03-01,0.01759255426978261
2024-03-04,0.018620654586543574
2024-03-05,0.01733812138630656
2024-03-06,0.020763784649180488
2024-03-07,0.020203622721916503
2024-03-08,0.020112843231737107
2024-03-11,0.019432568345216738
2024-03-12,0.019883881840148256
2024-03-13,0.01837676711930176
2024-03-14,0.019021578284970798
2024-03-15,0.014943191851370486
2024-03-18,0.013402120234362684
2024-03-19,0.014747968695305248
2024-03-20,0.013224840707720096
2024-03-21,0.013531713438863604
2024-03-22,0.015342512463576133
2024-03-25,0.014948091517541487
2024-03-26,0.013817696586509711
2024-03-27,0.014953816113377627
2024-03-28,0.014118991673301811
2024-03-29,0.015658216069465002
2024-04-01,0.01815940923521035
2024-04-02,0.01805863658836646
2024-04-03,0.017285982158302512
2024-04-08,0.016738906727558806
2024-04-09,0.015542394640426746
2024-04-10,0.015169012321012317
2024-04-11,0.014939023576225131
2024-04-12,0.014318302859217901
2024-04-15,0.014795423227819564
2024-04-16,0.012440906400744937
2024-04-17,0.008727401692983711
2024-04-18,0.009725647337788908
2024-04-19,0.009139905989591275
2024-04-22,0.007677714026127192
2024-04-23,0.0081904465754007
2024-04-24,0.010829292243988722
2024-04-25,0.010814094122482408
2024-04-26,0.012296925989129173
2024-04-29,0.014344344168414529
2024-04-30,0.01850942201049616
2024-05-06,0.019281774789255964
2024-05-07,0.019109206294708726
2024-05-08,0.018982494127681104
2024-05-09,0.021384243321985092
2024-05-10,0.0200586052017203
2024-05-13,0.019421550798584916
2024-05-14,0.01954370535071338
2024-05-15,0.017734365352471023
2024-05-16,0.016093891461971897
2024-05-17,0.011588186332264357
2024-05-20,0.01265628137836909
2024-05-21,0.011812786809848909
2024-05-22,0.012318602799988443
2024-05-23,0.011112591398296009
2024-05-24,0.011158702024487346
2024-05-27,0.009532031495856958
2024-05-28,0.010393630852392073
2024-05-29,0.01007370995339663
2024-05-30,0.009112725886956193
2024-05-31,0.00965733519310074
2024-06-03,0.009850049741190603
2024-06-04,0.008657428705329831
2024-06-05,0.00982259765319776
2024-06-06,0.008916112732039197
2024-06-07,0.0089060251103309
2024-06-11,0.009124418011319425
2024-06-12,0.008962415131871036
2024-06-13,0.008921179825830154
2024-06-14,0.008877379260441642
2024-06-17,0.009218292412655236
2024-06-18,0.008750300386192735
2024-06-19,0.010994752586573885
2024-06-20,0.009378520410776102
2024-06-21,0.009660590602061935
2024-06-24,0.011203050662490142
2024-06-25,0.013142871799397904
2024-06-26,0.012216560875935027
2024-06-27,0.01401558733052222
2024-06-28,0.014504117606355369
2024-07-01,0.017615445180457004
2024-07-02,0.019430695927419715
2024-07-03,0.01901273198140728
2024-07-04,0.019763180374300023
2024-07-05,0.020634794299183776
2024-07-08,0.02082076887399268
2024-07-09,0.020772380179717873
2024-07-10,0.021879272172211018
2024-07-11,0.020475358941110938
2024-07-12,0.022137197066116988
2024-07-15,0.01950527134914555
2024-07-16,0.017123335856242972
2024-07-17,0.015969902237295327
2024-07-18,0.016410345747299937
2024-07-19,0.01768199769346639
2024-07-22,0.01837125148896724
2024-07-23,0.018407696330736828
2024-07-24,0.017572739723972688
2024-07-25,0.017508538931390174
2024-07-26,0.016834233085247948
2024-07-29,0.015600933847384297
2024-07-30,0.015242598207349897
2024-07-31,0.01596442130825869
2024-08-01,0.016246099948695036
2024-08-02,0.013738270983699527
2024-08-05,0.012058553931203014
2024-08-06,0.011733516345665261
2024-08-07,0.01331561661803148
2024-08-08,0.014540679451884322
2024-08-09,0.014901575930877785
2024-08-12,0.01962539912670836
2024-08-13,0.022365787183649687
2024-08-14,0.02184174020876365
2024-08-15,0.0226103303779597
2024-08-16,0.024796511551809768
2024-08-19,0.02406357653993347
2024-08-20,0.02194455429896855
2024-08-21,0.023704522623217494
2024-08-22,0.025530698337576412
2024-08-23,0.025070910804064074
2024-08-26,0.0208614200990643
2024-08-27,0.019863819362004043
2024-08-28,0.021304266193524875
2024-08-29,0.019870143846658042
2024-08-30,0.01772599398484582
2024-09-02,0.02027452707161224
2024-09-03,0.022204371801482076
2024-09-04,0.018839135451896086
2024-09-05,0.015366723421426717
2024-09-06,0.016050214966650017
2024-09-09,0.016475931272393617
2024-09-10,0.016814043125902553
2024-09-11,0.015772498057187327
2024-09-12,0.015104875982001015
2024-09-13,0.016979261310622735
2024-09-18,0.0139207352972051
2024-09-19,0.013179316124164116
2024-09-20,0.01555225591613191
2024-09-23,0.016678573817046266
2024-09-24,0.015146572640006553
2024-09-25,0.017738770442131357
2024-09-26,0.017397597640290332
2024-09-27,0.019647449754478144
2024-09-30,0.021241860156496706
2024-10-08,0.021453671012350076
2024-10-09,0.023018252598391558
2024-10-10,0.025076382266605825
2024-10-11,0.023511965792888233
2024-10-14,0.021966957801002263
2024-10-15,0.02266146931630717
2024-10-16,0.020965082881614854
2024-10-17,0.023088556599058133
2024-10-18,0.021813345019584852
2024-10-21,0.019475926184277476
2024-10-22,0.020920157403567532
2024-10-23,0.021161217150766416
2024-10-24,0.01803990392398161
2024-10-25,0.017269248807292623
2024-10-28,0.01894259990953743
2024-10-29,0.017862401234724927
2024-10-30,0.01624046931355305
2024-10-31,0.011829877090772043
2024-11-01,0.013120130929740195
2024-11-04,0.014420123627651625
2024-11-05,0.012271570110255325
2024-11-06,0.010790345280644625
2024-11-07,0.013304062399801605
2024-11-08,0.013349598372274524
2024-11-11,0.012357889648820824
2024-11-12,0.015099222383917895
2024-11-13,0.016392245921073818
2024-11-14,0.017664858765362883
2024-11-15,0.014784243544099315
2024-11-18,0.013993224349332582
2024-11-19,0.015926769281283518
2024-11-20,0.017251211698956406
2024-11-21,0.017745934644389828
2024-11-22,0.019161429839056592
2024-11-25,0.02026632304042644
2024-11-26,0.01797856275907136
2024-11-27,0.016692762620675733
2024-11-28,0.017230929617749257
2024-11-29,0.016998713899333422
2024-12-02,0.021662315449550495
2024-12-03,0.020457114842849643
2024-12-04,0.02181945505006289
2024-12-05,0.018980177288929288
2024-12-06,0.01715876456839509
2024-12-09,0.016527555323158027
2024-12-10,0.02096350516955533
2024-12-11,0.02172312143366206
2024-12-12,0.02220581620777193
2024-12-13,0.02315783959824373
2024-12-16,0.019658845155556146
2024-12-17,0.018201428792576965
2024-12-18,0.015182956096687232
2024-12-19,0.01546884779095341
2024-12-20,0.01930187067318356
2024-12-23,0.0194812785810841
2024-12-24,0.015007651982254242
2024-12-25,0.01560562871111013
2024-12-26,0.014042434298417394
2024-12-27,0.015772896376689934
2024-12-30,0.017161356433477055
2024-12-31,0.018905686545162705
