date,FCT_Br_1@40
2013-09-06,
2013-09-09,
2013-09-10,
2013-09-11,
2013-09-12,
2013-09-13,
2013-09-16,
2013-09-17,
2013-09-18,
2013-09-23,
2013-09-24,
2013-09-25,
2013-09-26,
2013-09-27,
2013-09-30,
2013-10-08,
2013-10-09,
2013-10-10,
2013-10-11,
2013-10-14,
2013-10-15,
2013-10-16,
2013-10-17,
2013-10-18,
2013-10-21,
2013-10-22,
2013-10-23,
2013-10-24,
2013-10-25,
2013-10-28,
2013-10-29,
2013-10-30,
2013-10-31,
2013-11-01,
2013-11-04,
2013-11-05,
2013-11-06,
2013-11-07,
2013-11-08,
2013-11-11,-0.27176979499718185
2013-11-12,-0.19914878524561494
2013-11-13,-0.21363952679193338
2013-11-14,-0.2266532054517939
2013-11-15,-0.2279522929615336
2013-11-18,-0.256401838476693
2013-11-19,-0.25958516656191377
2013-11-20,-0.2584339213865708
2013-11-21,-0.29795396419437714
2013-11-22,-0.27055494419116977
2013-11-25,-0.3046561825470284
2013-11-26,-0.30525030525031144
2013-11-27,-0.2766084490222471
2013-11-28,-0.28245532785647826
2013-11-29,-0.24806291822836302
2013-12-02,-0.279528814409855
2013-12-03,-0.2722202832642605
2013-12-04,-0.24804960012424274
2013-12-05,-0.253272920499901
2013-12-06,-0.2385363803586479
2013-12-09,-0.22161405657956762
2013-12-10,-0.22757285194338048
2013-12-11,-0.22524448097978078
2013-12-12,-0.18866982864904028
2013-12-13,-0.1646665142118221
2013-12-16,-0.18921759389959586
2013-12-17,-0.17755805423425647
2013-12-18,-0.19545458654124834
2013-12-19,-0.19567599343482944
2013-12-20,-0.1936234884069314
2013-12-23,-0.17171377906045268
2013-12-24,-0.15572593482586272
2013-12-25,-0.14829359904497394
2013-12-26,-0.16732443131819363
2013-12-27,-0.19135276722308744
2013-12-30,-0.15621790454512358
2013-12-31,-0.1555587709739852
2014-01-02,-0.1738571796917372
2014-01-03,-0.16110023931506195
2014-01-06,-0.10524721986862784
2014-01-07,-0.055458572472331685
2014-01-08,-0.08110338751862864
2014-01-09,-0.05699801430581601
2014-01-10,-0.023019945170056063
2014-01-13,-0.002133542985986804
2014-01-14,0.013542740250706883
2014-01-15,0.04806921277790439
2014-01-16,0.028837072100027616
2014-01-17,0.002796132473055171
2014-01-20,-0.012711027544629742
2014-01-21,0.032987929086820744
2014-01-22,0.06190872849290382
2014-01-23,0.02040204020402375
2014-01-24,0.02246153846154191
2014-01-27,0.03288260602335598
2014-01-28,0.05354058721934553
2014-01-29,0.06422310756972407
2014-01-30,0.04111842105263511
2014-02-07,0.07743547044130532
2014-02-10,0.06931668856768217
2014-02-11,0.09048646853728004
2014-02-12,0.12362961713610952
2014-02-13,0.1289496157130684
2014-02-14,0.09135116359847371
2014-02-17,0.041162227602908816
2014-02-18,0.05134474327628678
2014-02-19,0.048034934497822826
2014-02-20,0.08057375597662801
2014-02-21,0.10984430448491342
2014-02-24,0.13032091476004168
2014-02-25,0.13834614916718202
2014-02-26,0.10670957678259742
2014-02-27,0.15351879800085735
2014-02-28,0.15398338945475853
2014-03-03,0.1551771182905869
2014-03-04,0.10241813935038903
2014-03-05,0.14759276521140097
2014-03-06,0.19467117540025994
2014-03-07,0.20453528889861955
2014-03-10,0.2310617779676165
2014-03-11,0.21051113120385997
2014-03-12,0.1821427063069462
2014-03-13,0.2117664088819023
2014-03-14,0.20601336220300456
2014-03-17,0.18682243256365816
2014-03-18,0.15976976093192316
2014-03-19,0.12318687757379522
2014-03-20,0.13825697480873209
2014-03-21,0.15228930188136902
2014-03-24,0.14725690858713092
2014-03-25,0.10019605098972861
2014-03-26,0.06389806091721949
2014-03-27,0.06026188745216293
2014-03-28,0.05802637594902993
2014-03-31,0.02864017798131134
2014-04-01,0.03504932860271597
2014-04-02,-0.0015139170684677417
2014-04-03,-0.0026955957333787525
2014-04-04,-0.012929801240533582
2014-04-08,-0.014331554675154703
2014-04-09,-0.027431224059955395
2014-04-10,-0.012720608944086739
2014-04-11,-0.011978293222880137
2014-04-14,0.007574050151171202
2014-04-15,0.028785694528209425
2014-04-16,0.06360874311781063
2014-04-17,0.11418242649878751
2014-04-18,0.13224602082924217
2014-04-21,0.12561238487165285
2014-04-22,0.05126243305280273
2014-04-23,0.024447949526815088
2014-04-24,0.03600885133776158
2014-04-25,-0.038759689922473584
2014-04-28,-0.026920551542993675
2014-04-29,0.011515014676006576
2014-04-30,0.05790593240369584
2014-05-05,0.009562154001015632
2014-05-06,0.018116866547592606
2014-05-07,0.03626402295851741
2014-05-08,0.0063829787234021915
2014-05-09,0.05617395806368624
2014-05-12,0.038920601971986254
2014-05-13,0.005714285714296432
2014-05-14,-0.028541774779439987
2014-05-15,-0.004893123873286444
2014-05-16,0.04167395239455967
2014-05-19,0.06344013247534651
2014-05-20,0.07458718118148791
2014-05-21,0.0718314866158518
2014-05-22,0.08018783439230014
2014-05-23,0.08084810638038521
2014-05-26,0.10548681664704283
2014-05-27,0.14905877156051833
2014-05-28,0.1933299175778717
2014-05-29,0.18314621201562245
2014-05-30,0.24932370058100786
2014-06-03,0.2824845637188552
2014-06-04,0.34238758791625096
2014-06-05,0.23855624196764427
2014-06-06,0.24430752977729092
2014-06-09,0.24457955477123894
2014-06-10,0.23978852045441248
2014-06-11,0.23459799234840492
2014-06-12,0.21069480350689992
2014-06-13,0.2094205159555672
2014-06-16,0.2351937431060819
2014-06-17,0.16516249402165295
2014-06-18,0.13134946007395204
2014-06-19,0.12640100624364864
2014-06-20,0.2850146191923502
2014-06-23,0.2659847942712646
2014-06-24,0.27560797712386326
2014-06-25,0.2688742306059502
2014-06-26,0.27641009412970946
2014-06-27,0.2679266874024388
2014-06-30,0.24204143364278222
2014-07-01,0.19786629211036028
2014-07-02,0.17659667965548068
2014-07-03,0.14412362923757685
2014-07-04,0.13412610995850244
2014-07-07,0.1019095630925835
2014-07-08,0.12492923368809886
2014-07-09,0.13253760815075605
2014-07-10,0.1312635134982259
2014-07-11,0.14927827516898687
2014-07-14,0.11766835626355214
2014-07-15,0.09362621534027239
2014-07-16,0.06258890469414338
2014-07-17,0.02815177478577829
2014-07-18,0.012785072563903887
2014-07-21,0.016534619359263848
2014-07-22,0.023008241758232982
2014-07-23,-0.00796674748875196
2014-07-24,-0.042940448842560666
2014-07-25,-0.013281388347806419
2014-07-28,-0.0716477170186014
2014-07-29,-0.0933382137628258
2014-07-30,-0.1306457633445476
2014-07-31,-0.06927653041644571
2014-08-01,-0.06131893559584986
2014-08-04,-0.07436096049575205
2014-08-05,-0.10041428289604079
2014-08-06,-0.11248311788539914
2014-08-07,-0.10239567233385113
2014-08-08,-0.09897879025923038
2014-08-11,-0.12703190848886226
2014-08-12,-0.14424438600041467
2014-08-13,-0.1046673286991171
2014-08-14,-0.07711711545980059
2014-08-15,-0.2131710276658831
2014-08-18,-0.2217192817618161
2014-08-19,-0.253962087624186
2014-08-20,-0.25429050477416554
2014-08-21,-0.24566631315208226
2014-08-22,-0.23728321078080192
2014-08-25,-0.2346122755833949
2014-08-26,-0.18310120449394737
2014-08-27,-0.16138572093751635
2014-08-28,-0.1393080576318351
2014-08-29,-0.1474150132136658
2014-09-01,-0.14796060199895059
2014-09-02,-0.16722031342785576
2014-09-03,-0.17656715110062177
2014-09-04,-0.17559044000403173
2014-09-05,-0.17444561716611123
2014-09-09,-0.13596668554647565
2014-09-10,-0.13042562686576653
2014-09-11,-0.09898303458210242
2014-09-12,-0.06281207900382185
2014-09-15,-0.018894882549788647
2014-09-16,-0.018821582997425215
2014-09-17,0.005271619447606447
2014-09-18,0.08945412073907445
2014-09-19,0.13513972796036477
2014-09-22,0.09078519385082051
2014-09-23,0.097653373665122
2014-09-24,0.1073512402930767
2014-09-25,0.1246023232275014
2014-09-26,0.10173380852278276
2014-09-29,0.12121981413315643
2014-09-30,0.13677995544119106
2014-10-08,0.12474419617389598
2014-10-09,0.1106311400023231
2014-10-10,0.10682347305089542
2014-10-13,0.12548996602651197
2014-10-14,0.17500927619378315
2014-10-15,0.24057899499892305
2014-10-16,0.24427480916031794
2014-10-17,0.23140807852020612
2014-10-20,0.24953925543679167
2014-10-21,0.2382316090925388
2014-10-22,0.24092526690391805
2014-10-23,0.24991087344028873
2014-10-24,0.2394415357766169
2014-10-27,0.2243970639636501
2014-10-28,0.25605358062854083
2014-10-29,0.24337349397590077
2014-10-30,0.20182864883168908
2014-10-31,0.21804001356391922
2014-11-03,0.2588448247490541
2014-11-04,0.2875660105616944
2014-11-05,0.3014744256928769
2014-11-06,0.2969688441348937
2014-11-07,0.3347898462705963
2014-11-10,0.31748553263592344
2014-11-11,0.2953280363249609
2014-11-12,0.2953209929950047
2014-11-13,0.27335151918538425
2014-11-14,0.24535237702526927
2014-11-17,0.22075181666354327
2014-11-18,0.2545115298573068
2014-11-19,0.22022930914505837
2014-11-20,0.17635010369068843
2014-11-21,0.15018200503887644
2014-11-24,0.21217004433184233
2014-11-25,0.20514333162084913
2014-11-26,0.22233452270784326
2014-11-27,0.19966802202935083
2014-11-28,0.19847216619995064
2014-12-01,0.17744924338058873
2014-12-02,0.16186026078002017
2014-12-03,0.12132900853467674
2014-12-04,0.10554388648449056
2014-12-05,0.06333564849386898
2014-12-08,0.06336435930731976
2014-12-09,-0.006652696745000286
2014-12-10,-0.030956270624014397
2014-12-11,-0.05238716629488894
2014-12-12,-0.04142777705985286
2014-12-15,-0.054958304495809226
2014-12-16,-0.03251504259586672
2014-12-17,-0.008717365873261693
2014-12-18,-0.017167768480997558
2014-12-19,-0.02488878390489934
2014-12-22,-0.039462442846798916
2014-12-23,-0.03599224463869227
2014-12-24,-0.014703760060679165
2014-12-25,-0.0050772261993913955
2014-12-26,-0.0005462440684532706
2014-12-29,-0.024609357513973477
2014-12-30,-0.061556539817415566
2014-12-31,-0.061029478049229514
2015-01-05,-0.06808888888889852
2015-01-06,-0.10378883102891792
2015-01-07,-0.09178393100318372
2015-01-08,-0.08622620380739503
2015-01-09,-0.09831860929040294
2015-01-12,-0.09766904257369007
2015-01-13,-0.06015542550130222
2015-01-14,-0.051134703418728375
2015-01-15,-0.08228097868982605
2015-01-16,-0.05279810164129649
2015-01-19,-0.04116079360379711
2015-01-20,-0.04730669846949778
2015-01-21,-0.10885341074021197
2015-01-22,-0.0824839760428774
2015-01-23,-0.09731113956466367
2015-01-26,-0.07775768535262353
2015-01-27,-0.07535338505685642
2015-01-28,-0.08978663489655872
2015-01-29,-0.10059685295712484
2015-01-30,-0.04900304156809217
2015-02-02,-0.002413515687848584
2015-02-03,0.042747187685027804
2015-02-04,0.02569750367107624
2015-02-05,0.09606363600965928
2015-02-06,0.12236630012515588
2015-02-09,0.14584755727475565
2015-02-10,0.13643669514589238
2015-02-11,0.15718275935536777
2015-02-12,0.13768773918062702
2015-02-13,0.12529842796990834
2015-02-16,0.13399080276017433
2015-02-17,0.16146745701149565
2015-02-25,0.191949988339647
2015-02-26,0.13159115091607623
2015-02-27,0.09340353175460471
2015-03-02,0.07637452873156227
2015-03-03,0.03589300366231882
2015-03-04,0.04832944773881299
2015-03-05,0.04472084325577336
2015-03-06,0.05202668739393631
2015-03-09,0.04765233885655416
2015-03-10,0.029104173535903187
2015-03-11,0.05336174605739653
2015-03-12,0.06357007151000739
2015-03-13,0.032572652783544535
2015-03-16,0.0312700183625367
2015-03-17,0.013305915122384456
2015-03-18,-0.02283322678762111
2015-03-19,-0.007775630313743878
2015-03-20,-0.01669860408814443
2015-03-23,-0.039021934647168
2015-03-24,-0.02744104382604078
2015-03-25,-0.022037507487185366
2015-03-26,-0.07225187947556969
2015-03-27,-0.07825568920214207
2015-03-30,-0.13402039352147505
2015-03-31,-0.15645438744225693
2015-04-01,-0.11593771356382353
2015-04-02,-0.0795452274455823
2015-04-03,-0.10473464160654142
2015-04-07,-0.12438242742066224
2015-04-08,-0.1416225167054384
2015-04-09,-0.11835863377609226
2015-04-10,-0.1333731343283567
2015-04-13,-0.11699082997488709
2015-04-14,-0.10823448905109531
2015-04-15,-0.08237259816207315
2015-04-16,-0.10786250493875675
2015-04-17,-0.10993933208595312
2015-04-20,-0.06428927404618047
2015-04-21,-0.0427200438716745
2015-04-22,-0.05732484076433113
2015-04-23,-0.06777996070727078
2015-04-24,-0.06589380434188478
2015-04-27,-0.022628791526242493
2015-04-28,-0.009663154446690967
2015-04-29,-0.000768639508073938
2015-04-30,0.0027536072254605646
2015-05-04,0.0073089700996634595
2015-05-05,-0.00995362515552952
2015-05-06,-0.026866341353980028
2015-05-07,0.005583441430254679
2015-05-08,-0.009619789280814497
2015-05-11,-0.020269174639218786
2015-05-12,-0.0009696186166881957
2015-05-13,0.009032258064506487
2015-05-14,0.015633423180585155
2015-05-15,0.056026236676677936
2015-05-18,0.03190619034632058
2015-05-19,-0.02130931780686513
2015-05-20,0.006162921445073648
2015-05-21,-0.022459657244512737
2015-05-22,-0.019190818211274635
2015-05-25,-0.00951193929211171
2015-05-26,-0.06726545528151652
2015-05-27,-0.021942525335849013
2015-05-28,-0.0428513601763148
2015-05-29,-0.07223731159680284
2015-06-01,-0.12407313914469596
2015-06-02,-0.06811182341611101
2015-06-03,-0.06098537129753666
2015-06-04,-0.05831954466838413
2015-06-05,-0.05059411266984905
2015-06-08,-0.049498730421949744
2015-06-09,-0.07970443927245681
2015-06-10,-0.12783508062753196
2015-06-11,-0.16639975205540558
2015-06-12,-0.16180531670324722
2015-06-15,-0.17843358561382258
2015-06-16,-0.1820375272765386
2015-06-17,-0.20532690712356524
2015-06-18,-0.18716874316030116
2015-06-19,-0.18869988717491848
2015-06-23,-0.18972984319057082
2015-06-24,-0.22827013809356891
2015-06-25,-0.20768808528740798
2015-06-26,-0.20146506880738715
2015-06-29,-0.209412416031263
2015-06-30,-0.17523252810057094
2015-07-01,-0.1758395058144593
2015-07-02,-0.16013286767653115
2015-07-03,-0.1285477698056551
2015-07-06,-0.11092763240950707
2015-07-07,-0.11149912469990485
2015-07-08,-0.11133946384750382
2015-07-09,-0.06949914946772008
2015-07-10,-0.10474032164805766
2015-07-13,-0.10919030523681567
2015-07-14,-0.10819009100099783
2015-07-15,-0.08182003672718693
2015-07-16,-0.07967145790553219
2015-07-17,-0.06287363430219237
2015-07-20,-0.06543589743588644
2015-07-21,-0.06702302631577743
2015-07-22,-0.013424248881300404
2015-07-23,0.0021394950791724663
2015-07-24,0.04302019315189574
2015-07-27,0.04728392346602708
2015-07-28,0.08895985401460238
2015-07-29,0.05334581188582356
2015-07-30,0.035075161059414155
2015-07-31,0.021915197713199122
2015-08-03,0.01030433740714293
2015-08-04,0.02287503009872567
2015-08-05,0.030464216634428255
2015-08-06,0.0884454299088424
2015-08-07,0.09647174932148818
2015-08-10,0.08542963885429221
2015-08-11,0.0817485798962651
2015-08-12,0.03946053946053516
2015-08-13,0.04850934815562982
2015-08-14,0.03072196620583568
2015-08-17,0.02579979360164804
2015-08-18,0.049978747896547035
2015-08-19,0.04159942108299639
2015-08-20,0.029454205381302882
2015-08-21,0.0409377590416331
2015-08-24,0.05883009412955551
2015-08-25,0.042076191396473867
2015-08-26,0.06060509756833447
2015-08-27,0.1020131047979752
2015-08-28,0.05207765422176807
2015-08-31,0.028476466871790625
2015-09-01,0.023672512210510976
2015-09-02,0.037820460711241066
2015-09-07,-0.04261184047334574
2015-09-08,-0.024489849106973306
2015-09-09,-0.042830533544546044
2015-09-10,-0.020551192414710446
2015-09-11,-0.02316042236558233
2015-09-14,-0.03541158489592933
2015-09-15,-0.021511408392029193
2015-09-16,-0.031785619502781345
2015-09-17,-0.029891552749891737
2015-09-18,-0.02675465762363561
2015-09-21,-0.05963626672114176
2015-09-22,-0.07831808444938894
2015-09-23,-0.06422965875662082
2015-09-24,-0.06070827668936748
2015-09-25,-0.05487757870006121
2015-09-28,-0.02672560711052202
2015-09-29,0.040068046474690255
2015-09-30,0.01638064015328555
2015-10-08,-0.029324513642823388
2015-10-09,0.032726205103768446
2015-10-12,0.006419057753229932
2015-10-13,0.032579865122779626
2015-10-14,0.045039308332242345
2015-10-15,0.058687532487170714
2015-10-16,0.036071902015465944
2015-10-19,0.05864734230209375
2015-10-20,0.09947485380492234
2015-10-21,0.11478050745066706
2015-10-22,0.12444623439387972
2015-10-23,0.1453604141776141
2015-10-26,0.14947038054137834
2015-10-27,0.15263360246058394
2015-10-28,0.09886792452829207
2015-10-29,0.06333830104321202
2015-10-30,0.05856189770199724
2015-11-02,0.03994027622246659
2015-11-03,0.0422429906541946
2015-11-04,0.004078605858353432
2015-11-05,0.006211180124208555
2015-11-06,0.006598240469196862
2015-11-09,-0.01788268955652191
2015-11-10,0.020684736091285988
2015-11-11,0.04785537043600751
2015-11-12,0.020611229566446676
2015-11-13,0.03160112359549463
2015-11-16,0.030935001737910212
2015-11-17,0.019895287958107084
2015-11-18,0.012106537530257032
2015-11-19,0.04476441607274484
2015-11-20,0.05603647346257944
2015-11-23,0.016013647660830084
2015-11-24,0.038783799379422536
2015-11-25,0.029384916139774397
2015-11-26,0.03574194978033854
2015-11-27,0.026999281515648343
2015-11-30,0.034757037387076896
2015-12-01,0.012810644183630041
2015-12-02,0.028751024459382622
2015-12-03,0.04439284125279784
2015-12-04,-0.0032585196457183513
2015-12-07,-0.0006190216515244554
2015-12-08,-0.017041685702773732
2015-12-09,-0.017870409688878378
2015-12-10,0.0032515634166285145
2015-12-11,0.04408796471296036
2015-12-14,0.007581670645144795
2015-12-15,-0.026237781434465885
2015-12-16,-0.012726759827640096
2015-12-17,-0.025362650123163338
2015-12-18,0.0038929828961611302
2015-12-21,0.008192715682970168
2015-12-22,-0.006508350819078052
2015-12-23,0.029154072927905405
2015-12-24,0.07068253064323601
2015-12-25,0.04732376137526959
2015-12-28,0.03662443453548089
2015-12-29,0.04691851203691678
2015-12-30,0.05265514483045333
2015-12-31,0.0352280163176285
2016-01-04,0.03692748055373603
2016-01-05,0.06801833857064685
2016-01-06,0.06912216388789577
2016-01-07,0.04621598179197064
2016-01-08,0.09042779716952228
2016-01-11,0.08829911028428304
2016-01-12,0.08924084775456391
2016-01-13,0.11478698631399989
2016-01-14,0.12172284644192927
2016-01-15,0.11059044048732605
2016-01-18,0.0478873239436389
2016-01-19,0.09715407262019181
2016-01-20,0.08089330024811309
2016-01-21,0.07906514172051515
2016-01-22,0.06836734693875424
2016-01-25,0.036437246963536146
2016-01-26,0.027806385169894966
2016-01-27,0.024870466321204668
2016-01-28,0.016718913270598747
2016-01-29,0.12874109263654437
2016-02-01,0.13490158425344623
2016-02-02,0.11322549952422825
2016-02-03,0.09099437148215006
2016-02-04,0.10328638497649364
2016-02-05,0.11268939393936227
2016-02-15,0.1284388783924324
2016-02-16,0.13367398571872782
2016-02-17,0.12362423179814529
2016-02-18,0.12508942114365487
2016-02-19,0.12085850947989514
2016-02-22,0.06831735253541134
2016-02-23,0.05358386504352495
2016-02-24,0.05414345349175393
2016-02-25,0.041158700644007805
2016-02-26,0.03550030445674792
2016-02-29,0.05343651231631153
2016-03-01,0.05620541951007955
2016-03-02,0.04030223350945125
2016-03-03,0.027113419779450306
2016-03-04,0.04491559493040715
2016-03-07,0.035280558484809516
2016-03-08,0.06350022298635509
2016-03-09,0.0659371655169094
2016-03-10,0.06839488994033363
2016-03-11,0.06090843976663757
2016-03-14,0.04363381588635316
2016-03-15,0.011223915914731559
2016-03-16,-0.009093525262989082
2016-03-17,-0.0067476390767784306
2016-03-18,-0.009914909172418952
2016-03-21,0.0002859194488331986
2016-03-22,0.015462407580232684
2016-03-23,0.021020776581257408
2016-03-24,0.039750906904346205
2016-03-25,0.0370665837921457
2016-03-28,0.07179512371741445
2016-03-29,0.09041160284201699
2016-03-30,0.11509809373199961
2016-03-31,0.09505074305571815
2016-04-01,-0.031757882640681405
2016-04-05,-0.048312015149061444
2016-04-06,-0.03135145516635929
2016-04-07,-0.01681629279849674
2016-04-08,-3.1730700210753626e-05
2016-04-11,-0.003054367745891721
2016-04-12,-0.049221183800639105
2016-04-13,-0.07905853952929102
2016-04-14,-0.10904872389793883
2016-04-15,-0.07155123068120088
2016-04-18,-0.04994324631104403
2016-04-19,-0.0346787947697891
2016-04-20,-0.07162687395894114
2016-04-21,-0.0759978130126052
2016-04-22,-0.050923335198692986
2016-04-25,-0.08412256267412921
2016-04-26,-0.05668684645021885
2016-04-27,-0.06688778330572191
2016-04-28,-0.023955431754907167
2016-04-29,-0.005668934240396029
2016-05-03,0.005984004149492527
2016-05-04,0.0541938442575094
2016-05-05,0.05255975580164583
2016-05-06,0.024209031953997484
2016-05-09,0.05059366699416542
2016-05-10,0.048226840037457475
2016-05-11,0.05926370418127056
2016-05-12,0.09686802541512457
2016-05-13,0.07178455312502384
2016-05-16,0.07979306949943463
2016-05-17,0.08536009584446408
2016-05-18,0.08762455042002562
2016-05-19,0.07181051849523588
2016-05-20,0.08498938101781554
2016-05-23,0.06153244467524395
2016-05-24,0.07834904841279786
2016-05-25,0.083935522034565
2016-05-26,0.028186474502792713
2016-05-27,0.01242801053356301
2016-05-30,0.02519081873177163
2016-05-31,0.035570134657512104
2016-06-01,0.045025489037857774
2016-06-02,0.03257558479199714
2016-06-03,0.032371103996723084
2016-06-06,0.02420710715383095
2016-06-07,0.013221870418134316
2016-06-08,0.014425166420545506
2016-06-13,0.10087484391839664
2016-06-14,0.16911465747582424
2016-06-15,0.1304683370127306
2016-06-16,0.14149930121374035
2016-06-17,0.13777219901780985
2016-06-20,0.17822744040448335
2016-06-21,0.18056353957539759
2016-06-22,0.16048848230865928
2016-06-23,0.2006664799592573
2016-06-24,0.19729890180386525
2016-06-27,0.23243457704399464
2016-06-28,0.1866148708611448
2016-06-29,0.2008765522278733
2016-06-30,0.18639053254434806
2016-07-01,0.19528371407512843
2016-07-04,0.1740072202165731
2016-07-05,0.16557257476290688
2016-07-06,0.14563106796112546
2016-07-07,0.15477996965094537
2016-07-08,0.15142428785602147
2016-07-11,0.09715994020921216
2016-07-12,0.09672505712104182
2016-07-13,0.1059907834100743
2016-07-14,0.11007751937977779
2016-07-15,0.1524904214558818
2016-07-18,0.16770186335397932
2016-07-19,0.1575663026520487
2016-07-20,0.20277563608321988
2016-07-21,0.2098009188360947
2016-07-22,0.19728915662646185
2016-07-25,0.20485584218508537
2016-07-26,0.2293853073462893
2016-07-27,0.22305389221553237
2016-07-28,0.22846441947561683
2016-07-29,0.23122676579920964
2016-08-01,0.24441132637849403
2016-08-02,0.25964391691390415
2016-08-03,0.24497393894262415
2016-08-04,0.246656760772624
2016-08-05,0.2776957163958264
2016-08-08,0.24312267657988335
2016-08-09,0.23538230884554315
2016-08-10,0.2534900808228843
2016-08-11,0.23361488127963592
2016-08-12,0.2505652802339094
2016-08-15,0.29119664558000097
2016-08-16,0.2774314550741741
2016-08-17,0.2714529085275032
2016-08-18,0.2713381433075431
2016-08-19,0.212826955619097
2016-08-22,0.1840794996482978
2016-08-23,0.15741134384531913
2016-08-24,0.14304963804814103
2016-08-25,0.131604306801305
2016-08-26,0.13411608501867514
2016-08-29,0.12945316692446943
2016-08-30,0.10818733782229642
2016-08-31,0.08400019819569662
2016-09-01,0.053107319425598466
2016-09-02,0.06828343695020342
2016-09-05,0.08970884222571694
2016-09-06,0.10982915519320331
2016-09-07,0.11586152079549866
2016-09-08,0.12036899393258453
2016-09-09,0.11938982256730067
2016-09-12,0.09277093779838234
2016-09-13,0.10400845488183146
2016-09-14,0.0728724825172047
2016-09-19,0.03794313649588684
2016-09-20,0.07034005550595793
2016-09-21,0.08127448296951696
2016-09-22,0.07423653463619098
2016-09-23,0.09723898992543038
2016-09-26,0.07958139362228467
2016-09-27,0.08687532495090823
2016-09-28,0.08654196336242595
2016-09-29,0.0671780073811973
2016-09-30,0.06140732830884471
2016-10-10,0.09737930455654109
2016-10-11,0.060294540397417926
2016-10-12,0.05909403410938126
2016-10-13,0.04701508896437669
2016-10-14,0.020644095788600488
2016-10-17,0.012531328320786274
2016-10-18,-0.015437392795899105
2016-10-19,-0.0400000000000134
2016-10-20,-0.0017452006980915407
2016-10-21,-1.037722323884592e-14
2016-10-24,-0.03889369057909677
2016-10-25,-0.02105263157895853
2016-10-26,-0.09288702928872246
2016-10-27,-0.010989010989026842
2016-10-28,-0.012027491408938561
2016-10-31,-0.05882352941176589
2016-11-01,-0.09450171821305524
2016-11-02,-0.06115417743324394
2016-11-03,-0.008710801393727737
2016-11-04,-0.015057573073521784
2016-11-07,-0.03460514640638889
2016-11-08,-0.08841201716737833
2016-11-09,-0.04660670482420108
2016-11-10,-0.0871765233678943
2016-11-11,-0.11650765941386543
2016-11-14,-0.14137553236120878
2016-11-15,-0.17377324166964847
2016-11-16,-0.17228800257661386
2016-11-17,-0.20732770243887527
2016-11-18,-0.21699182744482773
2016-11-21,-0.18392341877423993
2016-11-22,-0.18586750777688973
2016-11-23,-0.14134965269880786
2016-11-24,-0.1694054077092072
2016-11-25,-0.19566001997645002
2016-11-28,-0.18551664018114417
2016-11-29,-0.2500610969702826
2016-11-30,-0.2636889513037094
2016-12-01,-0.3011340291464375
2016-12-02,-0.29638983912421724
2016-12-05,-0.3367155982802455
2016-12-06,-0.3683441868747302
2016-12-07,-0.34462055720852114
2016-12-08,-0.31353339623053794
2016-12-09,-0.30766478283179605
2016-12-12,-0.34718840200934836
2016-12-13,-0.34460161997389893
2016-12-14,-0.3578521807368472
2016-12-15,-0.4436646890582657
2016-12-16,-0.34009663157658704
2016-12-19,-0.3840058534698168
2016-12-20,-0.41508666959741036
2016-12-21,-0.28403358220133357
2016-12-22,-0.28074626836349753
2016-12-23,-0.29788917625454203
2016-12-26,-0.28511131899029235
2016-12-27,-0.29979097180664305
2016-12-28,-0.2829212472592136
2016-12-29,-0.21637888538407984
2016-12-30,-0.21729731469309918
2017-01-03,-0.2112714021005912
2017-01-04,-0.19462622270731114
2017-01-05,-0.20101925254812472
2017-01-06,-0.1890980612531565
2017-01-09,-0.1726256983240195
2017-01-10,-0.1636771300448378
2017-01-11,-0.16573033707864632
2017-01-12,-0.1408569028283357
2017-01-13,-0.12275784753362577
2017-01-16,-0.1350314982196597
2017-01-17,-0.1506699480448385
2017-01-18,-0.14316939890709746
2017-01-19,-0.14401952807159635
2017-01-20,-0.12510045539779766
2017-01-23,-0.1206850414771152
2017-01-24,-0.12418978480683852
2017-01-25,-0.11236178019419611
2017-01-26,-0.11169843876878018
2017-02-03,-0.11804507410796969
2017-02-06,-0.1200923907677056
2017-02-07,-0.10667180318083919
2017-02-08,-0.06428913814289854
2017-02-09,-0.05566365404101373
2017-02-10,-0.07739185300440855
2017-02-13,-0.06268876393456009
2017-02-14,-0.04574938196915814
2017-02-15,-0.04991147533568515
2017-02-16,-0.0188663733590929
2017-02-17,0.03739729062660565
2017-02-20,0.00935259692432922
2017-02-21,0.05204888348951617
2017-02-22,0.11673956128960916
2017-02-23,0.049663075599577625
2017-02-24,0.03785491319867298
2017-02-27,0.07683329477770463
2017-02-28,0.09563158450472867
2017-03-01,0.08687828006798676
2017-03-02,0.07271166191504498
2017-03-03,0.013429901048876678
2017-03-06,0.018836300173355507
2017-03-07,0.0326219771876947
2017-03-08,0.010655287403916745
2017-03-09,0.021047369998496653
2017-03-10,0.032565293750255075
2017-03-13,0.056965139151204124
2017-03-14,0.052048719840748464
2017-03-15,0.060977496564767246
2017-03-16,0.08065758591303179
2017-03-17,0.06223750419600514
2017-03-20,0.08928724077066041
2017-03-21,0.09209235774391555
2017-03-22,0.07300711674254569
2017-03-23,0.06404942573539066
2017-03-24,0.0739472918707613
2017-03-27,0.07991940477964349
2017-03-28,0.07538061641292075
2017-03-29,0.09610389610389605
2017-03-30,0.10044642857142976
2017-03-31,0.15048355899420177
2017-04-05,0.14417177914110713
2017-04-06,0.1463223787167462
2017-04-07,0.13494261970716673
2017-04-10,0.09940594059406194
2017-04-11,0.11128650355169474
2017-04-12,0.08587257617728289
2017-04-13,0.09841269841269662
2017-04-14,0.09641873278236823
2017-04-17,0.041052212036667646
2017-04-18,0.04609218436873342
2017-04-19,0.0417172944511898
2017-04-20,0.05978705978705187
2017-04-21,0.0229837024655225
2017-04-24,-0.012038190120385936
2017-04-25,0.016216216216214604
2017-04-26,0.00211237853822872
2017-04-27,-0.011054421768716294
2017-04-28,0.010407632263650705
2017-05-02,0.011206896551716727
2017-05-03,-0.017664799655329976
2017-05-04,-0.0371607515657759
2017-05-05,-0.05188284518829551
2017-05-08,-0.04829903401933356
2017-05-09,-0.06843455945253762
2017-05-10,-0.1048720066061265
2017-05-11,-0.12240576027108611
2017-05-12,-0.14235703868396887
2017-05-15,-0.03547343623809894
2017-05-16,-0.09229587494436164
2017-05-17,-0.1015972155346888
2017-05-18,-0.09130378187912525
2017-05-19,-0.10455816936879908
2017-05-22,-0.12937750775483509
2017-05-23,-0.11605451833685412
2017-05-24,-0.1250948481314528
2017-05-25,-0.1294961445367801
2017-05-26,-0.13418981383586817
2017-05-31,-0.10867706346841678
2017-06-01,-0.09041416092453283
2017-06-02,-0.1074850514825109
2017-06-05,-0.08473167876051706
2017-06-06,-0.09703537511236004
2017-06-07,-0.13296015026402547
2017-06-08,-0.12423425219310776
2017-06-09,-0.11747520738603374
2017-06-12,-0.08825939111136591
2017-06-13,-0.07409408453854578
2017-06-14,-0.04728998173467716
2017-06-15,-0.020329222394295306
2017-06-16,-0.024192956451362255
2017-06-19,-0.006770711723916238
2017-06-20,0.0025807981300503984
2017-06-21,0.009520471598736374
2017-06-22,0.02033081004304609
2017-06-23,0.01056981009739727
2017-06-26,0.028633187745157936
2017-06-27,0.02410879066025542
2017-06-28,0.03240722291518187
2017-06-29,0.026879993421334878
2017-06-30,0.034247007008781354
2017-07-03,0.04658090531199045
2017-07-04,0.05458074754849905
2017-07-05,0.08386922405289483
2017-07-06,0.10122918789234982
2017-07-07,0.1400422838082126
2017-07-10,0.12025901942645353
2017-07-11,0.15200764818355567
2017-07-12,0.0531858873091096
2017-07-13,0.08483563096501119
2017-07-14,0.08690987124464127
2017-07-17,0.06752411575563375
2017-07-18,0.06846361185984509
2017-07-19,0.12111111111110948
2017-07-20,0.11837655016910241
2017-07-21,0.08828620888631372
2017-07-24,0.09355026147587947
2017-07-25,0.09523809523809022
2017-07-26,0.04961147638971301
2017-07-27,0.03498190591072709
2017-07-28,0.05057891529554707
2017-07-31,0.011002444987770268
2017-08-01,0.0012224938875270484
2017-08-02,0.052893590541374956
2017-08-03,0.07400379506641154
2017-08-04,0.08084022915339792
2017-08-07,0.014829142488708228
2017-08-08,-0.0039164490861696944
2017-08-09,-0.023809523809528783
2017-08-10,-0.021105505858609853
2017-08-11,0.02348111971163543
2017-08-14,-0.02148282107903595
2017-08-15,-0.020903786598913534
2017-08-16,-0.007964617059152608
2017-08-17,0.022593316170586412
2017-08-18,0.011697452434914895
2017-08-21,-0.03859872487848436
2017-08-22,-0.04297289442036002
2017-08-23,-0.013951011462186873
2017-08-24,-0.007802063878979732
2017-08-25,0.012372961209670016
2017-08-28,0.030236597498697153
2017-08-29,0.04041908521246584
2017-08-30,0.027149698070994613
2017-08-31,-0.0009234357820076034
2017-09-01,-0.010068238383083914
2017-09-04,-0.014452755749964604
2017-09-05,-0.04979324163052177
2017-09-06,-0.04368984730373959
2017-09-07,-0.04263757233465198
2017-09-08,0.019142191904967066
2017-09-11,0.005746351178306378
2017-09-12,0.053017360494894625
2017-09-13,0.01597055190722788
2017-09-14,0.02327971765825705
2017-09-15,0.02436472679098443
2017-09-18,-0.01839204889318954
2017-09-19,0.027410382351692072
2017-09-20,0.028596949913788566
2017-09-21,0.012543733881078238
2017-09-22,0.046976328354798896
2017-09-25,0.09147089784521993
2017-09-26,0.11917255145087481
2017-09-27,0.08091033257321043
2017-09-28,0.09054706189550284
2017-09-29,0.05576625564415065
2017-10-09,0.05125996074997092
2017-10-10,0.04559923214989636
2017-10-11,0.047704770477022145
2017-10-12,0.0017667844522748248
2017-10-13,-0.02522522522524658
2017-10-16,-0.08944543828266699
2017-10-17,-0.14112554112555506
2017-10-18,-0.11739502999144516
2017-10-19,-0.046759639048403585
2017-10-20,-0.05228758169935396
2017-10-23,-0.05076551168413277
2017-10-24,-0.05177993527509824
2017-10-25,-0.12607674236493865
2017-10-26,-0.1351766513057106
2017-10-27,-0.17439293598236733
2017-10-30,-0.24038461538463837
2017-10-31,-0.23119015047882363
2017-11-01,-0.19810682893850617
2017-11-02,-0.19812583668008665
2017-11-03,-0.19107025607357084
2017-11-06,-0.18701298701302066
2017-11-07,-0.20254777070066798
2017-11-08,-0.20174346201746002
2017-11-09,-0.21625000000002764
2017-11-10,-0.2495285983658331
2017-11-13,-0.27297995694910016
2017-11-14,-0.25209197558140123
2017-11-15,-0.215919194895916
2017-11-16,-0.22303565327766556
2017-11-17,-0.229154778946297
2017-11-20,-0.2163096247745705
2017-11-21,-0.2540286782887468
2017-11-22,-0.27561776191819654
2017-11-23,-0.24457885188630787
2017-11-24,-0.2305363521610405
2017-11-27,-0.24433603255381492
2017-11-28,-0.2318804626614174
2017-11-29,-0.1693057707017972
2017-11-30,-0.18359339848754622
2017-12-01,-0.17715009110704652
2017-12-04,-0.16094703096261573
2017-12-05,-0.14905437224563367
2017-12-06,-0.14699353576635513
2017-12-07,-0.13845414406534207
2017-12-08,-0.15706217513256435
2017-12-11,-0.14877669565673132
2017-12-12,-0.13447163508935323
2017-12-13,-0.12994577956622091
2017-12-14,-0.1531162712555095
2017-12-15,-0.13631567240508738
2017-12-18,-0.11783629575036508
2017-12-19,-0.10851989672789512
2017-12-20,-0.07672970102253256
2017-12-21,-0.07100515987759666
2017-12-22,-0.016509621372232733
2017-12-25,0.04490127287272716
2017-12-26,0.015623169238742329
2017-12-27,-0.010077529261467901
2017-12-28,0.007613997360617462
2017-12-29,0.013442818878758579
2018-01-02,-0.02639853230411785
2018-01-03,0.016427859142589554
2018-01-04,-0.019607220572962422
2018-01-05,-0.023411713993240758
2018-01-08,-0.00536033353188341
2018-01-09,0.036307692307674735
2018-01-10,-0.010685103708387354
2018-01-11,-0.051314142678380324
2018-01-12,-0.0579345088161493
2018-01-15,-0.07549504950497588
2018-01-16,-0.06625000000002537
2018-01-17,-0.05653266331660997
2018-01-18,-0.03656189865301357
2018-01-19,-0.05424377791962182
2018-01-22,-0.0676020408163597
2018-01-23,-0.05633802816903995
2018-01-24,0.0732265446224088
2018-01-25,0.022538552787651843
2018-01-26,0.03448275862067433
2018-01-29,0.03536585365851565
2018-01-30,0.038318912237316954
2018-01-31,0.03591682419658141
2018-02-01,0.05229993698800035
2018-02-02,0.04640813731720675
2018-02-05,0.048780487804857525
2018-02-06,0.1010230179027934
2018-02-07,0.10411311053982976
2018-02-08,0.07926442612554169
2018-02-09,0.08077645585471888
2018-02-12,0.043754525863710196
2018-02-13,0.03151196974541998
2018-02-14,0.023887370353356495
2018-02-22,2.3261880659226447e-06
2018-02-23,0.016058455054541267
2018-02-26,0.03792651490201686
2018-02-27,0.06699653121179062
2018-02-28,0.07835743476848805
2018-03-01,0.09146969395900541
2018-03-02,0.07453284446733169
2018-03-05,0.06532570703814666
2018-03-06,0.12491901362411673
2018-03-07,0.11025561279548517
2018-03-08,0.14413773482262543
2018-03-09,0.1404953575674055
2018-03-12,0.14063414477357292
2018-03-13,0.11496458077503041
2018-03-14,0.1529565589710905
2018-03-15,0.18791126124213559
2018-03-16,0.17941968384372467
2018-03-19,0.21698232141472823
2018-03-20,0.23118375766943547
2018-03-21,0.2553063082051016
2018-03-22,0.302804713113535
2018-03-23,0.3517799708005921
2018-03-26,0.3235310968922459
2018-03-27,0.2949851669460961
2018-03-28,0.18797897878935627
2018-03-29,0.18803921839994234
2018-03-30,0.18813249682672645
2018-04-02,0.17080630537829772
2018-04-03,0.17194514621047136
2018-04-04,0.16377261943036453
2018-04-09,0.17505459935866655
2018-04-10,0.15937666718969176
2018-04-11,0.18215105616242883
2018-04-12,0.15062365059189417
2018-04-13,0.15451894778323708
2018-04-16,0.20635018500086402
2018-04-17,0.1921397379913042
2018-04-18,0.29836065573773957
2018-04-19,0.2877419354839045
2018-04-20,0.2902813299233082
2018-04-23,0.2944194996793115
2018-04-24,0.30511686670881033
2018-04-25,0.2588766946417288
2018-04-26,0.24671916010500894
2018-04-27,0.21800643086819124
2018-05-02,0.18963337547411194
2018-05-03,0.2214682294879925
2018-05-04,0.242610837438448
2018-05-07,0.2150803461063317
2018-05-08,0.22035928143715333
2018-05-09,0.18753744757342325
2018-05-10,0.20262216924913226
2018-05-11,0.19505008839130192
2018-05-14,0.2194543297746323
2018-05-15,0.17529411764707842
2018-05-16,0.15697206872236816
2018-05-17,0.1262246312153723
2018-05-18,0.10460651605389108
2018-05-21,0.10254755694283116
2018-05-22,0.12311462907155718
2018-05-23,0.11255009620508058
2018-05-24,0.06054221947381341
2018-05-25,0.09927043043719327
2018-05-28,0.10102516258789854
2018-05-29,0.07681183990717222
2018-05-30,0.10485037326926812
2018-05-31,0.08706999472473866
2018-06-01,0.10976267439998814
2018-06-04,0.09046635950107425
2018-06-05,0.08251627427707538
2018-06-06,0.06539859938988186
2018-06-07,0.07409108125049962
2018-06-08,0.08805505759765016
2018-06-11,0.08994856432942737
2018-06-12,0.07650997187926335
2018-06-13,0.07082305747360584
2018-06-14,0.08987119879970468
2018-06-15,0.009771349670939369
2018-06-19,0.05015139624275995
2018-06-20,0.019023763666764046
2018-06-21,0.07444007404479
2018-06-22,0.06510212777193873
2018-06-25,0.06171972009267688
2018-06-26,0.06132562343940208
2018-06-27,0.09380269512763531
2018-06-28,0.1237018499407177
2018-06-29,0.12218670730300632
2018-07-02,0.11834096038226352
2018-07-03,0.11361160904335725
2018-07-04,0.10035401908275225
2018-07-05,0.14169176457973406
2018-07-06,0.10075208327722072
2018-07-09,0.08878654438009566
2018-07-10,0.08317964281545587
2018-07-11,0.1420011983223485
2018-07-12,0.13329275715156083
2018-07-13,0.1767584097859412
2018-07-16,0.22331288343559094
2018-07-17,0.21437422552664961
2018-07-18,0.1982489055659824
2018-07-19,0.19516616314199411
2018-07-20,0.13749999999999976
2018-07-23,0.12847222222221347
2018-07-24,0.11443358251867894
2018-07-25,0.13399648917493343
2018-07-26,0.12254335260112537
2018-07-27,0.15317414094347426
2018-07-30,0.14735002912053116
2018-07-31,0.1779213153258659
2018-08-01,0.18681318681315462
2018-08-02,0.1778929188255305
2018-08-03,0.2059158134243161
2018-08-06,0.1768050028425005
2018-08-07,0.1752808988763901
2018-08-08,0.15325248070560724
2018-08-09,0.11548987411054785
2018-08-10,0.07053034445050707
2018-08-13,0.015957446808496086
2018-08-14,-0.0021415962191299156
2018-08-15,0.013919514443286247
2018-08-16,-0.03600627896664591
2018-08-17,-0.06935828886269892
2018-08-20,-0.06845287273648895
2018-08-21,-0.08739664573387501
2018-08-22,-0.08494988617377965
2018-08-23,-0.09718900435450403
2018-08-24,-0.11709003519154651
2018-08-27,-0.13955995238264685
2018-08-28,-0.11907623531494663
2018-08-29,-0.11886176153547433
2018-08-30,-0.11584428417256813
2018-08-31,-0.08460469146945818
2018-09-03,-0.09602597353977389
2018-09-04,-0.10579703205132836
2018-09-05,-0.12597575790823048
2018-09-06,-0.10319061620717848
2018-09-07,-0.1318544001037044
2018-09-10,-0.17652883739849545
2018-09-11,-0.1973196109940841
2018-09-12,-0.18935459965871157
2018-09-13,-0.19791866836954755
2018-09-14,-0.15951273749553135
2018-09-17,-0.15790492523636226
2018-09-18,-0.14349345852608053
2018-09-19,-0.16989764989210748
2018-09-20,-0.20404230576312657
2018-09-21,-0.20156920156845257
2018-09-25,-0.20737998853541542
2018-09-26,-0.19758922702415502
2018-09-27,-0.19443750737385926
2018-09-28,-0.18648242366006293
2018-10-08,-0.21596140634317765
2018-10-09,-0.1877996141875452
2018-10-10,-0.19454830364435177
2018-10-11,-0.11498263959820028
2018-10-12,-0.10050114545869177
2018-10-15,-0.08618015977915718
2018-10-16,-0.05179768433879884
2018-10-17,-0.06296296296293749
2018-10-18,-0.027499999999970808
2018-10-19,-0.009609224855839293
2018-10-22,-0.0026490066224934042
2018-10-23,0.016567263088168745
2018-10-24,0.04091213950371807
2018-10-25,0.04183535762486738
2018-10-26,0.03269754768396034
2018-10-29,0.05068493150688267
2018-10-30,0.05631868131871938
2018-10-31,0.04414856341980381
2018-11-01,0.045170257123038966
2018-11-02,-0.01576422206987949
2018-11-05,-0.021305841924363512
2018-11-06,0.022525597269656993
2018-11-07,0.051334702258750815
2018-11-08,0.05906313645622843
2018-11-09,0.040760869565233025
2018-11-12,0.0566552901024116
2018-11-13,0.0994475138121861
2018-11-14,0.17606602475932076
2018-11-15,0.16539792387546673
2018-11-16,0.19093406593409476
2018-11-19,0.18830755469222737
2018-11-20,0.16177536874529574
2018-11-21,0.18428213065285418
2018-11-22,0.19461385281138077
2018-11-23,0.22446366890280775
2018-11-26,0.20375497052350477
2018-11-27,0.20685276161804067
2018-11-28,0.19598814605431744
2018-11-29,0.20615866428931393
2018-11-30,0.19414993214000908
2018-12-03,0.19291533436318348
2018-12-04,0.20000091196176573
2018-12-05,0.2182877739279826
2018-12-06,0.19235800476072532
2018-12-07,0.1775458770627686
2018-12-10,0.19843332076507275
2018-12-11,0.20342362145173654
2018-12-12,0.20549773704605742
2018-12-13,0.1362479282181145
2018-12-14,0.1309387656776365
2018-12-17,0.1122288640307887
2018-12-18,0.12176930536892096
2018-12-19,0.12515898914605297
2018-12-20,0.13383077854381276
2018-12-21,0.13124058066775582
2018-12-24,0.11562241384239183
2018-12-25,0.14601364664770553
2018-12-26,0.16046526369072633
2018-12-27,0.15469156596787556
2018-12-28,0.22168420515285137
2019-01-02,0.23792562921385768
2019-01-03,0.22494148323638846
2019-01-04,0.2050688161317908
2019-01-07,0.197100226645115
2019-01-08,0.23731066379868093
2019-01-09,0.2145823875783542
2019-01-10,0.1902579010825841
2019-01-11,0.1395225211489832
2019-01-14,0.12413904014136304
2019-01-15,0.08900523560211164
2019-01-16,0.12434933487566745
2019-01-17,0.13314121037465776
2019-01-18,0.11136757068668018
2019-01-21,0.10553935860058751
2019-01-22,0.10046728971964121
2019-01-23,-0.024058577405843024
2019-01-24,-0.01896733403582261
2019-01-25,-0.032734952481515554
2019-01-28,-0.048218029350102914
2019-01-29,-0.029473684210522873
2019-01-30,-0.01391862955032077
2019-01-31,-0.025945945945944536
2019-02-01,-0.04423812124521999
2019-02-11,-0.02095647501343218
2019-02-12,-0.001622498647920978
2019-02-13,-0.025000000000003873
2019-02-14,-0.0360408821947276
2019-02-15,-0.030010718113611716
2019-02-18,-0.01146914254506219
2019-02-19,0.010309278350512801
2019-02-20,0.03394114409766146
2019-02-21,0.012240545408602695
2019-02-22,-0.005955992073965175
2019-02-25,-0.06505431017224905
2019-02-26,-0.09536171410260204
2019-02-27,-0.08815347058926645
2019-02-28,-0.10690230277239461
2019-03-01,-0.12648302075313428
2019-03-04,-0.10563618263140138
2019-03-05,-0.12859176060801172
2019-03-06,-0.14444893316235005
2019-03-07,-0.11309445404822058
2019-03-08,-0.08964159936612734
2019-03-11,-0.09338225613797463
2019-03-12,-0.12695405167178261
2019-03-13,-0.10563409779420213
2019-03-14,-0.10595781040728992
2019-03-15,-0.09267997255137272
2019-03-18,-0.10000265914702496
2019-03-19,-0.08718012917069179
2019-03-20,-0.11711980467448278
2019-03-21,-0.10154879967676624
2019-03-22,-0.08256193078500032
2019-03-25,-0.044852523743103986
2019-03-26,-0.04286691550511372
2019-03-27,0.08838106211080309
2019-03-28,0.09008768741633028
2019-03-29,0.0865584172813656
2019-04-01,0.04182788637166606
2019-04-02,-0.004055795903134592
2019-04-03,-0.04573967134345253
2019-04-04,-0.08756455909682172
2019-04-08,-0.08604284931514804
2019-04-09,-0.1411473312254763
2019-04-10,-0.14801647129212675
2019-04-11,-0.12286482601968704
2019-04-12,-0.11864991032611558
2019-04-15,-0.17356846300832734
2019-04-16,-0.16946484223569236
2019-04-17,-0.18350754936120034
2019-04-18,-0.18367346938775583
2019-04-19,-0.17489335770871123
2019-04-22,-0.17914110429446933
2019-04-23,-0.13350125944583335
2019-04-24,-0.11309904153353911
2019-04-25,-0.09766855702583148
2019-04-26,-0.07409753008233401
2019-04-29,-0.0769230769230809
2019-04-30,-0.051039697542536476
2019-05-06,-0.02988792029888135
2019-05-07,-0.04434728294816298
2019-05-08,-0.0629370629370693
2019-05-09,-0.07781350482315989
2019-05-10,-0.08673469387755682
2019-05-13,-0.06598984771573987
2019-05-14,-0.08349026993095358
2019-05-15,-0.07402760351317023
2019-05-16,-0.06598334401023895
2019-05-17,-0.05519897304235909
2019-05-20,-0.06064516129031848
2019-05-21,-0.02501525320316966
2019-05-22,-0.06096486669334169
2019-05-23,-0.048865931215867506
2019-05-24,-0.07017687481099147
2019-05-27,-0.11520501790954503
2019-05-28,-0.09212326603835756
2019-05-29,-0.07298611611903134
2019-05-30,-0.05580555844613081
2019-05-31,-0.015296962409992796
2019-06-03,0.028577257379800686
2019-06-04,0.0789382815645624
2019-06-05,0.10718394685955315
2019-06-06,0.11332836164323415
2019-06-10,0.12075627864234474
2019-06-11,0.0937159283919207
2019-06-12,0.0839753019219042
2019-06-13,0.11401973845390934
2019-06-14,0.18919781885773151
2019-06-17,0.22120425107611957
2019-06-18,0.2193931843934947
2019-06-19,0.21543911638219473
2019-06-20,0.2339355541916609
2019-06-21,0.2558328321194475
2019-06-24,0.23828483338076595
2019-06-25,0.2856294939359755
2019-06-26,0.24728464378302215
2019-06-27,0.2273567938956227
2019-06-28,0.2644712444047221
2019-07-01,0.213865828008466
2019-07-02,0.20880713141989454
2019-07-03,0.23255059777423726
2019-07-04,0.20588838087332173
2019-07-05,0.17201479732765138
2019-07-08,0.18638662207995366
2019-07-09,0.17858336375275002
2019-07-10,0.19935035926963568
2019-07-11,0.22039007372748817
2019-07-12,0.21321195773442256
2019-07-15,0.21467409222809178
2019-07-16,0.23020815290778432
2019-07-17,0.2048000000000041
2019-07-18,0.24181963288108513
2019-07-19,0.21031426269138037
2019-07-22,0.20382165605096111
2019-07-23,0.2895816242822078
2019-07-24,0.25375626043406635
2019-07-25,0.22931034482759563
2019-07-26,0.2331877729257692
2019-07-29,0.20526315789473937
2019-07-30,0.17917034421889252
2019-07-31,0.1834215167548549
2019-08-01,0.18189884649512694
2019-08-02,0.2229965156794432
2019-08-05,0.25636672325976106
2019-08-06,0.3092436974789956
2019-08-07,0.30834752981261476
2019-08-08,0.28422876949740933
2019-08-09,0.27734033245845224
2019-08-12,0.25130890052356886
2019-08-13,0.2893136403127851
2019-08-14,0.28863906356913904
2019-08-15,0.2870380907453077
2019-08-16,0.2724088830595852
2019-08-19,0.2952831617303526
2019-08-20,0.26409733150211606
2019-08-21,0.25013529718518424
2019-08-22,0.2536861259004821
2019-08-23,0.232661525659502
2019-08-26,0.28252492874971236
2019-08-27,0.25302894376676394
2019-08-28,0.23031587523285973
2019-08-29,0.26010317620882817
2019-08-30,0.2442728686971533
2019-09-02,0.24172671507288154
2019-09-03,0.2251034070055361
2019-09-04,0.23879636462252243
2019-09-05,0.25493168090263885
2019-09-06,0.26561895923884005
2019-09-09,0.27067009787651236
2019-09-10,0.23801102879831057
2019-09-11,0.22427419380343824
2019-09-12,0.17570241157258756
2019-09-16,0.17158478178041361
2019-09-17,0.17363865852145022
2019-09-18,0.15898310647512381
2019-09-19,0.20085100371414305
2019-09-20,0.19421685683808207
2019-09-23,0.19454801923723292
2019-09-24,0.21965842505498817
2019-09-25,0.2254281336425304
2019-09-26,0.18135114142710682
2019-09-27,0.17460184594246222
2019-09-30,0.13613945909032438
2019-10-08,0.13243953154051086
2019-10-09,0.11609789612369274
2019-10-10,0.0968439725088045
2019-10-11,0.0674645922105221
2019-10-14,0.03472781176889362
2019-10-15,0.046334933225844005
2019-10-16,0.033463035019465584
2019-10-17,0.05428796223447009
2019-10-18,0.0016207455429545898
2019-10-21,-0.01612903225807043
2019-10-22,-0.03481781376518612
2019-10-23,-0.013742926434930244
2019-10-24,0.0024529844644164307
2019-10-25,-0.011494252873576206
2019-10-28,-0.033634126333064014
2019-10-29,-0.071248952221296
2019-10-30,-0.10389610389611798
2019-10-31,-0.07297514033680906
2019-11-01,-0.09715242881072417
2019-11-04,-0.08255319148936774
2019-11-05,-0.05707196029777312
2019-11-06,-0.05315614617942345
2019-11-07,-0.07460184409053613
2019-11-08,-0.13146734520781236
2019-11-11,-0.1293322062552881
2019-11-12,-0.1316907391673842
2019-11-13,-0.10068259385665387
2019-11-14,-0.10566356720202846
2019-11-15,-0.06972789115646437
2019-11-18,-0.022823330515617017
2019-11-19,-0.010362694300496517
2019-11-20,-0.014982561997533634
2019-11-21,-0.01941097278573195
2019-11-22,-0.03469621135939535
2019-11-25,-0.06623358601531822
2019-11-26,-0.06691664592078443
2019-11-27,-0.07886897139265373
2019-11-28,-0.053029042562089033
2019-11-29,-0.027606219051887045
2019-12-02,-0.06308970398157948
2019-12-03,-0.0738747386590706
2019-12-04,-0.051983851749076715
2019-12-05,-0.03320502027514385
2019-12-06,-0.020994823253081434
2019-12-09,-0.009796207928890965
2019-12-10,0.007718104184229606
2019-12-11,-1.7345853163161667e-05
2019-12-12,-0.015429841667808336
2019-12-13,-0.011684135094329508
2019-12-16,0.026465074451746767
2019-12-17,0.005648853627855319
2019-12-18,-0.00790414836733356
2019-12-19,0.005630803108285218
2019-12-20,0.0461732299552395
2019-12-23,0.08304683028935965
2019-12-24,0.10093454629283515
2019-12-25,0.15945841563398522
2019-12-26,0.14387059291195858
2019-12-27,0.11476374068680721
2019-12-30,0.12517728119376864
2019-12-31,0.10463884503446602
2020-01-02,0.06799024611193967
2020-01-03,0.05316828401635939
2020-01-06,0.12006703661281229
2020-01-07,0.0782908877743619
2020-01-08,0.09426503883187697
2020-01-09,0.09793741971807582
2020-01-10,0.14070156940429634
2020-01-13,0.12210568067284418
2020-01-14,0.052779090867471894
2020-01-15,0.046277665995954106
2020-01-16,0.03621730382292552
2020-01-17,0.03762376237623478
2020-01-20,0.09317963496636988
2020-01-21,0.134615384615381
2020-01-22,0.12888052681091927
2020-01-23,0.17636363636363697
2020-02-03,0.29457973291437695
2020-02-04,0.27799530148786133
2020-02-05,0.2952231793265498
2020-02-06,0.28782001551591135
2020-02-07,0.2905718701700236
2020-02-10,0.3027522935779925
2020-02-11,0.2951070336391602
2020-02-12,0.2977443609022811
2020-02-13,0.2836719337848261
2020-02-14,0.2440828402367098
2020-02-17,0.2470930232558318
2020-02-18,0.2893036611629733
2020-02-19,0.2862184545501062
2020-02-20,0.2913421279225181
2020-02-21,0.3195840683256651
2020-02-24,0.33940814161537175
2020-02-25,0.32352379622992217
2020-02-26,0.31419257613204044
2020-02-27,0.3205110635395822
2020-02-28,0.33938899851468574
2020-03-02,0.32109238954935354
2020-03-03,0.30893008711193426
2020-03-04,0.35252200440525217
2020-03-05,0.34937063258026557
2020-03-06,0.38997870193927936
2020-03-09,0.4428204480320728
2020-03-10,0.34668525232911623
2020-03-11,0.36132564826796043
2020-03-12,0.34810133795997383
2020-03-13,0.319067414065804
2020-03-16,0.30393590005840676
2020-03-17,0.28187380276008905
2020-03-18,0.30531412203263114
2020-03-19,0.2812082917610544
2020-03-20,0.30772797617311565
2020-03-23,0.3250498825143243
2020-03-24,0.3198082512292929
2020-03-25,0.322086872985837
2020-03-26,0.34661409436588964
2020-03-27,0.3143763732268267
2020-03-30,0.25757431508823486
2020-03-31,0.2646035625679905
2020-04-01,0.28355700898176295
2020-04-02,0.2591450428692467
2020-04-03,0.24378499340648985
2020-04-07,0.3238081788125001
2020-04-08,0.3659019540195113
2020-04-09,0.33795962107331795
2020-04-10,0.28199408379176233
2020-04-13,0.29099896929837354
2020-04-14,0.30355640900956476
2020-04-15,0.30920788098110935
2020-04-16,0.3084557364033443
2020-04-17,0.3090043633478906
2020-04-20,0.3064452352708726
2020-04-21,0.3073322932917424
2020-04-22,0.32722413134785105
2020-04-23,0.3494783904620045
2020-04-24,0.3227824806772239
2020-04-27,0.2886597938144397
2020-04-28,0.3053323593864184
2020-04-29,0.3402802730865986
2020-04-30,0.295176385889129
2020-05-06,0.28758401131941486
2020-05-07,0.22821576763484872
2020-05-08,0.19903414970678887
2020-05-11,0.194234728894985
2020-05-12,0.2019067075246803
2020-05-13,0.20882852292019838
2020-05-14,0.22237106496985248
2020-05-15,0.236068556326166
2020-05-18,0.20827561724912186
2020-05-19,0.1722852105458352
2020-05-20,0.16591342449258917
2020-05-21,0.16816641362913587
2020-05-22,0.1853838123570322
2020-05-25,0.13081295633558898
2020-05-26,0.09979239790513528
2020-05-27,0.06953544822763648
2020-05-28,0.09456882679144106
2020-05-29,0.08822772998748807
2020-06-01,0.08949371715547257
2020-06-02,0.038411275397749446
2020-06-03,0.0406409900912852
2020-06-04,0.021688233550193427
2020-06-05,-0.05499835034853909
2020-06-08,-0.07118426122466537
2020-06-09,-0.03945584844160816
2020-06-10,-0.005452919872032681
2020-06-11,0.009000094102850797
2020-06-12,0.01233112102147745
2020-06-15,0.004480495878008988
2020-06-16,-0.02790543786852401
2020-06-17,-0.02854710141793264
2020-06-18,-0.022317144878410657
2020-06-19,-0.0483595005502488
2020-06-22,-0.07454190856378236
2020-06-23,-0.10906192695910358
2020-06-24,-0.08330401816039966
2020-06-29,-0.0647648101451791
2020-06-30,-0.08653671242597784
2020-07-01,-0.10887427981498927
2020-07-02,-0.08834523191851387
2020-07-03,-0.09727505511140111
2020-07-06,-0.12462635255031014
2020-07-07,-0.14214885203296415
2020-07-08,-0.13446080359546508
2020-07-09,-0.16868689515945998
2020-07-10,-0.15274272472227673
2020-07-13,-0.17348462227530817
2020-07-14,-0.16895522388060044
2020-07-15,-0.1176999101527433
2020-07-16,-0.09311495298756531
2020-07-17,-0.08313106796116601
2020-07-20,-0.1007656967840714
2020-07-21,-0.11962616822429754
2020-07-22,-0.08383045525902448
2020-07-23,-0.08470124753775414
2020-07-24,-0.05741785595751608
2020-07-27,-0.09876129896216833
2020-07-28,-0.12274849899933295
2020-07-29,-0.14198988195615575
2020-07-30,-0.10315789473684196
2020-07-31,-0.12031417350946041
2020-08-03,-0.08706556789681286
2020-08-04,-0.08695652173913193
2020-08-05,-0.1070270270270274
2020-08-06,-0.13505642519111746
2020-08-07,-0.13553113553113524
2020-08-10,-0.12590975254730802
2020-08-11,-0.1673350346336144
2020-08-12,-0.18637861589161564
2020-08-13,-0.1516286035192812
2020-08-14,-0.12630792227204923
2020-08-17,-0.14252785247791128
2020-08-18,-0.1333279824782241
2020-08-19,-0.14546322943546292
2020-08-20,-0.15019370767133142
2020-08-21,-0.16117969546548136
2020-08-24,-0.1668833690644391
2020-08-25,-0.18011417960351253
2020-08-26,-0.1835717727281867
2020-08-27,-0.1840695183267347
2020-08-28,-0.17936733850118602
2020-08-31,-0.08624830722737296
2020-09-01,-0.07005707517901233
2020-09-02,-0.06543812450117656
2020-09-03,-0.05364792458520331
2020-09-04,-0.08991175079581351
2020-09-07,-0.08013981895236584
2020-09-08,-0.09590940975497825
2020-09-09,-0.09377033277648622
2020-09-10,-0.09601319664213902
2020-09-11,-0.1136903013153693
2020-09-14,-0.19574180075692157
2020-09-15,-0.1976284355985576
2020-09-16,-0.18024005747085747
2020-09-17,-0.15966944897981658
2020-09-18,-0.16689636237910557
2020-09-21,-0.11451488570251071
2020-09-22,-0.08444066490966322
2020-09-23,-0.08262176994185004
2020-09-24,-0.08824942633279274
2020-09-25,-0.07656202000210492
2020-09-28,-0.09044165614783174
2020-09-29,-0.10000925696483111
2020-09-30,-0.1065071973535417
2020-10-09,-0.11658154411892607
2020-10-12,-0.11622139638831956
2020-10-13,-0.14551757906520454
2020-10-14,-0.13820099790619725
2020-10-15,-0.14911393534913422
2020-10-16,-0.14634341953823404
2020-10-19,-0.14430635074789927
2020-10-20,-0.1658676893576178
2020-10-21,-0.16082573211713733
2020-10-22,-0.11645813282001893
2020-10-23,-0.10776699029126481
2020-10-26,-0.1309055118110293
2020-10-27,-0.1213759213759308
2020-10-28,-0.08697788697789792
2020-10-29,-0.08520179372198143
2020-10-30,-0.08337493759361721
2020-11-02,-0.06408345752608777
2020-11-03,-0.08200000000000732
2020-11-04,-0.09900000000000689
2020-11-05,-0.07754688291941966
2020-11-06,-0.07873210633947757
2020-11-09,-0.08539094650206505
2020-11-10,-0.06693711967546287
2020-11-11,-0.08588957055216116
2020-11-12,-0.13329848405646866
2020-11-13,-0.16858638743456522
2020-11-16,-0.13144058885385113
2020-11-17,-0.035005834305728296
2020-11-18,-0.10940272028386591
2020-11-19,-0.15256257449346358
2020-11-20,-0.15330004111868817
2020-11-23,-0.14182567772025365
2020-11-24,-0.18993607746028446
2020-11-25,-0.1708870908326799
2020-11-26,-0.15328533335183137
2020-11-27,-0.13672370334963868
2020-11-30,-0.04976774231712525
2020-12-01,-0.07442934004200513
2020-12-02,-0.07954371639455288
2020-12-03,-0.06993612540983872
2020-12-04,-0.026907722481012294
2020-12-07,-0.06105329125705707
2020-12-08,-0.038839520142083736
2020-12-09,-0.019040048568211145
2020-12-10,0.024738779689946522
2020-12-11,-0.00296687724021886
2020-12-14,-0.029951229435996745
2020-12-15,0.01218344788910275
2020-12-16,0.01950969192928754
2020-12-17,-0.02863753429462574
2020-12-18,-0.030313234299231592
2020-12-21,0.005463134586200426
2020-12-22,0.019715797164597856
2020-12-23,0.020031995179042264
2020-12-24,-0.004167372405942226
2020-12-25,0.0006987877615046269
2020-12-28,-0.006612285834190312
2020-12-29,0.004994246005671376
2020-12-30,0.03848745482025738
2020-12-31,0.03979596389032254
2021-01-04,0.05276567506287329
2021-01-05,0.08419658774390808
2021-01-06,0.08497822308464643
2021-01-07,0.09774975510651938
2021-01-08,0.09261916588871447
2021-01-11,0.10487871927462211
2021-01-12,0.10151226494991435
2021-01-13,0.11637302373356327
2021-01-14,0.17418482407037492
2021-01-15,0.16783216783215546
2021-01-18,0.1504739336492804
2021-01-19,0.12597950572633398
2021-01-20,0.15045317220543256
2021-01-21,0.14390691977954495
2021-01-22,0.1251518833535778
2021-01-25,0.10403916768665873
2021-01-26,0.0006238303181520352
2021-01-27,0.021861336664584587
2021-01-28,0.01804604853764739
2021-01-29,0.019488428745429536
2021-02-01,0.023086269744831755
2021-02-02,0.05211526670753593
2021-02-03,-0.006678809957500535
2021-02-04,-0.015795868772788022
2021-02-05,-0.02787878787878986
2021-02-08,-0.013349514563109208
2021-02-09,0.0012106537530255943
2021-02-10,-0.052503052503056286
2021-02-18,-0.09789789789790562
2021-02-19,-0.05325401350532608
2021-02-22,-0.039932087502394555
2021-02-23,-0.0625517212906393
2021-02-24,-0.07348882385115961
2021-02-25,-0.09632628248012905
2021-02-26,-0.08592507514246268
2021-03-01,-0.08046094676420881
2021-03-02,-0.07865161547501225
2021-03-03,-0.0936123362928412
2021-03-04,-0.12323020971406382
2021-03-05,-0.09630481915012978
2021-03-08,-0.09050973335375283
2021-03-09,-0.12689379714514282
2021-03-10,-0.13088934888718626
2021-03-11,-0.15931298905602154
2021-03-12,-0.14863628370414844
2021-03-15,-0.14290544684883263
2021-03-16,-0.1437502355821021
2021-03-17,-0.13508494588043274
2021-03-18,-0.1840519952034656
2021-03-19,-0.13537944918262798
2021-03-22,-0.08964653896358842
2021-03-23,-0.0899889559865055
2021-03-24,-0.08629403017281284
2021-03-25,-0.10591975190464971
2021-03-26,-0.10524044067785253
2021-03-29,-0.09093954010994688
2021-03-30,-0.03999630793873956
2021-03-31,-0.016783765715645393
2021-04-01,0.007504533244274715
2021-04-02,0.04090191185094821
2021-04-06,0.0033185014622062856
2021-04-07,-0.02388983619668651
2021-04-08,0.018800570523814182
2021-04-09,0.05272221642454754
2021-04-12,0.06938416103228479
2021-04-13,0.12314807050335322
2021-04-14,0.09794191110228258
2021-04-15,0.11917802868652065
2021-04-16,0.16857610474634863
2021-04-19,0.13580246913583702
2021-04-20,0.15151515151518086
2021-04-21,0.15430520034103812
2021-04-22,0.11015490533566423
2021-04-23,0.13201035375326595
2021-04-26,0.11455641688203182
2021-04-27,0.10077519379848304
2021-04-28,0.11882046834348842
2021-04-29,0.13157894736845274
2021-04-30,0.17789291882558425
2021-05-06,0.16903914590750432
2021-05-07,0.18264014466549575
2021-05-10,0.22486288848267025
2021-05-11,0.25389550870763905
2021-05-12,0.2645985401460152
2021-05-13,0.2343891402715211
2021-05-14,0.2634457611668483
2021-05-17,0.2323049001815262
2021-05-18,0.20256645279564123
2021-05-19,0.2436363636364021
2021-05-20,0.23618246562897618
2021-05-21,0.21352482987959873
2021-05-24,0.18531776745788833
2021-05-25,0.14177776542532866
2021-05-26,0.1572231218642885
2021-05-27,0.15611089670669956
2021-05-28,0.15245719581130435
2021-05-31,0.13271484322724703
2021-06-01,0.12339737086309327
2021-06-02,0.11781025754671415
2021-06-03,0.11215188147429928
2021-06-04,0.09703232132450333
2021-06-07,0.09534410983289998
2021-06-08,0.11235494556191125
2021-06-09,0.0885042364587223
2021-06-10,0.08207123872563785
2021-06-11,0.011745774797175425
2021-06-15,0.025106607026815612
2021-06-16,0.0422387613104419
2021-06-17,0.03318567297381336
2021-06-18,0.06564746864775554
2021-06-21,0.08551008883356134
2021-06-22,0.05820299806952682
2021-06-23,0.08771458710405355
2021-06-24,0.10572567338520412
2021-06-25,0.14472278269638453
2021-06-28,0.12839289893347994
2021-06-29,0.12096118845658675
2021-06-30,0.12085099078849114
2021-07-01,0.08490028100450132
2021-07-02,0.09391903396067272
2021-07-05,0.10018914880260772
2021-07-06,0.08717931451009901
2021-07-07,0.09223229327653008
2021-07-08,0.15306944035321643
2021-07-09,0.16017495988246147
2021-07-12,0.21039605403357575
2021-07-13,0.23797368297479943
2021-07-14,0.27467459443175546
2021-07-15,0.2183517417162296
2021-07-16,0.21342512908778274
2021-07-19,0.2094240837696409
2021-07-20,0.25524475524476536
2021-07-21,0.2816041848300154
2021-07-22,0.24716157205241537
2021-07-23,0.28719723183392043
2021-07-26,0.32647814910026585
2021-07-27,0.27408637873754516
2021-07-28,0.2836065573770512
2021-07-29,0.3256389117889634
2021-07-30,0.3472000000000119
2021-08-02,0.41064336775219923
2021-08-03,0.4131641554322098
2021-08-04,0.3797468354430483
2021-08-05,0.4001566170712738
2021-08-06,0.3680063041765358
2021-08-09,0.31659056316592105
2021-08-10,0.292719167904925
2021-08-11,0.2793462109955624
2021-08-12,0.3063328424153355
2021-08-13,0.27822878228785
2021-08-16,0.25423728813561597
2021-08-17,0.27432333577177975
2021-08-18,0.28901050530753747
2021-08-19,0.27819640462283435
2021-08-20,0.2608779600076071
2021-08-23,0.25066085788022335
2021-08-24,0.24201391736292022
2021-08-25,0.25332767231029496
2021-08-26,0.23228658864167895
2021-08-27,0.23870511638224742
2021-08-30,0.23532786645273537
2021-08-31,0.2416555239596624
2021-09-01,0.24614768867337825
2021-09-02,0.1966823116422961
2021-09-03,0.21689055172698918
2021-09-06,0.17914546137056267
2021-09-07,0.1475932104667697
2021-09-08,0.1241266657748805
2021-09-09,0.15573007453182885
2021-09-10,0.12426991033764083
2021-09-13,0.09460337320693711
2021-09-14,0.0745762940774778
2021-09-15,0.06949655393403707
2021-09-16,0.09101124921716146
2021-09-17,0.08912347826800347
2021-09-22,0.08788617520272243
2021-09-23,0.14623825364117465
2021-09-24,0.10450230894366
2021-09-27,0.07640544707224133
2021-09-28,0.023954201767184685
2021-09-29,0.008016360927467391
2021-09-30,0.024269100931291376
2021-10-08,0.013966098493735334
2021-10-11,-0.04089025982588488
2021-10-12,-0.014262265377387982
2021-10-13,0.03435477640002326
2021-10-14,0.06273536433858734
2021-10-15,0.07257860653964258
2021-10-18,-4.185197347296181e-05
2021-10-19,0.014584840987797887
2021-10-20,0.024016281944041443
2021-10-21,0.039443155452426944
2021-10-22,-0.0007968127490079574
2021-10-25,-0.003996802557953214
2021-10-26,0.023330651649233657
2021-10-27,0.04361873990307454
2021-10-28,0.04516129032257317
2021-10-29,0.01288244766505223
2021-11-01,0.0769230769230682
2021-11-02,0.06910246227163175
2021-11-03,0.06838294448912285
2021-11-04,0.07692307692306388
2021-11-05,0.07692307692306177
2021-11-08,0.09047237790231309
2021-11-09,0.07704527402698957
2021-11-10,0.0734824281149957
2021-11-11,0.0714859437750817
2021-11-12,0.07258064516125744
2021-11-15,0.08293460925036478
2021-11-16,0.09339774557162461
2021-11-17,0.1118475559237436
2021-11-18,0.12166666666663006
2021-11-19,0.09797770097150717
2021-11-22,0.12542414865570686
2021-11-23,0.08407077124586078
2021-11-24,0.09153242952547325
2021-11-25,0.07897314033065614
2021-11-26,0.12454543488233706
2021-11-29,0.11768083466863827
2021-11-30,0.10372265012110361
2021-12-01,0.06120138098871666
2021-12-02,0.04039926181157313
2021-12-03,0.05701456697813137
2021-12-06,0.148280906353878
2021-12-07,0.10631471443492045
2021-12-08,0.10363393564388491
2021-12-09,0.1063448493277295
2021-12-10,0.12464340763816088
2021-12-13,0.17117860717397948
2021-12-14,0.18655044126867718
2021-12-15,0.17199757800114557
2021-12-16,0.1243091199426477
2021-12-17,0.14324570525062888
2021-12-20,0.11209521631043146
2021-12-21,0.09345976783778852
2021-12-22,0.10501705365489925
2021-12-23,0.11884824694800404
2021-12-24,0.12120112826171983
2021-12-27,0.11699035846653014
2021-12-28,0.10545301314543284
2021-12-29,0.11801851013687938
2021-12-30,0.12199476355317963
2021-12-31,0.06387468294096828
2022-01-04,0.0435862031078854
2022-01-05,0.040340991459097
2022-01-06,0.013081635858533492
2022-01-07,0.030284694129419233
2022-01-10,0.04707098638467308
2022-01-11,0.042223383729976464
2022-01-12,0.056244601838035056
2022-01-13,0.07565513980724338
2022-01-14,0.06602254428341794
2022-01-17,0.1191626409017759
2022-01-18,0.14128728414442993
2022-01-19,0.1935235158057071
2022-01-20,0.1711145996860301
2022-01-21,0.20615384615384116
2022-01-24,0.20858895705521258
2022-01-25,0.19512195121950826
2022-01-26,0.18072289156625973
2022-01-27,0.1877794336810669
2022-01-28,0.24963072378138335
2022-02-07,0.20659971305594593
2022-02-08,0.17246484085861097
2022-02-09,0.18086696562031432
2022-02-10,0.2051089406461243
2022-02-11,0.11947863866761953
2022-02-14,0.10760401721663243
2022-02-15,0.13366867226365584
2022-02-16,0.11148395022004726
2022-02-17,0.13722596580246996
2022-02-18,0.13479861100443954
2022-02-21,0.07610520810533859
2022-02-22,0.08666413712242986
2022-02-23,0.12206531239051387
2022-02-24,0.12763610810004153
2022-02-25,0.11337468465130984
2022-02-28,0.13353558889570355
2022-03-01,0.09164628604189193
2022-03-02,0.07333290247110794
2022-03-03,0.0225734442612706
2022-03-04,0.03209636916931647
2022-03-07,0.0628877426262453
2022-03-08,0.09874497711032662
2022-03-09,0.07485655151852294
2022-03-10,0.09752062858652387
2022-03-11,0.13510187615846495
2022-03-14,0.15290149747646514
2022-03-15,0.08100724082830944
2022-03-16,0.07353081039125173
2022-03-17,0.07379637512704348
2022-03-18,0.09048137783568223
2022-03-21,0.04467802528511588
2022-03-22,-0.018604236178070714
2022-03-23,-0.02358425749756546
2022-03-24,-0.025495511936540982
2022-03-25,-0.04493290824476525
2022-03-28,-0.06365382120403479
2022-03-29,-0.04795782974922815
2022-03-30,0.0018102104193177262
2022-03-31,-0.00711907581223692
2022-04-01,-0.020680700722964854
2022-04-06,0.028996258496071278
2022-04-07,0.0387289975464763
2022-04-08,0.043045290840761
2022-04-11,0.015396382573992366
2022-04-12,0.0919255829284873
2022-04-13,0.1046972269383175
2022-04-14,0.10621468926554142
2022-04-15,0.11423747889701978
2022-04-18,0.06229143492770292
2022-04-19,0.07821229050279441
2022-04-20,0.09772727272727749
2022-04-21,0.11534025374856824
2022-04-22,0.06960556844548985
2022-04-25,0.07283236994221225
2022-04-26,0.0640279394645176
2022-04-27,0.0407450523865164
2022-04-28,0.04301708898057058
2022-04-29,0.0777323202805538
2022-05-05,0.11771700356720666
2022-05-06,0.08298507462689039
2022-05-09,0.07195121951221758
2022-05-10,0.06976744186049093
2022-05-11,0.08436724565758909
2022-05-12,0.09794135995011542
2022-05-13,0.0584329349269937
2022-05-16,0.016926201760358826
2022-05-17,0.10424155283971973
2022-05-18,0.13202878080888156
2022-05-19,0.12974623139680821
2022-05-20,0.08997959629610157
2022-05-23,0.137695168474743
2022-05-24,0.17230954390958794
2022-05-25,0.15540739793822297
2022-05-26,0.19460269352732673
2022-05-27,0.17793595624809083
2022-05-30,0.1431399308094848
2022-05-31,0.1032103842701919
2022-06-01,0.07043088075438363
2022-06-02,0.09138166671037706
2022-06-06,0.05195239004854752
2022-06-07,0.043413353438232834
2022-06-08,0.014864829258767896
2022-06-09,0.043183100605697654
2022-06-10,0.06361595414681653
2022-06-13,0.013477804439144583
2022-06-14,-0.026512724311434907
2022-06-15,-0.08011105813440293
2022-06-16,-0.08533403723941477
2022-06-17,-0.01798545258407999
2022-06-20,-0.04777721266352038
2022-06-21,-0.02297383822193891
2022-06-22,-0.019266010934608446
2022-06-23,0.008116865744652424
2022-06-24,-0.0194823263671313
2022-06-27,-0.050618491025779803
2022-06-28,-0.03292793711491452
2022-06-29,0.01290848033646869
2022-06-30,0.0051294289337079765
2022-07-01,-0.005310054969452709
2022-07-04,-0.036000749353168555
2022-07-05,-0.04848473477602612
2022-07-06,-0.057905675317337355
2022-07-07,-0.030573160627426644
2022-07-08,-0.054317178095865865
2022-07-11,-0.01678598075853986
2022-07-12,0.004993143268271533
2022-07-13,0.005887300252321611
2022-07-14,-0.011120615911026565
2022-07-15,-0.0008643042350785298
2022-07-18,0.01554404145077778
2022-07-19,-0.02164502164502398
2022-07-20,-0.017211703958701946
2022-07-21,-0.009425878320490773
2022-07-22,-0.07542147293700911
2022-07-25,-0.05114638447972658
2022-07-26,0.01241134751772398
2022-07-27,0.049270072992704916
2022-07-28,0.018115942028993554
2022-07-29,0.05892857142857731
2022-08-01,0.09937332139660388
2022-08-02,0.1144901610017896
2022-08-03,0.11286089238844742
2022-08-04,0.10787671232876858
2022-08-05,0.10674637062340253
2022-08-08,0.12925170068028263
2022-08-09,0.12773109243698536
2022-08-10,0.1562238930660047
2022-08-11,0.1625207296849163
2022-08-12,0.1435643564356461
2022-08-15,0.25814878020945786
2022-08-16,0.27693058777479224
2022-08-17,0.25780368427934347
2022-08-18,0.2710694900429383
2022-08-19,0.25290478158919294
2022-08-22,0.2903498960569907
2022-08-23,0.27353810353902885
2022-08-24,0.2628356575572083
2022-08-25,0.21895039414830036
2022-08-26,0.2184035505560971
2022-08-29,0.27270912260633456
2022-08-30,0.29891425910198904
2022-08-31,0.289822606665432
2022-09-01,0.31365141582009326
2022-09-02,0.3190359756484505
2022-09-05,0.3081397157559538
2022-09-06,0.2951822220680753
2022-09-07,0.2662199458801187
2022-09-08,0.23839462928241506
2022-09-09,0.206708540074839
2022-09-13,0.2211120982301194
2022-09-14,0.21615789825319193
2022-09-15,0.22084944120381847
2022-09-16,0.1829035099988799
2022-09-19,0.1951814913491423
2022-09-20,0.20276518366512247
2022-09-21,0.1756956833846244
2022-09-22,0.1784748250272699
2022-09-23,0.18497132151495801
2022-09-26,0.10453897100462096
2022-09-27,0.09182452541825863
2022-09-28,0.04794635228049368
2022-09-29,0.04069167275997651
2022-09-30,0.022579706405654567
2022-10-10,0.06514193878767192
2022-10-11,0.055361622281428824
2022-10-12,0.0983056063079935
2022-10-13,0.0959865710125631
2022-10-14,0.09915140030672383
2022-10-17,0.08747044917256627
2022-10-18,-0.018150388936911673
2022-10-19,-0.0378188214599869
2022-10-20,-0.05438596491228365
2022-10-21,-0.0759825327510929
2022-10-24,-0.04340277777777652
2022-10-25,-0.05502183406112336
2022-10-26,-0.0034782608695503444
2022-10-27,0.00519930675911042
2022-10-28,0.053819444444456584
2022-10-31,0.07665805340225132
2022-11-01,0.05134899912969498
2022-11-02,0.026041666666686145
2022-11-03,0.035497835497846915
2022-11-04,-0.01998262380537517
2022-11-07,-0.020157756354066303
2022-11-08,-0.05851528384279479
2022-11-09,-0.07813871817384792
2022-11-10,-0.05429071803854163
2022-11-11,-0.09150326797387193
2022-11-14,-0.14953271028038637
2022-11-15,-0.15725190839695827
2022-11-16,-0.1628242074927997
2022-11-17,-0.1232686980609422
2022-11-18,-0.11082790852784448
2022-11-21,-0.07288367172524123
2022-11-22,-0.0714330630580083
2022-11-23,-0.030036782667077988
2022-11-24,0.003076669967398824
2022-11-25,-0.013501822775593628
2022-11-28,0.015277002601087223
2022-11-29,-0.041995841091967245
2022-11-30,-0.01125345351380618
2022-12-01,0.0013121965728657373
2022-12-02,0.016789007872606978
2022-12-05,-0.016469910994864723
2022-12-06,-0.034148850721020724
2022-12-07,-0.06426166020885168
2022-12-08,-0.05167898793487171
2022-12-09,-0.09117931720237131
2022-12-12,-0.07508296355928495
2022-12-13,-0.10264703624335735
2022-12-14,-0.06050453590886935
2022-12-15,-0.05404480666209453
2022-12-16,-0.0439319107274564
2022-12-19,-0.021766649789313582
2022-12-20,-0.020164924579714742
2022-12-21,-0.02449322838289889
2022-12-22,-0.028489699217717403
2022-12-23,-0.030356471403250644
2022-12-26,-0.06474905489951148
2022-12-27,-0.07916482171476796
2022-12-28,-0.06659071068262991
2022-12-29,-0.06309948138509608
2022-12-30,-0.04693752459366501
2023-01-03,-0.037154134850625124
2023-01-04,-0.01293230382536327
2023-01-05,-0.010485184122317876
2023-01-06,-0.03349048578898498
2023-01-09,-0.007918629763472787
2023-01-10,0.022563929090136572
2023-01-11,0.025315729379447028
2023-01-12,0.06222954416454149
2023-01-13,0.021788990825677652
2023-01-16,0.0011627906976557619
2023-01-17,-0.02551928783384286
2023-01-18,-0.030303030303043203
2023-01-19,-0.06102719033233602
2023-01-20,-0.0982306284319792
2023-01-30,-0.04320987654322082
2023-01-31,-0.027812895069545665
2023-02-01,0.026455026455013103
2023-02-02,0.023505708529201468
2023-02-03,0.017205781142454208
2023-02-06,-0.002766251728916674
2023-02-07,0.01800554016619079
2023-02-08,0.03180212014132754
2023-02-09,0.05580029368575333
2023-02-10,0.03129657228018507
2023-02-13,0.06959152798790459
2023-02-14,0.05423987776929718
2023-02-15,0.08977361436378473
2023-02-16,0.045563549160677126
2023-02-17,0.040387722132482005
2023-02-20,0.0006172254664921776
2023-02-21,-0.06485767282201714
2023-02-22,-0.04600422466510041
2023-02-23,-0.0631073388882881
2023-02-24,-0.07432511426826724
2023-02-27,-0.10709617932273476
2023-02-28,-0.06501001926971889
2023-03-01,-0.021635876715375296
2023-03-02,-0.04901837280214931
2023-03-03,-0.07506051113183052
2023-03-06,-0.04830406870203252
2023-03-07,-0.059124805884287195
2023-03-08,-0.09454837671238513
2023-03-09,-0.0710639624111637
2023-03-10,-0.027155163871550866
2023-03-13,-0.03354265973980378
2023-03-14,0.021996464847354697
2023-03-15,-0.007637955544730888
2023-03-16,0.0090852476921534
2023-03-17,0.019003243325556373
2023-03-20,0.09226558051583451
2023-03-21,0.06980600056642852
2023-03-22,0.05226734572240441
2023-03-23,0.0481949613061281
2023-03-24,0.0443983551196996
2023-03-27,0.043743795911488616
2023-03-28,0.014868768919056339
2023-03-29,0.010894944240740495
2023-03-30,-0.011787034456927853
2023-03-31,-0.0019096902207144187
2023-04-03,-0.014651969029389695
2023-04-04,-0.025722577823695098
2023-04-06,-0.034360752019070184
2023-04-07,-0.02875909303804866
2023-04-10,-0.019325864795664293
2023-04-11,-0.011553842057886001
2023-04-12,0.008884766414486534
2023-04-13,0.000984300100429893
2023-04-14,-0.021253637155153732
2023-04-17,-0.02036659877799194
2023-04-18,0.04184100418411315
2023-04-19,0.08165429480383199
2023-04-20,0.060317460317458
2023-04-21,0.07255520504732013
2023-04-24,0.08474576271186758
2023-04-25,0.10683760683761248
2023-04-26,0.12703583061889412
2023-04-27,0.15823466092573288
2023-04-28,0.16757940854327025
2023-05-04,0.21006564551423013
2023-05-05,0.2261521972132972
2023-05-08,0.1773504273504436
2023-05-09,0.2017167381974471
2023-05-10,0.2194092827004435
2023-05-11,0.2388831437435578
2023-05-12,0.2450469238790651
2023-05-15,0.2186528497409532
2023-05-16,0.23621227887619473
2023-05-17,0.18772786779388892
2023-05-18,0.18309144212742418
2023-05-19,0.17444185812299182
2023-05-22,0.22400090227402386
2023-05-23,0.268726024875057
2023-05-24,0.24979213959716925
2023-05-25,0.25643848141653813
2023-05-26,0.21538980641127198
2023-05-29,0.2288738680678329
2023-05-30,0.23835889641875715
2023-05-31,0.25712393031144304
2023-06-01,0.26920028864867
2023-06-02,0.20415880616210721
2023-06-05,0.22297193412246788
2023-06-06,0.2675204840156616
2023-06-07,0.2630584004198353
2023-06-08,0.23953911367781433
2023-06-09,0.25371763254319984
2023-06-12,0.24069752760927468
2023-06-13,0.29618524874433144
2023-06-14,0.31524331600531746
2023-06-15,0.2783083454494539
2023-06-16,0.20765457818463873
2023-06-19,0.16201580264367063
2023-06-20,0.18751888667282485
2023-06-21,0.19146359114717976
2023-06-26,0.1921605039206964
2023-06-27,0.16347646792921072
2023-06-28,0.16212667338587505
2023-06-29,0.14558686259300227
2023-06-30,0.17875785582731626
2023-07-03,0.13461491263210262
2023-07-04,0.07603051852694609
2023-07-05,0.12025894140469652
2023-07-06,0.11393800355084349
2023-07-07,0.09795269275519326
2023-07-10,0.047996511351939726
2023-07-11,0.07199123634968695
2023-07-12,0.06335193385336046
2023-07-13,0.05597326649961817
2023-07-14,0.07148726376338584
2023-07-17,0.10603588907018752
2023-07-18,0.09967320261442497
2023-07-19,0.07219917012452816
2023-07-20,0.03986429177273639
2023-07-21,0.07027942421680763
2023-07-24,0.08552074513128896
2023-07-25,0.020967741935524593
2023-07-26,0.03954802259890007
2023-07-27,0.05787781350485377
2023-07-28,0.029623698959193583
2023-07-31,-0.012718600953864019
2023-08-01,0.06810631229238434
2023-08-02,0.056349873843592406
2023-08-03,0.06030150753771092
2023-08-04,0.06491372226789904
2023-08-07,0.09075770191510205
2023-08-08,0.060034305317353834
2023-08-09,0.06239168110921573
2023-08-10,0.00630063006303448
2023-08-11,-0.011029411764674488
2023-08-14,0.06654170571699856
2023-08-15,0.19082568807342562
2023-08-16,0.24581005586594754
2023-08-17,0.2063197026022457
2023-08-18,0.1981308411215095
2023-08-21,0.2003693444136729
2023-08-22,0.21372461374051774
2023-08-23,0.19212629245514815
2023-08-24,0.1931146048863891
2023-08-25,0.13494691335661257
2023-08-28,0.10869071392091567
2023-08-29,0.08761135031872884
2023-08-30,0.08535158963894555
2023-08-31,0.08067811204338927
2023-09-01,0.01395448554724733
2023-09-04,0.005007891803871109
2023-09-05,-0.0002908388512771854
2023-09-06,-0.018382651251325686
2023-09-07,-0.005426469170480387
2023-09-08,-0.005450517033465804
2023-09-11,-0.06266713668384709
2023-09-12,-0.04589685257908945
2023-09-13,-0.0185950044037788
2023-09-14,-0.010929138544710892
2023-09-15,-0.056303765567999896
2023-09-18,-0.08812585491435346
2023-09-19,-0.0223019175211205
2023-09-20,-0.04972190153924882
2023-09-21,-0.05228338212636349
2023-09-22,-0.062334155364760335
2023-09-25,-0.04506742811042432
2023-09-26,-0.06855964346958282
2023-09-27,-0.0717861698946736
2023-09-28,-0.07174735447641943
2023-10-09,-0.08585501042054156
2023-10-10,-0.11003554884405174
2023-10-11,-0.1435676828361121
2023-10-12,-0.13824296160464927
2023-10-13,-0.10796984293408823
2023-10-16,-0.10084259097030347
2023-10-17,-0.15221759750163405
2023-10-18,-0.22667325756835907
2023-10-19,-0.27203599274901424
2023-10-20,-0.2405572280024873
2023-10-23,-0.21905164698480656
2023-10-24,-0.26275115919628633
2023-10-25,-0.21882001493651126
2023-10-26,-0.21577380952379446
2023-10-27,-0.2223858615610996
2023-10-30,-0.183643122676561
2023-10-31,-0.12688821752263724
2023-11-01,-0.09831029185866032
2023-11-02,-0.09627329192545139
2023-11-03,-0.10833982852687936
2023-11-06,-0.071371291098621
2023-11-07,-0.05339805825241103
2023-11-08,-0.04451510333861939
2023-11-09,-0.012224938875293957
2023-11-10,-0.0057424118129580995
2023-11-13,0.0008312551953513555
2023-11-14,0.00665557404326197
2023-11-15,-0.024958402662233533
2023-11-16,-0.030962343096241886
2023-11-17,-0.05602716468591843
2023-11-20,-0.05842506350551473
2023-11-21,-0.052003410059684056
2023-11-22,-0.07353416144768996
2023-11-23,-0.10140724837306969
2023-11-24,-0.10158625018421807
2023-11-27,-0.08184464926089699
2023-11-28,-0.047616283259536984
2023-11-29,-0.03816674497481327
2023-11-30,-0.038854141778592956
2023-12-01,-0.054521259596602235
2023-12-04,-0.07094893737729617
2023-12-05,-0.04480397837101835
2023-12-06,-0.027532625095395887
2023-12-07,-0.015463262458386738
2023-12-08,-0.0320383757119601
2023-12-11,-0.012082694164850308
2023-12-12,0.02096851532869139
2023-12-13,0.06162449553037047
2023-12-14,0.11014646131648058
2023-12-15,0.11711136867076516
2023-12-18,0.09152316265760753
2023-12-19,0.11962577316480706
2023-12-20,0.0890327577114156
2023-12-21,0.0999779175539738
2023-12-22,0.1348176219464322
2023-12-25,0.13796129643422486
2023-12-26,0.1216077744732751
2023-12-27,0.13163631209048438
2023-12-28,0.1031064565061898
2023-12-29,0.1265999725891061
2024-01-02,0.12044802435986507
2024-01-03,0.12221244157113141
2024-01-04,0.11204463013289097
2024-01-05,0.1335278694979956
2024-01-08,0.11811736714383365
2024-01-09,0.12528123963455778
2024-01-10,0.13100556353264264
2024-01-11,0.14650367690067836
2024-01-12,0.09504538883167514
2024-01-15,0.1030767477676204
2024-01-16,0.12094276102153352
2024-01-17,0.16780821917805486
2024-01-18,0.19658119658117684
2024-01-19,0.2519346517626583
2024-01-22,0.23736075407023988
2024-01-23,0.22719449225470548
2024-01-24,0.20695652173909887
2024-01-25,0.24126172208010038
2024-01-26,0.23076923076919711
2024-01-29,0.22410865874359176
2024-01-30,0.2721145745576667
2024-01-31,0.2786069651740853
2024-02-01,0.2906976744185582
2024-02-02,0.26734348561753857
2024-02-05,0.26210350584302516
2024-02-06,0.19106699751856093
2024-02-07,0.1908271908271497
2024-02-08,0.1426215993404397
2024-02-19,0.1333333333332919
2024-02-20,0.11461794019929736
2024-02-21,0.1026759185025337
2024-02-22,0.12622763140368434
2024-02-23,0.14399142765232145
2024-02-26,0.13652700771124754
2024-02-27,0.10410572967057159
2024-02-28,0.09264803558338039
2024-02-29,0.09487271446256985
2024-03-01,0.03342975224965927
2024-03-04,0.0619530679604524
2024-03-05,0.05572746852895473
2024-03-06,0.09375869857613574
2024-03-07,0.08835958531124086
2024-03-08,0.09061918308051954
2024-03-11,0.07757595761293025
2024-03-12,0.06646318152063381
2024-03-13,0.036701935606391095
2024-03-14,0.030689736551188385
2024-03-15,0.03165392981852868
2024-03-18,0.06308920540931444
2024-03-19,0.07504094868657966
2024-03-20,0.07270973227093719
2024-03-21,0.07595856747868786
2024-03-22,0.049018025827802784
2024-03-25,0.04176642174717161
2024-03-26,0.03698854235240123
2024-03-27,0.0741140385760277
2024-03-28,0.0733529385734784
2024-03-29,0.05058497536945273
2024-04-01,0.015107462592680755
2024-04-02,0.027554178320083077
2024-04-03,0.015273711182941588
2024-04-08,0.021697923272141085
2024-04-09,0.04330565727861537
2024-04-10,0.046215347232593955
2024-04-11,0.05807576054480356
2024-04-12,0.11403386145692038
2024-04-15,0.10688520576038246
2024-04-16,0.11660140772211865
2024-04-17,0.12045052406709642
2024-04-18,0.1456859971711544
2024-04-19,0.14875444839858112
2024-04-22,0.1451149425287366
2024-04-23,0.15362318840579342
2024-04-24,0.1194244604316563
2024-04-25,0.13722627737226775
2024-04-26,0.09723207948899888
2024-04-29,0.023035230352301973
2024-04-30,0.10655737704917816
2024-05-06,0.08067796610168716
2024-05-07,0.10242587601077406
2024-05-08,0.06684856753068723
2024-05-09,0.06122448979591044
2024-05-10,0.06874557051736264
2024-05-13,0.08022922636103222
2024-05-14,0.10693641618497225
2024-05-15,0.1104565537555152
2024-05-16,0.11651917404129082
2024-05-17,0.08916728076639252
2024-05-20,0.10037174721189528
2024-05-21,0.07131685558869562
2024-05-22,0.09753909088806978
2024-05-23,0.09104647221819771
2024-05-24,0.10869306473740893
2024-05-27,0.08691780741768611
2024-05-28,0.09631671273238962
2024-05-29,0.08860846181414742
2024-05-30,0.09033428683352819
2024-05-31,0.08326860746788066
2024-06-03,0.15156997265837305
2024-06-04,0.13339337181851732
2024-06-05,0.13051552092389718
2024-06-06,0.11149595000874057
2024-06-07,0.08952374450507315
2024-06-11,0.09801378326098352
2024-06-12,0.06550924689228786
2024-06-13,0.04241249052294422
2024-06-14,0.052924933395588764
2024-06-17,0.04660342448232313
2024-06-18,0.06072618204157632
2024-06-19,0.04600476617743314
2024-06-20,0.048066384981467404
2024-06-21,0.01450657293633782
2024-06-24,-0.005397978263211911
2024-06-25,0.04895316088176373
2024-06-26,0.03185170287726735
2024-06-27,0.09497603634731414
2024-06-28,0.2045943460065416
2024-07-01,0.1067806904034262
2024-07-02,0.15432639666395273
2024-07-03,0.12827083575027834
2024-07-04,0.1276226038038318
2024-07-05,0.12815214344508125
2024-07-08,0.04674835398412203
2024-07-09,0.04675537992152478
2024-07-10,0.044021613365320476
2024-07-11,0.06295830427472592
2024-07-12,0.10695920621139367
2024-07-15,0.14674599048563355
2024-07-16,0.1188222923238518
2024-07-17,0.1604675876726743
2024-07-18,0.1307120085015813
2024-07-19,0.1343915343915215
2024-07-22,0.18846549948505162
2024-07-23,0.2222222222222052
2024-07-24,0.20041536863965737
2024-07-25,0.18069815195070948
2024-07-26,0.19384615384614626
2024-07-29,0.1866527632950975
2024-07-30,0.159999999999995
2024-07-31,0.19298245614035806
2024-08-01,0.2016210739615039
2024-08-02,0.2051792828685257
2024-08-05,0.21850393700787327
2024-08-06,0.14392523364486934
2024-08-07,0.18173345759552936
2024-08-08,0.1278331822302853
2024-08-09,0.0814159292035336
2024-08-12,0.024597116200164037
2024-08-13,0.05115511551154258
2024-08-14,0.06862745098039
2024-08-15,0.04996034892942875
2024-08-16,0.09219858156028325
2024-08-19,0.08757910973226259
2024-08-20,0.06825192821607144
2024-08-21,0.030616860056755183
2024-08-22,0.05530555935905175
2024-08-23,0.058998208059937766
2024-08-26,0.09243731310758607
2024-08-27,0.03215482020029931
2024-08-28,0.04248816626915436
2024-08-29,0.039815562827661424
2024-08-30,0.045413332502879024
2024-09-02,0.12977755587842116
2024-09-03,0.12256965090825511
2024-09-04,0.12130091392932106
2024-09-05,0.13639911458730083
2024-09-06,0.13580785093387956
2024-09-09,0.1320272586688635
2024-09-10,0.15797994118645992
2024-09-11,0.16595615866597874
2024-09-12,0.17153871818122743
2024-09-13,0.17139974375953954
2024-09-18,0.14246145436886037
2024-09-19,0.11065311827502135
2024-09-20,0.1310591173446166
2024-09-23,0.12230594566956966
2024-09-24,0.10429211168454375
2024-09-25,0.14139116753795578
2024-09-26,0.11578975788614691
2024-09-27,-0.02255030822180644
2024-09-30,-0.08783186930343899
2024-10-08,-0.11015470701883477
2024-10-09,-0.10771699093064507
2024-10-10,-0.04347546701884815
2024-10-11,-0.038354210373090336
2024-10-14,-0.00634766877384904
2024-10-15,0.023426231524016284
2024-10-16,0.05925957105332425
2024-10-17,0.05279846376702258
2024-10-18,0.014602252449941169
2024-10-21,0.026254250812157664
2024-10-22,-0.009782608695687194
2024-10-23,-0.02473118279574084
2024-10-24,-0.013333333333377176
2024-10-25,0.015283842794718974
2024-10-28,-0.011673151751013138
2024-10-29,-0.023516237402053698
2024-10-30,-0.028026905829626362
2024-10-31,-0.013574660633511176
2024-11-01,-0.003382187147713827
2024-11-04,-2.3473383533932202e-14
2024-11-05,0.01426126640043535
2024-11-06,-0.012131715771246818
2024-11-07,-0.002306805074992448
2024-11-08,-0.001148105625737658
2024-11-11,-0.014994232987334806
2024-11-12,-0.0045819014891365605
2024-11-13,-0.015963511972650783
2024-11-14,-0.032110091743138815
2024-11-15,-0.039406053683634375
2024-11-18,-0.03780068728524995
2024-11-19,-0.035347776510855106
2024-11-20,-0.054669703872455004
2024-11-21,-0.02391799544420629
2024-11-22,-0.05615428247306855
2024-11-25,-0.03508444341585611
2024-11-26,-0.03726869577641549
2024-11-27,-0.06566749540294593
2024-11-28,-0.038356250477346476
2024-11-29,0.08380344390384838
2024-12-02,0.18740740182651935
2024-12-03,0.19856995564032834
2024-12-04,0.21585348157544304
2024-12-05,0.17426736390359124
2024-12-06,0.15202482444220966
2024-12-09,0.13310472311458343
2024-12-10,0.18666677844752078
2024-12-11,0.1704726586955587
2024-12-12,0.16805661406579517
2024-12-13,0.22855503574039224
2024-12-16,0.2634509581703215
2024-12-17,0.2714745844105974
2024-12-18,0.27632226999098586
2024-12-19,0.26777617702935563
2024-12-20,0.2944040714948452
2024-12-23,0.27618140881898295
2024-12-24,0.26525691247942834
2024-12-25,0.25413624365168863
2024-12-26,0.2521295979510531
2024-12-27,0.2530860870033887
2024-12-30,0.22485580761573384
2024-12-31,0.24141594923514648
