date,FCT_Dmi_Adxr@120
2014-02-28,
2014-03-03,
2014-03-04,
2014-03-05,
2014-03-06,
2014-03-07,
2014-03-10,
2014-03-11,
2014-03-12,
2014-03-13,
2014-03-14,
2014-03-17,
2014-03-18,
2014-03-19,
2014-03-20,
2014-03-21,
2014-03-24,
2014-03-25,
2014-03-26,
2014-03-27,
2014-03-28,
2014-03-31,
2014-04-01,
2014-04-02,
2014-04-03,
2014-04-04,
2014-04-08,
2014-04-09,
2014-04-10,
2014-04-11,
2014-04-14,
2014-04-15,
2014-04-16,
2014-04-17,
2014-04-18,
2014-04-21,
2014-04-22,
2014-04-23,
2014-04-24,
2014-04-25,
2014-04-28,
2014-04-29,
2014-04-30,
2014-05-05,
2014-05-06,
2014-05-07,
2014-05-08,
2014-05-09,
2014-05-12,
2014-05-13,
2014-05-14,
2014-05-15,
2014-05-16,
2014-05-19,
2014-05-20,
2014-05-21,
2014-05-22,
2014-05-23,
2014-05-26,
2014-05-27,
2014-05-28,
2014-05-29,
2014-05-30,
2014-06-03,
2014-06-04,
2014-06-05,
2014-06-06,
2014-06-09,
2014-06-10,
2014-06-11,
2014-06-12,
2014-06-13,
2014-06-16,
2014-06-17,
2014-06-18,
2014-06-19,
2014-06-20,
2014-06-23,
2014-06-24,
2014-06-25,
2014-06-26,
2014-06-27,
2014-06-30,
2014-07-01,
2014-07-02,
2014-07-03,
2014-07-04,
2014-07-07,
2014-07-08,
2014-07-09,
2014-07-10,
2014-07-11,
2014-07-14,
2014-07-15,
2014-07-16,
2014-07-17,
2014-07-18,
2014-07-21,
2014-07-22,
2014-07-23,
2014-07-24,
2014-07-25,
2014-07-28,
2014-07-29,
2014-07-30,
2014-07-31,
2014-08-01,
2014-08-04,
2014-08-05,
2014-08-06,
2014-08-07,
2014-08-08,
2014-08-11,
2014-08-12,
2014-08-13,
2014-08-14,
2014-08-15,
2014-08-18,
2014-08-19,
2014-08-20,
2014-08-21,
2014-08-22,
2014-08-25,
2014-08-26,
2014-08-27,
2014-08-28,
2014-08-29,
2014-09-01,
2014-09-02,
2014-09-03,
2014-09-04,
2014-09-05,
2014-09-09,
2014-09-10,
2014-09-11,
2014-09-12,
2014-09-15,
2014-09-16,
2014-09-17,
2014-09-18,
2014-09-19,
2014-09-22,
2014-09-23,
2014-09-24,
2014-09-25,
2014-09-26,
2014-09-29,
2014-09-30,
2014-10-08,
2014-10-09,
2014-10-10,
2014-10-13,
2014-10-14,
2014-10-15,
2014-10-16,
2014-10-17,
2014-10-20,
2014-10-21,
2014-10-22,
2014-10-23,
2014-10-24,
2014-10-27,
2014-10-28,
2014-10-29,
2014-10-30,
2014-10-31,
2014-11-03,
2014-11-04,
2014-11-05,
2014-11-06,
2014-11-07,
2014-11-10,
2014-11-11,
2014-11-12,
2014-11-13,
2014-11-14,
2014-11-17,
2014-11-18,
2014-11-19,
2014-11-20,
2014-11-21,
2014-11-24,
2014-11-25,
2014-11-26,
2014-11-27,
2014-11-28,
2014-12-01,
2014-12-02,
2014-12-03,
2014-12-04,
2014-12-05,
2014-12-08,
2014-12-09,
2014-12-10,
2014-12-11,
2014-12-12,
2014-12-15,
2014-12-16,
2014-12-17,
2014-12-18,
2014-12-19,
2014-12-22,
2014-12-23,
2014-12-24,
2014-12-25,
2014-12-26,
2014-12-29,
2014-12-30,
2014-12-31,
2015-01-05,
2015-01-06,
2015-01-07,
2015-01-08,
2015-01-09,
2015-01-12,
2015-01-13,
2015-01-14,
2015-01-15,
2015-01-16,
2015-01-19,
2015-01-20,
2015-01-21,
2015-01-22,
2015-01-23,
2015-01-26,
2015-01-27,
2015-01-28,
2015-01-29,
2015-01-30,
2015-02-02,
2015-02-03,
2015-02-04,
2015-02-05,
2015-02-06,
2015-02-09,
2015-02-10,
2015-02-11,
2015-02-12,
2015-02-13,
2015-02-16,
2015-02-17,
2015-02-25,
2015-02-26,
2015-02-27,
2015-03-02,
2015-03-03,
2015-03-04,
2015-03-05,
2015-03-06,
2015-03-09,
2015-03-10,
2015-03-11,
2015-03-12,
2015-03-13,
2015-03-16,
2015-03-17,
2015-03-18,
2015-03-19,
2015-03-20,
2015-03-23,
2015-03-24,
2015-03-25,
2015-03-26,
2015-03-27,
2015-03-30,
2015-03-31,
2015-04-01,
2015-04-02,
2015-04-03,
2015-04-07,
2015-04-08,
2015-04-09,
2015-04-10,
2015-04-13,
2015-04-14,
2015-04-15,
2015-04-16,
2015-04-17,
2015-04-20,
2015-04-21,
2015-04-22,
2015-04-23,
2015-04-24,
2015-04-27,
2015-04-28,
2015-04-29,
2015-04-30,
2015-05-04,
2015-05-05,
2015-05-06,
2015-05-07,
2015-05-08,
2015-05-11,
2015-05-12,
2015-05-13,
2015-05-14,
2015-05-15,
2015-05-18,
2015-05-19,
2015-05-20,
2015-05-21,
2015-05-22,
2015-05-25,
2015-05-26,
2015-05-27,
2015-05-28,
2015-05-29,
2015-06-01,
2015-06-02,
2015-06-03,
2015-06-04,
2015-06-05,
2015-06-08,
2015-06-09,
2015-06-10,
2015-06-11,
2015-06-12,
2015-06-15,
2015-06-16,
2015-06-17,
2015-06-18,
2015-06-19,
2015-06-23,
2015-06-24,
2015-06-25,
2015-06-26,
2015-06-29,
2015-06-30,
2015-07-01,
2015-07-02,
2015-07-03,
2015-07-06,
2015-07-07,
2015-07-08,
2015-07-09,
2015-07-10,
2015-07-13,
2015-07-14,
2015-07-15,
2015-07-16,
2015-07-17,
2015-07-20,
2015-07-21,
2015-07-22,
2015-07-23,
2015-07-24,
2015-07-27,
2015-07-28,
2015-07-29,
2015-07-30,
2015-07-31,
2015-08-03,
2015-08-04,
2015-08-05,
2015-08-06,
2015-08-07,
2015-08-10,
2015-08-11,
2015-08-12,
2015-08-13,13.15814994715876
2015-08-14,13.103968529540031
2015-08-17,13.050888785025512
2015-08-18,12.988437591403258
2015-08-19,12.928984815139646
2015-08-20,12.859676239879184
2015-08-21,12.79071837779432
2015-08-24,12.72218291121197
2015-08-25,12.667680469531431
2015-08-26,12.609619298548367
2015-08-27,12.546887847933625
2015-08-28,12.47233166512804
2015-08-31,12.41051203727947
2015-09-01,12.346740270908823
2015-09-02,12.296467114688019
2015-09-07,12.245686170454983
2015-09-08,12.201818694425619
2015-09-09,12.162449870821195
2015-09-10,12.119054628292634
2015-09-11,12.086158255746433
2015-09-14,12.067887102266369
2015-09-15,12.070703095060178
2015-09-16,12.08802480604334
2015-09-17,12.108342584840706
2015-09-18,12.13060285215326
2015-09-21,12.153182516602783
2015-09-22,12.177678243129577
2015-09-23,12.206975459757691
2015-09-24,12.235456200716055
2015-09-25,12.256158850828983
2015-09-28,12.281182279874518
2015-09-29,12.298083035459783
2015-09-30,12.311407413721948
2015-10-08,12.32175435639806
2015-10-09,12.318385516201678
2015-10-12,12.312591655175183
2015-10-13,12.298293045815125
2015-10-14,12.286858127863187
2015-10-15,12.278189494858214
2015-10-16,12.27891079893242
2015-10-19,12.289218558722775
2015-10-20,12.312148397070018
2015-10-21,12.336848136123695
2015-10-22,12.367206564973738
2015-10-23,12.410651359292928
2015-10-26,12.455821122443824
2015-10-27,12.496597691186569
2015-10-28,12.537374259929312
2015-10-29,12.574976175328594
2015-10-30,12.609834704814155
2015-11-02,12.654543479926826
2015-11-03,12.701286969376905
2015-11-04,12.748754935552395
2015-11-05,12.798367058675957
2015-11-06,12.841445311846524
2015-11-09,12.88347386799129
2015-11-10,12.918310136968845
2015-11-11,12.952005852986819
2015-11-12,12.973481075076634
2015-11-13,12.998808002448676
2015-11-16,13.0273601285949
2015-11-17,13.069360977188243
2015-11-18,13.110943628458317
2015-11-19,13.14322905289048
2015-11-20,13.184682408571724
2015-11-23,13.22886454864932
2015-11-24,13.254884370228528
2015-11-25,13.266716822758058
2015-11-26,13.28204291805242
2015-11-27,13.273204768727886
2015-11-30,13.271209565889073
2015-12-01,13.260303192538709
2015-12-02,13.234415556451264
2015-12-03,13.206017961165866
2015-12-04,13.17591225122533
2015-12-07,13.157360503466613
2015-12-08,13.153124340421826
2015-12-09,13.158498212753269
2015-12-10,13.168990562507021
2015-12-11,13.185643074975655
2015-12-14,13.201211698878705
2015-12-15,13.208301465943606
2015-12-16,13.22995874137486
2015-12-17,13.24387944837709
2015-12-18,13.255347719858278
2015-12-21,13.257875692017311
2015-12-22,13.259850386931458
2015-12-23,13.255839375374784
2015-12-24,13.249320342044026
2015-12-25,13.248865299587393
2015-12-28,13.244175153709334
2015-12-29,13.236322256840985
2015-12-30,13.214388225044782
2015-12-31,13.185354795721233
2016-01-04,13.139830936904787
2016-01-05,13.113781097087866
2016-01-06,13.09450560547354
2016-01-07,13.082699584644917
2016-01-08,13.074971269983447
2016-01-11,13.06711299292604
2016-01-12,13.065045955054703
2016-01-13,13.057813669086457
2016-01-14,13.045634436298318
2016-01-15,13.028495688510102
2016-01-18,13.008698483447514
2016-01-19,12.974819694457329
2016-01-20,12.936474927740747
2016-01-21,12.88751310575666
2016-01-22,12.833312412624366
2016-01-25,12.784928290292884
2016-01-26,12.739116210489511
2016-01-27,12.695555963632529
2016-01-28,12.655652954053274
2016-01-29,12.615421645008922
2016-02-01,12.59137035951418
2016-02-02,12.568277201325667
2016-02-03,12.540268264579797
2016-02-04,12.507750544125283
2016-02-05,12.484709363303946
2016-02-15,12.477305832434956
2016-02-16,12.478224670396955
2016-02-17,12.484387368518655
2016-02-18,12.483344040706374
2016-02-19,12.478282327082024
2016-02-22,12.463304611564123
2016-02-23,12.456783754605711
2016-02-24,12.454432759883417
2016-02-25,12.431643478814184
2016-02-26,12.397676738261115
2016-02-29,12.360871598499436
2016-03-01,12.317732434990017
2016-03-02,12.27540646327486
2016-03-03,12.224466826483482
2016-03-04,12.176317660130938
2016-03-07,12.13060394881897
2016-03-08,12.082477313493149
2016-03-09,12.035846389281218
2016-03-10,11.983240953588664
2016-03-11,11.928222871704747
2016-03-14,11.871440992303782
2016-03-15,11.827271205145829
2016-03-16,11.80237600370646
2016-03-17,11.794583641022003
2016-03-18,11.802027890324787
2016-03-21,11.813185520700445
2016-03-22,11.812347364413242
2016-03-23,11.81223421031573
2016-03-24,11.810369746286632
2016-03-25,11.817286469663799
2016-03-28,11.82708900978296
2016-03-29,11.837402192059209
2016-03-30,11.876181375895126
2016-03-31,11.909337836116247
2016-04-01,11.950890832757812
2016-04-05,11.991740346810372
2016-04-06,12.028197741335731
2016-04-07,12.064898494720246
2016-04-08,12.077888471248606
2016-04-11,12.088734704563407
2016-04-12,12.104450022632287
2016-04-13,12.135610085803595
2016-04-14,12.178179095079331
2016-04-15,12.21935933434697
2016-04-18,12.253997258717085
2016-04-19,12.288309157434716
2016-04-20,12.320896565745535
2016-04-21,12.36410848070986
2016-04-22,12.407320395674184
2016-04-25,12.444861720926813
2016-04-26,12.490947843830853
2016-04-27,12.539141883864144
2016-04-28,12.5947042832465
2016-04-29,12.658483646317361
2016-05-03,12.714609573080416
2016-05-04,12.7760451966698
2016-05-05,12.836205748901376
2016-05-06,12.895193550634996
2016-05-09,12.949298115727848
2016-05-10,13.001979469568195
2016-05-11,13.071801071472233
2016-05-12,13.14754524469545
2016-05-13,13.225407052520639
2016-05-16,13.305316370944965
2016-05-17,13.378469762416577
2016-05-18,13.45571025553431
2016-05-19,13.541302288989652
2016-05-20,13.615840351844104
2016-05-23,13.66822830175552
2016-05-24,13.712567779177068
2016-05-25,13.751968788640838
2016-05-26,13.797553396208496
2016-05-27,13.829562683055425
2016-05-30,13.860355796917826
2016-05-31,13.8923483979138
2016-06-01,13.921140309467493
2016-06-02,13.947666821473085
2016-06-03,13.982302300197805
2016-06-06,14.022073588698905
2016-06-07,14.064571754424623
2016-06-08,14.100768204304254
2016-06-13,14.145538541482383
2016-06-14,14.19017126408255
2016-06-15,14.235392789919274
2016-06-16,14.281055917255472
2016-06-17,14.334148536112998
2016-06-20,14.387257749826468
2016-06-21,14.43619046299428
2016-06-22,14.491468019450297
2016-06-23,14.545811953119394
2016-06-24,14.603655831225772
2016-06-27,14.666888911266533
2016-06-28,14.73521930225791
2016-06-29,14.813139637522275
2016-06-30,14.903027490909462
2016-07-01,14.991024997729436
2016-07-04,15.070900157322658
2016-07-05,15.151676402423885
2016-07-06,15.244233390661545
2016-07-07,15.341632463457668
2016-07-08,15.423793061576145
2016-07-11,15.520195306862416
2016-07-12,15.617418688303022
2016-07-13,15.713942887951667
2016-07-14,15.807788748912637
2016-07-15,15.89847551973638
2016-07-18,15.972912131557779
2016-07-19,16.05116056122397
2016-07-20,16.147331992604965
2016-07-21,16.246259609990712
2016-07-22,16.339611253534816
2016-07-25,16.429728984350454
2016-07-26,16.52300486407098
2016-07-27,16.635100624789345
2016-07-28,16.754360268918873
2016-07-29,16.87955945634566
2016-08-01,17.005752163831957
2016-08-02,17.12651253173723
2016-08-03,17.24156295632881
2016-08-04,17.3476740517078
2016-08-05,17.466179797356414
2016-08-08,17.59344910902454
2016-08-09,17.72460856680041
2016-08-10,17.845940259043644
2016-08-11,17.976659300046133
2016-08-12,18.102973185166654
2016-08-15,18.227684621101556
2016-08-16,18.35564644320822
2016-08-17,18.468892603097895
2016-08-18,18.582996966052264
2016-08-19,18.698602113943963
2016-08-22,18.81572371003149
2016-08-23,18.93134052665482
2016-08-24,19.045569445736497
2016-08-25,19.15382011731053
2016-08-26,19.248647440711892
2016-08-29,19.335793182378097
2016-08-30,19.41935747114602
2016-08-31,19.49707827913474
2016-09-01,19.587225264534744
2016-09-02,19.67452291686958
2016-09-05,19.753360870660515
2016-09-06,19.822330476004304
2016-09-07,19.8841358449125
2016-09-08,19.937902558696706
2016-09-09,19.98374752821372
2016-09-12,20.02869704092616
2016-09-13,20.07220857000594
2016-09-14,20.11327258203051
2016-09-19,20.14560154676396
2016-09-20,20.179022483076224
2016-09-21,20.219507014078793
2016-09-22,20.243225010396593
2016-09-23,20.266750409591623
2016-09-26,20.28450538364541
2016-09-27,20.309497134878125
2016-09-28,20.340584695046346
2016-09-29,20.376876296004426
2016-09-30,20.411204390585148
2016-10-10,20.44600172391868
2016-10-11,20.4800977032096
2016-10-12,20.506596463798452
2016-10-13,20.5332054918593
2016-10-14,20.55142418355429
2016-10-17,20.579268754803593
2016-10-18,20.601058779208287
2016-10-19,20.630194262820737
2016-10-20,20.654725318177974
2016-10-21,20.674055168277192
2016-10-24,20.694458936123667
2016-10-25,20.716710939816075
2016-10-26,20.731385663183012
2016-10-27,20.751860714719815
2016-10-28,20.785787278954615
2016-10-31,20.830667643378057
2016-11-01,20.88044850257853
2016-11-02,20.92040428828986
2016-11-03,20.965465426505595
2016-11-04,21.008752233421937
2016-11-07,21.05588692780723
2016-11-08,21.09964817240694
2016-11-09,21.152404996676854
2016-11-10,21.20037954828976
2016-11-11,21.255477042771588
2016-11-14,21.299942140337752
2016-11-15,21.318176802923784
2016-11-16,21.332965068169486
2016-11-17,21.35259953192902
2016-11-18,21.374582284905667
2016-11-21,21.40488728780253
2016-11-22,21.445094169937246
2016-11-23,21.46959702016256
2016-11-24,21.49989972275835
2016-11-25,21.525943033986902
2016-11-28,21.543433947674664
2016-11-29,21.556876982784942
2016-11-30,21.55223308307997
2016-12-01,21.54009524080061
2016-12-02,21.529580258593274
2016-12-05,21.53026603545237
2016-12-06,21.522532868021905
2016-12-07,21.52735705489167
2016-12-08,21.538261254287715
2016-12-09,21.551306472430557
2016-12-12,21.57222900378132
2016-12-13,21.583283115555655
2016-12-14,21.602900643874072
2016-12-15,21.618810844400784
2016-12-16,21.633715339697908
2016-12-19,21.643518915727586
2016-12-20,21.63706328596608
2016-12-21,21.621245232202636
2016-12-22,21.596717863987834
2016-12-23,21.57609050432569
2016-12-26,21.555636618765256
2016-12-27,21.544447424159955
2016-12-28,21.513849120813454
2016-12-29,21.476629691913516
2016-12-30,21.427397033412547
2017-01-03,21.364223993077427
2017-01-04,21.305958673462783
2017-01-05,21.250284880332195
2017-01-06,21.190822641273712
2017-01-09,21.131660596791136
2017-01-10,21.078767539210872
2017-01-11,21.026087012788818
2017-01-12,20.991298295262432
2017-01-13,20.966008983066516
2017-01-16,20.956722692430198
2017-01-17,20.956026936057874
2017-01-18,20.949392059754757
2017-01-19,20.944687295430512
2017-01-20,20.95402752329018
2017-01-23,20.974588161683783
2017-01-24,20.98486246116415
2017-01-25,20.997676064786283
2017-01-26,21.010806877100016
2017-02-03,21.024666222707182
2017-02-06,21.042492919024085
2017-02-07,21.049916169376583
2017-02-08,21.04950382239911
2017-02-09,21.04507200091961
2017-02-10,21.029082489351985
2017-02-13,21.03149948475808
2017-02-14,21.047219619317104
2017-02-15,21.057902181938573
2017-02-16,21.061947130342244
2017-02-17,21.05857683209119
2017-02-20,21.076081058863856
2017-02-21,21.094230192851484
2017-02-22,21.111087844288292
2017-02-23,21.126236442135752
2017-02-24,21.13345237720089
2017-02-27,21.148114741934435
2017-02-28,21.171211170640955
2017-03-01,21.196449873663365
2017-03-02,21.232498405706732
2017-03-03,21.271068144027325
2017-03-06,21.313493814868835
2017-03-07,21.355475941968905
2017-03-08,21.392498055822184
2017-03-09,21.42598893451516
2017-03-10,21.44332959663532
2017-03-13,21.446879335128372
2017-03-14,21.442183315504444
2017-03-15,21.437643703618285
2017-03-16,21.447188685363308
2017-03-17,21.457701623370458
2017-03-20,21.4652001679013
2017-03-21,21.467080249334572
2017-03-22,21.46139045959056
2017-03-23,21.451678272795657
2017-03-24,21.432962783936624
2017-03-27,21.41271756942225
2017-03-28,21.383914052441035
2017-03-29,21.367329718295814
2017-03-30,21.35473375889006
2017-03-31,21.33149059473319
2017-04-05,21.319705461511674
2017-04-06,21.29640095981955
2017-04-07,21.267977293230935
2017-04-10,21.22328296442467
2017-04-11,21.181556282391114
2017-04-12,21.13741106299044
2017-04-13,21.097460847705214
2017-04-14,21.054507394815133
2017-04-17,21.019664344678198
2017-04-18,20.978869303255387
2017-04-19,20.936592294560956
2017-04-20,20.895160813853305
2017-04-21,20.849415374498516
2017-04-24,20.805474464765588
2017-04-25,20.762994648927492
2017-04-26,20.72547561510413
2017-04-27,20.69820813276289
2017-04-28,20.667725598800153
2017-05-02,20.634386465713305
2017-05-03,20.602523360310272
2017-05-04,20.58301438930305
2017-05-05,20.566356182378414
2017-05-08,20.535720077953528
2017-05-09,20.50941350696376
2017-05-10,20.489462115601576
2017-05-11,20.48090063661482
2017-05-12,20.46791651962996
2017-05-15,20.433364723602033
2017-05-16,20.388377760790263
2017-05-17,20.344428157609045
2017-05-18,20.308047507670846
2017-05-19,20.272544527480903
2017-05-22,20.243051743748083
2017-05-23,20.201996429311595
2017-05-24,20.17141899131016
2017-05-25,20.133007524391083
2017-05-26,20.084816991923958
2017-05-31,20.032923978706577
2017-06-01,19.969820027796906
2017-06-02,19.907363151727616
2017-06-05,19.847762806265713
2017-06-06,19.80139325565237
2017-06-07,19.753286084409172
2017-06-08,19.717947040579272
2017-06-09,19.684974281459905
2017-06-12,19.655713794404495
2017-06-13,19.638731848785753
2017-06-14,19.61389217876967
2017-06-15,19.59564797372032
2017-06-16,19.57480985663335
2017-06-19,19.546261805992796
2017-06-20,19.515554445287783
2017-06-21,19.473613175688634
2017-06-22,19.417017824426726
2017-06-23,19.349200657600868
2017-06-26,19.270893758037086
2017-06-27,19.186207426835637
2017-06-28,19.10321180436512
2017-06-29,19.02126603903358
2017-06-30,18.93635315931106
2017-07-03,18.832065087850857
2017-07-04,18.719923113311225
2017-07-05,18.618948396967625
2017-07-06,18.509269193686215
2017-07-07,18.39459481309091
2017-07-10,18.278882088539717
2017-07-11,18.167332086991614
2017-07-12,18.05618683178805
2017-07-13,17.96507176260854
2017-07-14,17.87966616903748
2017-07-17,17.797971172842704
2017-07-18,17.719364721505492
2017-07-19,17.638704361461365
2017-07-20,17.544059972836013
2017-07-21,17.460443489631075
2017-07-24,17.37942107103872
2017-07-25,17.286119318622987
2017-07-26,17.202859990154877
2017-07-27,17.12071681599252
2017-07-28,17.044569629952736
2017-07-31,16.97421933088188
2017-08-01,16.89787186368116
2017-08-02,16.81362982333838
2017-08-03,16.72783728370166
2017-08-04,16.630311553722354
2017-08-07,16.55419227168575
2017-08-08,16.48187463027768
2017-08-09,16.396345117592777
2017-08-10,16.298361464647154
2017-08-11,16.200357718948414
2017-08-14,16.110167816679564
2017-08-15,16.01884031102279
2017-08-16,15.928000131506629
2017-08-17,15.825529543232598
2017-08-18,15.722402937836868
2017-08-21,15.617747217021204
2017-08-22,15.512796856822387
2017-08-23,15.414984050548338
2017-08-24,15.32763672849278
2017-08-25,15.24260044482791
2017-08-28,15.167579247115839
2017-08-29,15.079724388717148
2017-08-30,15.001632605246035
2017-08-31,14.933525938071861
2017-09-01,14.874815881935103
2017-09-04,14.834937417257331
2017-09-05,14.79389174998505
2017-09-06,14.75398724145084
2017-09-07,14.707881508380941
2017-09-08,14.657435528444799
2017-09-11,14.606201359313271
2017-09-12,14.565320842840197
2017-09-13,14.535317212370746
2017-09-14,14.488508898179024
2017-09-15,14.440520970241561
2017-09-18,14.40278764123946
2017-09-19,14.377466466519344
2017-09-20,14.339931923425613
2017-09-21,14.289318873358182
2017-09-22,14.230945807843689
2017-09-25,14.165675259705221
2017-09-26,14.096121574798326
2017-09-27,14.021842591958146
2017-09-28,13.945257718570772
2017-09-29,13.876504428602521
2017-10-09,13.820677810541278
2017-10-10,13.75891265131635
2017-10-11,13.694029665573234
2017-10-12,13.619390344416383
2017-10-13,13.561818255361949
2017-10-16,13.517019651137613
2017-10-17,13.473023391033315
2017-10-18,13.422828866522654
2017-10-19,13.37175522863096
2017-10-20,13.32122320405298
2017-10-23,13.26050176707184
2017-10-24,13.17956196692435
2017-10-25,13.092235000192556
2017-10-26,13.012862489676177
2017-10-27,12.921690241251156
2017-10-30,12.83990665389351
2017-10-31,12.753074868594659
2017-11-01,12.664171107767947
2017-11-02,12.570918715723309
2017-11-03,12.483754517321985
2017-11-06,12.39300433508209
2017-11-07,12.318390265902506
2017-11-08,12.252277096966251
2017-11-09,12.182602464139354
2017-11-10,12.107575834506742
2017-11-13,12.034947432866412
2017-11-14,11.94992212871724
2017-11-15,11.846931799000444
2017-11-16,11.751787520144749
2017-11-17,11.66657410723494
2017-11-20,11.588901409800457
2017-11-21,11.520192419203639
2017-11-22,11.457940132297535
2017-11-23,11.402081467681207
2017-11-24,11.351808423230064
2017-11-27,11.292826531783241
2017-11-28,11.223966222971704
2017-11-29,11.153581945621767
2017-11-30,11.075523595740583
2017-12-01,10.99859297329386
2017-12-04,10.918731981953332
2017-12-05,10.840630371256484
2017-12-06,10.769310679629033
2017-12-07,10.687601509363532
2017-12-08,10.607500447340803
2017-12-11,10.53075546150614
2017-12-12,10.471816306871254
2017-12-13,10.423687586316431
2017-12-14,10.38475098528225
2017-12-15,10.349016896922956
2017-12-18,10.318889524219998
2017-12-19,10.299847862783725
2017-12-20,10.274848202383506
2017-12-21,10.247620303005721
2017-12-22,10.219979022725518
2017-12-25,10.19914020717501
2017-12-26,10.199321243895582
2017-12-27,10.193318188910485
2017-12-28,10.182463662508749
2017-12-29,10.175426955374785
2018-01-02,10.177743656607127
2018-01-03,10.176957548847138
2018-01-04,10.174278573601068
2018-01-05,10.166839982546826
2018-01-08,10.15711272739699
2018-01-09,10.138370194660634
2018-01-10,10.121145881289628
2018-01-11,10.10352236624037
2018-01-12,10.07564860975863
2018-01-15,10.043296422435434
2018-01-16,9.999173268578485
2018-01-17,9.959123959647805
2018-01-18,9.915635788071956
2018-01-19,9.874495762440814
2018-01-22,9.842515739913658
2018-01-23,9.811956664670534
2018-01-24,9.775922635287426
2018-01-25,9.746577748848498
2018-01-26,9.722129895964038
2018-01-29,9.700438830164469
2018-01-30,9.659412612233242
2018-01-31,9.6161267922132
2018-02-01,9.577143789277109
2018-02-02,9.545134681813828
2018-02-05,9.52364323387455
2018-02-06,9.499476831913706
2018-02-07,9.48413544887493
2018-02-08,9.467832194804869
2018-02-09,9.444597250636328
2018-02-12,9.420254643407688
2018-02-13,9.388605550748562
2018-02-14,9.361342114311205
2018-02-22,9.334925571328629
2018-02-23,9.295817394011024
2018-02-26,9.254733600783638
2018-02-27,9.212013610008125
2018-02-28,9.169290217855721
2018-03-01,9.132481193810719
2018-03-02,9.103215261806898
2018-03-05,9.089702458046485
2018-03-06,9.089582911973222
2018-03-07,9.087113303468083
2018-03-08,9.083602482701387
2018-03-09,9.067706742344729
2018-03-12,9.050249018124738
2018-03-13,9.032287555655863
2018-03-14,9.021763679522525
2018-03-15,9.008681265735442
2018-03-16,8.99819385915141
2018-03-19,8.984202093968541
2018-03-20,8.97906404296583
2018-03-21,8.974712371688575
2018-03-22,8.96236581821843
2018-03-23,8.956175563055357
2018-03-26,8.954979054665202
2018-03-27,8.956074776567323
2018-03-28,8.96647855282168
2018-03-29,8.977092423002349
2018-03-30,8.973993410675963
2018-04-02,8.965945059486279
2018-04-03,8.965344921922702
2018-04-04,8.968894081992465
2018-04-09,8.964007345980276
2018-04-10,8.958754800912045
2018-04-11,8.949652830162522
2018-04-12,8.953108730800228
2018-04-13,8.957880786081912
2018-04-16,8.953988222386759
2018-04-17,8.933412958516602
2018-04-18,8.915969417181792
2018-04-19,8.893987131604831
2018-04-20,8.868798798146866
2018-04-23,8.846837207110422
2018-04-24,8.821131562248166
2018-04-25,8.787216116141192
2018-04-26,8.745375187179745
2018-04-27,8.709400174036405
2018-05-02,8.678684493023066
2018-05-03,8.63927312155888
2018-05-04,8.589119059896557
2018-05-07,8.521239651286354
2018-05-08,8.459489846067317
2018-05-09,8.410410899563136
2018-05-10,8.369460086923866
2018-05-11,8.32452941926386
2018-05-14,8.282514995118525
2018-05-15,8.248943969449371
2018-05-16,8.225935405378543
2018-05-17,8.20606138522105
2018-05-18,8.173454008145546
2018-05-21,8.147915163240551
2018-05-22,8.11747757697405
2018-05-23,8.088034034170335
2018-05-24,8.060339689589519
2018-05-25,8.024306233092181
2018-05-28,7.979958569647678
2018-05-29,7.9304543943362455
2018-05-30,7.879524632371322
2018-05-31,7.81703446163578
2018-06-01,7.753228038792238
2018-06-04,7.6792888674467665
2018-06-05,7.5940145513057615
2018-06-06,7.50891167413646
2018-06-07,7.426059377095812
2018-06-08,7.3476602527555075
2018-06-11,7.270895479577309
2018-06-12,7.201582728599215
2018-06-13,7.142701662678364
2018-06-14,7.080766396778646
2018-06-15,7.022252084249988
2018-06-19,6.964656817263758
2018-06-20,6.9051268322728605
2018-06-21,6.84961735023858
2018-06-22,6.789895823566627
2018-06-25,6.728520512242625
2018-06-26,6.681137657720187
2018-06-27,6.640621828996236
2018-06-28,6.6022984857164895
2018-06-29,6.561163629344685
2018-07-02,6.52289932798249
2018-07-03,6.499710795245882
2018-07-04,6.477901747088488
2018-07-05,6.462607755203741
2018-07-06,6.438993196381853
2018-07-09,6.417388112751694
2018-07-10,6.380343763348589
2018-07-11,6.345558436347703
2018-07-12,6.308689600532377
2018-07-13,6.293866577715289
2018-07-16,6.272650139964277
2018-07-17,6.2370268191369345
2018-07-18,6.199977737816408
2018-07-19,6.1523061636664345
2018-07-20,6.100947779593101
2018-07-23,6.045470496013932
2018-07-24,5.987802307725096
2018-07-25,5.9361965184456
2018-07-26,5.887045775077585
2018-07-27,5.833943141148899
2018-07-30,5.791803759160004
2018-07-31,5.744311936077983
2018-08-01,5.697284400065668
2018-08-02,5.671690101138126
2018-08-03,5.674823566593693
2018-08-06,5.680256626912524
2018-08-07,5.690674385902067
2018-08-08,5.701790760874392
2018-08-09,5.721253771174289
2018-08-10,5.755226205481416
2018-08-13,5.792925638107608
2018-08-14,5.839383512710929
2018-08-15,5.88924219395534
2018-08-16,5.925977455151762
2018-08-17,5.9638152732257845
2018-08-20,5.99850794942366
2018-08-21,6.0322973846616605
2018-08-22,6.076208561580487
2018-08-23,6.0988736228843665
2018-08-24,6.1067780262532265
2018-08-27,6.105871305571498
2018-08-28,6.096200665290784
2018-08-29,6.094608984782897
2018-08-30,6.107651665393491
2018-08-31,6.132155564256203
2018-09-03,6.157427727705972
2018-09-04,6.181865940069164
2018-09-05,6.196573560084512
2018-09-06,6.209545471713039
2018-09-07,6.241705422298885
2018-09-10,6.282293095307078
2018-09-11,6.317489663223278
2018-09-12,6.344946960793745
2018-09-13,6.378021816774936
2018-09-14,6.4441078633667015
2018-09-17,6.513120048905275
2018-09-18,6.582628803607513
2018-09-19,6.6514499215603315
2018-09-20,6.721123412593036
2018-09-21,6.795120022828869
2018-09-25,6.856915122730544
2018-09-26,6.90072774569531
2018-09-27,6.9432412874371
2018-09-28,6.979110875301847
2018-10-08,7.032653454128176
2018-10-09,7.0822242794840164
2018-10-10,7.128952675445348
2018-10-11,7.163897236586882
2018-10-12,7.199965085595845
2018-10-15,7.238024322960255
2018-10-16,7.255970116243494
2018-10-17,7.275561466274555
2018-10-18,7.302829954496374
2018-10-19,7.336758210604215
2018-10-22,7.365512417639376
2018-10-23,7.3977523416548125
2018-10-24,7.413583037622179
2018-10-25,7.422486570492165
2018-10-26,7.423836698412761
2018-10-29,7.4170708735365265
2018-10-30,7.394671829835001
2018-10-31,7.370016344179552
2018-11-01,7.342766673000521
2018-11-02,7.313228324310526
2018-11-05,7.284484832906886
2018-11-06,7.258647617026565
2018-11-07,7.226991674265712
2018-11-08,7.209049198599866
2018-11-09,7.189699573602146
2018-11-12,7.163720140113579
2018-11-13,7.129923913832846
2018-11-14,7.1012225017296995
2018-11-15,7.065665665207103
2018-11-16,7.024343043070092
2018-11-19,6.981757512379686
2018-11-20,6.936304928740248
2018-11-21,6.91123064254313
2018-11-22,6.892464265119835
2018-11-23,6.892192561689779
2018-11-26,6.901201778621312
2018-11-27,6.9088401639414
2018-11-28,6.902717175313468
2018-11-29,6.888938673068204
2018-11-30,6.873218573727171
2018-12-03,6.855877939794804
2018-12-04,6.832760996174183
2018-12-05,6.809163829588067
2018-12-06,6.783329015383323
2018-12-07,6.758921528725683
2018-12-10,6.733578901596774
2018-12-11,6.72092500251663
2018-12-12,6.706823991941284
2018-12-13,6.6860797676749435
2018-12-14,6.660461960137676
2018-12-17,6.629028650317933
2018-12-18,6.600154333532753
2018-12-19,6.572111125703177
2018-12-20,6.536058090531394
2018-12-21,6.503784540616871
2018-12-24,6.484877895652371
2018-12-25,6.472330757055957
2018-12-26,6.447554151218162
2018-12-27,6.413405547662851
2018-12-28,6.377045608406745
2019-01-02,6.335474446061409
2019-01-03,6.2923969220940865
2019-01-04,6.251520872526917
2019-01-07,6.206743795414582
2019-01-08,6.168535615125208
2019-01-09,6.143113080489507
2019-01-10,6.120683469781548
2019-01-11,6.105973906650888
2019-01-14,6.094317024537672
2019-01-15,6.082844140633824
2019-01-16,6.064044066055237
2019-01-17,6.039860508428629
2019-01-18,6.015794226325192
2019-01-21,5.99495601290889
2019-01-22,5.9730612407517505
2019-01-23,5.950136112947396
2019-01-24,5.936109603947805
2019-01-25,5.924193346887353
2019-01-28,5.914836649883544
2019-01-29,5.918696694437303
2019-01-30,5.930364708328719
2019-01-31,5.937058106620906
2019-02-01,5.947117235966775
2019-02-11,5.955156789172634
2019-02-12,5.967775302745654
2019-02-13,5.995371771530119
2019-02-14,6.02495404114115
2019-02-15,6.067593892161563
2019-02-18,6.108042081164103
2019-02-19,6.134724889369218
2019-02-20,6.1643046624026
2019-02-21,6.189778732582093
2019-02-22,6.213327720278693
2019-02-25,6.243476762416148
2019-02-26,6.271467261188529
2019-02-27,6.29218901061474
2019-02-28,6.305070526809832
2019-03-01,6.303918616583585
2019-03-04,6.299125799342066
2019-03-05,6.290004507283375
2019-03-06,6.286901557487059
2019-03-07,6.281202133718654
2019-03-08,6.284639666801208
2019-03-11,6.280827504606511
2019-03-12,6.279300491707335
2019-03-13,6.282113463921508
2019-03-14,6.294982471490407
2019-03-15,6.307917979682204
2019-03-18,6.323637698609563
2019-03-19,6.3431658774996045
2019-03-20,6.356918834460705
2019-03-21,6.374570871346448
2019-03-22,6.393109853252809
2019-03-25,6.412105366406234
2019-03-26,6.433370144173977
2019-03-27,6.470270229855091
2019-03-28,6.513840358787158
2019-03-29,6.544646396836105
2019-04-01,6.569852530255547
2019-04-02,6.599875527880286
2019-04-03,6.639944537954725
2019-04-04,6.692897503271507
2019-04-08,6.719368882285013
2019-04-09,6.735062284188901
2019-04-10,6.7501062022628915
2019-04-11,6.775624521821688
2019-04-12,6.79340564556885
2019-04-15,6.8085461312484
2019-04-16,6.817566668541906
2019-04-17,6.825924875625802
2019-04-18,6.839691818396652
2019-04-19,6.862268007804327
2019-04-22,6.87729057472167
2019-04-23,6.878643012034176
2019-04-24,6.874168449013148
2019-04-25,6.866969993208935
2019-04-26,6.86648012698571
2019-04-29,6.875785903315165
2019-04-30,6.881461574096943
2019-05-06,6.886111893738983
2019-05-07,6.885045899947524
2019-05-08,6.891792213860235
2019-05-09,6.904480798046293
2019-05-10,6.919736161119854
2019-05-13,6.914625562218491
2019-05-14,6.917268840105467
2019-05-15,6.927236918939606
2019-05-16,6.922146729307698
2019-05-17,6.92119619756774
2019-05-20,6.921873678756059
2019-05-21,6.922184655002008
2019-05-22,6.9265493419447175
2019-05-23,6.947447926876734
2019-05-24,6.953892353709717
2019-05-27,6.979966256581664
2019-05-28,7.01222897257109
2019-05-29,7.048111619608605
2019-05-30,7.082555289907459
2019-05-31,7.111003913537422
2019-06-03,7.126101516406502
2019-06-04,7.115585181539957
2019-06-05,7.106862036357627
2019-06-06,7.11082120693031
2019-06-10,7.108631167738395
2019-06-11,7.105675953259363
2019-06-12,7.103217125026738
2019-06-13,7.085868307123093
2019-06-14,7.0798512190806395
2019-06-17,7.0808704455522395
2019-06-18,7.07966312113761
2019-06-19,7.07002430758996
2019-06-20,7.066027334661667
2019-06-21,7.061392778149786
2019-06-24,7.0537914224135685
2019-06-25,7.054335405753465
2019-06-26,7.066562347166544
2019-06-27,7.086787599133395
2019-06-28,7.085223669948791
2019-07-01,7.078644163894871
2019-07-02,7.082092082988735
2019-07-03,7.093422235950204
2019-07-04,7.094892357895873
2019-07-05,7.094561993496155
2019-07-08,7.095771324026565
2019-07-09,7.104238329181115
2019-07-10,7.111756892205671
2019-07-11,7.125909165186593
2019-07-12,7.140501918198188
2019-07-15,7.162047137839339
2019-07-16,7.18574750866064
2019-07-17,7.200117582312357
2019-07-18,7.211334699031772
2019-07-19,7.217123989327743
2019-07-22,7.218936424656455
2019-07-23,7.228538011321536
2019-07-24,7.2401480882165465
2019-07-25,7.248137647203089
2019-07-26,7.252207005536738
2019-07-29,7.255000037786704
2019-07-30,7.2632823104588535
2019-07-31,7.238646675787281
2019-08-01,7.2103963834845395
2019-08-02,7.16971220082549
2019-08-05,7.123627668882202
2019-08-06,7.068097312525053
2019-08-07,7.023876670581816
2019-08-08,6.972452659863044
2019-08-09,6.91683217521917
2019-08-12,6.875233537478403
2019-08-13,6.839216575196999
2019-08-14,6.806813549277125
2019-08-15,6.772306219465212
2019-08-16,6.7323836030777535
2019-08-19,6.693459488054067
2019-08-20,6.675802044211064
2019-08-21,6.660397269731723
2019-08-22,6.640206061572412
2019-08-23,6.610138444839247
2019-08-26,6.586167481779677
2019-08-27,6.553247064102353
2019-08-28,6.522085512849713
2019-08-29,6.49488976228303
2019-08-30,6.459034941270398
2019-09-02,6.422040239256427
2019-09-03,6.3870879100641265
2019-09-04,6.336907578188956
2019-09-05,6.277149511008885
2019-09-06,6.218456411898752
2019-09-09,6.178449386012414
2019-09-10,6.141948257731578
2019-09-11,6.0812986366957595
2019-09-12,6.008633124959629
2019-09-16,5.944615410730124
2019-09-17,5.888423403851508
2019-09-18,5.825056406247612
2019-09-19,5.7632731291492085
2019-09-20,5.712727067123634
2019-09-23,5.674697073879754
2019-09-24,5.629900955541582
2019-09-25,5.587280581535154
2019-09-26,5.519713548770143
2019-09-27,5.441077944028909
2019-09-30,5.354344601534149
2019-10-08,5.282993349403209
2019-10-09,5.208765816645913
2019-10-10,5.136507887515593
2019-10-11,5.074896517439554
2019-10-14,5.010804742018252
2019-10-15,4.940879935426495
2019-10-16,4.871166458486581
2019-10-17,4.809382214038161
2019-10-18,4.747628202053276
2019-10-21,4.698766936101812
2019-10-22,4.6610825703426455
2019-10-23,4.631944378490512
2019-10-24,4.6054369911809765
2019-10-25,4.577167858257985
2019-10-28,4.549135565399978
2019-10-29,4.5278404544454345
2019-10-30,4.511732651837317
2019-10-31,4.495418045974002
2019-11-01,4.482388689259092
2019-11-04,4.464601230328816
2019-11-05,4.439936948842263
2019-11-06,4.43465002161754
2019-11-07,4.450689271291998
2019-11-08,4.466599137998001
2019-11-11,4.468629742777439
2019-11-12,4.473277094534477
2019-11-13,4.481583902458068
2019-11-14,4.48412644657944
2019-11-15,4.478957612762117
2019-11-18,4.462975172175627
2019-11-19,4.447234770755076
2019-11-20,4.416435222102006
2019-11-21,4.377176273430875
2019-11-22,4.335143141662833
2019-11-25,4.30807922522187
2019-11-26,4.286046249490749
2019-11-27,4.281223846591184
2019-11-28,4.293368635657563
2019-11-29,4.314242108895392
2019-12-02,4.345549072933875
2019-12-03,4.374093989700156
2019-12-04,4.40581531853357
2019-12-05,4.435764766469963
2019-12-06,4.454470445484215
2019-12-09,4.476938732624991
2019-12-10,4.501429156857341
2019-12-11,4.525149100634486
2019-12-12,4.5490979877443705
2019-12-13,4.566782601601231
2019-12-16,4.584932927825685
2019-12-17,4.600636531796692
2019-12-18,4.6041174547363655
2019-12-19,4.597172071937491
2019-12-20,4.584564268663631
2019-12-23,4.576235792942336
2019-12-24,4.570729842885649
2019-12-25,4.572269635543098
2019-12-26,4.582450693841785
2019-12-27,4.58170658857979
2019-12-30,4.583501715415724
2019-12-31,4.600009318097131
2020-01-02,4.6113074385059
2020-01-03,4.625886527194251
2020-01-06,4.635542281201992
2020-01-07,4.637977797786149
2020-01-08,4.637096338067696
2020-01-09,4.632941130242912
2020-01-10,4.631458788901344
2020-01-13,4.626134120069166
2020-01-14,4.619558338724703
2020-01-15,4.612347418037165
2020-01-16,4.608763883111431
2020-01-17,4.606277128380029
2020-01-20,4.597092768415673
2020-01-21,4.601194945102721
2020-01-22,4.611852497974286
2020-01-23,4.625972600634805
2020-02-03,4.656069854659986
2020-02-04,4.699076057590138
2020-02-05,4.729870626544032
2020-02-06,4.7529986003996125
2020-02-07,4.774492572268974
2020-02-10,4.793526960332105
2020-02-11,4.808351567216639
2020-02-12,4.821089973822549
2020-02-13,4.8415852795906735
2020-02-14,4.873881342813096
2020-02-17,4.908722341367387
2020-02-18,4.9366771960501925
2020-02-19,4.961447603945572
2020-02-20,4.972945193011667
2020-02-21,4.995969285671627
2020-02-24,5.024532616801302
2020-02-25,5.046670568945437
2020-02-26,5.062878906273973
2020-02-27,5.08592863451502
2020-02-28,5.120101063789528
2020-03-02,5.151805224887162
2020-03-03,5.173727007564022
2020-03-04,5.194576156683271
2020-03-05,5.215191504491725
2020-03-06,5.241106291188812
2020-03-09,5.28464485033818
2020-03-10,5.32081400084776
2020-03-11,5.3489046999509
2020-03-12,5.382078429126791
2020-03-13,5.42393808605326
2020-03-16,5.464094860682646
2020-03-17,5.506148422738812
2020-03-18,5.567586796551629
2020-03-19,5.6458149849049875
2020-03-20,5.705722726886886
2020-03-23,5.773288675836565
2020-03-24,5.835271211801523
2020-03-25,5.907967332359944
2020-03-26,5.997519755477214
2020-03-27,6.099627784330016
2020-03-30,6.194281935350894
2020-03-31,6.267462054741975
2020-04-01,6.355130983458905
2020-04-02,6.423208137977301
2020-04-03,6.479817169003857
2020-04-07,6.516812216570939
2020-04-08,6.558788233895775
2020-04-09,6.603760468367809
2020-04-10,6.635125425504408
2020-04-13,6.647799606154708
2020-04-14,6.670290997009067
2020-04-15,6.695825960232401
2020-04-16,6.727162737573706
2020-04-17,6.753618606791752
2020-04-20,6.78728727855651
2020-04-21,6.833345212307746
2020-04-22,6.884547004830434
2020-04-23,6.903860212754252
2020-04-24,6.925683677695171
2020-04-27,6.9466252105729325
2020-04-28,6.971467403107644
2020-04-29,6.98819399953587
2020-04-30,7.003179641856597
2020-05-06,7.006960446092405
2020-05-07,7.015595001264847
2020-05-08,7.020880900131346
2020-05-11,7.03683052494715
2020-05-12,7.063412110830453
2020-05-13,7.086785037713278
2020-05-14,7.11385300101907
2020-05-15,7.138630931288213
2020-05-18,7.154848559449821
2020-05-19,7.149687603480886
2020-05-20,7.146943117404981
2020-05-21,7.121280686558352
2020-05-22,7.090564555401134
2020-05-25,7.058943374264646
2020-05-26,7.041183317539149
2020-05-27,7.028102971573864
2020-05-28,7.027833012635625
2020-05-29,7.041947827063158
2020-06-01,7.04525902934123
2020-06-02,7.035789337519428
2020-06-03,7.0348678534878815
2020-06-04,7.035957089482194
2020-06-05,7.03794306891102
2020-06-08,7.049339442228089
2020-06-09,7.0607049200139445
2020-06-10,7.068714570076974
2020-06-11,7.071215616757455
2020-06-12,7.081360020806728
2020-06-15,7.088112777317409
2020-06-16,7.091781454701085
2020-06-17,7.09275637897519
2020-06-18,7.082460255924561
2020-06-19,7.069887631041366
2020-06-22,7.048371218594488
2020-06-23,7.032860755143765
2020-06-24,7.021211927509594
2020-06-29,6.99545974593715
2020-06-30,6.963294085105776
2020-07-01,6.938791934775815
2020-07-02,6.923529933392524
2020-07-03,6.895288650891157
2020-07-06,6.866819429369464
2020-07-07,6.841767404247591
2020-07-08,6.806856297412424
2020-07-09,6.781786245215087
2020-07-10,6.752431263029168
2020-07-13,6.721459904185441
2020-07-14,6.704283351056027
2020-07-15,6.696382639513779
2020-07-16,6.697390931308243
2020-07-17,6.6997754962999725
2020-07-20,6.69607560382895
2020-07-21,6.689146837227426
2020-07-22,6.679583395549047
2020-07-23,6.669270991038985
2020-07-24,6.655423815664754
2020-07-27,6.627203068502807
2020-07-28,6.636303952662082
2020-07-29,6.6572783289789195
2020-07-30,6.684546176798641
2020-07-31,6.7125286491108955
2020-08-03,6.741496119403726
2020-08-04,6.768373461307068
2020-08-05,6.803802828251816
2020-08-06,6.833035283517687
2020-08-07,6.856436689642502
2020-08-10,6.887883014941796
2020-08-11,6.913279867652287
2020-08-12,6.937058295657549
2020-08-13,6.956836681244694
2020-08-14,6.969190943533249
2020-08-17,6.972747293293782
2020-08-18,6.986987343666383
2020-08-19,7.004862521185535
2020-08-20,7.030564433818492
2020-08-21,7.048087528191833
2020-08-24,7.072691131210355
2020-08-25,7.097670747667631
2020-08-26,7.11857075538726
2020-08-27,7.14797003866958
2020-08-28,7.178748598988914
2020-08-31,7.214754046019042
2020-09-01,7.266695243584369
2020-09-02,7.3271792728221055
2020-09-03,7.380173406136011
2020-09-04,7.421533546527836
2020-09-07,7.468340961176566
2020-09-08,7.51491201839637
2020-09-09,7.566059692568238
2020-09-10,7.609164864332353
2020-09-11,7.646597073003606
2020-09-14,7.686955749152588
2020-09-15,7.740175023623571
2020-09-16,7.790273624115983
2020-09-17,7.837993359396249
2020-09-18,7.904457818726057
2020-09-21,7.988218842321424
2020-09-22,8.090787084542976
2020-09-23,8.187265279150186
2020-09-24,8.28814760855158
2020-09-25,8.374511076357246
2020-09-28,8.459428074989795
2020-09-29,8.531142823889038
2020-09-30,8.597226515308215
2020-10-09,8.664847710763787
2020-10-12,8.72837660129602
2020-10-13,8.77645305286698
2020-10-14,8.84372489976685
2020-10-15,8.9182403873661
2020-10-16,8.982009886288232
2020-10-19,9.028943862203427
2020-10-20,9.080202033559967
2020-10-21,9.154614010872248
2020-10-22,9.24071489645981
2020-10-23,9.298024443399227
2020-10-26,9.345174275726574
2020-10-27,9.393357347495451
2020-10-28,9.448191823510214
2020-10-29,9.499806726217216
2020-10-30,9.555952842874285
2020-11-02,9.619283028485288
2020-11-03,9.682482781882758
2020-11-04,9.73764572992465
2020-11-05,9.795760111583153
2020-11-06,9.861814833963432
2020-11-09,9.9244812451918
2020-11-10,9.994733481298315
2020-11-11,10.06768382512471
2020-11-12,10.148062715855875
2020-11-13,10.225077405501757
2020-11-16,10.300074621250527
2020-11-17,10.368714981564343
2020-11-18,10.451302961527986
2020-11-19,10.539893353306018
2020-11-20,10.625173827866767
2020-11-23,10.718597565430123
2020-11-24,10.794376343883531
2020-11-25,10.860247450116706
2020-11-26,10.912070872193556
2020-11-27,10.943605337679585
2020-11-30,10.975909230216475
2020-12-01,11.007769160511206
2020-12-02,11.036809950930019
2020-12-03,11.063326772175738
2020-12-04,11.086711315827833
2020-12-07,11.11371442306188
2020-12-08,11.15135578292293
2020-12-09,11.205121199562297
2020-12-10,11.270007053129774
2020-12-11,11.33218474023692
2020-12-14,11.401683807800111
2020-12-15,11.467059331029056
2020-12-16,11.531530792659414
2020-12-17,11.595760813060556
2020-12-18,11.66809474301051
2020-12-21,11.74937248234447
2020-12-22,11.823974454160158
2020-12-23,11.890001703892601
2020-12-24,11.96650705357332
2020-12-25,12.037342758652244
2020-12-28,12.079359457097672
2020-12-29,12.110850594723503
2020-12-30,12.13564280981676
2020-12-31,12.168193631402794
2021-01-04,12.211140028069293
2021-01-05,12.261267400510475
2021-01-06,12.311645537336235
2021-01-07,12.36497208803922
2021-01-08,12.414846812624592
2021-01-11,12.469579557690952
2021-01-12,12.527438089200132
2021-01-13,12.5871578469301
2021-01-14,12.644037094400456
2021-01-15,12.701133734203744
2021-01-18,12.762240488565233
2021-01-19,12.81891809759115
2021-01-20,12.859406480050993
2021-01-21,12.872310979645771
2021-01-22,12.87436953259257
2021-01-25,12.886583756213325
2021-01-26,12.912791302341411
2021-01-27,12.9393750322151
2021-01-28,12.961018130383803
2021-01-29,12.989082853771313
2021-02-01,13.01116521765664
2021-02-02,13.027489716850063
2021-02-03,13.045617376176285
2021-02-04,13.066724726388593
2021-02-05,13.108148513259707
2021-02-08,13.153537566750794
2021-02-09,13.200513693861417
2021-02-10,13.234689088360689
2021-02-18,13.282896410310626
2021-02-19,13.339848944483684
2021-02-22,13.422828005377527
2021-02-23,13.508280930634815
2021-02-24,13.583506975716954
2021-02-25,13.662551477039093
2021-02-26,13.754686145289075
2021-03-01,13.840431724476957
2021-03-02,13.920126269201171
2021-03-03,13.992611831572159
2021-03-04,14.048204384547553
2021-03-05,14.092681952688235
2021-03-08,14.151802921445988
2021-03-09,14.204346139275902
2021-03-10,14.246045504308746
2021-03-11,14.286645797501446
2021-03-12,14.338886386996272
2021-03-15,14.371076764937996
2021-03-16,14.389708586069318
2021-03-17,14.413206172476187
2021-03-18,14.426782041099951
2021-03-19,14.429766798804243
2021-03-22,14.427373327677957
2021-03-23,14.404620276181497
2021-03-24,14.364771323166767
2021-03-25,14.323594272650336
2021-03-26,14.296745612052735
2021-03-29,14.27240253962807
2021-03-30,14.272804702655877
2021-03-31,14.2749518364033
2021-04-01,14.297699076498251
2021-04-02,14.331783936107698
2021-04-06,14.363380622996019
2021-04-07,14.409212080320396
2021-04-08,14.467218052629237
2021-04-09,14.514058464908052
2021-04-12,14.546663149330687
2021-04-13,14.582196004687
2021-04-14,14.631698046839972
2021-04-15,14.68176269026029
2021-04-16,14.719888630867551
2021-04-19,14.747641026245379
2021-04-20,14.804097168166583
2021-04-21,14.855982554635284
2021-04-22,14.906074530351141
2021-04-23,14.951929533016678
2021-04-26,15.007299204709133
2021-04-27,15.067255719878336
2021-04-28,15.124954227091216
2021-04-29,15.180283888271667
2021-04-30,15.228548658458621
2021-05-06,15.278023131348942
2021-05-07,15.334187292539067
2021-05-10,15.392361356832968
2021-05-11,15.4399548932373
2021-05-12,15.497582340930236
2021-05-13,15.554682263591513
2021-05-14,15.610696687097846
2021-05-17,15.665650286242894
2021-05-18,15.721517152708802
2021-05-19,15.757878603074815
2021-05-20,15.782941575844077
2021-05-21,15.803394865903876
2021-05-24,15.813417680032
2021-05-25,15.823810458403582
2021-05-26,15.835800216448032
2021-05-27,15.856198252560038
2021-05-28,15.881201739132852
2021-05-31,15.902852253072268
2021-06-01,15.928071644437228
2021-06-02,15.961211407273307
2021-06-03,16.000152988551577
2021-06-04,16.03370063306835
2021-06-07,16.058698543469596
2021-06-08,16.083032329764556
2021-06-09,16.104829556923313
2021-06-10,16.121260571326385
2021-06-11,16.143161874009685
2021-06-15,16.164065760448388
2021-06-16,16.196612014153924
2021-06-17,16.230999239750556
2021-06-18,16.261476570019006
2021-06-21,16.28945208388918
2021-06-22,16.31800405573063
2021-06-23,16.35453488411802
2021-06-24,16.389981896043352
2021-06-25,16.426185131499675
2021-06-28,16.468696131147883
2021-06-29,16.5243882734223
2021-06-30,16.58041274794717
2021-07-01,16.633433248197505
2021-07-02,16.69043511234376
2021-07-05,16.74817802516802
2021-07-06,16.805441550152906
2021-07-07,16.852551691684873
2021-07-08,16.89961338580798
2021-07-09,16.952275482750885
2021-07-12,17.007573568700867
2021-07-13,17.066213306706715
2021-07-14,17.116078249683355
2021-07-15,17.160058505106694
2021-07-16,17.204465745909534
2021-07-19,17.246428888751353
2021-07-20,17.290602466384502
2021-07-21,17.340992141509798
2021-07-22,17.372100211261756
2021-07-23,17.389121019193276
2021-07-26,17.399691149410174
2021-07-27,17.4097676833078
2021-07-28,17.416637292053117
2021-07-29,17.41715273791759
2021-07-30,17.41518822522569
2021-08-02,17.411710455307325
2021-08-03,17.404614273354625
2021-08-04,17.39422357531506
2021-08-05,17.38365894769042
2021-08-06,17.375360720174093
2021-08-09,17.371260265554945
2021-08-10,17.37683628045842
2021-08-11,17.38896938386768
2021-08-12,17.372125672747696
2021-08-13,17.347785997182562
2021-08-16,17.33730131177189
2021-08-17,17.3275763603354
2021-08-18,17.309378616760025
2021-08-19,17.30205964568007
2021-08-20,17.303225704573123
2021-08-23,17.303443525779862
2021-08-24,17.296043885135255
2021-08-25,17.28330610110234
2021-08-26,17.27315544060079
2021-08-27,17.255505123067262
2021-08-30,17.25242441132648
2021-08-31,17.24732667136416
2021-09-01,17.232326825723778
2021-09-02,17.210085411913276
2021-09-03,17.195698488430644
2021-09-06,17.182711469214283
2021-09-07,17.16137398808554
2021-09-08,17.133412640961467
2021-09-09,17.09186286285158
2021-09-10,17.035805932129975
2021-09-13,16.976010021634934
2021-09-14,16.895235481758636
2021-09-15,16.80647811202182
2021-09-16,16.71637568262867
2021-09-17,16.625177781743055
2021-09-22,16.531230343806193
2021-09-23,16.458498460309002
2021-09-24,16.400610094843575
2021-09-27,16.3710418767142
2021-09-28,16.35158407071702
2021-09-29,16.33709737959728
2021-09-30,16.33240290189729
2021-10-08,16.36463492308084
2021-10-11,16.37734213866664
2021-10-12,16.39293830719501
2021-10-13,16.38540371124933
2021-10-14,16.3967663812463
2021-10-15,16.39847502955124
2021-10-18,16.378926158315505
2021-10-19,16.354972532805146
2021-10-20,16.338069150904943
2021-10-21,16.33292704996567
2021-10-22,16.31513136916064
2021-10-25,16.287231567130334
2021-10-26,16.250380282833472
2021-10-27,16.20691820155896
2021-10-28,16.15554307999524
2021-10-29,16.103395449674913
2021-11-01,16.04743440442259
2021-11-02,15.974466889766678
2021-11-03,15.898233978487479
2021-11-04,15.822724083575494
2021-11-05,15.746381071000133
2021-11-08,15.668658727260983
2021-11-09,15.58658936294685
2021-11-10,15.506759212880317
2021-11-11,15.423207988427052
2021-11-12,15.342379177323062
2021-11-15,15.24422782227418
2021-11-16,15.142808988852224
2021-11-17,15.042937766582867
2021-11-18,14.932712244423485
2021-11-19,14.821314172176358
2021-11-22,14.71477046457856
2021-11-23,14.620177494708905
2021-11-24,14.537849302544359
2021-11-25,14.45669858181607
2021-11-26,14.373889682645519
2021-11-29,14.305770075570479
2021-11-30,14.244982500272219
2021-12-01,14.180414465883878
2021-12-02,14.105827871492885
2021-12-03,14.034380727251683
2021-12-06,13.95181135519762
2021-12-07,13.86304698893505
2021-12-08,13.782326635259949
2021-12-09,13.698426294282578
2021-12-10,13.631604401788252
2021-12-13,13.563501542022887
2021-12-14,13.491555840798782
2021-12-15,13.417477406618792
2021-12-16,13.344680841651844
2021-12-17,13.272882477829171
2021-12-20,13.200977768073951
2021-12-21,13.1322975579783
2021-12-22,13.075693832583099
2021-12-23,13.031786180879116
2021-12-24,12.993542957341921
2021-12-27,12.965140820108246
2021-12-28,12.933271003427697
2021-12-29,12.896322133537534
2021-12-30,12.854060947287316
2021-12-31,12.806151170457808
2022-01-04,12.750645492268532
2022-01-05,12.704487597690987
2022-01-06,12.65843872606073
2022-01-07,12.607016973051465
2022-01-10,12.548015886231335
2022-01-11,12.48803367746725
2022-01-12,12.422620663875309
2022-01-13,12.346951346892759
2022-01-14,12.2645925374875
2022-01-17,12.189428203433955
2022-01-18,12.125842919944278
2022-01-19,12.05500531467316
2022-01-20,11.980429315242404
2022-01-21,11.898905777027785
2022-01-24,11.819269328689584
2022-01-25,11.739043572662453
2022-01-26,11.65793642894209
2022-01-27,11.58389372060007
2022-01-28,11.509903866745505
2022-02-07,11.449297000235315
2022-02-08,11.38297526467234
2022-02-09,11.30013187489405
2022-02-10,11.215111044222644
2022-02-11,11.130558089277427
2022-02-14,11.048838741344632
2022-02-15,10.950081326027078
2022-02-16,10.846956664904924
2022-02-17,10.7245900766883
2022-02-18,10.598521690296515
2022-02-21,10.474666742703821
2022-02-22,10.353406504053769
2022-02-23,10.235470992319556
2022-02-24,10.125064253415779
2022-02-25,10.022703261827687
2022-02-28,9.924851144674829
2022-03-01,9.832745683340983
2022-03-02,9.76172030395321
2022-03-03,9.687611818601749
2022-03-04,9.613138349048109
2022-03-07,9.54907689888656
2022-03-08,9.482515383193428
2022-03-09,9.414462738137537
2022-03-10,9.332061147352604
2022-03-11,9.240662725141629
2022-03-14,9.149928106265364
2022-03-15,9.053454548999845
2022-03-16,8.96679983632013
2022-03-17,8.878951620395526
2022-03-18,8.803325128216148
2022-03-21,8.723889031404656
2022-03-22,8.62936668842212
2022-03-23,8.533406333391529
2022-03-24,8.440730597783062
2022-03-25,8.341909873748516
2022-03-28,8.253205442007495
2022-03-29,8.168539457163437
2022-03-30,8.077279929906208
2022-03-31,7.994781565712456
2022-04-01,7.9240407131587585
2022-04-06,7.87827072634764
2022-04-07,7.833729723647705
2022-04-08,7.803033421082546
2022-04-11,7.75638517164715
2022-04-12,7.707931692741513
2022-04-13,7.653255788824248
2022-04-14,7.599242502550448
2022-04-15,7.55023264970939
2022-04-18,7.481375212769466
2022-04-19,7.417181363669757
2022-04-20,7.345815030157884
2022-04-21,7.275047075983487
2022-04-22,7.197277063006895
2022-04-25,7.1170059277413795
2022-04-26,7.043731240415446
2022-04-27,6.977266355524099
2022-04-28,6.914057258651705
2022-04-29,6.834666220295613
2022-05-05,6.753838705289939
2022-05-06,6.67749834364334
2022-05-09,6.60446517002774
2022-05-10,6.521551833378828
2022-05-11,6.440741053282664
2022-05-12,6.373541479899952
2022-05-13,6.309865325796496
2022-05-16,6.246527661176429
2022-05-17,6.20914598255307
2022-05-18,6.18506420236048
2022-05-19,6.160835849222124
2022-05-20,6.143556841815689
2022-05-23,6.127856540066617
2022-05-24,6.116990742719031
2022-05-25,6.1033457153262365
2022-05-26,6.094649310613821
2022-05-27,6.086767086119025
2022-05-30,6.077663813714208
2022-05-31,6.072798678185977
2022-06-01,6.067583843166084
2022-06-02,6.0679374643777795
2022-06-06,6.079717110992085
2022-06-07,6.102403705355343
2022-06-08,6.118726786050476
2022-06-09,6.143740979112922
2022-06-10,6.165623252086325
2022-06-13,6.18667784968326
2022-06-14,6.202603218179639
2022-06-15,6.2122299085221755
2022-06-16,6.218873050819754
2022-06-17,6.229693434311628
2022-06-20,6.239078847383176
2022-06-21,6.2311419866161355
2022-06-22,6.219045270806797
2022-06-23,6.200601231924269
2022-06-24,6.178944519526155
2022-06-27,6.148114284131442
2022-06-28,6.110458248683996
2022-06-29,6.081660296759663
2022-06-30,6.05477973755646
2022-07-01,6.014900406102886
2022-07-04,5.975790009047257
2022-07-05,5.948987191066347
2022-07-06,5.89734620073159
2022-07-07,5.837428222408257
2022-07-08,5.773003876742327
2022-07-11,5.716676659904927
2022-07-12,5.67035610844766
2022-07-13,5.63203780438419
2022-07-14,5.599903551236466
2022-07-15,5.581650493218047
2022-07-18,5.564064668392138
2022-07-19,5.538638944704283
2022-07-20,5.509217094068373
2022-07-21,5.496521157492893
2022-07-22,5.4930473112442755
2022-07-25,5.483525199645151
2022-07-26,5.474792208760666
2022-07-27,5.464116499528295
2022-07-28,5.452505566428368
2022-07-29,5.443804109508984
2022-08-01,5.434690714719959
2022-08-02,5.444243259397192
2022-08-03,5.454885743050435
2022-08-04,5.468322103210871
2022-08-05,5.482296289731178
2022-08-08,5.481156106315575
2022-08-09,5.473164331216115
2022-08-10,5.490080936287364
2022-08-11,5.512616757001154
2022-08-12,5.51580725483954
2022-08-15,5.51357446557887
2022-08-16,5.514471034441776
2022-08-17,5.508508146186051
2022-08-18,5.499962944992057
2022-08-19,5.496585071173348
2022-08-22,5.502775767109975
2022-08-23,5.505842004620183
2022-08-24,5.494116115282035
2022-08-25,5.493857746169432
2022-08-26,5.48735059134362
2022-08-29,5.48288875242074
2022-08-30,5.494811345066417
2022-08-31,5.516830974738983
2022-09-01,5.559514862445109
2022-09-02,5.587239453049181
2022-09-05,5.612568920825574
2022-09-06,5.6323269324781
2022-09-07,5.644180647364454
2022-09-08,5.669827251870537
2022-09-09,5.6903251267831685
2022-09-13,5.720505453110075
2022-09-14,5.751644021799959
2022-09-15,5.775736124618199
2022-09-16,5.807868646371681
2022-09-19,5.851092951895826
2022-09-20,5.883586466863736
2022-09-21,5.913395159017076
2022-09-22,5.924849892673779
2022-09-23,5.932667292433737
2022-09-26,5.937803675889094
2022-09-27,5.934526987358218
2022-09-28,5.906820805173162
2022-09-29,5.871984066408271
2022-09-30,5.821948777104086
2022-10-10,5.782239625054124
2022-10-11,5.744719416545178
2022-10-12,5.720540096577917
2022-10-13,5.703337669279032
2022-10-14,5.682831156265832
2022-10-17,5.688857882594902
2022-10-18,5.690950749108238
2022-10-19,5.706852025252016
2022-10-20,5.7222674334106
2022-10-21,5.745803342777441
2022-10-24,5.76792612662739
2022-10-25,5.79621346022323
2022-10-26,5.820227603648619
2022-10-27,5.841727902921629
2022-10-28,5.886183498140044
2022-10-31,5.946280492282461
2022-11-01,6.012166248472144
2022-11-02,6.06363785921837
2022-11-03,6.115650368427236
2022-11-04,6.160115796959737
2022-11-07,6.203755898696775
2022-11-08,6.248720084795644
2022-11-09,6.293209136969142
2022-11-10,6.3439210686346375
2022-11-11,6.388202314044087
2022-11-14,6.4231353520653265
2022-11-15,6.455520739336281
2022-11-16,6.490330669143894
2022-11-17,6.529110325397763
2022-11-18,6.568500991999655
2022-11-21,6.621770618695487
2022-11-22,6.675984938279509
2022-11-23,6.731002956394831
2022-11-24,6.777801655943936
2022-11-25,6.823367299475898
2022-11-28,6.874901643582658
2022-11-29,6.933270645669277
2022-11-30,6.983378395296149
2022-12-01,7.0368383695925125
2022-12-02,7.0950281169099245
2022-12-05,7.143102618018206
2022-12-06,7.186468829561589
2022-12-07,7.227172934517636
2022-12-08,7.272872170494072
2022-12-09,7.316726474876408
2022-12-12,7.339638596474527
2022-12-13,7.356845137924678
2022-12-14,7.374411199815945
2022-12-15,7.392428946820148
2022-12-16,7.402468539665597
2022-12-19,7.406265540162174
2022-12-20,7.410766052931152
2022-12-21,7.421875748840732
2022-12-22,7.423766011370855
2022-12-23,7.432516225262015
2022-12-26,7.439438021355705
2022-12-27,7.443309346032054
2022-12-28,7.4543788275658756
2022-12-29,7.461211609114752
2022-12-30,7.460043107312876
2023-01-03,7.4551570484651
2023-01-04,7.4488787505485465
2023-01-05,7.4435669394297115
2023-01-06,7.444931837193579
2023-01-09,7.448408689190347
2023-01-10,7.459587728101358
2023-01-11,7.471397760233657
2023-01-12,7.480513761251803
2023-01-13,7.494852617556646
2023-01-16,7.53123321175925
2023-01-17,7.5729639362365635
2023-01-18,7.610135325688519
2023-01-19,7.642806798980208
2023-01-20,7.680977500375672
2023-01-30,7.718535873933046
2023-01-31,7.745084999839191
2023-02-01,7.7670230001020455
2023-02-02,7.771253926704205
2023-02-03,7.766480024243515
2023-02-06,7.781059066548634
2023-02-07,7.798555972639104
2023-02-08,7.811976404687378
2023-02-09,7.82987086636585
2023-02-10,7.849643606316402
2023-02-13,7.869560478989959
2023-02-14,7.890033542831917
2023-02-15,7.905377749215879
2023-02-16,7.922657657878785
2023-02-17,7.949796829754565
2023-02-20,7.9760157621961
2023-02-21,8.00201499328576
2023-02-22,8.018736620708077
2023-02-23,8.035458248130395
2023-02-24,8.035630770647323
2023-02-27,8.018713331421957
2023-02-28,7.989578696477852
2023-03-01,7.960597193588979
2023-03-02,7.922579008313457
2023-03-03,7.889902417989452
2023-03-06,7.844244201069412
2023-03-07,7.812757120026259
2023-03-08,7.771079668632064
2023-03-09,7.740629539854478
2023-03-10,7.723367624075349
2023-03-13,7.706878194270889
2023-03-14,7.705366650380182
2023-03-15,7.706391237269054
2023-03-16,7.718982614332919
2023-03-17,7.735609705648464
2023-03-20,7.745470125650774
2023-03-21,7.753639363639906
2023-03-22,7.767430706987806
2023-03-23,7.776887415612276
2023-03-24,7.790023022668418
2023-03-27,7.800725689733255
2023-03-28,7.791225430514478
2023-03-29,7.768649247071699
2023-03-30,7.729877217587756
2023-03-31,7.69743140313305
2023-04-03,7.653871530605418
2023-04-04,7.642820376483142
2023-04-06,7.628787953954113
2023-04-07,7.608048864549474
2023-04-10,7.57715372327354
2023-04-11,7.53865955098777
2023-04-12,7.523181163684337
2023-04-13,7.51439552026568
2023-04-14,7.5211078320092275
2023-04-17,7.528773048650584
2023-04-18,7.542633556010973
2023-04-19,7.550466404187344
2023-04-20,7.56216490617363
2023-04-21,7.570416373282027
2023-04-24,7.575999729038047
2023-04-25,7.594324907463841
2023-04-26,7.615767906491254
2023-04-27,7.626191469111731
2023-04-28,7.637797642684051
2023-05-04,7.644538067408919
2023-05-05,7.646697620661456
2023-05-08,7.644706283090404
2023-05-09,7.640826736183659
2023-05-10,7.6503354731832545
2023-05-11,7.646799546908807
2023-05-12,7.6516857578010615
2023-05-15,7.669256267548622
2023-05-16,7.6880759423833815
2023-05-17,7.706851858255261
2023-05-18,7.714202466698843
2023-05-19,7.727380636521302
2023-05-22,7.736791535319971
2023-05-23,7.74710058643576
2023-05-24,7.749372222392016
2023-05-25,7.741204876958664
2023-05-26,7.73528280111503
2023-05-29,7.728597415822717
2023-05-30,7.722648582753648
2023-05-31,7.719568670308389
2023-06-01,7.717754162368836
2023-06-02,7.713127164814499
2023-06-05,7.71314043724721
2023-06-06,7.716399003847899
2023-06-07,7.714889556199573
2023-06-08,7.71360078977947
2023-06-09,7.721115601426992
2023-06-12,7.747574564122317
2023-06-13,7.778809541403961
2023-06-14,7.807919806903602
2023-06-15,7.84449573124041
2023-06-16,7.878608973294675
2023-06-19,7.905668140288738
2023-06-20,7.936755281042483
2023-06-21,7.973545207999656
2023-06-26,8.007398048124182
2023-06-27,8.027892552416107
2023-06-28,8.060644780280402
2023-06-29,8.09618277391014
2023-06-30,8.127909076375692
2023-07-03,8.177182124592756
2023-07-04,8.23061897181524
2023-07-05,8.288331979460391
2023-07-06,8.33796346103386
2023-07-07,8.372178830881406
2023-07-10,8.404420958002834
2023-07-11,8.425035479917515
2023-07-12,8.423135613273772
2023-07-13,8.420774571110046
2023-07-14,8.416522419169747
2023-07-17,8.431299197249892
2023-07-18,8.438923128994482
2023-07-19,8.442752212305464
2023-07-20,8.46186422510507
2023-07-21,8.491218848633135
2023-07-24,8.528492401862003
2023-07-25,8.577119763472023
2023-07-26,8.617942506828657
2023-07-27,8.6619173922329
2023-07-28,8.675236663001641
2023-07-31,8.679299230394234
2023-08-01,8.681859550793988
2023-08-02,8.67782224395344
2023-08-03,8.689022188847247
2023-08-04,8.703623077256669
2023-08-07,8.709220255794547
2023-08-08,8.717600817351684
2023-08-09,8.728598611864523
2023-08-10,8.738668659548836
2023-08-11,8.747926804083239
2023-08-14,8.757075271210166
2023-08-15,8.764940181079146
2023-08-16,8.775970460884647
2023-08-17,8.786851215433574
2023-08-18,8.781807691749645
2023-08-21,8.76348439938112
2023-08-22,8.733954657792196
2023-08-23,8.69329267246779
2023-08-24,8.659720752861842
2023-08-25,8.618158429877633
2023-08-28,8.566597840173065
2023-08-29,8.491523369369107
2023-08-30,8.417894517159164
2023-08-31,8.345981323084303
2023-09-01,8.303136458344918
2023-09-04,8.277115350559951
2023-09-05,8.253487975648962
2023-09-06,8.247120844688634
2023-09-07,8.241083083734852
2023-09-08,8.237696534789682
2023-09-11,8.229288222755637
2023-09-12,8.231044276171929
2023-09-13,8.23149761352815
2023-09-14,8.227197303056913
2023-09-15,8.214919248518513
2023-09-18,8.200612976545784
2023-09-19,8.197372267304033
2023-09-20,8.187167866577823
2023-09-21,8.172040428979027
2023-09-22,8.155243208008383
2023-09-25,8.134539686180528
2023-09-26,8.10761802834793
2023-09-27,8.096472333397003
2023-09-28,8.090824762494803
2023-10-09,8.067400039809073
2023-10-10,8.028143197701448
2023-10-11,7.987980144625285
2023-10-12,7.938336338637144
2023-10-13,7.884812097129535
2023-10-16,7.832758684742069
2023-10-17,7.780524843096732
2023-10-18,7.7360692996266485
2023-10-19,7.705570346140809
2023-10-20,7.66830092295289
2023-10-23,7.629409142868678
2023-10-24,7.591185194788082
2023-10-25,7.543909383642802
2023-10-26,7.484946625084317
2023-10-27,7.435135845789507
2023-10-30,7.397077323863124
2023-10-31,7.370245924730735
2023-11-01,7.354920645499551
2023-11-02,7.335834373930204
2023-11-03,7.320906894344358
2023-11-06,7.313555223427031
2023-11-07,7.304159560244384
2023-11-08,7.303054608314609
2023-11-09,7.315465582379009
2023-11-10,7.332275813891293
2023-11-13,7.341805066332889
2023-11-14,7.346025986078033
2023-11-15,7.361150096941021
2023-11-16,7.371922220363093
2023-11-17,7.382988912618162
2023-11-20,7.387275320161639
2023-11-21,7.375197109200344
2023-11-22,7.364662197889901
2023-11-23,7.346350645577797
2023-11-24,7.325118016631244
2023-11-27,7.318605693654218
2023-11-28,7.307220067104821
2023-11-29,7.28823708951612
2023-11-30,7.277677730066095
2023-12-01,7.27100083313273
2023-12-04,7.26220324214891
2023-12-05,7.250767567262647
2023-12-06,7.245458015814056
2023-12-07,7.258035611559006
2023-12-08,7.281981886544414
2023-12-11,7.303834533334459
2023-12-12,7.330271306641728
2023-12-13,7.353108637571793
2023-12-14,7.3719128220869345
2023-12-15,7.395907824775039
2023-12-18,7.41855374517469
2023-12-19,7.452178298642604
2023-12-20,7.479783058846708
2023-12-21,7.5164113755998665
2023-12-22,7.555485435007368
2023-12-25,7.592252198084923
2023-12-26,7.6413384198109995
2023-12-27,7.6926626624571
2023-12-28,7.745718679557096
2023-12-29,7.800335619352838
2024-01-02,7.840102185873899
2024-01-03,7.875119194465917
2024-01-04,7.908718437879177
2024-01-05,7.917634529749833
2024-01-08,7.920845440525069
2024-01-09,7.915421473879954
2024-01-10,7.897368439123568
2024-01-11,7.861338765102573
2024-01-12,7.820634795513667
2024-01-15,7.792459750809769
2024-01-16,7.770577558034477
2024-01-17,7.746204873055329
2024-01-18,7.715419934447921
2024-01-19,7.685901099828303
2024-01-22,7.668186713321878
2024-01-23,7.646937460706193
2024-01-24,7.636461129533361
2024-01-25,7.613919299808112
2024-01-26,7.587029181443976
2024-01-29,7.57985076904782
2024-01-30,7.571697279552156
2024-01-31,7.5634033740768505
2024-02-01,7.549599352962419
2024-02-02,7.53663996592737
2024-02-05,7.5237148491811485
2024-02-06,7.511306787171588
2024-02-07,7.491622646202554
2024-02-08,7.471481803686531
2024-02-19,7.45064858602141
2024-02-20,7.428140321965492
2024-02-21,7.397944006730838
2024-02-22,7.3816936565706435
2024-02-23,7.372145274419363
2024-02-26,7.370553048454227
2024-02-27,7.362550030886965
2024-02-28,7.349856964237608
2024-02-29,7.341449183998184
2024-03-01,7.33043934540629
2024-03-04,7.321741866519592
2024-03-05,7.333135845091706
2024-03-06,7.3552059518231
2024-03-07,7.375679213826704
2024-03-08,7.401419848739621
2024-03-11,7.418079236066181
2024-03-12,7.42866537871339
2024-03-13,7.438810993347757
2024-03-14,7.451560043807095
2024-03-15,7.469330242622316
2024-03-18,7.488617029871415
2024-03-19,7.505239858464804
2024-03-20,7.528662119773225
2024-03-21,7.538529066054927
2024-03-22,7.561973697098296
2024-03-25,7.598249084166044
2024-03-26,7.629302997114536
2024-03-27,7.657240572727745
2024-03-28,7.675920409142773
2024-03-29,7.696244228831399
2024-04-01,7.692935353282444
2024-04-02,7.695684038890014
2024-04-03,7.687678074037054
2024-04-08,7.687945436901303
2024-04-09,7.69588921172824
2024-04-10,7.69760888035967
2024-04-11,7.6967315666665375
2024-04-12,7.68498307019961
2024-04-15,7.673035364551922
2024-04-16,7.662760142379581
2024-04-17,7.657506363310839
2024-04-18,7.643554157771987
2024-04-19,7.639568359160582
2024-04-22,7.638819359990517
2024-04-23,7.622667701604735
2024-04-24,7.6006306750607155
2024-04-25,7.580686596424062
2024-04-26,7.564540518022344
2024-04-29,7.564374537044147
2024-04-30,7.565610916414375
2024-05-06,7.566507437865712
2024-05-07,7.574150475273594
2024-05-08,7.572575449552106
2024-05-09,7.575797857515505
2024-05-10,7.565122206765958
2024-05-13,7.547722148580738
2024-05-14,7.533901141019582
2024-05-15,7.509977553021672
2024-05-16,7.490159684018373
2024-05-17,7.464193640703998
2024-05-20,7.442265029945146
2024-05-21,7.416429757538774
2024-05-22,7.397051688450033
2024-05-23,7.3820594837026965
2024-05-24,7.366874405265708
2024-05-27,7.364096867522543
2024-05-28,7.36652548027333
2024-05-29,7.356507511773814
2024-05-30,7.360229769884118
2024-05-31,7.365546468010811
2024-06-03,7.349810442856625
2024-06-04,7.32996010508608
2024-06-05,7.314152239547303
2024-06-06,7.305027068965066
2024-06-07,7.296498049021874
2024-06-11,7.268059683389231
2024-06-12,7.231990004267958
2024-06-13,7.201802647038444
2024-06-14,7.164722998400416
2024-06-17,7.136437209440091
2024-06-18,7.1131432106486905
2024-06-19,7.092159297683086
2024-06-20,7.072047060957438
2024-06-21,7.038833786219271
2024-06-24,7.009481820661598
2024-06-25,6.979117347350874
2024-06-26,6.941407767443786
2024-06-27,6.906629730010985
2024-06-28,6.880659570242092
2024-07-01,6.853381539936093
2024-07-02,6.823592939457852
2024-07-03,6.801398066939225
2024-07-04,6.799363808355992
2024-07-05,6.791101859337438
2024-07-08,6.787527472026854
2024-07-09,6.8023756122642824
2024-07-10,6.818557194964951
2024-07-11,6.841145575197615
2024-07-12,6.856876995540583
2024-07-15,6.866585139308929
2024-07-16,6.876431530936362
2024-07-17,6.870277265125544
2024-07-18,6.853353174333501
2024-07-19,6.830079529810262
2024-07-22,6.795048188900379
2024-07-23,6.767440127450495
2024-07-24,6.727899921565117
2024-07-25,6.701691530881141
2024-07-26,6.685016305913152
2024-07-29,6.670528638826702
2024-07-30,6.659421231760119
2024-07-31,6.641462366411762
2024-08-01,6.624860158748088
2024-08-02,6.614936718886541
2024-08-05,6.606875536056899
2024-08-06,6.6011048097830525
2024-08-07,6.598258647020012
2024-08-08,6.58980385097476
2024-08-09,6.565642743932997
2024-08-12,6.536154027897335
2024-08-13,6.499940615112498
2024-08-14,6.476389524297264
2024-08-15,6.463989830758169
2024-08-16,6.465823952834589
2024-08-19,6.466302960472653
2024-08-20,6.4673983294339035
2024-08-21,6.462908981778291
2024-08-22,6.452526636594275
2024-08-23,6.4478693432143945
2024-08-26,6.448490629006809
2024-08-27,6.458514773883065
2024-08-28,6.480010371636583
2024-08-29,6.489384480580325
2024-08-30,6.494552228218144
2024-09-02,6.489127937648247
2024-09-03,6.468791334908942
2024-09-04,6.442036287855689
2024-09-05,6.407419937873319
2024-09-06,6.379283910531253
2024-09-09,6.361199251890274
2024-09-10,6.339446223273064
2024-09-11,6.331303983682984
2024-09-12,6.316298943566997
2024-09-13,6.302252692845719
2024-09-18,6.280281214067588
2024-09-19,6.257662965304088
2024-09-20,6.240031127886507
2024-09-23,6.2290937786273
2024-09-24,6.218561177393706
2024-09-25,6.215187725220284
2024-09-26,6.2180525177068
2024-09-27,6.208002880992717
2024-09-30,6.193124022528762
2024-10-08,6.206111852380436
2024-10-09,6.213713986369958
2024-10-10,6.224267109188714
2024-10-11,6.2315477292425125
2024-10-14,6.237397836358014
2024-10-15,6.237583311316254
2024-10-16,6.232424105753912
2024-10-17,6.233640848173262
2024-10-18,6.2378957253921
2024-10-21,6.2564978405189215
2024-10-22,6.274099819673754
2024-10-23,6.280566565087714
2024-10-24,6.285708406221563
2024-10-25,6.275537726172134
2024-10-28,6.269494681862847
2024-10-29,6.262657823001235
2024-10-30,6.254079563903815
2024-10-31,6.237201232793111
2024-11-01,6.217399981707304
2024-11-04,6.194754443980138
2024-11-05,6.166005475862324
2024-11-06,6.133389315218663
2024-11-07,6.096913572988921
2024-11-08,6.059108785912549
2024-11-11,6.0318476036276305
2024-11-12,6.009360874055648
2024-11-13,5.990930221332624
2024-11-14,5.970147024923622
2024-11-15,5.940967043869198
2024-11-18,5.9211659779135495
2024-11-19,5.9024749770853955
2024-11-20,5.876175655158859
2024-11-21,5.8622813445011435
2024-11-22,5.859734098308833
2024-11-25,5.844354650082197
2024-11-26,5.841868933356985
2024-11-27,5.8432602773181594
2024-11-28,5.829280091393654
2024-11-29,5.810627577614669
2024-12-02,5.784511839626161
2024-12-03,5.7621900029415345
2024-12-04,5.746030395206358
2024-12-05,5.732123803468733
2024-12-06,5.716547487847782
2024-12-09,5.707546918452718
2024-12-10,5.686686707703965
2024-12-11,5.673630844727991
2024-12-12,5.661119067701876
2024-12-13,5.653455791986758
2024-12-16,5.647372689462925
2024-12-17,5.628932650625741
2024-12-18,5.604303223708849
2024-12-19,5.584601174688473
2024-12-20,5.567991874454065
2024-12-23,5.554217410839689
2024-12-24,5.545487135567569
2024-12-25,5.538391037488635
2024-12-26,5.534510679892638
2024-12-27,5.540278223574136
2024-12-30,5.556767493339129
2024-12-31,5.557697849143217
