date,FCT_Cmf_1@10
2014-02-28,
2014-03-03,
2014-03-04,
2014-03-05,
2014-03-06,
2014-03-07,
2014-03-10,
2014-03-11,
2014-03-12,
2014-03-13,0.03480407119349005
2014-03-14,0.06839786242971241
2014-03-17,0.10355958300729966
2014-03-18,0.1800238251192489
2014-03-19,0.10984307760579115
2014-03-20,0.16274088732550826
2014-03-21,0.18290155372128053
2014-03-24,0.24690102860304125
2014-03-25,0.36935737797375634
2014-03-26,0.3748084602131974
2014-03-27,0.3083292268631715
2014-03-28,0.42011384027551557
2014-03-31,0.3913734712786613
2014-04-01,0.4058862070751783
2014-04-02,0.4421867335366025
2014-04-03,0.46251138485967097
2014-04-04,0.49992210627156736
2014-04-08,0.399160954401196
2014-04-09,0.354178027744973
2014-04-10,0.1653973606698562
2014-04-11,0.23815797148162168
2014-04-14,0.20973760150072648
2014-04-15,0.2646789292513982
2014-04-16,0.16469642646187943
2014-04-17,0.25749676556061424
2014-04-18,0.2749820619871008
2014-04-21,0.1903342942598359
2014-04-22,0.26006394592306403
2014-04-23,0.2433757768006552
2014-04-24,0.33735212493837197
2014-04-25,0.1617184700650848
2014-04-28,0.13664426543222513
2014-04-29,0.1807580587917457
2014-04-30,0.19139803527912108
2014-05-05,0.2407012938446033
2014-05-06,0.1753500588293022
2014-05-07,0.23603030498065886
2014-05-08,0.1712873353290317
2014-05-09,0.10803954640039218
2014-05-12,0.04864472387104413
2014-05-13,0.2127444788632175
2014-05-14,0.16133334721604586
2014-05-15,0.019085295933213158
2014-05-16,0.10820262308928807
2014-05-19,0.0037463533807083763
2014-05-20,0.06648606728921566
2014-05-21,0.07312969374494933
2014-05-22,0.24040536339641688
2014-05-23,0.42484911942066006
2014-05-26,0.517320326497148
2014-05-27,0.31814772056388524
2014-05-28,0.4006822807788425
2014-05-29,0.4873096992484201
2014-05-30,0.4805112008097175
2014-06-03,0.5546971364562366
2014-06-04,0.41037453346126856
2014-06-05,0.40270037543002407
2014-06-06,0.29149464368745154
2014-06-09,0.17223013610914367
2014-06-10,0.2867867866982097
2014-06-11,0.20283109117783865
2014-06-12,0.20055692825695456
2014-06-13,0.05686908960042881
2014-06-16,0.07273258132140276
2014-06-17,-0.05446864741284047
2014-06-18,-0.04633127588850833
2014-06-19,-0.12621410650107773
2014-06-20,-0.07914589002467624
2014-06-23,-0.18897718958783757
2014-06-24,-0.2859984673067726
2014-06-25,-0.19262295089109405
2014-06-26,-0.25281119832032106
2014-06-27,-0.14621577167286717
2014-06-30,-0.18503515762363237
2014-07-01,0.01315824957916328
2014-07-02,0.11200710914865684
2014-07-03,0.15666567626539202
2014-07-04,0.1767106218123336
2014-07-07,0.379947502138226
2014-07-08,0.3946416002027827
2014-07-09,0.36050060783838395
2014-07-10,0.4018935515666736
2014-07-11,0.42755129686945575
2014-07-14,0.43615357986773934
2014-07-15,0.26346736987787694
2014-07-16,0.3049542285581623
2014-07-17,0.21702674554864368
2014-07-18,0.16467754330129525
2014-07-21,0.14161647373129893
2014-07-22,0.0424897204071157
2014-07-23,0.13443515289442645
2014-07-24,0.05986213219665647
2014-07-25,0.08695474409880272
2014-07-28,0.08823677048600242
2014-07-29,0.21678377319189374
2014-07-30,0.08540936233371735
2014-07-31,0.2838234640759687
2014-08-01,0.10742016608592457
2014-08-04,0.08589018351333895
2014-08-05,0.09181969472558912
2014-08-06,0.03078839948334922
2014-08-07,0.11972431602625862
2014-08-08,-0.009632273067152594
2014-08-11,-0.05163417123513633
2014-08-12,-0.1638311530387667
2014-08-13,-0.10500429559114413
2014-08-14,-0.08369876406684146
2014-08-15,0.131604211553277
2014-08-18,0.18727182269659035
2014-08-19,0.2977404368819234
2014-08-20,0.1670255026341535
2014-08-21,0.2573968008202484
2014-08-22,0.256973535789441
2014-08-25,0.3198375091409663
2014-08-26,0.376964859901505
2014-08-27,0.2955815786300171
2014-08-28,0.22899806958580265
2014-08-29,0.06270737916709107
2014-09-01,-0.0441793119926522
2014-09-02,0.031228067253499855
2014-09-03,0.18324953723802098
2014-09-04,0.022163461668827548
2014-09-05,-0.06255795579768418
2014-09-09,-0.19990622032975644
2014-09-10,-0.276097501874384
2014-09-11,-0.17824819015743784
2014-09-12,-0.1579032041334252
2014-09-15,-0.07554922824308817
2014-09-16,-0.05106567706186962
2014-09-17,-0.19698039830622924
2014-09-18,-0.3181941131374245
2014-09-19,-0.34214074202335476
2014-09-22,-0.32071086833458423
2014-09-23,-0.2227350599993694
2014-09-24,-0.03446072535270337
2014-09-25,-0.043339497528642475
2014-09-26,0.055386336637266796
2014-09-29,0.10944514658659983
2014-09-30,0.1683615930723717
2014-10-08,0.14151399138924958
2014-10-09,0.21834845361333752
2014-10-10,0.09349847246850737
2014-10-13,0.16499900242644952
2014-10-14,0.21622845192190332
2014-10-15,0.19289039163958946
2014-10-16,0.1424003677775486
2014-10-17,-0.10380852362472803
2014-10-20,-0.2831663657837779
2014-10-21,-0.26140127500965216
2014-10-22,-0.21844998847139022
2014-10-23,-0.10526703819824768
2014-10-24,0.07514173899570412
2014-10-27,0.03457568781152015
2014-10-28,0.08465907429101212
2014-10-29,0.13072494834057388
2014-10-30,0.12820550498557653
2014-10-31,0.3560876516459578
2014-11-03,0.4102191605888124
2014-11-04,0.32465101986264416
2014-11-05,0.26740555433672125
2014-11-06,0.2782304707968353
2014-11-07,0.2752686669731213
2014-11-10,0.36548516000446857
2014-11-11,0.2021335009686518
2014-11-12,0.11082609864296138
2014-11-13,0.19519771570411285
2014-11-14,0.10134041073201487
2014-11-17,0.09311142039852965
2014-11-18,0.14015036217965085
2014-11-19,0.21671298778694842
2014-11-20,0.04976845033181166
2014-11-21,0.008575078400708598
2014-11-24,-0.10289955027833574
2014-11-25,0.08682939927034104
2014-11-26,0.11250307689574685
2014-11-27,0.032728631795961007
2014-11-28,-0.01087176026879852
2014-12-01,-0.013265935661776947
2014-12-02,-0.06479935721114506
2014-12-03,-0.0697295715306778
2014-12-04,0.012201075997052908
2014-12-05,-0.031761741693494355
2014-12-08,-0.1102694991829184
2014-12-09,-0.2784034938553018
2014-12-10,-0.2626708951477103
2014-12-11,-0.2003305256026302
2014-12-12,-0.10231308514523313
2014-12-15,0.13801253704911048
2014-12-16,0.18473610288035885
2014-12-17,0.16288660065751487
2014-12-18,0.12428584115654195
2014-12-19,0.12277493184240419
2014-12-22,0.10548493642902171
2014-12-23,0.14738260289228763
2014-12-24,0.1393582996602239
2014-12-25,0.051605145820169285
2014-12-26,-0.045481830762220954
2014-12-29,-0.17522222691339792
2014-12-30,-0.21239063545663056
2014-12-31,-0.15224614475297651
2015-01-05,-0.2262383924102143
2015-01-06,-0.19507963021698388
2015-01-07,-0.17414468226560897
2015-01-08,-0.28475223554164203
2015-01-09,-0.45706741259551675
2015-01-12,-0.30708741352011176
2015-01-13,-0.2519243258179671
2015-01-14,-0.25731610405273214
2015-01-15,-0.19481811776154417
2015-01-16,-0.22656819049913696
2015-01-19,-0.09657432193152424
2015-01-20,-0.1640641026325413
2015-01-21,-0.10459174166576748
2015-01-22,-0.032494012181313474
2015-01-23,0.19871435900716045
2015-01-26,0.08156966720955645
2015-01-27,0.11548282238849267
2015-01-28,0.24310568385060363
2015-01-29,0.20113532731922654
2015-01-30,0.13715596016546577
2015-02-02,0.039558860629335516
2015-02-03,0.22087740417362062
2015-02-04,0.17254974724132938
2015-02-05,0.2599505692636778
2015-02-06,0.3110550893273108
2015-02-09,0.34288934621578215
2015-02-10,0.3795351958139342
2015-02-11,0.36216348344759497
2015-02-12,0.432822630266468
2015-02-13,0.58472461264743
2015-02-16,0.6594813501726455
2015-02-17,0.5971183041868214
2015-02-25,0.6952975654792051
2015-02-26,0.7134937445317073
2015-02-27,0.6127376585348316
2015-03-02,0.6546077428958337
2015-03-03,0.5116458377534305
2015-03-04,0.5092342242836698
2015-03-05,0.3836259892756348
2015-03-06,0.24231118802880097
2015-03-09,0.217934626728503
2015-03-10,0.1399779495062893
2015-03-11,0.007821774867845289
2015-03-12,0.049227174160576134
2015-03-13,0.1258084234065335
2015-03-16,0.11086408962495449
2015-03-17,0.17248926808088735
2015-03-18,0.04098236933913543
2015-03-19,0.05931381823141035
2015-03-20,0.07102270060322072
2015-03-23,0.10009506588702351
2015-03-24,0.15924755457674605
2015-03-25,0.18318883946119466
2015-03-26,0.08533998131583662
2015-03-27,0.04170129619784491
2015-03-30,0.03354356722343646
2015-03-31,0.0023179052450090737
2015-04-01,0.18626815373024397
2015-04-02,0.1896719452470833
2015-04-03,0.04871173401147225
2015-04-07,-0.03593254581420124
2015-04-08,0.014361612453793427
2015-04-09,0.09735892370166842
2015-04-10,0.09366207651050384
2015-04-13,-0.030942668109211792
2015-04-14,-0.06427096796610617
2015-04-15,-0.04732330099250821
2015-04-16,-0.08209824209165165
2015-04-17,-0.07745425248889029
2015-04-20,-0.0282900595493874
2015-04-21,-0.028264481344333972
2015-04-22,-0.04650118274547952
2015-04-23,-0.0873849729777566
2015-04-24,-0.14073298107931403
2015-04-27,-0.012015186949326616
2015-04-28,-0.017192593280573917
2015-04-29,-0.05975569291576497
2015-04-30,-0.09051884592698953
2015-05-04,-0.1324997601544357
2015-05-05,-0.04289751879419227
2015-05-06,-0.08134714575958177
2015-05-07,-0.18743512620557704
2015-05-08,-0.16075573809113844
2015-05-11,-0.1866390367299012
2015-05-12,-0.3386444050622602
2015-05-13,-0.38462825980955023
2015-05-14,-0.26383534888373095
2015-05-15,-0.25272936742152624
2015-05-18,-0.26636826123942475
2015-05-19,-0.37027317077183997
2015-05-20,-0.21100401635587568
2015-05-21,-0.032613389961165216
2015-05-22,-0.05469014310085669
2015-05-25,0.041791529439623644
2015-05-26,-0.02057808014452542
2015-05-27,0.07449042665739894
2015-05-28,-0.013609947076110141
2015-05-29,-0.0859412663104401
2015-06-01,-0.08050242977015197
2015-06-02,0.08435717284706179
2015-06-03,0.03793666316898992
2015-06-04,-0.004474346380347337
2015-06-05,0.07010008100323827
2015-06-08,-0.016632925363165046
2015-06-09,0.19580279637879955
2015-06-10,0.26218662265823645
2015-06-11,0.3849037123805088
2015-06-12,0.31396875183674045
2015-06-15,0.4494275996559052
2015-06-16,0.23571978476205746
2015-06-17,0.10030435853050897
2015-06-18,0.059899310690929145
2015-06-19,-0.005660631847661386
2015-06-23,0.08232111468054917
2015-06-24,0.13879684252650035
2015-06-25,0.07606024168537967
2015-06-26,0.01940810736548511
2015-06-29,0.09877864273933923
2015-06-30,0.05725316841223117
2015-07-01,0.13339810258332044
2015-07-02,0.32264396031446635
2015-07-03,0.2823346356610314
2015-07-06,0.17441235363885874
2015-07-07,0.034986439917299064
2015-07-08,-0.08231082280703622
2015-07-09,-0.03370872614747039
2015-07-10,-0.1560664136735155
2015-07-13,-0.1627671703161199
2015-07-14,-0.289916447789426
2015-07-15,-0.2773175263077021
2015-07-16,-0.3286279039913016
2015-07-17,-0.2910785227346607
2015-07-20,-0.16881306617650355
2015-07-21,-0.021047886490043344
2015-07-22,0.10178206702428842
2015-07-23,0.0010709823390126197
2015-07-24,-0.04011872597297964
2015-07-27,-0.14294462271489522
2015-07-28,0.04966858542081818
2015-07-29,0.05886910881865018
2015-07-30,-0.0035521071418950904
2015-07-31,-0.06081190659513926
2015-08-03,-0.13065003179628812
2015-08-04,-0.11969547849066996
2015-08-05,-0.14600369925485554
2015-08-06,-0.1613392056362576
2015-08-07,0.062247625633121
2015-08-10,0.3021417226982694
2015-08-11,0.3306851074134326
2015-08-12,0.41478023675269987
2015-08-13,0.5115391072008353
2015-08-14,0.4513787559974483
2015-08-17,0.31537397208319684
2015-08-18,0.18843113243486814
2015-08-19,0.16404087242465967
2015-08-20,0.2418179877591795
2015-08-21,0.09488002463527712
2015-08-24,-0.06038649215169906
2015-08-25,-0.11173056706818289
2015-08-26,-0.1648391233059054
2015-08-27,-0.11361563969627997
2015-08-28,-0.15772177284700456
2015-08-31,-0.13019378308738203
2015-09-01,-0.07996019591272885
2015-09-02,-0.056604289754844335
2015-09-07,-0.20323625226099437
2015-09-08,-0.08804697957253833
2015-09-09,-0.12213611365307157
2015-09-10,0.03132597446327553
2015-09-11,-0.041899315539201135
2015-09-14,-0.21177192909167905
2015-09-15,-0.2208757169695789
2015-09-16,-0.16924476832439808
2015-09-17,-0.28439213675446673
2015-09-18,-0.3369058318613593
2015-09-21,-0.17922914493388167
2015-09-22,-0.23694303146078785
2015-09-23,-0.07487967562156318
2015-09-24,-0.17060932704737244
2015-09-25,-0.2206798603967283
2015-09-28,-0.21816384170625464
2015-09-29,-0.1789764392210197
2015-09-30,-0.1347017299481031
2015-10-08,-0.045648282933412034
2015-10-09,0.0701180158955131
2015-10-12,-0.03925743881651241
2015-10-13,0.03539916019967746
2015-10-14,-0.1285517463947043
2015-10-15,-0.2373678555185951
2015-10-16,-0.2040519973996353
2015-10-19,-0.15450186858799217
2015-10-20,-0.045138820306754444
2015-10-21,-0.08856755228705268
2015-10-22,-0.07146478572929689
2015-10-23,-0.17793780872335352
2015-10-26,-0.24816149413669278
2015-10-27,-0.22712545264668757
2015-10-28,-0.15574842052548604
2015-10-29,-0.14382966965833627
2015-10-30,-0.10899485556174954
2015-11-02,-0.10587436908045803
2015-11-03,-0.25197306730748503
2015-11-04,-0.25609213644010814
2015-11-05,-0.3507176731016643
2015-11-06,-0.3144473409099956
2015-11-09,-0.30297288164022834
2015-11-10,-0.376285198774722
2015-11-11,-0.38619350631592214
2015-11-12,-0.3492504542385808
2015-11-13,-0.36588434520604024
2015-11-16,-0.43808700133701484
2015-11-17,-0.29720941338294077
2015-11-18,-0.20102585369089723
2015-11-19,-0.18951856358967392
2015-11-20,-0.3229781984820111
2015-11-23,-0.3334461385241317
2015-11-24,-0.1775122629715409
2015-11-25,-0.09911433601629448
2015-11-26,0.008798079690070347
2015-11-27,0.059059133485100515
2015-11-30,0.1990701294409124
2015-12-01,0.2222000673917685
2015-12-02,0.08939924718798643
2015-12-03,0.2166173871253338
2015-12-04,0.24386332173301
2015-12-07,0.36739646838851137
2015-12-08,0.17782459199650955
2015-12-09,0.16352070613819014
2015-12-10,0.13890713525579448
2015-12-11,0.20489619803801043
2015-12-14,0.22094947825255717
2015-12-15,0.10271118728064589
2015-12-16,0.18463461334366002
2015-12-17,0.038760960695558254
2015-12-18,0.21944482909835086
2015-12-21,0.2554670128547912
2015-12-22,0.45702934881320384
2015-12-23,0.4508056280423649
2015-12-24,0.39538232493502395
2015-12-25,0.315277021351806
2015-12-28,0.13671339035267016
2015-12-29,0.25876879617999593
2015-12-30,0.20013813373214853
2015-12-31,0.19733357213484376
2016-01-04,0.08285696323832671
2016-01-05,0.03377961110814436
2016-01-06,-0.1451483702405237
2016-01-07,-0.19363875198443203
2016-01-08,-0.1624976982891786
2016-01-11,-0.13197782855354995
2016-01-12,0.013713479831796981
2016-01-13,-0.05521849709707031
2016-01-14,0.07447859102811706
2016-01-15,0.07175395777430808
2016-01-18,0.1948317460723294
2016-01-19,0.230023074525761
2016-01-20,0.36161185443682203
2016-01-21,0.36960349885700594
2016-01-22,0.2290478684497895
2016-01-25,0.23666130752456846
2016-01-26,0.26031108203751185
2016-01-27,0.3540282607943276
2016-01-28,0.24090939473433404
2016-01-29,0.2925334493850516
2016-02-01,0.17257130978037127
2016-02-02,0.16794307521202423
2016-02-03,0.2085788193732429
2016-02-04,0.2980627931962289
2016-02-05,0.4461836358959765
2016-02-15,0.4035983130408897
2016-02-16,0.2716177041007495
2016-02-17,0.06877042512700479
2016-02-18,0.10353568341296715
2016-02-19,0.25495831920554685
2016-02-22,0.1986977822156335
2016-02-23,0.19951609962270525
2016-02-24,0.1904324255500797
2016-02-25,0.1405082278832068
2016-02-26,0.17349420286640305
2016-02-29,0.19233490575737286
2016-03-01,0.2863887887330806
2016-03-02,0.3953107204315104
2016-03-03,0.4532462504776715
2016-03-04,0.39354088532712417
2016-03-07,0.34304252541617114
2016-03-08,0.31141846394411316
2016-03-09,0.335242462519897
2016-03-10,0.22669408613157194
2016-03-11,0.06516084151717803
2016-03-14,-0.023601033476550036
2016-03-15,-0.1286598431338659
2016-03-16,-0.09704362474093176
2016-03-17,-0.07600744452180486
2016-03-18,-0.09088508526031648
2016-03-21,-0.0184753335385922
2016-03-22,-0.14209303471767673
2016-03-23,-0.2759130996982279
2016-03-24,-0.13881183326903837
2016-03-25,0.007215972658199568
2016-03-28,0.0593304965348367
2016-03-29,0.17032327271559775
2016-03-30,0.10757553139094163
2016-03-31,0.03746711561151839
2016-04-01,0.09694517596567992
2016-04-05,0.07558145496566523
2016-04-06,0.14159995183217428
2016-04-07,0.08516601342280267
2016-04-08,0.035165337488541684
2016-04-11,0.03555378203596716
2016-04-12,0.11113659526839345
2016-04-13,-0.11389745681586845
2016-04-14,-0.09674789031967576
2016-04-15,-0.17850118306454527
2016-04-18,-0.22273089684584396
2016-04-19,-0.25185189302215144
2016-04-20,-0.28068790313316255
2016-04-21,-0.10749504085701894
2016-04-22,-0.10433734251102406
2016-04-25,-0.08017424412982803
2016-04-26,-0.07557192808313601
2016-04-27,0.03366264047289554
2016-04-28,-0.042570697087674296
2016-04-29,0.015530549756369038
2016-05-03,-0.014941147689638511
2016-05-04,0.06460750610173653
2016-05-05,0.17335796064917072
2016-05-06,0.07692921019911132
2016-05-09,0.05069256741638499
2016-05-10,-0.026608066314532258
2016-05-11,-0.09661281834064948
2016-05-12,-0.04395168011116885
2016-05-13,0.20094634405732065
2016-05-16,0.13083432635566838
2016-05-17,0.13731880828841864
2016-05-18,0.03384758740866616
2016-05-19,0.00883010403371831
2016-05-20,-0.09248990724956706
2016-05-23,-0.09425629285091235
2016-05-24,-0.25171803423305567
2016-05-25,-0.24672466562089534
2016-05-26,-0.17875206713113717
2016-05-27,-0.277624366200376
2016-05-30,-0.0979166501387809
2016-05-31,-0.007369991489630356
2016-06-01,0.109589895724789
2016-06-02,0.09636525247795136
2016-06-03,0.2541460038476707
2016-06-06,0.33536205376173434
2016-06-07,0.4264929023024166
2016-06-08,0.4228401888262511
2016-06-13,0.40101249370470066
2016-06-14,0.33996986446386834
2016-06-15,0.3032216770171052
2016-06-16,0.29477698539840436
2016-06-17,0.3973536109149169
2016-06-20,0.5471808072293578
2016-06-21,0.4735072925910251
2016-06-22,0.5036540360477914
2016-06-23,0.514922041284073
2016-06-24,0.5764404806832021
2016-06-27,0.6097377125153057
2016-06-28,0.7365688978870983
2016-06-29,0.6212827909827655
2016-06-30,0.5115502989143504
2016-07-01,0.4644040004922947
2016-07-04,0.4881749124057436
2016-07-05,0.5334679748704186
2016-07-06,0.5710439367238993
2016-07-07,0.4624874371157195
2016-07-08,0.4057447473027966
2016-07-11,0.33089847859623955
2016-07-12,0.3109041537146262
2016-07-13,0.24895776663710253
2016-07-14,0.3122046628958314
2016-07-15,0.30838014314427215
2016-07-18,0.1939007339389121
2016-07-19,0.14622499311531942
2016-07-20,-0.03002588445031547
2016-07-21,0.12139386577969492
2016-07-22,0.11034306788862742
2016-07-25,0.07748527627101226
2016-07-26,0.001269156880755688
2016-07-27,0.09312966457417828
2016-07-28,0.1618996138435409
2016-07-29,0.10491575725003299
2016-08-01,0.12269438802308194
2016-08-02,0.09201150714392373
2016-08-03,0.2074520787767593
2016-08-04,0.06571723107459934
2016-08-05,0.109974022266737
2016-08-08,0.18707466438066495
2016-08-09,0.20127993098172609
2016-08-10,0.18510080635717147
2016-08-11,-0.008054856389244454
2016-08-12,0.04252107901421774
2016-08-15,0.18531786296524988
2016-08-16,0.12522543567628913
2016-08-17,-0.00677060816850625
2016-08-18,0.11655745210802712
2016-08-19,0.1089104864539717
2016-08-22,0.011424585343754682
2016-08-23,0.03786342822788651
2016-08-24,-0.012332864537838023
2016-08-25,0.030175762232031153
2016-08-26,-0.0047816874433819975
2016-08-29,-0.0741546743311192
2016-08-30,-0.10534261400607801
2016-08-31,-0.06260918400543056
2016-09-01,-0.18611580932579735
2016-09-02,-0.3015208876299961
2016-09-05,-0.31623575341025784
2016-09-06,-0.2735730995013609
2016-09-07,-0.1580899660331649
2016-09-08,-0.2642375983319757
2016-09-09,-0.2913497970015302
2016-09-12,-0.2910297379537436
2016-09-13,-0.2643657902877533
2016-09-14,-0.22193212352050937
2016-09-19,-0.1933612883818126
2016-09-20,-0.015561359524935954
2016-09-21,-0.02217313698458999
2016-09-22,-0.2252868997472362
2016-09-23,-0.27476677643472525
2016-09-26,-0.198556721918485
2016-09-27,-0.02327295066959075
2016-09-28,-0.01795082728356925
2016-09-29,0.04112799444801523
2016-09-30,0.015371812862722736
2016-10-10,0.1601851187453079
2016-10-11,0.09253586298265104
2016-10-12,0.21079206967214933
2016-10-13,0.22443435302147505
2016-10-14,0.23121212073580935
2016-10-17,0.25196469521039927
2016-10-18,0.2869586552139717
2016-10-19,0.28778000906325474
2016-10-20,0.20346655598661997
2016-10-21,0.25115229499619207
2016-10-24,0.22101603526980643
2016-10-25,0.2515372493449862
2016-10-26,0.2628132394736383
2016-10-27,0.3351123738730276
2016-10-28,0.4180102928019647
2016-10-31,0.5167076243219512
2016-11-01,0.4396128245149426
2016-11-02,0.3217610267570067
2016-11-03,0.4268270711408178
2016-11-04,0.22886099993012696
2016-11-07,0.09878623888702562
2016-11-08,0.11727800292138515
2016-11-09,0.15499281938326087
2016-11-10,0.2408336308307266
2016-11-11,0.12974768569344966
2016-11-14,-0.06328943658556636
2016-11-15,-0.1051631682308974
2016-11-16,-0.03613360148033823
2016-11-17,-0.08285662078679074
2016-11-18,-0.007860160229438544
2016-11-21,0.11602003968408518
2016-11-22,0.08508586519640671
2016-11-23,-0.08079114899307263
2016-11-24,-0.2654506988917249
2016-11-25,-0.2871175760575584
2016-11-28,-0.17874905832550364
2016-11-29,-0.13896479442880472
2016-11-30,-0.14892673051030106
2016-12-01,-0.13400179679107505
2016-12-02,-0.00508523572677186
2016-12-05,0.07540443714186068
2016-12-06,0.08435569509100578
2016-12-07,0.29394285864224684
2016-12-08,0.3852944859381499
2016-12-09,0.48196248162321953
2016-12-12,0.38718161348525215
2016-12-13,0.42476039831853807
2016-12-14,0.4804129896600313
2016-12-15,0.4627485651566207
2016-12-16,0.36798468067670365
2016-12-19,0.14908449616892633
2016-12-20,0.04478065605031166
2016-12-21,-0.04674566069133656
2016-12-22,-0.1410190186833589
2016-12-23,-0.26168783084618197
2016-12-26,-0.1244197205668221
2016-12-27,-0.07600875707036223
2016-12-28,-0.2134355946051871
2016-12-29,-0.27124837885083086
2016-12-30,-0.3338090042948502
2017-01-03,-0.30746654407397356
2017-01-04,-0.3052865753645538
2017-01-05,-0.35052827110568774
2017-01-06,-0.3575996136909687
2017-01-09,-0.23261661055954566
2017-01-10,-0.2831715751017265
2017-01-11,-0.4093083349136918
2017-01-12,-0.3088032569855451
2017-01-13,-0.16558960922764404
2017-01-16,0.042724412900817896
2017-01-17,0.0788445965863867
2017-01-18,0.17252737821024183
2017-01-19,0.20583104051692863
2017-01-20,0.3211233952894361
2017-01-23,0.25515223927955183
2017-01-24,0.19853109188636403
2017-01-25,0.31292882984027115
2017-01-26,0.30294180830390655
2017-02-03,0.18452748485167228
2017-02-06,0.11310278517729394
2017-02-07,0.09367012146249452
2017-02-08,0.007922689940340661
2017-02-09,-0.128574266301759
2017-02-10,-0.08122191187926102
2017-02-13,0.02178249430216141
2017-02-14,0.10835289334679016
2017-02-15,-0.11122025905803244
2017-02-16,-0.21006658587179003
2017-02-17,-0.2322335628366374
2017-02-20,-0.3000415726142486
2017-02-21,-0.3096537762555717
2017-02-22,-0.32231068492576315
2017-02-23,-0.2721788322434438
2017-02-24,-0.2994181032577379
2017-02-27,-0.5056485372827383
2017-02-28,-0.5786726472047063
2017-03-01,-0.5213803398290875
2017-03-02,-0.34284246262667883
2017-03-03,-0.22192262081475791
2017-03-06,-0.14429603669009378
2017-03-07,-0.10429282732837838
2017-03-08,-0.18518540368411623
2017-03-09,-0.085447787770848
2017-03-10,-0.16087542037326935
2017-03-13,0.024978622894425116
2017-03-14,0.008080292522990673
2017-03-15,0.031858810881974606
2017-03-16,0.008916526603845277
2017-03-17,-0.08013242283307444
2017-03-20,-0.10835086303458968
2017-03-21,-0.14645726607659046
2017-03-22,-0.0890564724966387
2017-03-23,-0.20610081457710586
2017-03-24,-0.21565804377149342
2017-03-27,-0.3650211198005983
2017-03-28,-0.36406453720533366
2017-03-29,-0.23796484197455353
2017-03-30,-0.35887667834803705
2017-03-31,-0.40696055853732677
2017-04-05,-0.356624317653263
2017-04-06,-0.2233346133897736
2017-04-07,-0.1928574139207387
2017-04-10,-0.21152511678308475
2017-04-11,-0.19741457178591942
2017-04-12,-0.23950994729253058
2017-04-13,-0.18073188688724026
2017-04-14,-0.40164135307264565
2017-04-17,-0.4224758720953968
2017-04-18,-0.3104949140654113
2017-04-19,-0.32455591713263116
2017-04-20,-0.24940036406769528
2017-04-21,-0.3093156729765249
2017-04-24,-0.2118190544346947
2017-04-25,-0.1946517533810274
2017-04-26,-0.07869817783441503
2017-04-27,-0.003318723012095655
2017-04-28,0.11469866829402439
2017-05-02,0.2394309326222573
2017-05-03,0.19662898287458636
2017-05-04,0.15816802517608586
2017-05-05,0.07168894418217044
2017-05-08,0.08275241703405745
2017-05-09,0.0719925771803285
2017-05-10,0.05880731972766716
2017-05-11,0.06016335317350998
2017-05-12,-0.05680947565428777
2017-05-15,0.05110193154030996
2017-05-16,0.10111611345768956
2017-05-17,0.1109184806505808
2017-05-18,0.20809553458997798
2017-05-19,0.3248275163374591
2017-05-22,0.3992435340880228
2017-05-23,0.3475691691825328
2017-05-24,0.3850387283046346
2017-05-25,0.31585549636086113
2017-05-26,0.4000391106373255
2017-05-31,0.16771309432499207
2017-06-01,0.09005449123260632
2017-06-02,-0.03193139584348275
2017-06-05,-0.14970252618685828
2017-06-06,-0.23898819025901352
2017-06-07,-0.25174536753945004
2017-06-08,-0.174123557471433
2017-06-09,-0.20744813922082195
2017-06-12,-0.11000091305420553
2017-06-13,-0.27188058288101463
2017-06-14,-0.13205175836576108
2017-06-15,-0.16963559494732283
2017-06-16,-0.05301771087629998
2017-06-19,-0.07454795683485198
2017-06-20,-0.10734347789460374
2017-06-21,-0.0908656014510195
2017-06-22,-0.21982029117982743
2017-06-23,-0.12607222123686557
2017-06-26,-0.18520303797467982
2017-06-27,-0.01467539000842728
2017-06-28,-0.1014554873279351
2017-06-29,-0.01437783255627638
2017-06-30,0.036114487543560975
2017-07-03,0.13034122120040728
2017-07-04,0.0629224950541282
2017-07-05,0.04083157565617185
2017-07-06,0.20395377945439355
2017-07-07,0.21940940016809052
2017-07-10,0.12009925504742847
2017-07-11,0.048794435368062127
2017-07-12,0.03554264696008061
2017-07-13,-0.019623507902832956
2017-07-14,-0.04818859441428173
2017-07-17,-0.15422149485373443
2017-07-18,-0.08597432600354017
2017-07-19,-0.061681553044147866
2017-07-20,-0.09402528169553626
2017-07-21,-0.09500701599429737
2017-07-24,-0.03392637620243521
2017-07-25,-0.03459038277398058
2017-07-26,-0.04296693695606109
2017-07-27,-0.06409721464668232
2017-07-28,-0.16003266968498323
2017-07-31,-0.027463019199444924
2017-08-01,0.0021733736432920903
2017-08-02,-0.0007062899347843709
2017-08-03,-0.11829567961225383
2017-08-04,-0.19814120945023447
2017-08-07,-0.2726037821094338
2017-08-08,-0.2059692091094464
2017-08-09,-0.12952665005389954
2017-08-10,-0.07836741767674375
2017-08-11,0.011549538232225647
2017-08-14,-0.09153162537564197
2017-08-15,-0.17068155439073793
2017-08-16,-0.1503232679111214
2017-08-17,0.042445682451659396
2017-08-18,0.07746629177351946
2017-08-21,0.19598450123265937
2017-08-22,0.24557803847681892
2017-08-23,0.2682623169477858
2017-08-24,0.17703983696446124
2017-08-25,0.17116015248531413
2017-08-28,0.286161033721553
2017-08-29,0.45170944785805023
2017-08-30,0.43505719300462425
2017-08-31,0.3950414858879917
2017-09-01,0.4294447709428633
2017-09-04,0.2974974686677358
2017-09-05,0.2085951903046675
2017-09-06,0.08358947304047644
2017-09-07,0.08259551216020362
2017-09-08,0.05293742075340606
2017-09-11,0.008426644430192375
2017-09-12,-0.012439769321225794
2017-09-13,-0.1358918510447674
2017-09-14,-0.28268320283360265
2017-09-15,-0.37325489859227456
2017-09-18,-0.2179340442340474
2017-09-19,-0.3299257691968762
2017-09-20,-0.18285652388075702
2017-09-21,-0.2161646970747202
2017-09-22,-0.12935230896748762
2017-09-25,-0.04623040063032854
2017-09-26,-0.0683746703772269
2017-09-27,0.07366522297008457
2017-09-28,0.17506497905236618
2017-09-29,0.25201934269644743
2017-10-09,0.14508322358543635
2017-10-10,0.1443466305239899
2017-10-11,0.040423208464042654
2017-10-12,0.1936209620186369
2017-10-13,0.26109146108936837
2017-10-16,0.2824591554725806
2017-10-17,0.2573005001237823
2017-10-18,0.19769658945051904
2017-10-19,0.11840770761072522
2017-10-20,0.16099935303625704
2017-10-23,0.16383376909799519
2017-10-24,0.21148678738591042
2017-10-25,0.19131885218384942
2017-10-26,0.05007608067490376
2017-10-27,-0.10544565181779827
2017-10-30,-0.24881937739122428
2017-10-31,-0.32780936115879555
2017-11-01,-0.3753634994299401
2017-11-02,-0.23731544052761974
2017-11-03,-0.2616131680655004
2017-11-06,-0.1603390083118313
2017-11-07,-0.10610921749478673
2017-11-08,-0.005108989490309584
2017-11-09,0.08095781473615556
2017-11-10,0.09595650294123938
2017-11-13,0.2137958264736335
2017-11-14,0.20818911202851031
2017-11-15,0.320102404236692
2017-11-16,0.19204098347710447
2017-11-17,0.1848488791541093
2017-11-20,0.18383826975023332
2017-11-21,0.15610151513721096
2017-11-22,0.1646584081183222
2017-11-23,0.1310477865880456
2017-11-24,0.19863876316728213
2017-11-27,-0.02686713052708047
2017-11-28,-0.05812648767487255
2017-11-29,-0.11479041968130384
2017-11-30,-0.0784644075287161
2017-12-01,-0.17620829882337086
2017-12-04,-0.19772361685991208
2017-12-05,-0.2586657966511057
2017-12-06,-0.3263292043567866
2017-12-07,-0.353460270461271
2017-12-08,-0.24981662588412246
2017-12-11,-0.0922443950552786
2017-12-12,0.07809031051050498
2017-12-13,0.07402363770611459
2017-12-14,0.008315153006155587
2017-12-15,-0.043300835945522156
2017-12-18,-0.07021420842384818
2017-12-19,0.0907275445161456
2017-12-20,0.1269617432161666
2017-12-21,0.2301303345853618
2017-12-22,0.17506010966239272
2017-12-25,0.09802467868629368
2017-12-26,0.09664142355562194
2017-12-27,0.04919538373465763
2017-12-28,0.1387594916566949
2017-12-29,0.16920420061311012
2018-01-02,0.20066011468569614
2018-01-03,0.09850645759311866
2018-01-04,0.11552182141543856
2018-01-05,0.13660045801342838
2018-01-08,0.1168769790979856
2018-01-09,0.1683781848108862
2018-01-10,0.1138468888048874
2018-01-11,0.23816678913521375
2018-01-12,0.31183695511507725
2018-01-15,0.33376483635144116
2018-01-16,0.13205929716032774
2018-01-17,0.09012893337533655
2018-01-18,0.007890823485738404
2018-01-19,0.04814659726935552
2018-01-22,0.011757738412849083
2018-01-23,0.13288497632875515
2018-01-24,0.043412360636728875
2018-01-25,-0.10387707195045595
2018-01-26,-0.15307568805665056
2018-01-29,-0.2399809472371144
2018-01-30,-0.20981863639305268
2018-01-31,-0.1055289881042443
2018-02-01,-0.14634170399262786
2018-02-02,-0.26590074589783214
2018-02-05,-0.11940383566893556
2018-02-06,-0.2721509607130054
2018-02-07,-0.31059233781558004
2018-02-08,-0.23563814088583745
2018-02-09,-0.2826358879208524
2018-02-12,-0.23059466437220888
2018-02-13,-0.11695942749214543
2018-02-14,-0.15625914814390884
2018-02-22,-0.10946425601330151
2018-02-23,-0.062015607080801144
2018-02-26,-0.3112411986633318
2018-02-27,-0.2605012275797766
2018-02-28,-0.21680150441317952
2018-03-01,-0.08566895553547983
2018-03-02,-0.0506180593772862
2018-03-05,-0.12401765898125829
2018-03-06,-0.10477339808784353
2018-03-07,-0.18395665804479813
2018-03-08,-0.2436528751770305
2018-03-09,-0.2272828801435394
2018-03-12,-0.17300307999658945
2018-03-13,-0.1926594974445629
2018-03-14,-0.10966328064198647
2018-03-15,-0.2752065702397505
2018-03-16,-0.4013144016064464
2018-03-19,-0.360597309379428
2018-03-20,-0.35539633788429587
2018-03-21,-0.3490718032742736
2018-03-22,-0.3026254059938479
2018-03-23,-0.33127957119376433
2018-03-26,-0.3298403093974356
2018-03-27,-0.2680967475874903
2018-03-28,-0.349443217441752
2018-03-29,-0.23633974165435426
2018-03-30,-0.11216826054161477
2018-04-02,0.005782447108630109
2018-04-03,0.002624078931686477
2018-04-04,0.043503978488986204
2018-04-09,0.1642533559244693
2018-04-10,0.2719820101731417
2018-04-11,0.2726023105873329
2018-04-12,0.23174305116248417
2018-04-13,0.28305416911748815
2018-04-16,0.0655671055520454
2018-04-17,0.04833812291231087
2018-04-18,-0.09186401930279313
2018-04-19,-0.08112110732500484
2018-04-20,-0.23714213098647438
2018-04-23,-0.24376794978286292
2018-04-24,-0.269892184562305
2018-04-25,-0.10523149619058386
2018-04-26,-0.1744260551060596
2018-04-27,-0.16322344876490694
2018-05-02,0.07686069780521344
2018-05-03,0.09059536199293271
2018-05-04,0.22542938517471223
2018-05-07,0.1891602526806719
2018-05-08,0.40438278102951825
2018-05-09,0.2862957978150278
2018-05-10,0.3362751674060287
2018-05-11,0.22979557812328644
2018-05-14,0.15457342127062998
2018-05-15,0.17527201998316466
2018-05-16,0.017165149717030363
2018-05-17,-0.05572904977818803
2018-05-18,-0.09589709321928616
2018-05-21,-0.09517189510452538
2018-05-22,-0.13310150296899997
2018-05-23,-0.09288959565354522
2018-05-24,-0.14588636910383573
2018-05-25,-0.2274326204133438
2018-05-28,-0.13712922718236195
2018-05-29,-0.12045078570167052
2018-05-30,-0.1054208485913636
2018-05-31,-0.08771815518184023
2018-06-01,-0.045051898291283594
2018-06-04,-0.056637111302366476
2018-06-05,0.012653445578297656
2018-06-06,-0.06697498452664359
2018-06-07,0.026603005905955854
2018-06-08,0.12253684860904623
2018-06-11,0.29040897065671967
2018-06-12,0.17590520056083137
2018-06-13,0.14057695582265115
2018-06-14,0.11315694707277782
2018-06-15,0.08518079708233466
2018-06-19,-0.016700856009536375
2018-06-20,-0.08908090182186093
2018-06-21,-0.045925531057381515
2018-06-22,-0.20674025548532884
2018-06-25,-0.21676819442790082
2018-06-26,-0.3572202624334017
2018-06-27,-0.30114260848914326
2018-06-28,-0.3266535139437716
2018-06-29,-0.11058633566774038
2018-07-02,-0.19442268435304352
2018-07-03,-0.10635410255151219
2018-07-04,-0.05817616080511667
2018-07-05,-0.09556857815627967
2018-07-06,-0.04043645080190075
2018-07-09,0.0151486697096248
2018-07-10,0.020772435750471368
2018-07-11,0.059054376749199965
2018-07-12,0.2412097612793238
2018-07-13,0.1765025566545462
2018-07-16,0.16050442872307435
2018-07-17,0.28931964190251774
2018-07-18,0.26640444955190357
2018-07-19,0.32445784484402646
2018-07-20,0.44377860975703465
2018-07-23,0.4363438648408336
2018-07-24,0.3518036660830394
2018-07-25,0.2706149133591572
2018-07-26,0.10369969305051116
2018-07-27,0.06106549497158868
2018-07-30,0.14826005793581676
2018-07-31,0.067048893958172
2018-08-01,0.06872540919488028
2018-08-02,0.2512343665024187
2018-08-03,0.14920328242180755
2018-08-06,0.1603717417303493
2018-08-07,0.15772856597572046
2018-08-08,0.23687787760698048
2018-08-09,0.18921050455273172
2018-08-10,0.08506409024640885
2018-08-13,0.0926372965011303
2018-08-14,0.045917313267544106
2018-08-15,0.08350004262586086
2018-08-16,0.06883619239639258
2018-08-17,-0.00840787428843981
2018-08-20,0.009666913660767959
2018-08-21,-0.032774987270881434
2018-08-22,-0.21216302745988447
2018-08-23,-0.2758521125288523
2018-08-24,-0.27170138710767056
2018-08-27,-0.2574335771585745
2018-08-28,-0.24512066035833144
2018-08-29,-0.30237698643849875
2018-08-30,-0.3368283477225071
2018-08-31,-0.3561730370480545
2018-09-03,-0.39918710383141787
2018-09-04,-0.3775155263286497
2018-09-05,-0.20009960498869156
2018-09-06,-0.11299405613390555
2018-09-07,-0.04215287246521339
2018-09-10,-0.03694222993427873
2018-09-11,-0.12069223352722525
2018-09-12,-0.07274720559437489
2018-09-13,-0.09861145685250677
2018-09-14,0.024387428242637833
2018-09-17,0.14006309873451095
2018-09-18,0.2487569658183785
2018-09-19,0.21218388659569629
2018-09-20,0.19683526140265092
2018-09-21,0.1743734194348682
2018-09-25,0.10740720661766134
2018-09-26,0.15316570366668839
2018-09-27,0.17724353370587917
2018-09-28,0.2101029934492833
2018-10-08,0.293781245039125
2018-10-09,0.2678364652314946
2018-10-10,0.23291453103933865
2018-10-11,0.26323551296493997
2018-10-12,0.3305727414502026
2018-10-15,0.24014470807811084
2018-10-16,0.21112173703667933
2018-10-17,0.2300522158800772
2018-10-18,0.27288606881911714
2018-10-19,0.1610306858377225
2018-10-22,-0.0301841302168102
2018-10-23,-0.13026319029330397
2018-10-24,-0.18302512190325895
2018-10-25,-0.3341758238556429
2018-10-26,-0.32751100800465377
2018-10-29,-0.2947325752393809
2018-10-30,-0.2797600935150509
2018-10-31,-0.1601527665865732
2018-11-01,-0.31525107972424193
2018-11-02,-0.1025958558564048
2018-11-05,-0.00987533930037175
2018-11-06,0.013455134883830227
2018-11-07,0.09221292987784246
2018-11-08,0.186429632328479
2018-11-09,-0.011250251553043572
2018-11-12,-0.06583092321797866
2018-11-13,-0.03495351991235317
2018-11-14,0.021093891730767193
2018-11-15,0.1084512435895643
2018-11-16,0.019535262659167434
2018-11-19,-0.02439257022210187
2018-11-20,-0.11806322321603649
2018-11-21,-0.24459855230900143
2018-11-22,-0.274769768764803
2018-11-23,-0.26440558430291894
2018-11-26,-0.11079643491545031
2018-11-27,-0.16053583232062987
2018-11-28,-0.16212725153339783
2018-11-29,-0.21930063145505824
2018-11-30,-0.16148755496879114
2018-12-03,-0.05779892148574003
2018-12-04,0.10988140837311446
2018-12-05,0.2692802810480241
2018-12-06,0.2508117258890071
2018-12-07,0.4017630019664363
2018-12-10,0.34531262855853
2018-12-11,0.32996227316133236
2018-12-12,0.13257388585782792
2018-12-13,0.23887460657690593
2018-12-14,0.21516417073477978
2018-12-17,0.2066671305540735
2018-12-18,0.21322975891640505
2018-12-19,0.20297686808301957
2018-12-20,0.16726551399988668
2018-12-21,0.09585346940512227
2018-12-24,0.1004421020094772
2018-12-25,0.17334285934903038
2018-12-26,0.3146297000108733
2018-12-27,0.20582061608381794
2018-12-28,0.24485866981570378
2019-01-02,0.12447402019064858
2019-01-03,0.026086186526864865
2019-01-04,0.0610714450493189
2019-01-07,0.15555764799187047
2019-01-08,0.11751151326284225
2019-01-09,0.08693746269895358
2019-01-10,-0.01703738046161182
2019-01-11,-0.02359236785635389
2019-01-14,-0.07198353626593935
2019-01-15,-0.10324708743732416
2019-01-16,0.0874103186048177
2019-01-17,0.06752929845143694
2019-01-18,0.003029273616397771
2019-01-21,-0.04383871762066423
2019-01-22,-0.05368712065671119
2019-01-23,0.04840142982099164
2019-01-24,0.12902342644758402
2019-01-25,-0.043629894134580884
2019-01-28,0.03878230328638527
2019-01-29,-0.10208632492032843
2019-01-30,-0.14255701691095163
2019-01-31,-0.08993451745420121
2019-02-01,-0.1300484030095626
2019-02-11,-0.17969178499432026
2019-02-12,-0.11649840445501375
2019-02-13,-0.23613277073935077
2019-02-14,-0.20505119820622345
2019-02-15,-0.17983375004172877
2019-02-18,-0.15232723170548945
2019-02-19,0.05890035250429317
2019-02-20,0.040330126850496986
2019-02-21,-0.012632712269855868
2019-02-22,-0.09004540475360932
2019-02-25,-0.1346343785179785
2019-02-26,-0.0050883092701214825
2019-02-27,-0.0003533678536030045
2019-02-28,-0.0791969107379009
2019-03-01,0.13253859885527167
2019-03-04,0.2248419332600112
2019-03-05,0.11100195853346566
2019-03-06,0.0771747564315722
2019-03-07,0.02199502717284409
2019-03-08,0.00735372842073815
2019-03-11,0.19315553027219792
2019-03-12,0.1273467921769379
2019-03-13,0.1827208648302259
2019-03-14,0.11563418615216525
2019-03-15,-0.10262752654854401
2019-03-18,-0.30753011194013324
2019-03-19,-0.2973089845380238
2019-03-20,-0.34348300860421077
2019-03-21,-0.2397324519103798
2019-03-22,-0.16608730280877013
2019-03-25,-0.1733715002262849
2019-03-26,-0.21899288253095742
2019-03-27,-0.2297840568061212
2019-03-28,-0.1845378833083462
2019-03-29,-0.025990648922045997
2019-04-01,0.22314541063946175
2019-04-02,0.15482639234258258
2019-04-03,0.19198703714629028
2019-04-04,0.2043892193486558
2019-04-08,0.24883345249670072
2019-04-09,0.11344720716551975
2019-04-10,0.14258869815213668
2019-04-11,0.20221693204141997
2019-04-12,0.3274458851196008
2019-04-15,0.18964991768702602
2019-04-16,0.09378343185115312
2019-04-17,0.10988894839676723
2019-04-18,-0.06392892108302364
2019-04-19,-0.041213094729510874
2019-04-22,-0.18828405373040213
2019-04-23,-0.07841030607487336
2019-04-24,-0.14702668303422167
2019-04-25,-0.2693386249420777
2019-04-26,-0.4110378334168505
2019-04-29,-0.3271904026927329
2019-04-30,-0.25209023976064254
2019-05-06,-0.21964134904761415
2019-05-07,-0.03305198685439536
2019-05-08,-0.20385253011475982
2019-05-09,-0.16774771133565847
2019-05-10,-0.19711806957528044
2019-05-13,-0.2021428075535432
2019-05-14,-0.1910370763626378
2019-05-15,-0.07503158366756886
2019-05-16,-0.023779038828137925
2019-05-17,-0.05553637698166315
2019-05-20,-0.007651499618963773
2019-05-21,0.028695049105367156
2019-05-22,0.12440442726841458
2019-05-23,0.09379449743188964
2019-05-24,0.08396868269432832
2019-05-27,0.07395116188905325
2019-05-28,0.22801208895722877
2019-05-29,0.21085591269711038
2019-05-30,0.06673116363566876
2019-05-31,-0.015410853615579466
2019-06-03,-0.11755989178098053
2019-06-04,-0.18364091601864976
2019-06-05,-0.2824422305489345
2019-06-06,-0.05593055530096896
2019-06-10,-0.11982021622193652
2019-06-11,-0.01792044743627308
2019-06-12,-0.16050349123706295
2019-06-13,-0.14830649880303415
2019-06-14,-0.1164900336450103
2019-06-17,-0.07688522519846094
2019-06-18,0.005389653001852501
2019-06-19,0.06858127405411402
2019-06-20,0.27149370340370577
2019-06-21,0.13981849571522578
2019-06-24,0.256873398636245
2019-06-25,0.14074052815276855
2019-06-26,0.3255993607223373
2019-06-27,0.18240977842031017
2019-06-28,0.24381152588327515
2019-07-01,0.3321489953981398
2019-07-02,0.4068230058168082
2019-07-03,0.3342877510106114
2019-07-04,0.2113677235509225
2019-07-05,0.28077966166072904
2019-07-08,0.25782030837193437
2019-07-09,0.24606551356451586
2019-07-10,0.2733926440588651
2019-07-11,0.2366634860731687
2019-07-12,0.16917934595368905
2019-07-15,0.19071453840871114
2019-07-16,0.10299109249985085
2019-07-17,0.039273668413507025
2019-07-18,0.016772515198533098
2019-07-19,-0.044624362484357326
2019-07-22,-0.05803851821321459
2019-07-23,0.02406908333585319
2019-07-24,-0.11977913686576017
2019-07-25,-0.03559235241129173
2019-07-26,0.041466769877063006
2019-07-29,-0.0036670149890899416
2019-07-30,-0.05760610088286138
2019-07-31,-0.0582823067922187
2019-08-01,0.022386475627163362
2019-08-02,0.009081736466045204
2019-08-05,-0.0692883726927972
2019-08-06,-0.12921274790533452
2019-08-07,-0.11355322092030577
2019-08-08,-0.03973879758322655
2019-08-09,0.0339190845779511
2019-08-12,-0.09474124186606228
2019-08-13,0.02928796410510003
2019-08-14,0.12230850035999831
2019-08-15,0.09001954018647712
2019-08-16,0.07012641417472493
2019-08-19,0.09950417670354578
2019-08-20,0.056782420198010504
2019-08-21,0.01642704090064006
2019-08-22,-0.12984148361159675
2019-08-23,-0.2892537931836457
2019-08-26,-0.2556516801514474
2019-08-27,-0.33870575302478073
2019-08-28,-0.38839011901875903
2019-08-29,-0.45541534824481095
2019-08-30,-0.3227651085549235
2019-09-02,-0.2105158737063291
2019-09-03,-0.20852055754046506
2019-09-04,-0.0875359838914055
2019-09-05,-0.07800774476088389
2019-09-06,-0.03256326403122247
2019-09-09,0.07084245411539565
2019-09-10,0.11036357741820955
2019-09-11,0.18498320488255138
2019-09-12,0.257923980252179
2019-09-16,0.2062990256092126
2019-09-17,0.08094401189451211
2019-09-18,0.021002035447493596
2019-09-19,-0.14518573344363767
2019-09-20,-0.06288665187299976
2019-09-23,-0.049439972096399686
2019-09-24,-0.14670095304851116
2019-09-25,-0.1328976856043449
2019-09-26,-0.12182455223358346
2019-09-27,-0.16522889481630293
2019-09-30,-0.22219715644260338
2019-10-08,-0.19714444925389785
2019-10-09,-0.16729677948221736
2019-10-10,-0.019836034444922157
2019-10-11,-0.004102635393665044
2019-10-14,0.12372892772842177
2019-10-15,0.10301415020807848
2019-10-16,0.02356987077463888
2019-10-17,0.01425275906936748
2019-10-18,0.15001583236019472
2019-10-21,0.06578245768862741
2019-10-22,0.12708405981131354
2019-10-23,0.1099823866037274
2019-10-24,0.15982863443114267
2019-10-25,0.028072676956042184
2019-10-28,-0.10533565336177618
2019-10-29,-0.13658817445310636
2019-10-30,-0.04948666930212304
2019-10-31,-0.1331084820774605
2019-11-01,-0.048361274484857185
2019-11-04,0.07896803635351086
2019-11-05,0.018769718352937236
2019-11-06,0.023796174209974253
2019-11-07,-0.0885615039360561
2019-11-08,-0.06361362421093532
2019-11-11,-0.09346883258729716
2019-11-12,0.05257680645515228
2019-11-13,-0.0153863930002075
2019-11-14,0.051056902543591784
2019-11-15,-0.20141275383675986
2019-11-18,-0.24851807770308676
2019-11-19,-0.2780770917498395
2019-11-20,-0.2118331056891492
2019-11-21,-0.1027994643961187
2019-11-22,-0.0018504450393838805
2019-11-25,0.16972479915353017
2019-11-26,0.0021209885042701867
2019-11-27,0.025451533325417712
2019-11-28,0.03477197294252584
2019-11-29,0.257886621399668
2019-12-02,0.30267529334903176
2019-12-03,0.27781627606922416
2019-12-04,0.16984213182452443
2019-12-05,0.02215443939498275
2019-12-06,-0.03988373511374945
2019-12-09,-0.2266438758777831
2019-12-10,-0.1743595729098013
2019-12-11,-0.19703833144581973
2019-12-12,-0.1935237129220572
2019-12-13,-0.30552422232728815
2019-12-16,-0.33091726577235336
2019-12-17,-0.43749971300244456
2019-12-18,-0.4732531717020958
2019-12-19,-0.2803564102853331
2019-12-20,-0.28954079006165445
2019-12-23,-0.145940044210412
2019-12-24,-0.1778333621526961
2019-12-25,0.012015828032559045
2019-12-26,0.08514351596216245
2019-12-27,0.12022647652473671
2019-12-30,0.07514940515013625
2019-12-31,0.1453008293230936
2020-01-02,0.2701123364729113
2020-01-03,0.1606067040512079
2020-01-06,0.2804259583865332
2020-01-07,0.18686277250279013
2020-01-08,0.25424938805806446
2020-01-09,0.047274748893368995
2020-01-10,-0.012362321228756756
2020-01-13,0.028913315956517385
2020-01-14,-0.04808288555235989
2020-01-15,-0.052123441121990216
2020-01-16,-0.07512260045694842
2020-01-17,-0.10172089272986322
2020-01-20,-0.18914115544373752
2020-01-21,-0.1868518638616865
2020-01-22,-0.28982928132194724
2020-01-23,-0.2885863241665116
2020-02-03,-0.4918049826835642
2020-02-04,-0.5185190380739303
2020-02-05,-0.5212395291368125
2020-02-06,-0.3744503177777989
2020-02-07,-0.3595088940815638
2020-02-10,-0.34854338514890215
2020-02-11,-0.34681815985207604
2020-02-12,-0.31085100861493137
2020-02-13,-0.2881665648797579
2020-02-14,-0.12462292783458381
2020-02-17,0.04506857128560167
2020-02-18,-0.07081223238806542
2020-02-19,0.13861097583137105
2020-02-20,0.2041677342972847
2020-02-21,0.24124808395506686
2020-02-24,0.31962302148719207
2020-02-25,0.34989323543692324
2020-02-26,0.3025381635460415
2020-02-27,0.3667882856900491
2020-02-28,0.16574585741467748
2020-03-02,0.1940014195213771
2020-03-03,0.2084330332968756
2020-03-04,0.2033464783024832
2020-03-05,0.14556365964213674
2020-03-06,0.19698909900918773
2020-03-09,0.1263352172927392
2020-03-10,0.15737574315947497
2020-03-11,0.11817090935603519
2020-03-12,0.013806527655434452
2020-03-13,0.2055634308362411
2020-03-16,0.005304197713353666
2020-03-17,0.10429276504727761
2020-03-18,-0.06314915168712158
2020-03-19,-0.046546882824389575
2020-03-20,-0.08030778016298232
2020-03-23,-0.01166760930533159
2020-03-24,-0.0769747197327122
2020-03-25,-0.010679663255522163
2020-03-26,-0.006165868680389469
2020-03-27,-0.18666041515622098
2020-03-30,-0.1786722474881195
2020-03-31,-0.22442731575265887
2020-04-01,-0.10477418431157726
2020-04-02,-0.019728810695794567
2020-04-03,0.07474397422238307
2020-04-07,0.1665474551186186
2020-04-08,0.05954194506323772
2020-04-09,0.1509757795950078
2020-04-10,0.3465101253947374
2020-04-13,0.48028321989948153
2020-04-14,0.2042742182832154
2020-04-15,0.08721114154887767
2020-04-16,0.13005757550748115
2020-04-17,0.07390098439333441
2020-04-20,0.08623342687773805
2020-04-21,0.0188001336782828
2020-04-22,0.1005272553379126
2020-04-23,0.11260417674626562
2020-04-24,0.036497954284887765
2020-04-27,-0.0779294462190458
2020-04-28,0.08884309228650547
2020-04-29,0.13553825152753085
2020-04-30,0.13602888671314387
2020-05-06,0.19149646279442478
2020-05-07,0.05025074232266276
2020-05-08,0.1088099775580588
2020-05-11,-0.06177618685260502
2020-05-12,-0.06838729581963739
2020-05-13,0.0019424205021184348
2020-05-14,0.09642655081089364
2020-05-15,0.10489997203991117
2020-05-18,0.199855132601265
2020-05-19,0.07764690026322134
2020-05-20,0.10522936121009167
2020-05-21,0.14744829658118394
2020-05-22,0.052663323001414984
2020-05-25,0.18489863170018522
2020-05-26,0.04881228992639526
2020-05-27,0.03505293040442443
2020-05-28,0.023126357852547047
2020-05-29,-0.06670608704895863
2020-06-01,-0.015563455268588218
2020-06-02,0.04174473013517414
2020-06-03,-0.023930499759273857
2020-06-04,-0.03708644897518769
2020-06-05,0.07485376280363219
2020-06-08,0.03574263487721999
2020-06-09,0.1675065938210162
2020-06-10,0.06606499720801605
2020-06-11,0.010172985468596279
2020-06-12,0.1516333073079824
2020-06-15,-0.014854093029014238
2020-06-16,0.011617438896575016
2020-06-17,0.06404257994372708
2020-06-18,0.09544150598672221
2020-06-19,0.09351619943593319
2020-06-22,0.10090798410732671
2020-06-23,0.06652930189843638
2020-06-24,0.15884513075765883
2020-06-29,0.2051860899653
2020-06-30,0.09477747021495642
2020-07-01,0.17494649469501664
2020-07-02,0.18904142418713815
2020-07-03,0.12312333444207521
2020-07-06,0.29717806290998927
2020-07-07,0.2558422342195692
2020-07-08,0.1642246220540894
2020-07-09,0.10916738160195238
2020-07-10,0.03466132280099744
2020-07-13,0.04180868942282408
2020-07-14,0.11360836638328896
2020-07-15,0.029010403805504303
2020-07-16,-0.13678093375979974
2020-07-17,-0.12818250496995431
2020-07-20,-0.20751211560860053
2020-07-21,-0.27317277640295745
2020-07-22,-0.2897324312233306
2020-07-23,-0.25699602777569097
2020-07-24,-0.2671456141264602
2020-07-27,-0.1609945881845388
2020-07-28,-0.1592349401999124
2020-07-29,-0.09450740556549456
2020-07-30,-0.020250272814583303
2020-07-31,0.02877243178085916
2020-08-03,0.07753309869746557
2020-08-04,0.1985027857147057
2020-08-05,0.25572899240966446
2020-08-06,0.16770769601828636
2020-08-07,0.28298293346212156
2020-08-10,0.1340161691286745
2020-08-11,0.015919399008664313
2020-08-12,-0.0052355230366996994
2020-08-13,-0.011301848343353982
2020-08-14,-0.12224450840231871
2020-08-17,-0.17737807916674483
2020-08-18,-0.20670523877865102
2020-08-19,-0.17189493562433375
2020-08-20,-0.038394295392197915
2020-08-21,-0.12107160008883319
2020-08-24,-0.059123143749433116
2020-08-25,0.06987951992102552
2020-08-26,0.05796144959522139
2020-08-27,0.2291350041875724
2020-08-28,0.2890369680146852
2020-08-31,0.2555062517248656
2020-09-01,0.20277178723295078
2020-09-02,0.25042026685436075
2020-09-03,0.1575031205102115
2020-09-04,0.1866960736149969
2020-09-07,0.1254188223006394
2020-09-08,-0.004424604996028538
2020-09-09,0.08059887577987483
2020-09-10,-0.06866272066527268
2020-09-11,-0.009751322417316778
2020-09-14,-0.05614176599936626
2020-09-15,-0.16730377369190905
2020-09-16,-0.11647607309872815
2020-09-17,-0.17400672867366856
2020-09-18,-0.12963860316803394
2020-09-21,-0.03375169739026682
2020-09-22,-0.07610958931238485
2020-09-23,-0.06668545495854908
2020-09-24,-0.04951982219428383
2020-09-25,-0.04248481017996896
2020-09-28,-0.08635133976144287
2020-09-29,-0.00014633069857561035
2020-09-30,-0.1452060324382894
2020-10-09,-0.026910259079059078
2020-10-12,0.013513435965970861
2020-10-13,-0.06646189342572059
2020-10-14,0.011568501969905252
2020-10-15,-0.09319236633720787
2020-10-16,-0.08542796198001175
2020-10-19,-0.22373773275839656
2020-10-20,-0.10713351166353416
2020-10-21,-0.12747333373669714
2020-10-22,-0.04419551154155895
2020-10-23,-0.09030533976899482
2020-10-26,-0.10464668799052737
2020-10-27,0.017832918017146544
2020-10-28,0.012735991431292488
2020-10-29,0.02839811064933894
2020-10-30,0.17378744105480695
2020-11-02,0.3531452124944086
2020-11-03,0.2823226194932076
2020-11-04,0.19875905142308986
2020-11-05,0.15054924273657114
2020-11-06,0.14290085480052214
2020-11-09,0.13661724113431553
2020-11-10,-0.011088512200421374
2020-11-11,0.08757218343116666
2020-11-12,0.12239158959754431
2020-11-13,0.08112860834518755
2020-11-16,-0.03771890872988941
2020-11-17,-0.01491955569643296
2020-11-18,0.16471494883158772
2020-11-19,0.26867329036188503
2020-11-20,0.24396549266740403
2020-11-23,0.3162935824027841
2020-11-24,0.3841347620408247
2020-11-25,0.20761703944678112
2020-11-26,0.10924998466397685
2020-11-27,0.0864995587298789
2020-11-30,0.08571957054390865
2020-12-01,0.04837614130814717
2020-12-02,-0.0772705988403103
2020-12-03,-0.20042777050017443
2020-12-04,-0.11755391834730906
2020-12-07,-0.1847912122537288
2020-12-08,-0.24515499462490642
2020-12-09,-0.1969281786416729
2020-12-10,-0.14752463605360183
2020-12-11,-0.11418767800561927
2020-12-14,-0.21756432089524746
2020-12-15,-0.24873939514104934
2020-12-16,-0.18550094548375706
2020-12-17,-0.028011473965227643
2020-12-18,-0.11650729063771621
2020-12-21,-0.2994827348272394
2020-12-22,-0.327189667407294
2020-12-23,-0.34915427903840446
2020-12-24,-0.26342036858434453
2020-12-25,-0.42435372133569427
2020-12-28,-0.43712809317049084
2020-12-29,-0.39709618219187315
2020-12-30,-0.34291535446488164
2020-12-31,-0.30213140466977917
2021-01-04,-0.26854100209041637
2021-01-05,-0.22407422734263965
2021-01-06,-0.218858562021698
2021-01-07,-0.18646488399459585
2021-01-08,-0.28480958350050556
2021-01-11,-0.20698466522327583
2021-01-12,-0.03695435079612998
2021-01-13,0.08433182492202242
2021-01-14,0.08985410068997693
2021-01-15,0.0474711224999295
2021-01-18,0.11736995725055671
2021-01-19,0.11009142511210895
2021-01-20,0.10609120959423142
2021-01-21,0.1952105500886845
2021-01-22,0.34280959183262655
2021-01-25,0.2587668664097963
2021-01-26,0.1281907859641178
2021-01-27,0.1372934951050013
2021-01-28,0.15702255981757574
2021-01-29,0.11753950482790801
2021-02-01,-0.07193692139549546
2021-02-02,-0.04186461246083962
2021-02-03,0.12077810015162206
2021-02-04,0.1564237600412468
2021-02-05,0.06229459974805502
2021-02-08,0.15617976746244155
2021-02-09,0.1788528713395584
2021-02-10,0.08623851826513913
2021-02-18,0.12273092953094025
2021-02-19,0.2346051813004464
2021-02-22,0.4325633169469584
2021-02-23,0.332486296623444
2021-02-24,0.1706820124961625
2021-02-25,0.11324070022271736
2021-02-26,0.11432913948472567
2021-03-01,0.0700226155463115
2021-03-02,0.16337397249665989
2021-03-03,0.21204079726770447
2021-03-04,0.056586664928595716
2021-03-05,-0.005257748727201342
2021-03-08,-0.044188512492628826
2021-03-09,-0.06292819826129357
2021-03-10,-0.07707872137831867
2021-03-11,-0.0319233342377866
2021-03-12,0.051009848784477
2021-03-15,0.0963816414588284
2021-03-16,-0.08370963695612144
2021-03-17,-0.1593579408531667
2021-03-18,-0.1016469190149022
2021-03-19,-0.15272934244990513
2021-03-22,-0.27690880433958226
2021-03-23,-0.2651214238039134
2021-03-24,-0.10472877477631919
2021-03-25,-0.18570574864865086
2021-03-26,-0.23976275327290392
2021-03-29,-0.32031470492605274
2021-03-30,-0.28930005550871263
2021-03-31,-0.3437225779463199
2021-04-01,-0.23154293305279353
2021-04-02,-0.16809434090861702
2021-04-06,-0.0806699158163467
2021-04-07,-0.048804251576680925
2021-04-08,-0.18141713937365714
2021-04-09,-0.2443412178343711
2021-04-12,-0.3119869286779667
2021-04-13,-0.28641335396719403
2021-04-14,-0.19100150801931448
2021-04-15,-0.06243623392700044
2021-04-16,-0.1825773656137736
2021-04-19,-0.31725335287397466
2021-04-20,-0.39317128819593405
2021-04-21,-0.42907329972003183
2021-04-22,-0.26012652521534196
2021-04-23,-0.13271403242362623
2021-04-26,-0.14092818707367363
2021-04-27,4.469633852971222e-05
2021-04-28,0.033813858753983156
2021-04-29,-0.02242223977905659
2021-04-30,-0.08199389188308381
2021-05-06,0.07469622440837922
2021-05-07,0.19641802058517802
2021-05-10,0.1802673197293099
2021-05-11,0.08216504573992114
2021-05-12,0.14752279901909135
2021-05-13,0.1862653947642453
2021-05-14,0.1026582471083283
2021-05-17,-0.03365708314303416
2021-05-18,-0.022581210721361464
2021-05-19,0.03685286916552008
2021-05-20,-0.06179663811188502
2021-05-21,-0.16462150752114446
2021-05-24,-0.060693549567335324
2021-05-25,-0.06854707052532084
2021-05-26,-0.05623623832776076
2021-05-27,-0.12929699399261785
2021-05-28,-0.19035992156031967
2021-05-31,-0.11033171115330874
2021-06-01,-0.03426153025909985
2021-06-02,-0.08726544705960207
2021-06-03,-0.09757301239114358
2021-06-04,-0.10736392700737285
2021-06-07,-0.23430937864172638
2021-06-08,-0.18619151801702288
2021-06-09,-0.25279641325648766
2021-06-10,-0.1069656893702878
2021-06-11,0.03805742688286759
2021-06-15,0.07564800856865765
2021-06-16,0.009659301423175726
2021-06-17,0.13616150639505584
2021-06-18,0.22427137139337494
2021-06-21,0.2989638583914028
2021-06-22,0.49468552104405156
2021-06-23,0.4592283086398299
2021-06-24,0.3764462388534423
2021-06-25,0.40487562792360815
2021-06-28,0.4006690853125926
2021-06-29,0.2920802544053662
2021-06-30,0.1814057989052963
2021-07-01,0.14977338101413842
2021-07-02,0.06127498110799608
2021-07-05,0.10245255913887696
2021-07-06,-0.008973844238536775
2021-07-07,-0.10787070584649337
2021-07-08,-0.09386586700953123
2021-07-09,-0.1041962707432995
2021-07-12,-0.2134908793066952
2021-07-13,-0.15065258061222359
2021-07-14,-0.12340809266885862
2021-07-15,-0.17269421643917904
2021-07-16,-0.08995135670767104
2021-07-19,-0.040983262905182734
2021-07-20,0.08855253574564909
2021-07-21,0.24691840763854767
2021-07-22,0.19770852054590096
2021-07-23,0.09242136876618319
2021-07-26,0.04147914543593962
2021-07-27,-0.021424737859790998
2021-07-28,0.0774480901814613
2021-07-29,0.18883687202574462
2021-07-30,0.19235123840964086
2021-08-02,-0.02326270125296693
2021-08-03,-0.19826931806450498
2021-08-04,-0.2352087130096125
2021-08-05,-0.27325131571774225
2021-08-06,-0.20685605215274616
2021-08-09,-0.08096848310609274
2021-08-10,0.08642762286978171
2021-08-11,0.08753573430596183
2021-08-12,0.017364905661169164
2021-08-13,-0.005324242696196916
2021-08-16,0.13611630389185347
2021-08-17,0.27593597551616855
2021-08-18,0.1993006174544829
2021-08-19,0.22558241738855664
2021-08-20,0.16444088958034947
2021-08-23,0.30422912455359175
2021-08-24,0.20791246531596116
2021-08-25,0.033332133322433725
2021-08-26,-0.12461728322203279
2021-08-27,-0.11785337841196145
2021-08-30,-0.09295483294543254
2021-08-31,-0.15981371777235673
2021-09-01,-0.10728513221532238
2021-09-02,0.06421512695281743
2021-09-03,0.1481695728919146
2021-09-06,0.02027658594900974
2021-09-07,0.10231492612326332
2021-09-08,0.23982333377960627
2021-09-09,0.2946569370665709
2021-09-10,0.20911823752725822
2021-09-13,0.12321852866210954
2021-09-14,0.19502813224814872
2021-09-15,0.32873077748137136
2021-09-16,0.036678539638768326
2021-09-17,-0.08966837312523437
2021-09-22,-0.0021009351286948343
2021-09-23,0.053138617268597095
2021-09-24,0.003175077668480783
2021-09-27,0.02915361203243597
2021-09-28,0.1553130334852635
2021-09-29,0.1590174777867121
2021-09-30,0.2198218605326418
2021-10-08,0.08455524771939608
2021-10-11,0.21630520875285442
2021-10-12,0.20411104004495206
2021-10-13,0.11168813624514765
2021-10-14,0.015726289113752505
2021-10-15,0.06322486845649423
2021-10-18,0.10176714432381789
2021-10-19,-0.02146656883964451
2021-10-20,-0.0944679444309665
2021-10-21,-0.2029980240645596
2021-10-22,-0.19025456070999197
2021-10-25,-0.25792927594388393
2021-10-26,-0.1572693399492118
2021-10-27,-0.2043602575967344
2021-10-28,-0.17743673502155385
2021-10-29,-0.2699865972472767
2021-11-01,-0.3834588086723866
2021-11-02,-0.39048755558115233
2021-11-03,-0.2167944796212935
2021-11-04,-0.2535263240736291
2021-11-05,-0.22812262642818015
2021-11-08,-0.18403385689138912
2021-11-09,-0.29947414485870216
2021-11-10,-0.2006115026675675
2021-11-11,-0.16778189403706412
2021-11-12,-0.14639740295256123
2021-11-15,-0.17038546479781477
2021-11-16,-0.15179756934423022
2021-11-17,-0.1902064264736293
2021-11-18,-0.13967340047071017
2021-11-19,-0.09093385662872133
2021-11-22,-0.05279116485195346
2021-11-23,0.02887266687401636
2021-11-24,0.08047864204119748
2021-11-25,-0.06472372545803157
2021-11-26,-0.09405640570636914
2021-11-29,0.06396954319063021
2021-11-30,0.0018958280655652737
2021-12-01,-0.027448662802519782
2021-12-02,-0.09844399613968835
2021-12-03,-0.0560697135927794
2021-12-06,0.009380294770937471
2021-12-07,-0.010954144480307968
2021-12-08,-0.1624870793602626
2021-12-09,-0.1547042943021625
2021-12-10,-0.14416929767450995
2021-12-13,-0.13808385877793952
2021-12-14,-0.030760241342073787
2021-12-15,-0.11759943238257795
2021-12-16,0.07449082012906051
2021-12-17,-0.017964476054286506
2021-12-20,-0.20016074788868551
2021-12-21,-0.27928880576593546
2021-12-22,-0.19010579638025252
2021-12-23,0.004904370226978577
2021-12-24,0.09450611528987189
2021-12-27,-0.10838823051347049
2021-12-28,-0.07329293285833498
2021-12-29,0.07644163101568985
2021-12-30,0.07285974071465309
2021-12-31,0.05529811830996089
2022-01-04,0.13159567118260282
2022-01-05,0.1603576454768377
2022-01-06,0.21217760387238999
2022-01-07,0.17651134187297676
2022-01-10,0.08660232553825174
2022-01-11,0.32323861933040404
2022-01-12,0.32319184053176514
2022-01-13,0.1817067646251044
2022-01-14,0.20179108625145706
2022-01-17,0.09649185149751337
2022-01-18,0.16048836876375744
2022-01-19,0.23256039226898118
2022-01-20,0.2561627932802853
2022-01-21,0.2604534267514494
2022-01-24,0.21986578421437256
2022-01-25,0.12534377112071782
2022-01-26,0.1788508197592131
2022-01-27,0.16212755163050208
2022-01-28,-0.004502589137541723
2022-02-07,0.1339405175394673
2022-02-08,0.010334619173341393
2022-02-09,-0.10932790136843298
2022-02-10,-0.16816079782450544
2022-02-11,-0.33407701069884554
2022-02-14,-0.26351845529101986
2022-02-15,-0.2586307853145121
2022-02-16,-0.28646280217370396
2022-02-17,-0.3008339442093662
2022-02-18,-0.20365545644246055
2022-02-21,-0.2429492323214657
2022-02-22,-0.24254376590350138
2022-02-23,-0.14555896015184505
2022-02-24,-0.16315058710823027
2022-02-25,-0.09915806833001396
2022-02-28,0.017464986087844962
2022-03-01,0.11863920991132215
2022-03-02,0.08510260069691244
2022-03-03,0.23665853534032882
2022-03-04,0.11805714752710349
2022-03-07,0.18284630991478967
2022-03-08,0.28513384947759807
2022-03-09,0.2899262130654843
2022-03-10,0.2560476175639069
2022-03-11,0.23404501943227918
2022-03-14,0.0994614811696438
2022-03-15,-0.04829457019331697
2022-03-16,-0.03430074995780245
2022-03-17,-0.1225573444930712
2022-03-18,0.03286602184027971
2022-03-21,-0.06847835922968597
2022-03-22,-0.20349433515461626
2022-03-23,-0.1623887133828645
2022-03-24,-0.21642597561876492
2022-03-25,-0.07739024298155271
2022-03-28,0.07295890701831793
2022-03-29,0.27251560149089077
2022-03-30,0.24444458878041583
2022-03-31,0.18938762699763073
2022-04-01,0.057316619235092695
2022-04-06,0.06082914287379652
2022-04-07,0.067598905888435
2022-04-08,-0.008397717753433093
2022-04-11,0.03284436504539902
2022-04-12,0.043876713178245444
2022-04-13,-0.0763831047306862
2022-04-14,-0.21194172017823826
2022-04-15,-0.2528128550253957
2022-04-18,-0.10476827789580409
2022-04-19,-0.10918946787978025
2022-04-20,-0.1471603895046247
2022-04-21,-0.030281993934146465
2022-04-22,-0.1500541526826401
2022-04-25,-0.18947280524901086
2022-04-26,-0.28876377672378084
2022-04-27,-0.21256510165547177
2022-04-28,-0.15619726109330506
2022-04-29,-0.07394223305727264
2022-05-05,-0.10984670781950916
2022-05-06,-0.1358019535941152
2022-05-09,-0.19215245058816377
2022-05-10,-0.21516998728689873
2022-05-11,-0.08117359885970343
2022-05-12,-0.07117059733206497
2022-05-13,-0.04849470445561234
2022-05-16,-0.08719533355900211
2022-05-17,-0.12615119134224126
2022-05-18,-0.2952361851748706
2022-05-19,-0.4026183083292104
2022-05-20,-0.4126026041569409
2022-05-23,-0.34991806247613577
2022-05-24,-0.4286377918995404
2022-05-25,-0.459049062971324
2022-05-26,-0.21487213967016336
2022-05-27,-0.211994690428664
2022-05-30,-0.08990175487899793
2022-05-31,0.0061140068477812375
2022-06-01,0.14971362363678414
2022-06-02,0.19381466170061967
2022-06-06,0.24077342436846869
2022-06-07,0.22263944036372305
2022-06-08,0.38556805425288754
2022-06-09,0.25074992245801686
2022-06-10,0.12112845148686972
2022-06-13,0.03248337805721683
2022-06-14,-0.030038919105582863
2022-06-15,-0.19755357392693057
2022-06-16,-0.34586855197471256
2022-06-17,-0.4045562266632
2022-06-20,-0.3830947397099835
2022-06-21,-0.33449019684857034
2022-06-22,-0.5108865461371761
2022-06-23,-0.40445775889431856
2022-06-24,-0.503416768223618
2022-06-27,-0.3753248232528342
2022-06-28,-0.3426683484097562
2022-06-29,-0.24114177035698373
2022-06-30,-0.19245389772390636
2022-07-01,-0.15541352717931806
2022-07-04,-0.0257948759078323
2022-07-05,-0.09187181384668229
2022-07-06,-0.021423276550937845
2022-07-07,-0.02027895124055033
2022-07-08,0.10124406174285588
2022-07-11,-0.021063609025386766
2022-07-12,-0.10989722834657145
2022-07-13,-0.0728083583986591
2022-07-14,-0.045178540472129436
2022-07-15,-0.11878164432169216
2022-07-18,-0.06493287470200979
2022-07-19,-0.07614752474623604
2022-07-20,-0.1266679253205727
2022-07-21,-0.1912765408999806
2022-07-22,-0.10916098796100682
2022-07-25,-0.037867990871313546
2022-07-26,0.025260900368065387
2022-07-27,0.002140088726271439
2022-07-28,0.0820042608295821
2022-07-29,0.23945399409766333
2022-08-01,0.07614406980385735
2022-08-02,0.2019041258195129
2022-08-03,0.2342553180336154
2022-08-04,0.23948329030557364
2022-08-05,0.14551247645899187
2022-08-08,0.18810477264482792
2022-08-09,0.10051136686371277
2022-08-10,0.00846492627009733
2022-08-11,-0.054284194852143475
2022-08-12,-0.09605593651687472
2022-08-15,-0.11730743846888851
2022-08-16,-0.25419610981240287
2022-08-17,-0.2706805130605913
2022-08-18,-0.24380433927173983
2022-08-19,-0.2070633448274919
2022-08-22,-0.3101380956485578
2022-08-23,-0.24915908247330656
2022-08-24,-0.0412786973877688
2022-08-25,-0.06389519859283356
2022-08-26,0.01872781307811038
2022-08-29,0.051080421809768364
2022-08-30,0.10523552596910912
2022-08-31,0.12631011790551655
2022-09-01,0.16636682025360097
2022-09-02,0.15690590141227065
2022-09-05,0.2815658915705332
2022-09-06,0.36964943674483935
2022-09-07,0.241714117449601
2022-09-08,0.29466868758600784
2022-09-09,0.2936557621441705
2022-09-13,0.30261823451809544
2022-09-14,0.25079348602673573
2022-09-15,0.21316323523090921
2022-09-16,0.27516941414812424
2022-09-19,0.1575123674897163
2022-09-20,0.002649474792447535
2022-09-21,-0.04946251419630039
2022-09-22,0.06782566061355624
2022-09-23,-0.06959418527034879
2022-09-26,-0.27693318317072874
2022-09-27,-0.14258627684254216
2022-09-28,-0.18231233678433859
2022-09-29,-0.012816132960704
2022-09-30,-0.06255992632603224
2022-10-10,0.03422972841171732
2022-10-11,0.010049490713745562
2022-10-12,-0.03702548959586847
2022-10-13,-0.21059961873611166
2022-10-14,-0.10481800748859263
2022-10-17,-0.046581089941022856
2022-10-18,-0.17532700254443107
2022-10-19,-0.07042306888773317
2022-10-20,-0.1871533191923316
2022-10-21,-0.29250824759748284
2022-10-24,-0.38364151533581314
2022-10-25,-0.33207185697233893
2022-10-26,-0.3631296532539424
2022-10-27,-0.3454220376248895
2022-10-28,-0.24100820317700786
2022-10-31,-0.2789823145932974
2022-11-01,-0.1468607141076696
2022-11-02,-0.14380922297602794
2022-11-03,-0.06540691407505284
2022-11-04,0.05651461096821114
2022-11-07,0.029332475255781927
2022-11-08,0.06960579998354537
2022-11-09,0.1677403741338183
2022-11-10,0.1759820824609153
2022-11-11,0.16463576442366262
2022-11-14,0.24952852312159354
2022-11-15,0.174547573560984
2022-11-16,0.188854758598532
2022-11-17,0.08513149691312946
2022-11-18,0.10322829855756947
2022-11-21,0.10037889338811477
2022-11-22,0.03667311890740164
2022-11-23,-0.0607343719216954
2022-11-24,0.023498002903163496
2022-11-25,-0.000820805064597381
2022-11-28,-0.020798313728416763
2022-11-29,0.04811962078197094
2022-11-30,0.004061694305342003
2022-12-01,-0.0031972710457203158
2022-12-02,-0.003443659604119504
2022-12-05,0.06891700310349205
2022-12-06,0.06768237901331467
2022-12-07,0.04875461437366229
2022-12-08,-0.015335805228775258
2022-12-09,-0.04235079514217429
2022-12-12,0.03574426777647091
2022-12-13,-0.11350467257766035
2022-12-14,-0.09587356864191417
2022-12-15,0.010621890059198238
2022-12-16,-0.025320718079243777
2022-12-19,-0.085154653504347
2022-12-20,-0.0557545212698322
2022-12-21,0.05389597594611932
2022-12-22,0.002495679654439045
2022-12-23,-0.2057857201367806
2022-12-26,-0.17961970424347307
2022-12-27,-0.01619026118356253
2022-12-28,-0.00431522025669915
2022-12-29,-0.12550392032329358
2022-12-30,-0.0773136232341824
2023-01-03,0.09093190647805861
2023-01-04,0.04359787726060543
2023-01-05,-0.06295618060751165
2023-01-06,0.052490311629909185
2023-01-09,0.17164660943659016
2023-01-10,0.1085992565854423
2023-01-11,0.05957003132985035
2023-01-12,0.06943807438939256
2023-01-13,0.2503999416046124
2023-01-16,0.17183403952920773
2023-01-17,0.11770965508598982
2023-01-18,0.2414744739492902
2023-01-19,0.2906709659777335
2023-01-20,0.349106906813676
2023-01-30,0.3264115003254095
2023-01-31,0.24824081188436334
2023-02-01,0.20006054592977837
2023-02-02,0.05086651985423891
2023-02-03,-0.09151951288479085
2023-02-06,-0.15902417693165796
2023-02-07,-0.1628119364738154
2023-02-08,-0.20193265269795832
2023-02-09,-0.18364013000562812
2023-02-10,-0.2400299923088522
2023-02-13,-0.2675108670164473
2023-02-14,-0.1837249369120382
2023-02-15,-0.25563453537873376
2023-02-16,-0.11157883757872586
2023-02-17,-0.06420204809490258
2023-02-20,0.04748305557708798
2023-02-21,0.07132359071326495
2023-02-22,0.020409395364141155
2023-02-23,-0.06483249691163359
2023-02-24,-0.05910680382843961
2023-02-27,-0.07751820668473666
2023-02-28,-0.04627052368597862
2023-03-01,0.08907152722333395
2023-03-02,0.015499405217491703
2023-03-03,-0.009435229018873491
2023-03-06,-0.03617256703232421
2023-03-07,-0.17434540606308163
2023-03-08,-0.18711438188518537
2023-03-09,-0.16039174207790696
2023-03-10,-0.2597659498420316
2023-03-13,-0.11501700525428872
2023-03-14,-0.1876677912683955
2023-03-15,-0.3337091145809514
2023-03-16,-0.3536668987832372
2023-03-17,-0.35280095546411316
2023-03-20,-0.5002803606653536
2023-03-21,-0.38639269688424865
2023-03-22,-0.32853351654559654
2023-03-23,-0.3659918398872787
2023-03-24,-0.17207575338162656
2023-03-27,-0.14196196907856107
2023-03-28,-0.10100563093042611
2023-03-29,-0.04563315618775706
2023-03-30,0.05967033825644549
2023-03-31,0.13091875953553528
2023-04-03,0.18808862527020473
2023-04-04,0.12378594224045318
2023-04-06,0.045162495731310294
2023-04-07,0.21164516690031993
2023-04-10,0.056730863580828565
2023-04-11,0.006833899647680759
2023-04-12,0.019068303155678586
2023-04-13,0.022863612912434998
2023-04-14,0.0012374302888891857
2023-04-17,0.0148776585047485
2023-04-18,0.1132247126334985
2023-04-19,0.07600957204839986
2023-04-20,0.18358096354273268
2023-04-21,0.10721363018174472
2023-04-24,0.028793147167833308
2023-04-25,-0.0003985186591378005
2023-04-26,-0.04527212080252429
2023-04-27,-0.135098153358005
2023-04-28,-0.1516601980213687
2023-05-04,-0.1951911614981521
2023-05-05,-0.17999051789703233
2023-05-08,-0.07185391917296051
2023-05-09,-0.18013258904123702
2023-05-10,-0.17454224065155688
2023-05-11,-0.1280948951065699
2023-05-12,-0.23043225955855978
2023-05-15,-0.23982947026884166
2023-05-16,-0.18795666511864098
2023-05-17,-0.11855439194188815
2023-05-18,-0.1467064938345364
2023-05-19,-0.2501503998118182
2023-05-22,-0.3834124216497737
2023-05-23,-0.35722237524912176
2023-05-24,-0.2832866120965192
2023-05-25,-0.2404271909034417
2023-05-26,-0.0543742030607753
2023-05-29,0.050822957562511616
2023-05-30,0.027249505814978037
2023-05-31,-0.03398761646028359
2023-06-01,0.07458049461382112
2023-06-02,0.18748779369736923
2023-06-05,0.23363160961966084
2023-06-06,0.21229273554406353
2023-06-07,0.08559403508952221
2023-06-08,0.1136672583224681
2023-06-09,0.04480242777427873
2023-06-12,-0.11550539814291691
2023-06-13,0.05587214587075943
2023-06-14,0.049354416369847276
2023-06-15,0.030216755613692702
2023-06-16,0.057377932412418405
2023-06-19,-0.006281639571227717
2023-06-20,0.05019340771510034
2023-06-21,0.19296494329519706
2023-06-26,0.08486163036823875
2023-06-27,0.10968735908472624
2023-06-28,0.1881903166992835
2023-06-29,0.1401074274666738
2023-06-30,0.21438540992461608
2023-07-03,0.12539880143517862
2023-07-04,0.018908433296470073
2023-07-05,0.1139665722246985
2023-07-06,0.19192376216640075
2023-07-07,0.1471914513778576
2023-07-10,0.22828273504717556
2023-07-11,0.24836468908568457
2023-07-12,0.3427170347091812
2023-07-13,0.3068503558812848
2023-07-14,0.2865164926240505
2023-07-17,0.1504555264624533
2023-07-18,0.2291478245771041
2023-07-19,0.3075961768057096
2023-07-20,0.22299742097424344
2023-07-21,0.17268260377690658
2023-07-24,0.1332876905861538
2023-07-25,0.1262593377046883
2023-07-26,0.0542321316763669
2023-07-27,-0.0006170772439858045
2023-07-28,0.08686690458145452
2023-07-31,0.25789409692188414
2023-08-01,0.18237019515841932
2023-08-02,0.09746745858952818
2023-08-03,0.06545957646177268
2023-08-04,0.08630830689365131
2023-08-07,0.15633429562297682
2023-08-08,0.04478946112063548
2023-08-09,0.09439413148801835
2023-08-10,0.05863327936137094
2023-08-11,-0.0373803093463028
2023-08-14,-0.12735330485988644
2023-08-15,-0.06994754756783565
2023-08-16,-0.10167606540068111
2023-08-17,0.12634088653679104
2023-08-18,0.2794171137495272
2023-08-21,0.33390965805545364
2023-08-22,0.44944169028354086
2023-08-23,0.27256904611119875
2023-08-24,0.26948398589515465
2023-08-25,0.29562832048016735
2023-08-28,0.23124812102471004
2023-08-29,0.17040771746267006
2023-08-30,0.28475886916608645
2023-08-31,0.2158682121264721
2023-09-01,0.13149167241308424
2023-09-04,-0.00604517398847987
2023-09-05,-0.04495716790043812
2023-09-06,0.12402177399611194
2023-09-07,0.15437067721003553
2023-09-08,0.033761425135455006
2023-09-11,0.08475826330844342
2023-09-12,0.16469058503172557
2023-09-13,0.002703207986309869
2023-09-14,0.0004508378996313797
2023-09-15,-0.09170049895628414
2023-09-18,0.07760075538495863
2023-09-19,0.10391492841889398
2023-09-20,-0.04516272548744823
2023-09-21,-0.11938583055751231
2023-09-22,-0.04356983130938281
2023-09-25,-0.09490604366666025
2023-09-26,-0.2327586872290729
2023-09-27,-0.19634180542924598
2023-09-28,-0.24053323256443912
2023-10-09,-0.23360098778796226
2023-10-10,-0.4740253697928269
2023-10-11,-0.5388699658870072
2023-10-12,-0.387366660473283
2023-10-13,-0.23627947616168946
2023-10-16,-0.24498211753339355
2023-10-17,-0.2562145786074286
2023-10-18,-0.25756684459897555
2023-10-19,-0.17733289703373148
2023-10-20,-0.21586567217690947
2023-10-23,-0.1586997448221798
2023-10-24,-0.008777913492785418
2023-10-25,0.04722304330940282
2023-10-26,0.009420206797211226
2023-10-27,0.08951667813430803
2023-10-30,0.1145734405748332
2023-10-31,0.2373066363018165
2023-11-01,0.3193475367376144
2023-11-02,0.28760639677577976
2023-11-03,0.4387789605005992
2023-11-06,0.5074655396454778
2023-11-07,0.4121226160548112
2023-11-08,0.44528835158688795
2023-11-09,0.464306491541281
2023-11-10,0.22303809993351736
2023-11-13,0.07939698371421779
2023-11-14,0.08881483969799839
2023-11-15,0.16433836150768574
2023-11-16,0.23019249454708846
2023-11-17,0.0918715052987472
2023-11-20,-0.0763044125143711
2023-11-21,-0.1342652150113846
2023-11-22,-0.23330030450760672
2023-11-23,-0.3344194706073206
2023-11-24,-0.18786267756848904
2023-11-27,-0.07270096110791875
2023-11-28,-0.13094654135516273
2023-11-29,-0.2645347032633638
2023-11-30,-0.2624592632720999
2023-12-01,-0.2253828835629726
2023-12-04,-0.20262624938930474
2023-12-05,-0.08359443832828987
2023-12-06,-0.0021733413598529986
2023-12-07,0.09957244090840664
2023-12-08,0.09844627481970548
2023-12-11,0.0593947374326535
2023-12-12,0.13193183972766095
2023-12-13,0.1294098312587046
2023-12-14,0.04761058554186506
2023-12-15,0.10673241846283293
2023-12-18,0.1905993974795107
2023-12-19,0.0883365443700941
2023-12-20,0.13328866805197576
2023-12-21,0.1675821583916043
2023-12-22,0.1335251347410159
2023-12-25,0.18482204392436638
2023-12-26,0.08517203423491168
2023-12-27,0.18167690066513456
2023-12-28,0.1556948056032622
2023-12-29,0.06892075401889286
2024-01-02,0.05022096816316351
2024-01-03,0.1360083633114357
2024-01-04,-0.06367745066384722
2024-01-05,-0.19982676332921337
2024-01-08,-0.30652777957811844
2024-01-09,-0.39209782545161564
2024-01-10,-0.43196093985201606
2024-01-11,-0.4581281363580761
2024-01-12,-0.42342602192208706
2024-01-15,-0.2909305695340721
2024-01-16,-0.2162357793676543
2024-01-17,-0.28178817561195524
2024-01-18,-0.13283595968304895
2024-01-19,-0.022837795261374506
2024-01-22,0.09927861612401088
2024-01-23,0.19112105224649872
2024-01-24,0.3873626916715508
2024-01-25,0.2966460854224645
2024-01-26,0.2273079711678517
2024-01-29,0.24601340901238025
2024-01-30,0.10659850527923233
2024-01-31,0.12792059045861184
2024-02-01,-0.06688629648417915
2024-02-02,-0.17169486327111952
2024-02-05,-0.26646907456932784
2024-02-06,-0.24135821967784227
2024-02-07,-0.21710581377436214
2024-02-08,-0.16907317255414095
2024-02-19,-0.14700949664821236
2024-02-20,-0.3514736454155871
2024-02-21,-0.26877793588719406
2024-02-22,-0.1699467760046672
2024-02-23,-0.07364370487070919
2024-02-26,-0.10923288373061157
2024-02-27,0.05163191164243558
2024-02-28,-0.12649549264308285
2024-02-29,-0.17569775376750055
2024-03-01,-0.15584371306133518
2024-03-04,-0.15366186697154816
2024-03-05,-0.15959688739111533
2024-03-06,-0.10274284584588043
2024-03-07,-0.23029335882367885
2024-03-08,-0.11053866775329522
2024-03-11,0.11215009279711388
2024-03-12,-0.06750365399758135
2024-03-13,-0.004336972902770031
2024-03-14,0.06639844995114365
2024-03-15,0.18635514618356663
2024-03-18,0.29542602472638146
2024-03-19,0.36701130467477733
2024-03-20,0.3594672240731325
2024-03-21,0.41672989276760447
2024-03-22,0.27977838270463423
2024-03-25,0.13584552953443285
2024-03-26,0.1482770386430126
2024-03-27,0.11833704070154111
2024-03-28,0.01656726760785104
2024-03-29,-0.15503920753168915
2024-04-01,-0.22900289284596986
2024-04-02,-0.18916438010664224
2024-04-03,-0.16502701894450528
2024-04-08,-0.16551330995849423
2024-04-09,-0.08126775459367164
2024-04-10,0.03356586927778685
2024-04-11,0.15278898662902413
2024-04-12,0.2255491968770695
2024-04-15,0.24309229696332565
2024-04-16,0.15989125096334206
2024-04-17,0.1607737791776256
2024-04-18,0.1355695707189882
2024-04-19,0.06738945700555736
2024-04-22,0.029728603686243426
2024-04-23,-0.06641869247420873
2024-04-24,-0.06588846501122529
2024-04-25,-0.0805008647111172
2024-04-26,0.01195397494873569
2024-04-29,0.026887543955224788
2024-04-30,0.04447492406570186
2024-05-06,-0.04673335459461816
2024-05-07,-0.013715148452323004
2024-05-08,-0.10330741687062205
2024-05-09,-0.08812676186749076
2024-05-10,0.028547225579524185
2024-05-13,0.12190732862760227
2024-05-14,0.04656109274137847
2024-05-15,0.019751700116391997
2024-05-16,0.08182764481956108
2024-05-17,0.2693610676259343
2024-05-20,0.37860009144816403
2024-05-21,0.27509100504799894
2024-05-22,0.3670098968522624
2024-05-23,0.33573760691933235
2024-05-24,0.338325751512922
2024-05-27,0.3464504879393621
2024-05-28,0.2968694501696891
2024-05-29,0.28362762535958325
2024-05-30,0.18436875926066215
2024-05-31,-0.040062979764098255
2024-06-03,-0.2263589082670869
2024-06-04,-0.24617879647906118
2024-06-05,-0.29330343425416944
2024-06-06,-0.23498215386613971
2024-06-07,-0.28753212528197336
2024-06-11,-0.44633204240246394
2024-06-12,-0.27485900364546345
2024-06-13,-0.3500613725005245
2024-06-14,-0.32984740536675566
2024-06-17,-0.29103055781057463
2024-06-18,-0.20768034683967718
2024-06-19,-0.07915070131583042
2024-06-20,-0.03535855034217598
2024-06-21,-0.11200714260248214
2024-06-24,-0.08836827097740212
2024-06-25,0.041738597734026876
2024-06-26,0.05785985398422538
2024-06-27,0.062037445763884265
2024-06-28,0.11913480884144706
2024-07-01,0.23622389630875443
2024-07-02,0.34693615966945796
2024-07-03,0.3499943272156002
2024-07-04,0.25301253727560385
2024-07-05,0.23275973354330814
2024-07-08,0.20138990728626968
2024-07-09,0.07112783108084135
2024-07-10,-0.09379113293967724
2024-07-11,-0.08961809609080675
2024-07-12,-0.20704246794867345
2024-07-15,-0.277035039430909
2024-07-16,-0.3722361606604339
2024-07-17,-0.4445443862110773
2024-07-18,-0.3131422428378407
2024-07-19,-0.33074692314088433
2024-07-22,-0.2741753691559622
2024-07-23,-0.3008924124933933
2024-07-24,-0.18416059109308858
2024-07-25,-0.24126466021797874
2024-07-26,-0.19946656897739576
2024-07-29,-0.12002899064159091
2024-07-30,-0.20830451985007137
2024-07-31,-0.05984785526710408
2024-08-01,-0.16378144766032296
2024-08-02,-0.035806884489627884
2024-08-05,-0.12825060406159308
2024-08-06,-0.14695758626643043
2024-08-07,-0.27029426362488296
2024-08-08,-0.27036095757285006
2024-08-09,-0.3250273094680122
2024-08-12,-0.31820540022623217
2024-08-13,-0.2398138358570829
2024-08-14,-0.39572985091765717
2024-08-15,-0.34897574860205904
2024-08-16,-0.4745397301072406
2024-08-19,-0.3326146536769769
2024-08-20,-0.1484799363411834
2024-08-21,0.025087123275371378
2024-08-22,-0.022127250284222705
2024-08-23,-0.0722427584819243
2024-08-26,-0.028284196408160062
2024-08-27,0.03818150867662009
2024-08-28,0.024877031817139874
2024-08-29,0.009877156316250817
2024-08-30,0.051776798854531
2024-09-02,-0.07335116051121392
2024-09-03,-0.21374360389226338
2024-09-04,-0.43173431916957544
2024-09-05,-0.40098182931275195
2024-09-06,-0.37727689049804447
2024-09-09,-0.4516561612711529
2024-09-10,-0.5568580854792724
2024-09-11,-0.39978281650929787
2024-09-12,-0.29957452389981776
2024-09-13,-0.32965359792262394
2024-09-18,-0.236301616014043
2024-09-19,-0.0817509017676722
2024-09-20,-0.008269904065198128
2024-09-23,-0.03784053173256315
2024-09-24,0.12214833038876213
2024-09-25,-0.027564578756164727
2024-09-26,0.01689717195915012
2024-09-27,-0.01881695731996451
2024-09-30,0.021699981784928594
2024-10-08,0.037473480983154395
2024-10-09,-0.004101560349947834
2024-10-10,-0.08626166758500567
2024-10-11,-0.010642441880233734
2024-10-14,0.039806070735876706
2024-10-15,-0.12781389557325545
2024-10-16,-0.0676729209974659
2024-10-17,-0.13790942391194522
2024-10-18,-0.1660194396736244
2024-10-21,-0.3444579152755008
2024-10-22,-0.29977992605638415
2024-10-23,-0.32653809233322517
2024-10-24,-0.27336016129085966
2024-10-25,-0.37345296486473983
2024-10-28,-0.242852332791961
2024-10-29,-0.17668351995467638
2024-10-30,-0.12048278059950085
2024-10-31,0.013406552908685919
2024-11-01,-0.07610697858177203
2024-11-04,0.009283360976954863
2024-11-05,0.037337250733107515
2024-11-06,0.03582711188544752
2024-11-07,0.07030842374913199
2024-11-08,0.0523998834002911
2024-11-11,-0.04379517386736266
2024-11-12,0.017606565654156334
2024-11-13,0.0299859399323047
2024-11-14,-0.01603998541178576
2024-11-15,-0.12956668155701986
2024-11-18,-0.05735943356364785
2024-11-19,-0.0005965804341580953
2024-11-20,0.12595251136688002
2024-11-21,0.005198040134892917
2024-11-22,0.028507282695930038
2024-11-25,0.09416545336917907
2024-11-26,0.10100315527335973
2024-11-27,0.12833579198763126
2024-11-28,0.11475419248965764
2024-11-29,0.32657531489223085
2024-12-02,0.28163067042633816
2024-12-03,0.1731463993177262
2024-12-04,0.03698671176912244
2024-12-05,0.012743156499157226
2024-12-06,0.058652403493157285
2024-12-09,0.10607959935997126
2024-12-10,-0.06579903220130055
2024-12-11,-0.020184261680191835
2024-12-12,0.09507854971753829
2024-12-13,-0.01669574694164146
2024-12-16,0.03368619907582254
2024-12-17,-0.03479707727048971
2024-12-18,-0.08538097202087074
2024-12-19,-0.03197262269437722
2024-12-20,-0.09269622465053089
2024-12-23,-0.06025740626495483
2024-12-24,0.07476455288349952
2024-12-25,-0.04463578329449246
2024-12-26,-0.11741104889859817
2024-12-27,-0.15161828139861622
2024-12-30,-0.2325650980047882
2024-12-31,-0.04193724225931951
