date,Amihud@180
2012-05-10,
2012-05-11,
2012-05-14,
2012-05-15,
2012-05-16,
2012-05-17,
2012-05-18,
2012-05-21,
2012-05-22,
2012-05-23,
2012-05-24,
2012-05-25,
2012-05-28,
2012-05-29,
2012-05-30,
2012-05-31,
2012-06-01,
2012-06-04,
2012-06-05,
2012-06-06,
2012-06-07,
2012-06-08,
2012-06-11,
2012-06-12,
2012-06-13,
2012-06-14,
2012-06-15,
2012-06-18,
2012-06-19,
2012-06-20,
2012-06-21,
2012-06-25,
2012-06-26,
2012-06-27,
2012-06-28,
2012-06-29,
2012-07-02,
2012-07-03,
2012-07-04,
2012-07-05,
2012-07-06,
2012-07-09,
2012-07-10,
2012-07-11,
2012-07-12,
2012-07-13,
2012-07-16,
2012-07-17,
2012-07-18,
2012-07-19,
2012-07-20,
2012-07-23,
2012-07-24,
2012-07-25,
2012-07-26,
2012-07-27,
2012-07-30,
2012-07-31,
2012-08-01,
2012-08-02,
2012-08-03,
2012-08-06,
2012-08-07,
2012-08-08,
2012-08-09,
2012-08-10,
2012-08-13,
2012-08-14,
2012-08-15,
2012-08-16,
2012-08-17,
2012-08-20,
2012-08-21,
2012-08-22,
2012-08-23,
2012-08-24,
2012-08-27,
2012-08-28,
2012-08-29,
2012-08-30,
2012-08-31,
2012-09-03,
2012-09-04,
2012-09-05,
2012-09-06,
2012-09-07,
2012-09-10,
2012-09-11,
2012-09-12,
2012-09-13,
2012-09-14,
2012-09-17,
2012-09-18,
2012-09-19,
2012-09-20,
2012-09-21,
2012-09-24,
2012-09-25,
2012-09-26,
2012-09-27,
2012-09-28,
2012-10-08,
2012-10-09,
2012-10-10,
2012-10-11,
2012-10-12,
2012-10-15,
2012-10-16,
2012-10-17,
2012-10-18,
2012-10-19,
2012-10-22,
2012-10-23,
2012-10-24,
2012-10-25,
2012-10-26,
2012-10-29,
2012-10-30,
2012-10-31,
2012-11-01,
2012-11-02,
2012-11-05,
2012-11-06,
2012-11-07,
2012-11-08,
2012-11-09,
2012-11-12,
2012-11-13,
2012-11-14,
2012-11-15,
2012-11-16,
2012-11-19,
2012-11-20,
2012-11-21,
2012-11-22,
2012-11-23,
2012-11-26,
2012-11-27,
2012-11-28,
2012-11-29,
2012-11-30,
2012-12-03,
2012-12-04,
2012-12-05,
2012-12-06,
2012-12-07,
2012-12-10,
2012-12-11,
2012-12-12,
2012-12-13,
2012-12-14,
2012-12-17,
2012-12-18,
2012-12-19,
2012-12-20,
2012-12-21,
2012-12-24,
2012-12-25,
2012-12-26,
2012-12-27,
2012-12-28,
2012-12-31,
2013-01-04,
2013-01-07,
2013-01-08,
2013-01-09,
2013-01-10,
2013-01-11,
2013-01-14,
2013-01-15,
2013-01-16,
2013-01-17,
2013-01-18,
2013-01-21,
2013-01-22,
2013-01-23,
2013-01-24,
2013-01-25,
2013-01-28,
2013-01-29,
2013-01-30,0.058489628205647376
2013-01-31,0.05879641812544637
2013-02-01,0.059350901382538276
2013-02-04,0.05937518302729845
2013-02-05,0.059143118409702815
2013-02-06,0.05913750386965521
2013-02-07,0.059038273973785964
2013-02-08,0.05928601490801918
2013-02-18,0.06091735136980354
2013-02-19,0.0606537660287048
2013-02-20,0.06088225589505457
2013-02-21,0.061456886185301936
2013-02-22,0.061590628196551124
2013-02-25,0.06153841576417964
2013-02-26,0.06111502460633461
2013-02-27,0.06142160737662413
2013-02-28,0.06164026690698455
2013-03-01,0.06195688516848545
2013-03-04,0.06218234779658039
2013-03-05,0.06213699593302653
2013-03-06,0.06213878204988107
2013-03-07,0.06165109075045343
2013-03-08,0.06128649123662867
2013-03-11,0.06133029095590833
2013-03-12,0.06128339867292983
2013-03-13,0.06154899004858082
2013-03-14,0.06183172000045008
2013-03-15,0.06176306676631697
2013-03-18,0.06169784027133279
2013-03-19,0.061795764645627645
2013-03-20,0.06115817556159752
2013-03-21,0.060052214612565595
2013-03-22,0.059753654175869524
2013-03-25,0.059911791880194486
2013-03-26,0.059953334835564705
2013-03-27,0.06026684823960827
2013-03-28,0.06033133030129786
2013-03-29,0.06028452304763356
2013-04-01,0.06045181800702035
2013-04-02,0.06023983958042632
2013-04-03,0.0602768028028664
2013-04-08,0.06030314157468387
2013-04-09,0.0604153635531222
2013-04-10,0.06085828467172877
2013-04-11,0.06123255896602759
2013-04-12,0.0605109941131618
2013-04-15,0.08315848092610645
2013-04-16,0.09207582235688351
2013-04-17,0.09200395219923506
2013-04-18,0.09193667770827414
2013-04-19,0.0917737376857359
2013-04-22,0.09137483719717562
2013-04-23,0.09145416384266998
2013-04-24,0.09106936213508293
2013-04-25,0.08981014271019115
2013-04-26,0.08974760680471147
2013-05-02,0.09002759649114807
2013-05-03,0.08959776445312435
2013-05-06,0.08924748840540551
2013-05-07,0.08860037056748325
2013-05-08,0.08821265028117731
2013-05-09,0.08656268292418835
2013-05-10,0.08625305769302026
2013-05-13,0.08625644020601003
2013-05-14,0.0854065133639892
2013-05-15,0.08499995340415688
2013-05-16,0.08486802498008769
2013-05-17,0.08463577389748808
2013-05-20,0.08443066304358417
2013-05-21,0.08478651384471166
2013-05-22,0.0835507867984565
2013-05-23,0.08349498712677736
2013-05-24,0.08255796406720539
2013-05-27,0.08179776971519372
2013-05-28,0.08135439957978131
2013-05-29,0.08140278950505465
2013-05-30,0.08136740616947293
2013-05-31,0.0812557165927846
2013-06-03,0.08137495608317215
2013-06-04,0.08134120737606289
2013-06-05,0.08103036648484159
2013-06-06,0.08036659740842737
2013-06-07,0.08043575771885086
2013-06-13,0.08120289001403745
2013-06-14,0.08110477931549652
2013-06-17,0.08109384059760458
2013-06-18,0.08050375320357664
2013-06-19,0.0804976993924845
2013-06-20,0.08119608586053753
2013-06-21,0.08171684355714438
2013-06-24,0.081332233019048
2013-06-25,0.08130106984776864
2013-06-26,0.08131212623247012
2013-06-27,0.08105588022853875
2013-06-28,0.08080708791363725
2013-07-01,0.080868337711606
2013-07-02,0.08032757025649193
2013-07-03,0.08038179221039393
2013-07-04,0.08035736496125884
2013-07-05,0.08024660888491293
2013-07-08,0.07982979302398463
2013-07-09,0.07929647006154951
2013-07-10,0.07931420035460558
2013-07-11,0.07932195993246272
2013-07-12,0.07922171342766167
2013-07-15,0.07910078201000391
2013-07-16,0.07834640697402157
2013-07-17,0.07828767183746291
2013-07-18,0.0783127046973604
2013-07-19,0.07822554772574417
2013-07-22,0.07779769476299472
2013-07-23,0.0777562656412484
2013-07-24,0.07764595391372857
2013-07-25,0.07759730751970023
2013-07-26,0.07744922766120459
2013-07-29,0.07722224088472293
2013-07-30,0.07708874836722981
2013-07-31,0.07707187944991256
2013-08-01,0.07704024760616979
2013-08-02,0.0765401052780023
2013-08-05,0.07612951420692647
2013-08-06,0.07547435562183256
2013-08-07,0.07527078038616476
2013-08-08,0.0748854710802488
2013-08-09,0.07464151331863692
2013-08-12,0.07443892788980704
2013-08-13,0.07433050011690681
2013-08-14,0.07396677289741499
2013-08-15,0.07362629119793866
2013-08-16,0.0735250107186019
2013-08-19,0.07332464370192203
2013-08-20,0.0731031753642368
2013-08-21,0.07275865480826342
2013-08-22,0.07257247893273229
2013-08-23,0.07237931148752598
2013-08-26,0.07222443999065989
2013-08-27,0.07183616030033323
2013-08-28,0.07184273045738092
2013-08-29,0.07164396277637043
2013-08-30,0.07132288911255683
2013-09-02,0.07098161305138553
2013-09-03,0.07044164609385987
2013-09-04,0.07013086088912922
2013-09-05,0.07009119071838087
2013-09-06,0.06976217172024246
2013-09-09,0.0695534102468696
2013-09-10,0.06924745216674734
2013-09-11,0.0690454090866863
2013-09-12,0.06906572116867107
2013-09-13,0.06864145487863794
2013-09-16,0.06852578986067837
2013-09-17,0.06813684134465435
2013-09-18,0.0678826895978672
2013-09-23,0.06735329314618245
2013-09-24,0.06698160576588734
2013-09-25,0.0663313227967149
2013-09-26,0.06610882446763783
2013-09-27,0.06582811160234595
2013-09-30,0.06581828627505419
2013-10-08,0.06591334484976787
2013-10-09,0.06570355578317899
2013-10-10,0.06571676891806678
2013-10-11,0.06509219896200774
2013-10-14,0.06459799889014967
2013-10-15,0.06453762714108376
2013-10-16,0.06427261757041428
2013-10-17,0.06426648908340182
2013-10-18,0.06416726379805932
2013-10-21,0.06416151974482315
2013-10-22,0.06396045326791373
2013-10-23,0.06374795788265447
2013-10-24,0.06364526456219535
2013-10-25,0.06330716843788953
2013-10-28,0.06324351600380683
2013-10-29,0.06300779738992163
2013-10-30,0.0629544582215131
2013-10-31,0.06255438456924203
2013-11-01,0.06240814649048705
2013-11-04,0.06188289734134943
2013-11-05,0.0618013554475702
2013-11-06,0.06163826071966773
2013-11-07,0.060761137940311835
2013-11-08,0.060111044236645865
2013-11-11,0.0598433826427709
2013-11-12,0.05979273144809214
2013-11-13,0.05964662478960299
2013-11-14,0.059624879079336605
2013-11-15,0.05920961130473877
2013-11-18,0.05745484975556747
2013-11-19,0.05747026499781326
2013-11-20,0.05715651362952755
2013-11-21,0.056488052907741775
2013-11-22,0.056152011860193404
2013-11-25,0.05621409428483756
2013-11-26,0.056311814111721856
2013-11-27,0.055942872800270195
2013-11-28,0.05569512868313259
2013-11-29,0.055101920597283936
2013-12-02,0.05485741121681886
2013-12-03,0.05456046652598185
2013-12-04,0.05441810835509547
2013-12-05,0.054371145952590884
2013-12-06,0.05416631484561047
2013-12-09,0.05386139118680003
2013-12-10,0.053488265713283314
2013-12-11,0.05323173626421327
2013-12-12,0.05290835605308207
2013-12-13,0.05287341103550204
2013-12-16,0.05266689440746719
2013-12-17,0.05233738552989986
2013-12-18,0.05233332375008705
2013-12-19,0.05233727818339752
2013-12-20,0.0521523888134821
2013-12-23,0.051686357980159636
2013-12-24,0.051590032250478986
2013-12-25,0.05123725003455529
2013-12-26,0.050899295314296794
2013-12-27,0.05041451888956905
2013-12-30,0.0499832007037955
2013-12-31,0.04986130249206455
2014-01-02,0.0491577308375969
2014-01-03,0.04870395906166055
2014-01-06,0.04850629833097593
2014-01-07,0.04783299734577009
2014-01-08,0.04722997918629335
2014-01-09,0.047116482299387204
2014-01-10,0.024483157004441515
2014-01-13,0.015566981561177837
2014-01-14,0.015413172183324067
2014-01-15,0.015329680774105273
2014-01-16,0.015138492283590712
2014-01-17,0.01493908913803189
2014-01-20,0.014632794837455469
2014-01-21,0.014408065182621615
2014-01-22,0.014435014676227487
2014-01-23,0.013890959733397096
2014-01-24,0.01315615043864768
2014-01-27,0.012604696784474309
2014-01-28,0.012545314641232996
2014-01-29,0.011911595126228133
2014-01-30,0.01173562748249968
2014-02-07,0.011747646081389633
2014-02-10,0.011758321049635196
2014-02-11,0.011586688042324458
2014-02-12,0.011571921315679128
2014-02-13,0.011261802305363002
2014-02-14,0.011229774960563418
2014-02-17,0.011270019967239243
2014-02-18,0.010982624986898901
2014-02-19,0.010610620799828776
2014-02-20,0.010591248955697368
2014-02-21,0.010442962736859228
2014-02-24,0.010385965841043678
2014-02-25,0.010246020324192183
2014-02-26,0.010136814589960947
2014-02-27,0.010029027088883022
2014-02-28,0.009802427487459936
2014-03-03,0.009699520023708734
2014-03-04,0.009451242532264134
2014-03-05,0.00932895030282328
2014-03-06,0.00932372008368434
2014-03-07,0.009110988479889864
2014-03-10,0.008927507809782171
2014-03-11,0.008167295841262835
2014-03-12,0.008019920726150376
2014-03-13,0.007814802152783306
2014-03-14,0.0076928834461034495
2014-03-17,0.0076630032132061696
2014-03-18,0.006986840873642163
2014-03-19,0.006111505268486551
2014-03-20,0.0058915297143118574
2014-03-21,0.005832006422239313
2014-03-24,0.005648161060667248
2014-03-25,0.005625688121598792
2014-03-26,0.0056441345296135235
2014-03-27,0.005355711998153704
2014-03-28,0.0053582223300541265
2014-03-31,0.005294287396357246
2014-04-01,0.0052976741636472854
2014-04-02,0.005173606956805229
2014-04-03,0.0051254132191722816
2014-04-04,0.00506463775807427
2014-04-08,0.005152859556367597
2014-04-09,0.005056603432597859
2014-04-10,0.00502821098363179
2014-04-11,0.005026759033875977
2014-04-14,0.005051405300735284
2014-04-15,0.005119856245729114
2014-04-16,0.005107679567729492
2014-04-17,0.005116219761427332
2014-04-18,0.005053910705862378
2014-04-21,0.005127159258369577
2014-04-22,0.005146090032858679
2014-04-23,0.0051216157671374425
2014-04-24,0.005141299345208003
2014-04-25,0.005093520774705554
2014-04-28,0.005115592184310089
2014-04-29,0.005111877927297845
2014-04-30,0.005103568966728803
2014-05-05,0.005233382329234221
2014-05-06,0.0051536260936962475
2014-05-07,0.005112302714908918
2014-05-08,0.0051586014764765506
2014-05-09,0.005105253014863864
2014-05-12,0.00512955255764813
2014-05-13,0.005080911401890441
2014-05-14,0.005119204396242186
2014-05-15,0.005145528668005497
2014-05-16,0.00519848688976198
2014-05-19,0.005201725714820105
2014-05-20,0.005242179622178683
2014-05-21,0.0052457440799069536
2014-05-22,0.005259363717789909
2014-05-23,0.005263276007060598
2014-05-26,0.005264494528265412
2014-05-27,0.005305775951055399
2014-05-28,0.0053324210771612665
2014-05-29,0.005367152159358328
2014-05-30,0.0053864333118146925
2014-06-03,0.00544306823580718
2014-06-04,0.005417473824142665
2014-06-05,0.005423994953165706
2014-06-06,0.0054692491532972645
2014-06-09,0.005455299757207257
2014-06-10,0.00546897474959933
2014-06-11,0.005494592615490218
2014-06-12,0.005515536956639367
2014-06-13,0.00558402101315634
2014-06-16,0.0056014600749786135
2014-06-17,0.00559540291325344
2014-06-18,0.005608533784949359
2014-06-19,0.005652356648935253
2014-06-20,0.005706699661978448
2014-06-23,0.005702636971793916
2014-06-24,0.0057040236032923465
2014-06-25,0.005711354286610845
2014-06-26,0.005710211184617793
2014-06-27,0.005698920307483703
2014-06-30,0.005695693656733438
2014-07-01,0.005516982433467031
2014-07-02,0.0055184749220148575
2014-07-03,0.0054778312227166176
2014-07-04,0.005460465587258067
2014-07-07,0.0055399985500250515
2014-07-08,0.005548342930309781
2014-07-09,0.005539981791140291
2014-07-10,0.005534555660754836
2014-07-11,0.005533041886948383
2014-07-14,0.00557766870137657
2014-07-15,0.0056033768397062604
2014-07-16,0.005589409314274469
2014-07-17,0.005614221198220849
2014-07-18,0.0056005878313280764
2014-07-21,0.0056013689546044396
2014-07-22,0.005603271055931863
2014-07-23,0.005605201552299804
2014-07-24,0.005604728370846831
2014-07-25,0.005598445668148741
2014-07-28,0.005603992564297391
2014-07-29,0.005611808994271322
2014-07-30,0.005601941892231334
2014-07-31,0.005604364691937407
2014-08-01,0.005637464216034907
2014-08-04,0.005625405923012063
2014-08-05,0.005625838257283897
2014-08-06,0.005641276567499421
2014-08-07,0.005665832370312646
2014-08-08,0.005679997175982013
2014-08-11,0.00573084208592212
2014-08-12,0.005696591066023988
2014-08-13,0.005653884521213343
2014-08-14,0.005626583983922361
2014-08-15,0.005629493534839281
2014-08-18,0.005647213260740611
2014-08-19,0.005583373348193002
2014-08-20,0.005538592981174428
2014-08-21,0.005524762725080622
2014-08-22,0.005582255876176098
2014-08-25,0.005568697952332596
2014-08-26,0.005574412572607106
2014-08-27,0.005595953545171316
2014-08-28,0.005635727213139631
2014-08-29,0.005646436559495296
2014-09-01,0.00566296035435197
2014-09-02,0.005716530021601745
2014-09-03,0.00571984239684324
2014-09-04,0.005730586147355728
2014-09-05,0.005663537827606882
2014-09-09,0.005747817737214158
2014-09-10,0.005761507263507391
2014-09-11,0.005800535155737613
2014-09-12,0.005830161181022525
2014-09-15,0.005793407079361439
2014-09-16,0.005792649309550947
2014-09-17,0.005813010685014191
2014-09-18,0.0058856627263742505
2014-09-19,0.005895515729905195
2014-09-22,0.005987459674152523
2014-09-23,0.005995788134070912
2014-09-24,0.006013884610042696
2014-09-25,0.005964163671840414
2014-09-26,0.006030610408292146
2014-09-29,0.006030884527428956
2014-09-30,0.0060656295512216945
2014-10-08,0.0061084819597060575
2014-10-09,0.0061466460969994245
2014-10-10,0.0061476830173130105
2014-10-13,0.0061749909184771485
2014-10-14,0.006190601310459522
2014-10-15,0.006254864676627308
2014-10-16,0.006287185784150578
2014-10-17,0.006294819054029452
2014-10-20,0.006287300654372185
2014-10-21,0.0062770961413134655
2014-10-22,0.006246068294605202
2014-10-23,0.006299584836504805
2014-10-24,0.006291759463258164
2014-10-27,0.006320426235832969
2014-10-28,0.006324695042567063
2014-10-29,0.006347097981120725
2014-10-30,0.006422470603062871
2014-10-31,0.0064032290545297955
2014-11-03,0.006463206130181452
2014-11-04,0.006454477633874306
2014-11-05,0.0066228269995703545
2014-11-06,0.006667278359176185
2014-11-07,0.006607315196894036
2014-11-10,0.006576041776437102
2014-11-11,0.006584035756872703
2014-11-12,0.006632611665990247
2014-11-13,0.00664228609328269
2014-11-14,0.006708071532812207
2014-11-17,0.00677923083401903
2014-11-18,0.006787744762690873
2014-11-19,0.006778240737345335
2014-11-20,0.0067432790690077965
2014-11-21,0.006764504014492808
2014-11-24,0.006754293193152764
2014-11-25,0.006762027004572468
2014-11-26,0.006769931578872512
2014-11-27,0.006791830301218962
2014-11-28,0.006841757734771221
2014-12-01,0.006893694978505618
2014-12-02,0.006947091943303951
2014-12-03,0.006932648249991804
2014-12-04,0.006926293291369928
2014-12-05,0.006932616227721301
2014-12-08,0.006933837360322456
2014-12-09,0.006930871310193377
2014-12-10,0.006972697891037136
2014-12-11,0.006965181268510585
2014-12-12,0.00696146125690905
2014-12-15,0.006949814284734889
2014-12-16,0.007045712284412695
2014-12-17,0.007043754326175863
2014-12-18,0.007032395152036414
2014-12-19,0.007022059920609104
2014-12-22,0.007028116900003009
2014-12-23,0.007074181753398018
2014-12-24,0.007074613225827967
2014-12-25,0.007081529099065453
2014-12-26,0.007135094473191558
2014-12-29,0.007052898045906909
2014-12-30,0.007058837074955459
2014-12-31,0.007100665972174905
2015-01-05,0.007134660346337409
2015-01-06,0.007138600815778367
2015-01-07,0.0070656082118709
2015-01-08,0.007031832408145877
2015-01-09,0.007029663147342112
2015-01-12,0.007045392641027757
2015-01-13,0.006960147486196035
2015-01-14,0.006934965199206786
2015-01-15,0.0069473037048151266
2015-01-16,0.0069733427211518696
2015-01-19,0.00700105721694032
2015-01-20,0.006972086814688792
2015-01-21,0.007003773724891921
2015-01-22,0.007016925090546936
2015-01-23,0.006869777346146186
2015-01-26,0.006875204677640606
2015-01-27,0.006885810980508692
2015-01-28,0.006812484950400697
2015-01-29,0.006850264330926757
2015-01-30,0.006878936880172668
2015-02-02,0.006874784068980134
2015-02-03,0.006820653046421252
2015-02-04,0.006795782154926868
2015-02-05,0.006721254275395505
2015-02-06,0.006661408319308795
2015-02-09,0.006655356565662217
2015-02-10,0.0066525310841628925
2015-02-11,0.0066230615953503935
2015-02-12,0.006649476956915079
2015-02-13,0.006675707810329637
2015-02-16,0.0066245021507933205
2015-02-17,0.006631401998303297
2015-02-25,0.00687897069955151
2015-02-26,0.006844272639045978
2015-02-27,0.006777727354178214
2015-03-02,0.006800842554187384
2015-03-03,0.006821892003797223
2015-03-04,0.00679095737664697
2015-03-05,0.006786403615493862
2015-03-06,0.006782245106487918
2015-03-09,0.006764415788729017
2015-03-10,0.0067703072604343864
2015-03-11,0.006723557058581213
2015-03-12,0.006674850760126432
2015-03-13,0.006629171853432972
2015-03-16,0.006647729215355595
2015-03-17,0.00662400420265876
2015-03-18,0.006578908198370006
2015-03-19,0.0066407281442904375
2015-03-20,0.006653850094689511
2015-03-23,0.006711233148871649
2015-03-24,0.006737795355314485
2015-03-25,0.006746696903942439
2015-03-26,0.006754117974509258
2015-03-27,0.006770506097738256
2015-03-30,0.006808939989108544
2015-03-31,0.006859889031983722
2015-04-01,0.0068412373943969864
2015-04-02,0.006798203162019523
2015-04-03,0.006789006705532704
2015-04-07,0.006855680546586137
2015-04-08,0.006849783793067377
2015-04-09,0.006880949471797644
2015-04-10,0.006801371099182219
2015-04-13,0.0068146317817983255
2015-04-14,0.0068377433724779385
2015-04-15,0.006822470288304383
2015-04-16,0.006856518969557689
2015-04-17,0.0068891240454715804
2015-04-20,0.0069338863642421115
2015-04-21,0.00700091499366708
2015-04-22,0.007001329558026216
2015-04-23,0.007015016759118482
2015-04-24,0.007013773824505214
2015-04-27,0.007008567912230985
2015-04-28,0.007096138802543151
2015-04-29,0.007061228779928082
2015-04-30,0.007007852555339512
2015-05-04,0.007102089059988229
2015-05-05,0.007101765530409771
2015-05-06,0.007063884633736885
2015-05-07,0.00717386799728226
2015-05-08,0.0072060008140158475
2015-05-11,0.007163261162301212
2015-05-12,0.007205108719569032
2015-05-13,0.0073473975079326416
2015-05-14,0.007389433647207134
2015-05-15,0.007403819314026986
2015-05-18,0.007387710229737795
2015-05-19,0.007407244033010732
2015-05-20,0.007477581185169509
2015-05-21,0.0075019397927055895
2015-05-22,0.00744617915773744
2015-05-25,0.007456392115309151
2015-05-26,0.007438643283130244
2015-05-27,0.007417182494483008
2015-05-28,0.007357426156454534
2015-05-29,0.007345458709157069
2015-06-01,0.007331830500936537
2015-06-02,0.007242246230130492
2015-06-03,0.00722214543352057
2015-06-04,0.007278720630936003
2015-06-05,0.007343816682870147
2015-06-08,0.0072620162869382375
2015-06-09,0.007227050819595168
2015-06-10,0.0072001041529185204
2015-06-11,0.00718117810218088
2015-06-12,0.00718536427929268
2015-06-15,0.007182499981654021
2015-06-16,0.007182915319921977
2015-06-17,0.007153927135197636
2015-06-18,0.0071970465363472725
2015-06-19,0.007077045734254729
2015-06-23,0.007171922857075992
2015-06-24,0.007181175683199432
2015-06-25,0.007157328681798407
2015-06-26,0.007175242950682849
2015-06-29,0.007210551274997532
2015-06-30,0.007228489456619661
2015-07-01,0.007155356804983749
2015-07-02,0.007120245998227986
2015-07-03,0.007175972458265217
2015-07-06,0.007196722964422617
2015-07-07,0.0071686985812563515
2015-07-08,0.007265887691190465
2015-07-09,0.007367710561564672
2015-07-10,0.007363499262018379
2015-07-13,0.007350591603202811
2015-07-14,0.007386874538429737
2015-07-15,0.007386607811126133
2015-07-16,0.007396826062158684
2015-07-17,0.007411446077224588
2015-07-20,0.007395623622119918
2015-07-21,0.007395859084155162
2015-07-22,0.007377794915496654
2015-07-23,0.0073008368640714695
2015-07-24,0.0072573324698340805
2015-07-27,0.007183550365314327
2015-07-28,0.0072104270224457815
2015-07-29,0.007074957038627223
2015-07-30,0.007046288777872301
2015-07-31,0.007053034717896091
2015-08-03,0.007037251696565545
2015-08-04,0.007080845934479821
2015-08-05,0.007050236729246091
2015-08-06,0.007048949234727979
2015-08-07,0.007058761232736575
2015-08-10,0.007008853717681302
2015-08-11,0.007065452341110846
2015-08-12,0.007161755091108136
2015-08-13,0.007159043869984411
2015-08-14,0.007152804457977384
2015-08-17,0.0071693209285461105
2015-08-18,0.007162094721245901
2015-08-19,0.007184406002857984
2015-08-20,0.007221770038098342
2015-08-21,0.0071578037617034155
2015-08-24,0.00709595292165277
2015-08-25,0.007062768741209199
2015-08-26,0.007104066152017657
2015-08-27,0.007131741535436491
2015-08-28,0.007172947405098253
2015-08-31,0.007162157882259317
2015-09-01,0.007130877153359805
2015-09-02,0.0070823911057117245
2015-09-07,0.007112071816436423
2015-09-08,0.007108339397327479
2015-09-09,0.0071114341737114495
2015-09-10,0.007008963055519078
2015-09-11,0.0069989619627170855
2015-09-14,0.0070143001650582425
2015-09-15,0.007047653719507655
2015-09-16,0.007072079407224069
2015-09-17,0.007083448925970116
2015-09-18,0.00709862470200756
2015-09-21,0.007109718486207075
2015-09-22,0.007068310133614488
2015-09-23,0.007165660298660546
2015-09-24,0.007191514988910524
2015-09-25,0.007195371467196805
2015-09-28,0.0074285375256766895
2015-09-29,0.007570267795356075
2015-09-30,0.007598019555673543
2015-10-08,0.008166257126185418
2015-10-09,0.00816288325880085
2015-10-12,0.008179758473836283
2015-10-13,0.008272129355671605
2015-10-14,0.008339920704747221
2015-10-15,0.00832097587354147
2015-10-16,0.008343193293932903
2015-10-19,0.008330669534980387
2015-10-20,0.00834341818261818
2015-10-21,0.008337023291559206
2015-10-22,0.00834629732380101
2015-10-23,0.008403510439157947
2015-10-26,0.008487793700266928
2015-10-27,0.008475240956225314
2015-10-28,0.008512673059028622
2015-10-29,0.008491937962034053
2015-10-30,0.008457300717481254
2015-11-02,0.008491180220416408
2015-11-03,0.008486419223667168
2015-11-04,0.008559783089674991
2015-11-05,0.008693982495552912
2015-11-06,0.00871268476946289
2015-11-09,0.008762517439043896
2015-11-10,0.008850223653208497
2015-11-11,0.008866582804202862
2015-11-12,0.00887923378176323
2015-11-13,0.008848162526711693
2015-11-16,0.008904452506225978
2015-11-17,0.009064665857738866
2015-11-18,0.00880076211099876
2015-11-19,0.00879250292782885
2015-11-20,0.00882563539312557
2015-11-23,0.008966174457275254
2015-11-24,0.008939940423130118
2015-11-25,0.008975496985253666
2015-11-26,0.008978709374342007
2015-11-27,0.009048589651306805
2015-11-30,0.009066352706771157
2015-12-01,0.009132950726995237
2015-12-02,0.009114286819297693
2015-12-03,0.009191145423462416
2015-12-04,0.009250316186523179
2015-12-07,0.009317825731581998
2015-12-08,0.009384863819392669
2015-12-09,0.00937344776421282
2015-12-10,0.009309727698246461
2015-12-11,0.009313256719824296
2015-12-14,0.00928580379209143
2015-12-15,0.00930803527423425
2015-12-16,0.009342919862430802
2015-12-17,0.00933870044184617
2015-12-18,0.009343020019604738
2015-12-21,0.009408653810378751
2015-12-22,0.009359046630175501
2015-12-23,0.009377341920123605
2015-12-24,0.009385105409017042
2015-12-25,0.009430545721337528
2015-12-28,0.009480296076257753
2015-12-29,0.009513761630281713
2015-12-30,0.009416371137168884
2015-12-31,0.009490140049550696
2016-01-04,0.009520087369432597
2016-01-05,0.009489588978587525
2016-01-06,0.009480779195633214
2016-01-07,0.009489585300465925
2016-01-08,0.00945579439778491
2016-01-11,0.009418193578445175
2016-01-12,0.009536599860448417
2016-01-13,0.009571828742635818
2016-01-14,0.009611784731107116
2016-01-15,0.009648148386091147
2016-01-18,0.009666604985734238
2016-01-19,0.009664814444457366
2016-01-20,0.009671565176057769
2016-01-21,0.009738706956933465
2016-01-22,0.009649145029992272
2016-01-25,0.009622275806394723
2016-01-26,0.00971123089048336
2016-01-27,0.009574269931428785
2016-01-28,0.009575629328355392
2016-01-29,0.00964520499790069
2016-02-01,0.009624604580595211
2016-02-02,0.009507052320445759
2016-02-03,0.009438798331161288
2016-02-04,0.009527495627290529
2016-02-05,0.009455814966190601
2016-02-15,0.009737795880523658
2016-02-16,0.009675146381850672
2016-02-17,0.009648947379858646
2016-02-18,0.009711126060605896
2016-02-19,0.00977627617399373
2016-02-22,0.009805323991432796
2016-02-23,0.009802191501435678
2016-02-24,0.009805038849024093
2016-02-25,0.00982081097197431
2016-02-26,0.009881779873101333
2016-02-29,0.010067033846811548
2016-03-01,0.01018200042282243
2016-03-02,0.010165864992266776
2016-03-03,0.010152520562751162
2016-03-04,0.01030973708491092
2016-03-07,0.010350237192993337
2016-03-08,0.010370639958121241
2016-03-09,0.010443826802340388
2016-03-10,0.010451388927514838
2016-03-11,0.01050500367018701
2016-03-14,0.010469581030144242
2016-03-15,0.010473560960512641
2016-03-16,0.010458764057337422
2016-03-17,0.010558934420908423
2016-03-18,0.01053285958274869
2016-03-21,0.010584545619859878
2016-03-22,0.01069117427525191
2016-03-23,0.0107251055924123
2016-03-24,0.010820327196490584
2016-03-25,0.010772726960387101
2016-03-28,0.010786059526474066
2016-03-29,0.01082982885709577
2016-03-30,0.01085602596420138
2016-03-31,0.010873166387541421
2016-04-01,0.010935429408134217
2016-04-05,0.011164216784719337
2016-04-06,0.01103630831946918
2016-04-07,0.01106742144032414
2016-04-08,0.011083107718887469
2016-04-11,0.011183558344278952
2016-04-12,0.011313586356019067
2016-04-13,0.011270962326766594
2016-04-14,0.011241209570290605
2016-04-15,0.011242295494302314
2016-04-18,0.011255149406257716
2016-04-19,0.0115052904305814
2016-04-20,0.011510426273803909
2016-04-21,0.011582817161264181
2016-04-22,0.011660531173473371
2016-04-25,0.011648201137922776
2016-04-26,0.01166517808462576
2016-04-27,0.011833854922301084
2016-04-28,0.011853177219848781
2016-04-29,0.011925392430389085
2016-05-03,0.01188299443624811
2016-05-04,0.012086545971103141
2016-05-05,0.012128793182928874
2016-05-06,0.012125431961824456
2016-05-09,0.012119361064398065
2016-05-10,0.012234698189596563
2016-05-11,0.012255785985199212
2016-05-12,0.012291470927499602
2016-05-13,0.012343081177224963
2016-05-16,0.01243316095729853
2016-05-17,0.01246931422481583
2016-05-18,0.012518365295079645
2016-05-19,0.012624531589265827
2016-05-20,0.012671790847842672
2016-05-23,0.012699997902280541
2016-05-24,0.012760471451217212
2016-05-25,0.012720021711213968
2016-05-26,0.012833584261632
2016-05-27,0.012883447340014113
2016-05-30,0.013054525058934625
2016-05-31,0.01313950134867803
2016-06-01,0.013140098810646426
2016-06-02,0.013119262031669562
2016-06-03,0.013155393195532016
2016-06-06,0.013350745704558839
2016-06-07,0.013396699178053624
2016-06-08,0.013540667363668327
2016-06-13,0.014024817847875192
2016-06-14,0.013994242975761653
2016-06-15,0.014027532831265212
2016-06-16,0.01409704626770273
2016-06-17,0.014243187501583935
2016-06-20,0.014221945436827478
2016-06-21,0.014207878353491132
2016-06-22,0.014208081237906164
2016-06-23,0.01417033667268393
2016-06-24,0.014250235400554872
2016-06-27,0.014020927109942462
2016-06-28,0.013902934008884977
2016-06-29,0.014070906131647479
2016-06-30,0.013509437378066548
2016-07-01,0.013654480729314872
2016-07-04,0.0139013642871072
2016-07-05,0.013801503945014278
2016-07-06,0.013779501011405685
2016-07-07,0.013836599820398377
2016-07-08,0.013877143943648343
2016-07-11,0.013947708140270963
2016-07-12,0.01394341521739082
2016-07-13,0.013887713876100055
2016-07-14,0.013875097875174814
2016-07-15,0.013830684332491388
2016-07-18,0.013828408869863596
2016-07-19,0.013821133452088165
2016-07-20,0.013836748479898877
2016-07-21,0.013930199724531444
2016-07-22,0.013939249484385002
2016-07-25,0.013935850906007984
2016-07-26,0.01396774335505639
2016-07-27,0.013893172593108656
2016-07-28,0.013913981383828154
2016-07-29,0.013982527007218392
2016-08-01,0.013989608279596699
2016-08-02,0.01387523518930693
2016-08-03,0.013921735899217616
2016-08-04,0.014028864993989807
2016-08-05,0.014102075631161363
2016-08-08,0.014206457941740335
2016-08-09,0.014013106808851393
2016-08-10,0.014151637946046887
2016-08-11,0.014196612127194634
2016-08-12,0.014175849362041372
2016-08-15,0.014071494553763613
2016-08-16,0.014134253372186618
2016-08-17,0.014165248041745506
2016-08-18,0.014181082176940312
2016-08-19,0.014141854889403862
2016-08-22,0.014304259360693128
2016-08-23,0.014265419406412606
2016-08-24,0.014321777794925862
2016-08-25,0.01436215047111243
2016-08-26,0.01430322395326061
2016-08-29,0.014223814711323501
2016-08-30,0.014195889567938684
2016-08-31,0.014194840324260062
2016-09-01,0.014208811236981636
2016-09-02,0.01425743471453081
2016-09-05,0.014390303569567732
2016-09-06,0.014432783505818943
2016-09-07,0.014483433054738818
2016-09-08,0.014457232072912923
2016-09-09,0.014549462411630548
2016-09-12,0.014599488146648557
2016-09-13,0.014647376996665282
2016-09-14,0.014648071245031966
2016-09-19,0.014650283122559558
2016-09-20,0.014629930586316649
2016-09-21,0.01458119402412001
2016-09-22,0.014594207902541614
2016-09-23,0.014595501779374404
2016-09-26,0.01462396251578809
2016-09-27,0.014559983696481834
2016-09-28,0.014668618815812096
2016-09-29,0.014691357584478508
2016-09-30,0.014625905528082184
2016-10-10,0.015391813114375225
2016-10-11,0.01545487607303329
2016-10-12,0.015326763099325912
2016-10-13,0.015268814198575717
2016-10-14,0.015208773327157895
2016-10-17,0.015149649627132021
2016-10-18,0.01524463106891214
2016-10-19,0.015182775925674737
2016-10-20,0.015232549727400601
2016-10-21,0.015279918452750799
2016-10-24,0.015359088964420547
2016-10-25,0.015414569066640798
2016-10-26,0.015344498003449126
2016-10-27,0.015398915553004681
2016-10-28,0.015346742685468932
2016-10-31,0.01531779564093637
2016-11-01,0.015342304234382854
2016-11-02,0.015506882216524851
2016-11-03,0.015544758787902008
2016-11-04,0.01558297372727881
2016-11-07,0.015596487183801053
2016-11-08,0.015344168584359566
2016-11-09,0.01542658533115789
2016-11-10,0.015426266456818319
2016-11-11,0.01547017273946566
2016-11-14,0.01583454260727123
2016-11-15,0.01573749169348895
2016-11-16,0.01578833035265577
2016-11-17,0.015847109032858648
2016-11-18,0.015926821000226393
2016-11-21,0.015925425866892322
2016-11-22,0.01579975568844383
2016-11-23,0.01569748158148564
2016-11-24,0.01568724988236188
2016-11-25,0.01564915662164378
2016-11-28,0.015612384137631543
2016-11-29,0.015618359490078858
2016-11-30,0.01562572043191339
2016-12-01,0.015527898244703053
2016-12-02,0.01552062689109653
2016-12-05,0.015478683302817889
2016-12-06,0.015489320926091628
2016-12-07,0.015426747111039066
2016-12-08,0.015466127315495069
2016-12-09,0.015368935386860377
2016-12-12,0.015285501098491867
2016-12-13,0.015223611648959471
2016-12-14,0.015097024891508182
2016-12-15,0.015034906489653546
2016-12-16,0.015066748204072727
2016-12-19,0.015071842603752683
2016-12-20,0.015241878654558914
2016-12-21,0.015244974641988138
2016-12-22,0.015284146865723417
2016-12-23,0.015210557080884802
2016-12-26,0.015194017694268576
2016-12-27,0.015015547885986105
2016-12-28,0.0150151840788164
2016-12-29,0.015086167157512763
2016-12-30,0.015128075877994208
2017-01-03,0.015185662613922117
2017-01-04,0.015146462554678173
2017-01-05,0.015126503743214618
2017-01-06,0.01524038751424941
2017-01-09,0.015309332510171662
2017-01-10,0.015338815883753973
2017-01-11,0.015145495778554141
2017-01-12,0.015136519505779874
2017-01-13,0.01510524631268084
2017-01-16,0.015068046129490755
2017-01-17,0.015079047846206313
2017-01-18,0.015036962536520778
2017-01-19,0.014936155687157704
2017-01-20,0.014911751670460511
2017-01-23,0.014859096604566604
2017-01-24,0.014887245408058105
2017-01-25,0.014785906669635019
2017-01-26,0.014891789476551304
2017-02-03,0.015252337800975764
2017-02-06,0.015376633736235238
2017-02-07,0.015239340734467794
2017-02-08,0.01512317949037564
2017-02-09,0.0151008078816187
2017-02-10,0.015096510398736844
2017-02-13,0.015096224836461275
2017-02-14,0.01505009457644255
2017-02-15,0.014995153274623392
2017-02-16,0.014840312920947769
2017-02-17,0.014784150938255943
2017-02-20,0.014777929532236063
2017-02-21,0.014726689035845236
2017-02-22,0.014734802602584262
2017-02-23,0.014587764425192558
2017-02-24,0.014565569540635696
2017-02-27,0.014505549549355175
2017-02-28,0.014488293816895204
2017-03-01,0.014554627462927096
2017-03-02,0.014604011211801318
2017-03-03,0.014778109796221206
2017-03-06,0.014604806154758985
2017-03-07,0.014573859012790822
2017-03-08,0.014541133091357402
2017-03-09,0.014175196445987243
2017-03-10,0.014278967544879789
2017-03-13,0.014283329996156495
2017-03-14,0.014247827277805979
2017-03-15,0.014101558480683903
2017-03-16,0.014331833259410785
2017-03-17,0.014333002234738173
2017-03-20,0.014279967891430722
2017-03-21,0.014344791709308814
2017-03-22,0.01431614608335613
2017-03-23,0.014312307054331758
2017-03-24,0.014319937196692991
2017-03-27,0.01428790153236758
2017-03-28,0.014282102369743463
2017-03-29,0.014136032716702392
2017-03-30,0.01386141621062445
2017-03-31,0.013896866028126158
2017-04-05,0.013982307144124063
2017-04-06,0.013927718634103881
2017-04-07,0.013917920842303267
2017-04-10,0.014021784270956473
2017-04-11,0.014022386230176336
2017-04-12,0.014170621151794462
2017-04-13,0.01424876963760192
2017-04-14,0.014240146595233458
2017-04-17,0.014177405984033529
2017-04-18,0.014302078324716704
2017-04-19,0.01433869398785492
2017-04-20,0.014234184159071734
2017-04-21,0.01426176915064795
2017-04-24,0.014260057038882617
2017-04-25,0.01425071537706759
2017-04-26,0.01435391979714665
2017-04-27,0.014198569087643902
2017-04-28,0.014133611897985248
2017-05-02,0.01447979008338408
2017-05-03,0.014491137844304888
2017-05-04,0.014684420530283033
2017-05-05,0.014572309374914426
2017-05-08,0.014547047977728487
2017-05-09,0.01448001191588476
2017-05-10,0.014603908449783131
2017-05-11,0.01455754829145633
2017-05-12,0.014606840589861884
2017-05-15,0.014731861632875858
2017-05-16,0.014776308147295565
2017-05-17,0.014732627749961473
2017-05-18,0.014682882177712188
2017-05-19,0.014669802453984799
2017-05-22,0.014684572170042239
2017-05-23,0.014547117962373506
2017-05-24,0.014581676412444313
2017-05-25,0.01461860604466833
2017-05-26,0.01449929653721368
2017-05-31,0.01463564820612994
2017-06-01,0.014648455456693753
2017-06-02,0.014683067349541829
2017-06-05,0.014844907737991507
2017-06-06,0.014924767262964123
2017-06-07,0.01488006510716432
2017-06-08,0.014730911084305928
2017-06-09,0.014810937609699886
2017-06-12,0.01485744477487006
2017-06-13,0.014939430368566601
2017-06-14,0.014879742780891079
2017-06-15,0.014743182543838886
2017-06-16,0.014691516989606974
2017-06-19,0.014753095453311223
2017-06-20,0.014709327553102851
2017-06-21,0.014718662346936475
2017-06-22,0.01475110244505221
2017-06-23,0.01475177677831657
2017-06-26,0.014765177793762923
2017-06-27,0.014725718990052691
2017-06-28,0.014781060944193304
2017-06-29,0.014664199341787731
2017-06-30,0.014779517078147572
2017-07-03,0.014800445216314474
2017-07-04,0.014225937816251486
2017-07-05,0.01415475477528539
2017-07-06,0.014140697817605647
2017-07-07,0.014188284830627666
2017-07-10,0.014364777418670907
2017-07-11,0.014432512394230197
2017-07-12,0.014415704808995622
2017-07-13,0.014473467818349217
2017-07-14,0.014534009127777811
2017-07-17,0.01461993990776392
2017-07-18,0.014529497660495454
2017-07-19,0.0145135610323156
2017-07-20,0.014486697366616515
2017-07-21,0.014496854288614375
2017-07-24,0.0144969222085234
2017-07-25,0.0144852953504435
2017-07-26,0.014490168406747345
2017-07-27,0.014457010024735754
2017-07-28,0.014432281034847535
2017-07-31,0.014340425301264057
2017-08-01,0.01434766097124506
2017-08-02,0.014283669466210997
2017-08-03,0.014255780292460423
2017-08-04,0.014330438539970508
2017-08-07,0.01437506915690718
2017-08-08,0.013952107829479735
2017-08-09,0.01404932293137091
2017-08-10,0.014170526189446215
2017-08-11,0.014113047905118907
2017-08-14,0.01407297654344106
2017-08-15,0.014131726575648814
2017-08-16,0.014195266667939405
2017-08-17,0.014322702839978631
2017-08-18,0.014324777815655087
2017-08-21,0.01432207952889945
2017-08-22,0.014211847945227223
2017-08-23,0.014152295794116884
2017-08-24,0.014110735499171401
2017-08-25,0.014113681281516232
2017-08-28,0.014136409681842049
2017-08-29,0.014195834101249569
2017-08-30,0.014253694662017239
2017-08-31,0.014270484166926462
2017-09-01,0.014221507465158411
2017-09-04,0.014303706674304174
2017-09-05,0.014305448430943663
2017-09-06,0.014271977145420098
2017-09-07,0.014339746712749022
2017-09-08,0.014325986302910598
2017-09-11,0.014315596512256041
2017-09-12,0.014326587122360663
2017-09-13,0.014143130398816886
2017-09-14,0.014141244013219399
2017-09-15,0.01403848067574285
2017-09-18,0.014066804888348597
2017-09-19,0.01416564119798673
2017-09-20,0.013975045470072249
2017-09-21,0.014146434537853787
2017-09-22,0.01404308020520865
2017-09-25,0.014008038191986483
2017-09-26,0.013954679559390181
2017-09-27,0.014011250105524904
2017-09-28,0.014094520401237431
2017-09-29,0.014044288220640036
2017-10-09,0.014064508397511671
2017-10-10,0.014054298269413592
2017-10-11,0.014026599988539858
2017-10-12,0.014045060935144418
2017-10-13,0.014023297209353221
2017-10-16,0.014049107163605584
2017-10-17,0.01412971730131231
2017-10-18,0.014177715023012337
2017-10-19,0.014176798023789738
2017-10-20,0.014232455763395794
2017-10-23,0.014274044008301335
2017-10-24,0.014289920550345678
2017-10-25,0.014305354643820186
2017-10-26,0.014204809511932585
2017-10-27,0.013939504390381108
2017-10-30,0.013832053663525518
2017-10-31,0.013843600776796347
2017-11-01,0.013872615401440695
2017-11-02,0.013982183542411663
2017-11-03,0.013955784635710343
2017-11-06,0.013946628667444212
2017-11-07,0.014081009363667064
2017-11-08,0.014130664345451703
2017-11-09,0.01418483636873335
2017-11-10,0.014202338325324939
2017-11-13,0.014254338441215233
2017-11-14,0.014241947048463677
2017-11-15,0.014238822959845484
2017-11-16,0.01423894931049683
2017-11-17,0.014229773238578231
2017-11-20,0.014230531391505721
2017-11-21,0.014300220186611642
2017-11-22,0.014243001772528319
2017-11-23,0.01419032530555485
2017-11-24,0.014009008488916437
2017-11-27,0.014014720486517083
2017-11-28,0.01400577291111557
2017-11-29,0.013985402544079116
2017-11-30,0.0140457467539081
2017-12-01,0.014041205666921007
2017-12-04,0.013985783416728724
2017-12-05,0.013957800651465601
2017-12-06,0.014056201483633554
2017-12-07,0.013951930208329081
2017-12-08,0.014031863443460111
2017-12-11,0.014016802090266406
2017-12-12,0.014011477421450688
2017-12-13,0.01395520007893645
2017-12-14,0.014121022090660495
2017-12-15,0.014133228978170525
2017-12-18,0.014041253564136255
2017-12-19,0.014064431555246261
2017-12-20,0.014102362534633976
2017-12-21,0.014104346867054984
2017-12-22,0.014063649948860106
2017-12-25,0.014076462618128099
2017-12-26,0.014102452613157531
2017-12-27,0.014095765615812788
2017-12-28,0.014049352768642156
2017-12-29,0.014081648945772289
2018-01-02,0.014127797227762874
2018-01-03,0.01404205856845462
2018-01-04,0.014060820508658482
2018-01-05,0.0140553523422168
2018-01-08,0.013929854965558222
2018-01-09,0.01386167685420365
2018-01-10,0.013971910587188751
2018-01-11,0.013938663153603007
2018-01-12,0.013893805731457091
2018-01-15,0.013955455302243328
2018-01-16,0.013950973893802543
2018-01-17,0.014040249880152615
2018-01-18,0.014121410003397852
2018-01-19,0.013760517003284836
2018-01-22,0.013775281384513194
2018-01-23,0.013573305477484171
2018-01-24,0.013570295624293238
2018-01-25,0.01369364208039833
2018-01-26,0.013640825126796664
2018-01-29,0.013583248700056066
2018-01-30,0.013638470422164572
2018-01-31,0.013577785261732589
2018-02-01,0.013444645437849205
2018-02-02,0.013366691028337353
2018-02-05,0.013527610881821878
2018-02-06,0.013595660164833002
2018-02-07,0.013694609466811697
2018-02-08,0.013773375926531242
2018-02-09,0.0137340152317201
2018-02-12,0.013623828678300396
2018-02-13,0.013621301071636735
2018-02-14,0.0136508528044747
2018-02-22,0.01394440396437645
2018-02-23,0.014013521878930417
2018-02-26,0.014006236884483563
2018-02-27,0.01386436780904756
2018-02-28,0.013862543835648484
2018-03-01,0.013881459225765514
2018-03-02,0.013878587068355422
2018-03-05,0.013758227934448218
2018-03-06,0.013653321934423514
2018-03-07,0.013627823213137834
2018-03-08,0.013584602088101156
2018-03-09,0.01362655779004467
2018-03-12,0.013614846690395543
2018-03-13,0.013561469060733619
2018-03-14,0.013593400947359618
2018-03-15,0.013581047834241165
2018-03-16,0.013530721228131926
2018-03-19,0.013575548714802693
2018-03-20,0.013617990981818012
2018-03-21,0.013579535797590307
2018-03-22,0.013618036840657502
2018-03-23,0.013634623714385997
2018-03-26,0.013528960141850472
2018-03-27,0.013559354104757752
2018-03-28,0.013547080893766807
2018-03-29,0.013695729094196474
2018-03-30,0.013733832312415461
2018-04-02,0.01377633353775856
2018-04-03,0.013659125864599492
2018-04-04,0.01365212621099966
2018-04-09,0.013602129452745013
2018-04-10,0.013543435457125531
2018-04-11,0.013513535792426442
2018-04-12,0.013337953554123231
2018-04-13,0.0134573348031948
2018-04-16,0.0135291153012422
2018-04-17,0.01357515235224052
2018-04-18,0.01355749618231017
2018-04-19,0.013725211519305067
2018-04-20,0.013732318108688574
2018-04-23,0.013720031352067463
2018-04-24,0.013736702080634518
2018-04-25,0.013749039665119596
2018-04-26,0.0137365017257715
2018-04-27,0.013779292068670386
2018-05-02,0.014135630251563794
2018-05-03,0.014166626834375948
2018-05-04,0.014115164316910057
2018-05-07,0.014023500833369899
2018-05-08,0.014021215764997916
2018-05-09,0.013954618399618004
2018-05-10,0.0138448058024579
2018-05-11,0.013908864576144203
2018-05-14,0.013879384701800208
2018-05-15,0.01394667592250678
2018-05-16,0.013906738103150372
2018-05-17,0.013773180947721774
2018-05-18,0.013848753097305913
2018-05-21,0.013918911978779362
2018-05-22,0.014002516065455254
2018-05-23,0.014068805406922928
2018-05-24,0.014095587317011474
2018-05-25,0.014142627784905867
2018-05-28,0.014223716403575615
2018-05-29,0.014163518479867902
2018-05-30,0.014092127073634202
2018-05-31,0.014195976056049319
2018-06-01,0.01427132179139463
2018-06-04,0.014198733298261153
2018-06-05,0.01420693749786703
2018-06-06,0.014259006421486154
2018-06-07,0.014245149510662128
2018-06-08,0.01421767544871869
2018-06-11,0.014148462268253774
2018-06-12,0.014133724224752977
2018-06-13,0.014153057906670699
2018-06-14,0.0142180255774341
2018-06-15,0.014205383479039792
2018-06-19,0.014480734692118217
2018-06-20,0.01437094921911945
2018-06-21,0.014353403173822945
2018-06-22,0.014341532644500452
2018-06-25,0.014374683036633822
2018-06-26,0.01440708994079321
2018-06-27,0.014262542370039502
2018-06-28,0.014163658358989523
2018-06-29,0.01408303536799781
2018-07-02,0.01402646789113074
2018-07-03,0.013914679149963182
2018-07-04,0.013931810656751788
2018-07-05,0.013921563349751885
2018-07-06,0.01388156748705191
2018-07-09,0.013857367569393238
2018-07-10,0.013828798970036336
2018-07-11,0.013767666178110741
2018-07-12,0.013751426558316668
2018-07-13,0.0136762217122173
2018-07-16,0.013661215810207393
2018-07-17,0.01359351082598109
2018-07-18,0.013640449759386147
2018-07-19,0.013519455224354117
2018-07-20,0.013459542176667911
2018-07-23,0.013360120142448036
2018-07-24,0.013369511131214045
2018-07-25,0.013417285199527652
2018-07-26,0.01341264754294084
2018-07-27,0.013389112378370198
2018-07-30,0.013367623140753933
2018-07-31,0.013347459392465037
2018-08-01,0.01322300870162432
2018-08-02,0.013198266672130041
2018-08-03,0.013193842221876962
2018-08-06,0.013226180584607596
2018-08-07,0.01310795690708028
2018-08-08,0.01313820178464261
2018-08-09,0.01313804164232693
2018-08-10,0.013163340104873026
2018-08-13,0.013104408539924006
2018-08-14,0.013098665092083033
2018-08-15,0.013052397465737112
2018-08-16,0.013175965806321297
2018-08-17,0.013203815477408055
2018-08-20,0.013242413926357544
2018-08-21,0.013212025940507055
2018-08-22,0.013280015804433767
2018-08-23,0.013262132410733977
2018-08-24,0.01309984048338273
2018-08-27,0.013054954582883733
2018-08-28,0.013098902883043315
2018-08-29,0.01315848699005971
2018-08-30,0.0130389848999052
2018-08-31,0.012948704729643726
2018-09-03,0.012950423651000126
2018-09-04,0.01307121887107557
2018-09-05,0.01319459618936691
2018-09-06,0.013260894969831816
2018-09-07,0.01305456671818648
2018-09-10,0.012988351282866309
2018-09-11,0.013076457134346083
2018-09-12,0.01311825413798146
2018-09-13,0.013174606759761785
2018-09-14,0.01320065998010301
2018-09-17,0.013331004329510631
2018-09-18,0.01324626910039689
2018-09-19,0.013228708600737653
2018-09-20,0.013297574991348645
2018-09-21,0.013267673887019332
2018-09-25,0.013446972506702277
2018-09-26,0.013400235331373914
2018-09-27,0.013384744096746842
2018-09-28,0.01352986332063838
2018-10-08,0.013980768203975629
2018-10-09,0.013998323261837538
2018-10-10,0.01397638882698902
2018-10-11,0.01391070509502924
2018-10-12,0.013977063213155543
2018-10-15,0.014124564839404365
2018-10-16,0.014049984486203293
2018-10-17,0.013942594451527237
2018-10-18,0.01401034355383367
2018-10-19,0.014107472495787981
2018-10-22,0.014040951739616423
2018-10-23,0.014080467219090861
2018-10-24,0.014190348992399444
2018-10-25,0.01424286457794738
2018-10-26,0.014208358793257313
2018-10-29,0.014148142338175827
2018-10-30,0.014282520663480743
2018-10-31,0.014216445668033597
2018-11-01,0.014210436276157598
2018-11-02,0.01442475862486789
2018-11-05,0.014416997677906796
2018-11-06,0.01426075829108337
2018-11-07,0.014313764582509778
2018-11-08,0.014215408791897022
2018-11-09,0.014216391835802556
2018-11-12,0.014352728903721237
2018-11-13,0.01441724827295147
2018-11-14,0.014365586293572092
2018-11-15,0.014463289791883303
2018-11-16,0.014118426203873484
2018-11-19,0.014074300673369742
2018-11-20,0.013991784619937055
2018-11-21,0.013990543451952933
2018-11-22,0.013998715812895142
2018-11-23,0.014130745946990275
2018-11-26,0.01416553076579269
2018-11-27,0.014261060237934572
2018-11-28,0.014255518913029555
2018-11-29,0.014374615394407318
2018-11-30,0.014365146257951704
2018-12-03,0.014301388836457558
2018-12-04,0.014344905710651817
2018-12-05,0.01433579992169457
2018-12-06,0.014289212710425197
2018-12-07,0.014261267920398366
2018-12-10,0.01434448511259894
2018-12-11,0.014288589065815139
2018-12-12,0.014229825766291438
2018-12-13,0.014283244528627897
2018-12-14,0.014261685398559137
2018-12-17,0.014281121861469667
2018-12-18,0.014291364820939543
2018-12-19,0.014318747206050779
2018-12-20,0.014188287359805324
2018-12-21,0.014125933322208047
2018-12-24,0.014030600319296541
2018-12-25,0.013934299709675232
2018-12-26,0.013938145154893746
2018-12-27,0.013911239272220984
2018-12-28,0.013998300355608817
2019-01-02,0.014023848427291045
2019-01-03,0.014045783278252197
2019-01-04,0.01405355870085229
2019-01-07,0.013918239567390012
2019-01-08,0.013885161192940514
2019-01-09,0.013820170297577275
2019-01-10,0.013776960883571198
2019-01-11,0.013647185390279839
2019-01-14,0.013651464727026694
2019-01-15,0.013588339097157754
2019-01-16,0.013426623081684167
2019-01-17,0.013403405100581366
2019-01-18,0.013379071445677425
2019-01-21,0.013438182137271337
2019-01-22,0.013126237239206315
2019-01-23,0.013108002974072979
2019-01-24,0.01314294034814042
2019-01-25,0.013080807744843052
2019-01-28,0.013193121275471488
2019-01-29,0.013194255240202707
2019-01-30,0.013158936417349606
2019-01-31,0.013086382334829042
2019-02-01,0.013079230093486813
2019-02-11,0.013130481397050659
2019-02-12,0.013079441927833
2019-02-13,0.013104539489781004
2019-02-14,0.013083932844475024
2019-02-15,0.013032950963567953
2019-02-18,0.013060836012912825
2019-02-19,0.013038114143115483
2019-02-20,0.013069698098394332
2019-02-21,0.013082227891022591
2019-02-22,0.013035931975553356
2019-02-25,0.013060089159150265
2019-02-26,0.013135966708152464
2019-02-27,0.013032769080440054
2019-02-28,0.013027424973946438
2019-03-01,0.01305207623918584
2019-03-04,0.013196528801250369
2019-03-05,0.013194438375415092
2019-03-06,0.013242818556379739
2019-03-07,0.013304775282280516
2019-03-08,0.013292601716564857
2019-03-11,0.013359329815322998
2019-03-12,0.013402181842716259
2019-03-13,0.013298481827141
2019-03-14,0.01341364741195729
2019-03-15,0.013122760950527529
2019-03-18,0.013094225330056972
2019-03-19,0.013176401872747
2019-03-20,0.013074587293157863
2019-03-21,0.013201359294843012
2019-03-22,0.013186562197783485
2019-03-25,0.013210028760896862
2019-03-26,0.013177583670763186
2019-03-27,0.013241727457788994
2019-03-28,0.013349931211861765
2019-03-29,0.013535593980329377
2019-04-01,0.013591082879731606
2019-04-02,0.013570037297063358
2019-04-03,0.01366030348379771
2019-04-04,0.013632555719382858
2019-04-08,0.013668682111361524
2019-04-09,0.013714075306446014
2019-04-10,0.013705640822676798
2019-04-11,0.013771401192156488
2019-04-12,0.013878061575970126
2019-04-15,0.013949880748318837
2019-04-16,0.01391062852532099
2019-04-17,0.013889229833466677
2019-04-18,0.01394892890350264
2019-04-19,0.013951034500114434
2019-04-22,0.01406384175533255
2019-04-23,0.014154730166869644
2019-04-24,0.014264936626565392
2019-04-25,0.014302120274496925
2019-04-26,0.014418675172281051
2019-04-29,0.014368374754753352
2019-04-30,0.014407984448825236
2019-05-06,0.014382074112506233
2019-05-07,0.014393187658644358
2019-05-08,0.014420806253180481
2019-05-09,0.014460274368632807
2019-05-10,0.014441159627682219
2019-05-13,0.014446052530043049
2019-05-14,0.014531362122260439
2019-05-15,0.014617109305321339
2019-05-16,0.014566004507912624
2019-05-17,0.014616213824155868
2019-05-20,0.014579067766034681
2019-05-21,0.014575912257338794
2019-05-22,0.01451172351224056
2019-05-23,0.01462111020562474
2019-05-24,0.0145981859060265
2019-05-27,0.014525411200635122
2019-05-28,0.01455728647244038
2019-05-29,0.014559072676489057
2019-05-30,0.014515027885608815
2019-05-31,0.014478874294329518
2019-06-03,0.014496785864405585
2019-06-04,0.014562732899220953
2019-06-05,0.014495092853620047
2019-06-06,0.014331453532033555
2019-06-10,0.01419494020041152
2019-06-11,0.014198854491870956
2019-06-12,0.014332277134444323
2019-06-13,0.014349755097166692
2019-06-14,0.014319409531012878
2019-06-17,0.014355761647603214
2019-06-18,0.014311284033850263
2019-06-19,0.014276645316498589
2019-06-20,0.014278007202778224
2019-06-21,0.014217885898029546
2019-06-24,0.014231275082570024
2019-06-25,0.014117656112882288
2019-06-26,0.014067969135299833
2019-06-27,0.013867651408806764
2019-06-28,0.01371599692791715
2019-07-01,0.013825695742941521
2019-07-02,0.01370651701251177
2019-07-03,0.013322363787818035
2019-07-04,0.013404095765779944
2019-07-05,0.01340174894051509
2019-07-08,0.013417071260647083
2019-07-09,0.013311353481814253
2019-07-10,0.013162825376260174
2019-07-11,0.013241786030772593
2019-07-12,0.013360744606409682
2019-07-15,0.01330735546477574
2019-07-16,0.013215662740771168
2019-07-17,0.013262041901680966
2019-07-18,0.013252019383636302
2019-07-19,0.013167768857827316
2019-07-22,0.013089401167989984
2019-07-23,0.012937517090049514
2019-07-24,0.01292846762124346
2019-07-25,0.012727926987903138
2019-07-26,0.012606299165709987
2019-07-29,0.012569043978527738
2019-07-30,0.012366880205464729
2019-07-31,0.012353636651407245
2019-08-01,0.012405619227749092
2019-08-02,0.012282508196659481
2019-08-05,0.012340460020711154
2019-08-06,0.012222003498851504
2019-08-07,0.012088003313682812
2019-08-08,0.012053015723919917
2019-08-09,0.01200675788543346
2019-08-12,0.011897889070733416
2019-08-13,0.011889632822563573
2019-08-14,0.01189234544585608
2019-08-15,0.011906661866427396
2019-08-16,0.011880067147032896
2019-08-19,0.011804129768422322
2019-08-20,0.011644257407597886
2019-08-21,0.011597610315082859
2019-08-22,0.01146364902044621
2019-08-23,0.011424455854202095
2019-08-26,0.011323318916901626
2019-08-27,0.011328097775493465
2019-08-28,0.011365825154244046
2019-08-29,0.011360508758599149
2019-08-30,0.011356245430391564
2019-09-02,0.011348334559801042
2019-09-03,0.011348496926926554
2019-09-04,0.011251901053874244
2019-09-05,0.011217482007218112
2019-09-06,0.011260857072370388
2019-09-09,0.011200404160174347
2019-09-10,0.011127329172966537
2019-09-11,0.011102990608757754
2019-09-12,0.01107088963813504
2019-09-16,0.011064682529720175
2019-09-17,0.011023306851662697
2019-09-18,0.010945119103302361
2019-09-19,0.0109610542523181
2019-09-20,0.010985806004845911
2019-09-23,0.010951730760788585
2019-09-24,0.010933351056296172
2019-09-25,0.010798186460246138
2019-09-26,0.010798508258020237
2019-09-27,0.010746255595441633
2019-09-30,0.010741990721904574
2019-10-08,0.010789809330002119
2019-10-09,0.010796442603357085
2019-10-10,0.010832492479161007
2019-10-11,0.010825548742921279
2019-10-14,0.01080411679518884
2019-10-15,0.010764515367733004
2019-10-16,0.010811444183010513
2019-10-17,0.010831239222365029
2019-10-18,0.010824181107681512
2019-10-21,0.010843330470363424
2019-10-22,0.010740515508855415
2019-10-23,0.010684047027047363
2019-10-24,0.010603377699123777
2019-10-25,0.010597775691910912
2019-10-28,0.010596936840706533
2019-10-29,0.010514372870765147
2019-10-30,0.010496246731945356
2019-10-31,0.010459044463110802
2019-11-01,0.010484612356259011
2019-11-04,0.010465214173175204
2019-11-05,0.01024652803802223
2019-11-06,0.010297599597324198
2019-11-07,0.01029233807827844
2019-11-08,0.010309762775337667
2019-11-11,0.010302302410342362
2019-11-12,0.010199169343102131
2019-11-13,0.0102654652584556
2019-11-14,0.010206360608593168
2019-11-15,0.010167407259598166
2019-11-18,0.010106058963462762
2019-11-19,0.010111399453106058
2019-11-20,0.01004983187770349
2019-11-21,0.010033068503474499
2019-11-22,0.009933351992267898
2019-11-25,0.009930366303521768
2019-11-26,0.00978616577795889
2019-11-27,0.009740620670448539
2019-11-28,0.009653696608649039
2019-11-29,0.009579573642721223
2019-12-02,0.009509259311475051
2019-12-03,0.009437108866404404
2019-12-04,0.009442962664026817
2019-12-05,0.009473571206191477
2019-12-06,0.009370450105044871
2019-12-09,0.009392204313464882
2019-12-10,0.009390338841832565
2019-12-11,0.009294476709894566
2019-12-12,0.009284514021605524
2019-12-13,0.009135405350603134
2019-12-16,0.00913137395588465
2019-12-17,0.009102003052175876
2019-12-18,0.009088091989564933
2019-12-19,0.00903349122169903
2019-12-20,0.00895965424215561
2019-12-23,0.008831625530684261
2019-12-24,0.008766962164187177
2019-12-25,0.008799873766366373
2019-12-26,0.008889422435897756
2019-12-27,0.008942543431176885
2019-12-30,0.008861127549209357
2019-12-31,0.008864450370196333
2020-01-02,0.009302898806571652
2020-01-03,0.009401425092848373
2020-01-06,0.009365824016753305
2020-01-07,0.009367460063782024
2020-01-08,0.009417629649992475
2020-01-09,0.009627923748413085
2020-01-10,0.009584197456995078
2020-01-13,0.009535693605088493
2020-01-14,0.009551966608236534
2020-01-15,0.009457312924424971
2020-01-16,0.009347479555219014
2020-01-17,0.009267591387399894
2020-01-20,0.009148005521041383
2020-01-21,0.009268581402541798
2020-01-22,0.009404078643515371
2020-01-23,0.009389258569214581
2020-02-03,0.009592555106457701
2020-02-04,0.009665352363241429
2020-02-05,0.009625884247789101
2020-02-06,0.009711884915675942
2020-02-07,0.00979919437478727
2020-02-10,0.009761236046592325
2020-02-11,0.009743513787857882
2020-02-12,0.009943931496478804
2020-02-13,0.010038349576227222
2020-02-14,0.010031438941986845
2020-02-17,0.01026518377577538
2020-02-18,0.010300030291873461
2020-02-19,0.01059374849582818
2020-02-20,0.010596712826047313
2020-02-21,0.010788558628588846
2020-02-24,0.010825915643523412
2020-02-25,0.011013895641862512
2020-02-26,0.011141191477310384
2020-02-27,0.011096943656368388
2020-02-28,0.011392344409053618
2020-03-02,0.011459787895505408
2020-03-03,0.011503945955331756
2020-03-04,0.011782423307587272
2020-03-05,0.011799959012329702
2020-03-06,0.011816068726966526
2020-03-09,0.011967203205430934
2020-03-10,0.012196730654785833
2020-03-11,0.01209014980978039
2020-03-12,0.01225523504118813
2020-03-13,0.01276066060609365
2020-03-16,0.01401190088222325
2020-03-17,0.0361039992036427
2020-03-18,0.03659355171606675
2020-03-19,0.03674679082090793
2020-03-20,0.03725092336033687
2020-03-23,0.037195306374493135
2020-03-24,0.038280706652226375
2020-03-25,0.038857638950556356
2020-03-26,0.038834752855006385
2020-03-27,0.03897141196428775
2020-03-30,0.03948581663450926
2020-03-31,0.03978470584971087
2020-04-01,0.04000163977728593
2020-04-02,0.040403205210906463
2020-04-03,0.040724379838534074
2020-04-07,0.04175963249328915
2020-04-08,0.04203656633163559
2020-04-09,0.04200098312877066
2020-04-10,0.04214154771144841
2020-04-13,0.04212464319409496
2020-04-14,0.0423794697133866
2020-04-15,0.04265968718116465
2020-04-16,0.04293592081411224
2020-04-17,0.04326271091970575
2020-04-20,0.043281898436716114
2020-04-21,0.04336275703387702
2020-04-22,0.04391602094054629
2020-04-23,0.044539112517224234
2020-04-24,0.04462843266479469
2020-04-27,0.04486330344449973
2020-04-28,0.045241857714614205
2020-04-29,0.045730251016298365
2020-04-30,0.04593482228403711
2020-05-06,0.04605930456626145
2020-05-07,0.04614997390074542
2020-05-08,0.046438358377425513
2020-05-11,0.04641817822183138
2020-05-12,0.04657435704159074
2020-05-13,0.04672286066610455
2020-05-14,0.04668700982756934
2020-05-15,0.04703201558214908
2020-05-18,0.047475619494465965
2020-05-19,0.047555546954412664
2020-05-20,0.04768636161012307
2020-05-21,0.047824716677790174
2020-05-22,0.04787596698992647
2020-05-25,0.04787998368496118
2020-05-26,0.048037837852060505
2020-05-27,0.04802319803975093
2020-05-28,0.04806467891627437
2020-05-29,0.04803312938131373
2020-06-01,0.048192592839511085
2020-06-02,0.048206678268982464
2020-06-03,0.04828592605394449
2020-06-04,0.048347629922708135
2020-06-05,0.0483302168243065
2020-06-08,0.04833972558919666
2020-06-09,0.048304337927421954
2020-06-10,0.04834953947662626
2020-06-11,0.0483683208159352
2020-06-12,0.048406014434066724
2020-06-15,0.048493676314916974
2020-06-16,0.04844880808654123
2020-06-17,0.04848757473792862
2020-06-18,0.04847134881611332
2020-06-19,0.04849659808226124
2020-06-22,0.0485529264792205
2020-06-23,0.048539737855540985
2020-06-24,0.04857218867677625
2020-06-29,0.04866951301773198
2020-06-30,0.04864173120510832
2020-07-01,0.04868449106436309
2020-07-02,0.048743260402102764
2020-07-03,0.04872040579290675
2020-07-06,0.048643059934028336
2020-07-07,0.04861820482899771
2020-07-08,0.04867909914784182
2020-07-09,0.04876970096650467
2020-07-10,0.04884058019414658
2020-07-13,0.04895259535754917
2020-07-14,0.04892393783036047
2020-07-15,0.048965868017854845
2020-07-16,0.048954531690100035
2020-07-17,0.04900252125857949
2020-07-20,0.04908072817824266
2020-07-21,0.04928485701855768
2020-07-22,0.04957457868056047
2020-07-23,0.04968772022878789
2020-07-24,0.04965151197840554
2020-07-27,0.04977176175311508
2020-07-28,0.04979296259324915
2020-07-29,0.04976558957205453
2020-07-30,0.04984349010251011
2020-07-31,0.04986214839652861
2020-08-03,0.04976399598378651
2020-08-04,0.04973782763568442
2020-08-05,0.04974216747222807
2020-08-06,0.049801367365653604
2020-08-07,0.049802895213542274
2020-08-10,0.049703205294773616
2020-08-11,0.04972044767488595
2020-08-12,0.04982427824345252
2020-08-13,0.04986111105326095
2020-08-14,0.04982155634119969
2020-08-17,0.049826328790972464
2020-08-18,0.049880824737016057
2020-08-19,0.049911473689825576
2020-08-20,0.04988672389746238
2020-08-21,0.04987435591960359
2020-08-24,0.04993762777415425
2020-08-25,0.04994584003165405
2020-08-26,0.049956903443311
2020-08-27,0.050030317565390184
2020-08-28,0.05004049221419803
2020-08-31,0.0500157491368443
2020-09-01,0.050047647323445896
2020-09-02,0.05008975293551492
2020-09-03,0.05013773976487596
2020-09-04,0.050146243446038845
2020-09-07,0.05015069424007368
2020-09-08,0.050131856755040435
2020-09-09,0.050156334695876784
2020-09-10,0.050170291665678275
2020-09-11,0.050198762651932446
2020-09-14,0.05020828734591179
2020-09-15,0.050249485841235224
2020-09-16,0.05023283071910357
2020-09-17,0.050260250757905814
2020-09-18,0.05026332922606492
2020-09-21,0.050305793423477865
2020-09-22,0.05027939228393707
2020-09-23,0.050303287079470536
2020-09-24,0.05037107957887904
2020-09-25,0.05036594730259621
2020-09-28,0.049958186286041054
2020-09-29,0.04988873997548852
2020-09-30,0.04981501379967031
2020-10-09,0.04979482440788777
2020-10-12,0.049852122722115845
2020-10-13,0.049689675206085214
2020-10-14,0.04975384098584896
2020-10-15,0.04974967456686776
2020-10-16,0.0495801632132563
2020-10-19,0.04955416324751108
2020-10-20,0.04956797183155135
2020-10-21,0.04958120516055993
2020-10-22,0.04957539750667295
2020-10-23,0.04947769945143927
2020-10-26,0.0493786465173226
2020-10-27,0.04947661906730031
2020-10-28,0.0492035405265103
2020-10-29,0.04920391395964898
2020-10-30,0.04922948696769823
2020-11-02,0.0492364132860115
2020-11-03,0.04919655767907502
2020-11-04,0.04917496980779911
2020-11-05,0.0492189690332959
2020-11-06,0.04908335002391294
2020-11-09,0.04887325654463283
2020-11-10,0.048965950368312514
2020-11-11,0.048767282484420804
2020-11-12,0.04874908687089871
2020-11-13,0.0483622131137821
2020-11-16,0.04849233763617885
2020-11-17,0.048404847500108976
2020-11-18,0.048402244561061326
2020-11-19,0.04826790963519834
2020-11-20,0.04815978052944881
2020-11-23,0.04813508493584427
2020-11-24,0.048016912663336825
2020-11-25,0.0479072135329251
2020-11-26,0.04791917224325025
2020-11-27,0.04767892220120014
2020-11-30,0.047756844759131126
2020-12-01,0.04777616491594866
2020-12-02,0.047626028229711015
2020-12-03,0.04740859242874195
2020-12-04,0.047423082105937375
2020-12-07,0.04719671678808645
2020-12-08,0.04673304391926324
2020-12-09,0.04556448798960271
2020-12-10,0.023431539724996404
2020-12-11,0.02297214443725483
2020-12-14,0.022796891848884265
2020-12-15,0.022319071235961323
2020-12-16,0.022414089813619413
2020-12-17,0.021394888540360625
2020-12-18,0.020845791480704
2020-12-21,0.020920041987737045
2020-12-22,0.020861514390480878
2020-12-23,0.020291409595208473
2020-12-24,0.019966158478112887
2020-12-25,0.019750737806029175
2020-12-28,0.019411329283005374
2020-12-29,0.01911281343725549
2020-12-30,0.01810937026531831
2020-12-31,0.017734280501420906
2021-01-04,0.01786665959663164
2021-01-05,0.01762095661118107
2021-01-06,0.017594094818262594
2021-01-07,0.017361165848068665
2021-01-08,0.017283500361037884
2021-01-11,0.017525146723306302
2021-01-12,0.017503532574820697
2021-01-13,0.017487511113521016
2021-01-14,0.01755472154521147
2021-01-15,0.01706953435552048
2021-01-18,0.0164784868106434
2021-01-19,0.01646935286430704
2021-01-20,0.016356894838165312
2021-01-21,0.016106464059255286
2021-01-22,0.015724292275382256
2021-01-25,0.015502671533119468
2021-01-26,0.015352997860564557
2021-01-27,0.015248611954144163
2021-01-28,0.014958503189797375
2021-01-29,0.015057713277068325
2021-02-01,0.015093048467492204
2021-02-02,0.014948322709955202
2021-02-03,0.015008471765206834
2021-02-04,0.014655215952821786
2021-02-05,0.014213294587894804
2021-02-08,0.014224431708402391
2021-02-09,0.014123863919051455
2021-02-10,0.014003543598221683
2021-02-18,0.013962815817526461
2021-02-19,0.013998697142232392
2021-02-22,0.013998799647401534
2021-02-23,0.014018550575968706
2021-02-24,0.014045489133299295
2021-02-25,0.01407457771943615
2021-02-26,0.014036666217959903
2021-03-01,0.014011063212697385
2021-03-02,0.014076125288616584
2021-03-03,0.014110127651634967
2021-03-04,0.014183945668206396
2021-03-05,0.01429545417531977
2021-03-08,0.014367998435872699
2021-03-09,0.014319333406446762
2021-03-10,0.014348385086996667
2021-03-11,0.014390670081070487
2021-03-12,0.014407193263993624
2021-03-15,0.014427134208741225
2021-03-16,0.014419338010550588
2021-03-17,0.014439058242110697
2021-03-18,0.014561347945271353
2021-03-19,0.014583186186514146
2021-03-22,0.014679181277958147
2021-03-23,0.014649427607926173
2021-03-24,0.014654073752285767
2021-03-25,0.014666827523634109
2021-03-26,0.01460898743559237
2021-03-29,0.014607176032713614
2021-03-30,0.01465810139217097
2021-03-31,0.014740580903497667
2021-04-01,0.014793109123445442
2021-04-02,0.014966979248749271
2021-04-06,0.014995759730391663
2021-04-07,0.014983155839157002
2021-04-08,0.01488985456572374
2021-04-09,0.014897311224185457
2021-04-12,0.014903555216557465
2021-04-13,0.014973395325105715
2021-04-14,0.0151111199762425
2021-04-15,0.015038305281116379
2021-04-16,0.01488054509396069
2021-04-19,0.01453237636325393
2021-04-20,0.014438780369626321
2021-04-21,0.014461168916869105
2021-04-22,0.014405500320690394
2021-04-23,0.014488522844997326
2021-04-26,0.014540202186523372
2021-04-27,0.014556007032363679
2021-04-28,0.014552518557253811
2021-04-29,0.014645806119972606
2021-04-30,0.014810301472647482
2021-05-06,0.015189950455019148
2021-05-07,0.015216655080396489
2021-05-10,0.015273015065270006
2021-05-11,0.015372355103003221
2021-05-12,0.015402775030479947
2021-05-13,0.015359993430306912
2021-05-14,0.015359333069301519
2021-05-17,0.015514513040315087
2021-05-18,0.015659343844623766
2021-05-19,0.015685757667024573
2021-05-20,0.015823933241515282
2021-05-21,0.01596229278314781
2021-05-24,0.01600289519386515
2021-05-25,0.015963526222655375
2021-05-26,0.01605216898553739
2021-05-27,0.01621043091490211
2021-05-28,0.016150844451747456
2021-05-31,0.016218004591242296
2021-06-01,0.016332246031129254
2021-06-02,0.016402584483841062
2021-06-03,0.0163515337502297
2021-06-04,0.01640473552847584
2021-06-07,0.016464507570866906
2021-06-08,0.01650658755771029
2021-06-09,0.016511139867663123
2021-06-10,0.016484999395123854
2021-06-11,0.016624809064617174
2021-06-15,0.016932685685569146
2021-06-16,0.01693465234716678
2021-06-17,0.017069559043806536
2021-06-18,0.01718563196758322
2021-06-21,0.01709768811940431
2021-06-22,0.017071086409779522
2021-06-23,0.017028791889468608
2021-06-24,0.01688658265471717
2021-06-25,0.016878853980944145
2021-06-28,0.016803433202850968
2021-06-29,0.01680665763786494
2021-06-30,0.01683997940023875
2021-07-01,0.01692740480175902
2021-07-02,0.01695673611842362
2021-07-05,0.01703187926795103
2021-07-06,0.01688981775395168
2021-07-07,0.016911171086515672
2021-07-08,0.01697006861103949
2021-07-09,0.01695827792973531
2021-07-12,0.016998956392297693
2021-07-13,0.017045584782081895
2021-07-14,0.017098232924385025
2021-07-15,0.01710736085460596
2021-07-16,0.0171425857035088
2021-07-19,0.01725312779120848
2021-07-20,0.017232243063955256
2021-07-21,0.017151225831621927
2021-07-22,0.01719449641485953
2021-07-23,0.01709438696963339
2021-07-26,0.01708478221882466
2021-07-27,0.016987323057654474
2021-07-28,0.016977041476936867
2021-07-29,0.017077872159695945
2021-07-30,0.01702676064288976
2021-08-02,0.016932143690880253
2021-08-03,0.017001289392126143
2021-08-04,0.01695913222207334
2021-08-05,0.01698467860942931
2021-08-06,0.01704731698597682
2021-08-09,0.017233000160385176
2021-08-10,0.0170863136633301
2021-08-11,0.016989521227364288
2021-08-12,0.016917439712700506
2021-08-13,0.01680821396363043
2021-08-16,0.016818656198107053
2021-08-17,0.0168537193564642
2021-08-18,0.016675407912195118
2021-08-19,0.016730850437497377
2021-08-20,0.016654435134355838
2021-08-23,0.01662995087157704
2021-08-24,0.01663758228055302
2021-08-25,0.016493694851628778
2021-08-26,0.016418117282605272
2021-08-27,0.016433597668586503
2021-08-30,0.016439857927939894
2021-08-31,0.0164708593172947
2021-09-01,0.016486562901809124
2021-09-02,0.016506759222202752
2021-09-03,0.016482063325739343
2021-09-06,0.016652928533749778
2021-09-07,0.016774677094346074
2021-09-08,0.016799449353072947
2021-09-09,0.01683198260427345
2021-09-10,0.016881360503150478
2021-09-13,0.017070904356249476
2021-09-14,0.01694306660355539
2021-09-15,0.01680063972171966
2021-09-16,0.016854585136755883
2021-09-17,0.016954565583164327
2021-09-22,0.01699420130620502
2021-09-23,0.016919658094025847
2021-09-24,0.016877308994248948
2021-09-27,0.016837210247736406
2021-09-28,0.01700303631866658
2021-09-29,0.016799838126180668
2021-09-30,0.016971048116465503
2021-10-08,0.017662666661059943
2021-10-11,0.01765156183686405
2021-10-12,0.017402879791220467
2021-10-13,0.0168259953065012
2021-10-14,0.016655003146058032
2021-10-15,0.01674303318351685
2021-10-18,0.01666384036856346
2021-10-19,0.016715756890013166
2021-10-20,0.01669685700702616
2021-10-21,0.016625988664949732
2021-10-22,0.016484330956528973
2021-10-25,0.016356812561280788
2021-10-26,0.01618862906979407
2021-10-27,0.01628198044271758
2021-10-28,0.016243086669988114
2021-10-29,0.016341992799155422
2021-11-01,0.016314996568465922
2021-11-02,0.016300573047388033
2021-11-03,0.016293869909859884
2021-11-04,0.016271705626433947
2021-11-05,0.01636728416895252
2021-11-08,0.016489454327321545
2021-11-09,0.01650155726575539
2021-11-10,0.016425752044864562
2021-11-11,0.016528086574991045
2021-11-12,0.01658799341334195
2021-11-15,0.016663692182857345
2021-11-16,0.016630144033663835
2021-11-17,0.016514283374374394
2021-11-18,0.016498098480344815
2021-11-19,0.016494305829447574
2021-11-22,0.01649192885892848
2021-11-23,0.016588652807893806
2021-11-24,0.016695989051525417
2021-11-25,0.01659909298422178
2021-11-26,0.016483003384441468
2021-11-29,0.016475166523087937
2021-11-30,0.016554488557599813
2021-12-01,0.01646246506802831
2021-12-02,0.01658211140977743
2021-12-03,0.01652175506334834
2021-12-06,0.01645230866993686
2021-12-07,0.016335865475791394
2021-12-08,0.016307197161950743
2021-12-09,0.016379958637922864
2021-12-10,0.016486782050845614
2021-12-13,0.016506520677328104
2021-12-14,0.01644551322435845
2021-12-15,0.016415704194298327
2021-12-16,0.016519252069772773
2021-12-17,0.01651678720869293
2021-12-20,0.0165051938715346
2021-12-21,0.016475164283661636
2021-12-22,0.016441436759979625
2021-12-23,0.016506305979575343
2021-12-24,0.016416293456133792
2021-12-27,0.016458417779366023
2021-12-28,0.016306617411708614
2021-12-29,0.016193234876310834
2021-12-30,0.016288059225220763
2021-12-31,0.01641933777236141
2022-01-04,0.01680089934666219
2022-01-05,0.016743910404787888
2022-01-06,0.01679433861206532
2022-01-07,0.016731901460650327
2022-01-10,0.01673833268227897
2022-01-11,0.016825020180275287
2022-01-12,0.016927511690886483
2022-01-13,0.017002136130870683
2022-01-14,0.016976895660377807
2022-01-17,0.01697402378791654
2022-01-18,0.016879984538423397
2022-01-19,0.017035352572781486
2022-01-20,0.017060231743136152
2022-01-21,0.01715952005932621
2022-01-24,0.01722349048031162
2022-01-25,0.017172107412439824
2022-01-26,0.016718468970842337
2022-01-27,0.016831685090129958
2022-01-28,0.016889117758483493
2022-02-07,0.01695437097062089
2022-02-08,0.01699797245395476
2022-02-09,0.017056736909333008
2022-02-10,0.017068620784214176
2022-02-11,0.017021563510511713
2022-02-14,0.017136731708464602
2022-02-15,0.017074521127218814
2022-02-16,0.017117391489024754
2022-02-17,0.016985304274578145
2022-02-18,0.017120483992709386
2022-02-21,0.017178030483365615
2022-02-22,0.017307938586635655
2022-02-23,0.017174740952276866
2022-02-24,0.017405283806623335
2022-02-25,0.01747263243491778
2022-02-28,0.017348485926370845
2022-03-01,0.017237931156821627
2022-03-02,0.017325012642810226
2022-03-03,0.01723116770393263
2022-03-04,0.017216120613464263
2022-03-07,0.017275349018228726
2022-03-08,0.017406064673644844
2022-03-09,0.017431574575054676
2022-03-10,0.01749008758853092
2022-03-11,0.01720590548769102
2022-03-14,0.017283207364970896
2022-03-15,0.017307686499067318
2022-03-16,0.017265203210521104
2022-03-17,0.017403810031959437
2022-03-18,0.017448428444864453
2022-03-21,0.017512687929525404
2022-03-22,0.017704850241715895
2022-03-23,0.01783437683521691
2022-03-24,0.017944623162460496
2022-03-25,0.018045909118622645
2022-03-28,0.01811523790166688
2022-03-29,0.01803318353162464
2022-03-30,0.01807161276061241
2022-03-31,0.01803559792734074
2022-04-01,0.01808074727077982
2022-04-06,0.01834593344102221
2022-04-07,0.01825448949376548
2022-04-08,0.018439342983277908
2022-04-11,0.01852516033418539
2022-04-12,0.01860088518963408
2022-04-13,0.018569828706580065
2022-04-14,0.018584418275718814
2022-04-15,0.018584987279570333
2022-04-18,0.018511374082456712
2022-04-19,0.018478261231279682
2022-04-20,0.018646649030526825
2022-04-21,0.018685503110432995
2022-04-22,0.018783751455159568
2022-04-25,0.01898469051774031
2022-04-26,0.0189754452532765
2022-04-27,0.019005883712206777
2022-04-28,0.018920155921286624
2022-04-29,0.01898375022434631
2022-05-05,0.01916124125800194
2022-05-06,0.01924442640223015
2022-05-09,0.01909941937402397
2022-05-10,0.019062571423986523
2022-05-11,0.019099260327764114
2022-05-12,0.018939578228762282
2022-05-13,0.01908511885454511
2022-05-16,0.01913494578635941
2022-05-17,0.019353884025990056
2022-05-18,0.019515260998258274
2022-05-19,0.019461920880915463
2022-05-20,0.019616267095272654
2022-05-23,0.0197927838978356
2022-05-24,0.019902014939300418
2022-05-25,0.019991076863197555
2022-05-26,0.02002718427322994
2022-05-27,0.0200916226308445
2022-05-30,0.020231524915417735
2022-05-31,0.02041800488283532
2022-06-01,0.020512108975061085
2022-06-02,0.02069094849101222
2022-06-06,0.021003370005614707
2022-06-07,0.021050374742647655
2022-06-08,0.0210686368796034
2022-06-09,0.02111921835647258
2022-06-10,0.021100743828799257
2022-06-13,0.02103372939795503
2022-06-14,0.021071530364871305
2022-06-15,0.02095043801052829
2022-06-16,0.020976118028284495
2022-06-17,0.02087685333166138
2022-06-20,0.020980827685530667
2022-06-21,0.021135117953285303
2022-06-22,0.021094829102745967
2022-06-23,0.02091782047713028
2022-06-24,0.021057892907053035
2022-06-27,0.021185443202304474
2022-06-28,0.021240172449344435
2022-06-29,0.02141771973796331
2022-06-30,0.021248222602265988
2022-07-01,0.02148666297067104
2022-07-04,0.02134116913214303
2022-07-05,0.020739624838818332
2022-07-06,0.020871192804038572
2022-07-07,0.020879525403957988
2022-07-08,0.020880971342893014
2022-07-11,0.02073854057942589
2022-07-12,0.02069299912186739
2022-07-13,0.020639767957133282
2022-07-14,0.020524650570377525
2022-07-15,0.020781297947362384
2022-07-18,0.02103306202728629
2022-07-19,0.021082390906111206
2022-07-20,0.021116760845747953
2022-07-21,0.021141530803379896
2022-07-22,0.021156649126571277
2022-07-25,0.02120798922322313
2022-07-26,0.02112086655809962
2022-07-27,0.021139054451199804
2022-07-28,0.021312975542741478
2022-07-29,0.021327236538636447
2022-08-01,0.021359910618493003
2022-08-02,0.02118563697383016
2022-08-03,0.02110494512442866
2022-08-04,0.021105336488272643
2022-08-05,0.021214097822217233
2022-08-08,0.0211837914017244
2022-08-09,0.021336029484081243
2022-08-10,0.021316022314675463
2022-08-11,0.021326138200205243
2022-08-12,0.021315390729616922
2022-08-15,0.021327391384383478
2022-08-16,0.021420960323250107
2022-08-17,0.021422351378588746
2022-08-18,0.02138093046864434
2022-08-19,0.021336843413589834
2022-08-22,0.021398278630977485
2022-08-23,0.021423041823103253
2022-08-24,0.021416258371599647
2022-08-25,0.021268178857210274
2022-08-26,0.021316744964429275
2022-08-29,0.021295108838433545
2022-08-30,0.0213315523667683
2022-08-31,0.021409366112323382
2022-09-01,0.021573074862175606
2022-09-02,0.021636608110881767
2022-09-05,0.021593071105740238
2022-09-06,0.021618555234657198
2022-09-07,0.021532094712922015
2022-09-08,0.021652439386002018
2022-09-09,0.02168683925712402
2022-09-13,0.02211268976222765
2022-09-14,0.0221381241424714
2022-09-15,0.022118525494342414
2022-09-16,0.02217326396910675
2022-09-19,0.02221204166730919
2022-09-20,0.022124441656520655
2022-09-21,0.022168780497613668
2022-09-22,0.02211637014350914
2022-09-23,0.022167972440566227
2022-09-26,0.022400016882541198
2022-09-27,0.022253581345484327
2022-09-28,0.02219407856755841
2022-09-29,0.021966120027422636
2022-09-30,0.022044221366619283
2022-10-10,0.022362283053740502
2022-10-11,0.022268723468680925
2022-10-12,0.022322872228996902
2022-10-13,0.022313678425023176
2022-10-14,0.02222140071556909
2022-10-17,0.022261432984145273
2022-10-18,0.022385204272634976
2022-10-19,0.02240047457828869
2022-10-20,0.022440824814275097
2022-10-21,0.022257368373657
2022-10-24,0.02231748952937736
2022-10-25,0.02223682845832106
2022-10-26,0.02214591810740968
2022-10-27,0.02214675714617449
2022-10-28,0.022121436970772883
2022-10-31,0.021984547611458745
2022-11-01,0.02205579801532805
2022-11-02,0.021881031297202293
2022-11-03,0.02189322668278956
2022-11-04,0.02182153135388197
2022-11-07,0.021933066683974364
2022-11-08,0.02188485023576839
2022-11-09,0.021748864904688085
2022-11-10,0.021744793601009192
2022-11-11,0.021603870539955564
2022-11-14,0.021721658153050487
2022-11-15,0.021666583253366647
2022-11-16,0.02162227956099037
2022-11-17,0.02138825714029392
2022-11-18,0.021446788056616862
2022-11-21,0.02129677485187167
2022-11-22,0.0212238391059879
2022-11-23,0.02124974254661721
2022-11-24,0.021373451969646757
2022-11-25,0.021286993672240417
2022-11-28,0.021303631227835042
2022-11-29,0.021257959461315083
2022-11-30,0.021168195036540948
2022-12-01,0.021213169255377445
2022-12-02,0.02130893358870586
2022-12-05,0.021070601868711493
2022-12-06,0.021158768094620625
2022-12-07,0.02107591773165935
2022-12-08,0.02093283140835608
2022-12-09,0.020949036854929538
2022-12-12,0.020858346402619545
2022-12-13,0.02081505095469839
2022-12-14,0.020770479743617537
2022-12-15,0.020701342279252195
2022-12-16,0.02055858513671189
2022-12-19,0.020457801900006362
2022-12-20,0.02026529398871291
2022-12-21,0.020272622138121716
2022-12-22,0.020241849903819477
2022-12-23,0.020178858084838745
2022-12-26,0.02024058595762349
2022-12-27,0.020560490530352988
2022-12-28,0.02036633760584423
2022-12-29,0.02060574626413811
2022-12-30,0.020782672254980167
2023-01-03,0.020797953038840293
2023-01-04,0.02080902521914623
2023-01-05,0.02111071328686931
2023-01-06,0.021163648527857504
2023-01-09,0.021377580414693835
2023-01-10,0.02151832002968415
2023-01-11,0.021668242392092998
2023-01-12,0.02157868262001177
2023-01-13,0.021505141943652613
2023-01-16,0.021492628204205416
2023-01-17,0.021311413290385862
2023-01-18,0.021281152707300976
2023-01-19,0.02134757386190862
2023-01-20,0.02145731954969751
2023-01-30,0.02161434475859726
2023-01-31,0.021523497144996986
2023-02-01,0.021413702115602486
2023-02-02,0.021506835093712207
2023-02-03,0.021540818645526233
2023-02-06,0.021550805994868378
2023-02-07,0.02153023323825445
2023-02-08,0.021364880821756506
2023-02-09,0.02131411372024172
2023-02-10,0.02112689003808067
2023-02-13,0.020978123108834644
2023-02-14,0.021007275378729352
2023-02-15,0.02082978662313811
2023-02-16,0.020639904180578216
2023-02-17,0.020461435105927604
2023-02-20,0.020461482957514283
2023-02-21,0.020396287507979043
2023-02-22,0.020215890157912298
2023-02-23,0.020127316645835686
2023-02-24,0.019905587425657637
2023-02-27,0.019857322687470123
2023-02-28,0.01964641431583613
2023-03-01,0.019356549744021262
2023-03-02,0.019277276789552357
2023-03-03,0.019224495583051164
2023-03-06,0.019183206147503927
2023-03-07,0.019073724276230122
2023-03-08,0.019191879806114177
2023-03-09,0.019055714896584426
2023-03-10,0.01902690936768607
2023-03-13,0.01899903592029853
2023-03-14,0.019040254355966582
2023-03-15,0.01890006044628996
2023-03-16,0.01875256135400755
2023-03-17,0.018726484624684025
2023-03-20,0.018809286082510385
2023-03-21,0.018641432042267037
2023-03-22,0.018483900060750087
2023-03-23,0.018459273126989736
2023-03-24,0.018315825634041657
2023-03-27,0.018319158312236766
2023-03-28,0.018105444768992163
2023-03-29,0.01811639166340601
2023-03-30,0.018112217419020603
2023-03-31,0.017974181936077683
2023-04-03,0.01801809351510967
2023-04-04,0.01808499249052021
2023-04-06,0.01855922573207276
2023-04-07,0.018571197998294285
2023-04-10,0.018653424581165468
2023-04-11,0.01872454912248862
2023-04-12,0.018553216444412202
2023-04-13,0.018303893954203794
2023-04-14,0.018342896246416298
2023-04-17,0.018364305745668764
2023-04-18,0.01839914976773437
2023-04-19,0.0182888025455233
2023-04-20,0.018285943409009183
2023-04-21,0.018332068278375316
2023-04-24,0.018317966049296
2023-04-25,0.01811156182207163
2023-04-26,0.017924961664643593
2023-04-27,0.017920621916573645
2023-04-28,0.017904641667455565
2023-05-04,0.01817791018229236
2023-05-05,0.01824547988283375
2023-05-08,0.018207813095592763
2023-05-09,0.01814001794792482
2023-05-10,0.01795747560632334
2023-05-11,0.01801848341076856
2023-05-12,0.018211188628756102
2023-05-15,0.01820136953994938
2023-05-16,0.018333983197949048
2023-05-17,0.018195236595581376
2023-05-18,0.01816276606654631
2023-05-19,0.018041234731123443
2023-05-22,0.017991565719399475
2023-05-23,0.01799407794283435
2023-05-24,0.018000599894615988
2023-05-25,0.017974434750797054
2023-05-26,0.01791370020653868
2023-05-29,0.017947047888564924
2023-05-30,0.01791992911940146
2023-05-31,0.01799833311062114
2023-06-01,0.01793265934835259
2023-06-02,0.017862523988168646
2023-06-05,0.017924692644348712
2023-06-06,0.01791640027139051
2023-06-07,0.017773372742631632
2023-06-08,0.017732559775201044
2023-06-09,0.01780888072676038
2023-06-12,0.017711772202259387
2023-06-13,0.01718599331322738
2023-06-14,0.017163699911092893
2023-06-15,0.017319106802728964
2023-06-16,0.01739096325752581
2023-06-19,0.01734489007419485
2023-06-20,0.01732572104346292
2023-06-21,0.017493024227577193
2023-06-26,0.01767583741973348
2023-06-27,0.017659223947143355
2023-06-28,0.017466285235692994
2023-06-29,0.017458639897906324
2023-06-30,0.01734025826228172
2023-07-03,0.017309456063999105
2023-07-04,0.017260113334855547
2023-07-05,0.017138456771858965
2023-07-06,0.01762150573771301
2023-07-07,0.018178123333710456
2023-07-10,0.01861380996140864
2023-07-11,0.019000282883502594
2023-07-12,0.019163501100727016
2023-07-13,0.01980372567386104
2023-07-14,0.019807896348992902
2023-07-17,0.019792618345535022
2023-07-18,0.01979574666981785
2023-07-19,0.01969280866814348
2023-07-20,0.019634917374104225
2023-07-21,0.019644117428871257
2023-07-24,0.019545774449322748
2023-07-25,0.019553480248431513
2023-07-26,0.0195201776039126
2023-07-27,0.019334710082555308
2023-07-28,0.019464707295523305
2023-07-31,0.019360311932845767
2023-08-01,0.019395494072017957
2023-08-02,0.019302538879748754
2023-08-03,0.019398018847158006
2023-08-04,0.01928192400881508
2023-08-07,0.01932152105635828
2023-08-08,0.01932284537499648
2023-08-09,0.019240822593538317
2023-08-10,0.019169619595618873
2023-08-11,0.01919965034675252
2023-08-14,0.019209038062331703
2023-08-15,0.019160650606920043
2023-08-16,0.0190896376184634
2023-08-17,0.019035433860379997
2023-08-18,0.019011972367333888
2023-08-21,0.018890917417095778
2023-08-22,0.018985025403498543
2023-08-23,0.019074006972277326
2023-08-24,0.01915293211617757
2023-08-25,0.019174639119745186
2023-08-28,0.01898917836485214
2023-08-29,0.01889088847558664
2023-08-30,0.01901103074536875
2023-08-31,0.018893920746010456
2023-09-01,0.018940890471457986
2023-09-04,0.018963781060989473
2023-09-05,0.019114492161055138
2023-09-06,0.019176239181495698
2023-09-07,0.019574496845324058
2023-09-08,0.019693566419359775
2023-09-11,0.020055556448600624
2023-09-12,0.02028115181262426
2023-09-13,0.02049818463838059
2023-09-14,0.021409566327482796
2023-09-15,0.02131412052189107
2023-09-18,0.02173224231677523
2023-09-19,0.02201072097608107
2023-09-20,0.02223210320591898
2023-09-21,0.02203792080997002
2023-09-22,0.022342225487926096
2023-09-25,0.022201059839165885
2023-09-26,0.022451864811103846
2023-09-27,0.022314138822930984
2023-09-28,0.02238877688499431
2023-10-09,0.02277429952236572
2023-10-10,0.022749938680254867
2023-10-11,0.022562776530757316
2023-10-12,0.02259680096798362
2023-10-13,0.022477883828455995
2023-10-16,0.022710284945562605
2023-10-17,0.022792654403878326
2023-10-18,0.022865875836044477
2023-10-19,0.02290135487897284
2023-10-20,0.022900998158376762
2023-10-23,0.022780459652221297
2023-10-24,0.022610656078595158
2023-10-25,0.022389789012710555
2023-10-26,0.022384851918136255
2023-10-27,0.02235298591498577
2023-10-30,0.02227563010643342
2023-10-31,0.02222600890827369
2023-11-01,0.022333515898711624
2023-11-02,0.022494069906195596
2023-11-03,0.022549493009483456
2023-11-06,0.022633850424680916
2023-11-07,0.022648378692575855
2023-11-08,0.022726861181055158
2023-11-09,0.022724474612592603
2023-11-10,0.022738272309314758
2023-11-13,0.022820898575742408
2023-11-14,0.022821231625033803
2023-11-15,0.022847945716893168
2023-11-16,0.02285772178286819
2023-11-17,0.02283123633792373
2023-11-20,0.022823824741125737
2023-11-21,0.022802542629776032
2023-11-22,0.02271867010542
2023-11-23,0.022722943737828422
2023-11-24,0.022632483254084464
2023-11-27,0.02269038519070007
2023-11-28,0.022634720282206252
2023-11-29,0.022569927373657653
2023-11-30,0.022537317300937755
2023-12-01,0.022370587044185816
2023-12-04,0.022396633412090673
2023-12-05,0.022554856164405362
2023-12-06,0.022432494391358766
2023-12-07,0.022309524300142308
2023-12-08,0.022377558963697274
2023-12-11,0.022520389558098153
2023-12-12,0.022506541532688166
2023-12-13,0.02249466920955806
2023-12-14,0.02275686258482798
2023-12-15,0.02273615671954863
2023-12-18,0.022713327346249344
2023-12-19,0.022680162171828104
2023-12-20,0.022733388747964874
2023-12-21,0.022760504823558642
2023-12-22,0.022743991476794286
2023-12-25,0.022635167416957654
2023-12-26,0.02273348361609413
2023-12-27,0.02271307432423529
2023-12-28,0.022668046731960736
2023-12-29,0.02236830855146198
2024-01-02,0.02268539728243231
2024-01-03,0.02275398669259723
2024-01-04,0.0229451928044181
2024-01-05,0.022931295662302273
2024-01-08,0.022916079347917093
2024-01-09,0.02289377988365565
2024-01-10,0.02302783446788381
2024-01-11,0.023106950008157635
2024-01-12,0.02311327292694787
2024-01-15,0.02334966698930487
2024-01-16,0.023462849245218933
2024-01-17,0.023632090630833057
2024-01-18,0.023563973437453922
2024-01-19,0.023556151931033182
2024-01-22,0.023816920839251663
2024-01-23,0.023935956424425132
2024-01-24,0.023672269565534358
2024-01-25,0.02365069222896304
2024-01-26,0.023637897634998902
2024-01-29,0.02362159066040143
2024-01-30,0.023667460076364083
2024-01-31,0.02358624381652437
2024-02-01,0.02342196739908362
2024-02-02,0.023432005498084052
2024-02-05,0.02335785165613221
2024-02-06,0.02340898108912691
2024-02-07,0.023523710460901473
2024-02-08,0.023575813763479538
2024-02-19,0.024076732590438923
2024-02-20,0.02407401789545982
2024-02-21,0.02410426886288523
2024-02-22,0.02407807485606223
2024-02-23,0.024219844007875028
2024-02-26,0.024200710012001463
2024-02-27,0.024197771752121445
2024-02-28,0.02414649110090738
2024-02-29,0.024166453162386536
2024-03-01,0.02415236613009398
2024-03-04,0.024103384662565317
2024-03-05,0.024178252204926677
2024-03-06,0.024171840879805596
2024-03-07,0.024158762512416547
2024-03-08,0.023949647733511197
2024-03-11,0.023896987966519942
2024-03-12,0.023866775674942383
2024-03-13,0.023777820134015117
2024-03-14,0.023742618824379617
2024-03-15,0.023674074565308113
2024-03-18,0.02364512065802154
2024-03-19,0.023648512452678575
2024-03-20,0.02348644514889549
2024-03-21,0.023433163160197362
2024-03-22,0.023470966925231693
2024-03-25,0.023443927340612784
2024-03-26,0.02344013751391827
2024-03-27,0.02342365833526071
2024-03-28,0.023356594554235447
2024-03-29,0.023419439548216535
2024-04-01,0.023124830683814157
2024-04-02,0.022661883691465084
2024-04-03,0.022169292723549325
2024-04-08,0.02185505370622213
2024-04-09,0.021463181374224705
2024-04-10,0.021174608808622302
2024-04-11,0.020400037957748737
2024-04-12,0.0204205177087795
2024-04-15,0.02039088903153585
2024-04-16,0.020374161338315912
2024-04-17,0.02030296803360752
2024-04-18,0.020314632182517677
2024-04-19,0.020247881510372323
2024-04-22,0.020351984688643087
2024-04-23,0.020430527406128465
2024-04-24,0.020473268146197085
2024-04-25,0.020464107536287354
2024-04-26,0.02042049709813203
2024-04-29,0.0205076661526995
2024-04-30,0.020495280021880967
2024-05-06,0.020586546419838692
2024-05-07,0.020477311872437925
2024-05-08,0.020472085176934426
2024-05-09,0.0205088820156666
2024-05-10,0.020732662645592252
2024-05-13,0.02082057756084932
2024-05-14,0.020781830046154342
2024-05-15,0.020764561303044136
2024-05-16,0.020849859765874446
2024-05-17,0.020860683287954773
2024-05-20,0.021084767499874837
2024-05-21,0.021069777887920135
2024-05-22,0.021050459622169237
2024-05-23,0.021108856087569582
2024-05-24,0.021003991164448278
2024-05-27,0.02088738057329259
2024-05-28,0.02085524987675621
2024-05-29,0.020875513367971842
2024-05-30,0.02092273188767035
2024-05-31,0.020899085437632563
2024-06-03,0.020834040569848087
2024-06-04,0.020860982580640057
2024-06-05,0.02092135050586909
2024-06-06,0.020920080378270277
2024-06-07,0.020711011265282422
2024-06-11,0.021049214739487735
2024-06-12,0.020689030555262736
2024-06-13,0.020504620910772455
2024-06-14,0.020042749003433995
2024-06-17,0.01974329841202871
2024-06-18,0.019556613113887168
2024-06-19,0.018654246530636086
2024-06-20,0.01871263248084502
2024-06-21,0.018227023907561556
2024-06-24,0.018007463249205553
2024-06-25,0.017601499500133545
2024-06-26,0.017489092349715553
2024-06-27,0.01707769194900384
2024-06-28,0.017015376006476016
2024-07-01,0.016420341103324396
2024-07-02,0.016480255425009502
2024-07-03,0.016793421050210068
2024-07-04,0.016175289309138
2024-07-05,0.01631535831036915
2024-07-08,0.016325969936435276
2024-07-09,0.01614290271629726
2024-07-10,0.016156900411907305
2024-07-11,0.015964322704816174
2024-07-12,0.016034471556196056
2024-07-15,0.015890118502742422
2024-07-16,0.01596608725803768
2024-07-17,0.01600285467140523
2024-07-18,0.016149461076721564
2024-07-19,0.016588942387400336
2024-07-22,0.016649971271309807
2024-07-23,0.016664219666086336
2024-07-24,0.01695453891712849
2024-07-25,0.01735882722085609
2024-07-26,0.017343939918502072
2024-07-29,0.017160243050610657
2024-07-30,0.016998132677417368
2024-07-31,0.017029604632424304
2024-08-01,0.01697103665400358
2024-08-02,0.016896500858243423
2024-08-05,0.01687816189997983
2024-08-06,0.016990651152839004
2024-08-07,0.01696285715503386
2024-08-08,0.016886133138184507
2024-08-09,0.016902508254504227
2024-08-12,0.016829499901073186
2024-08-13,0.01684779888251218
2024-08-14,0.016837765132921224
2024-08-15,0.016806529111193878
2024-08-16,0.016842929803927775
2024-08-19,0.016903410992022486
2024-08-20,0.01694977805976413
2024-08-21,0.016943605681368594
2024-08-22,0.016836783221606342
2024-08-23,0.016823028659055307
2024-08-26,0.016888768567770156
2024-08-27,0.01685822451277879
2024-08-28,0.016924816871862473
2024-08-29,0.01690200928865102
2024-08-30,0.016754215952775497
2024-09-02,0.016878577659083734
2024-09-03,0.016843172040183742
2024-09-04,0.016878437343735148
2024-09-05,0.016754177181437516
2024-09-06,0.016844160575346528
2024-09-09,0.016877462131881942
2024-09-10,0.016653027676847683
2024-09-11,0.016724023658581885
2024-09-12,0.016718396838160395
2024-09-13,0.016848705178884437
2024-09-18,0.016819867081973448
2024-09-19,0.01676483273817659
2024-09-20,0.016765651619616784
2024-09-23,0.016754909358081094
2024-09-24,0.016623897040362583
2024-09-25,0.016668183277928596
2024-09-26,0.016662107138559375
2024-09-27,0.016489032074677723
2024-09-30,0.016145930678022908
2024-10-08,0.016073766332207296
2024-10-09,0.015900843354974832
2024-10-10,0.01582541272510048
2024-10-11,0.015931250445550403
2024-10-14,0.015926569661447565
2024-10-15,0.015780512210953664
2024-10-16,0.01573436118156343
2024-10-17,0.015744303900597223
2024-10-18,0.015474703271565575
2024-10-21,0.015458119786388128
2024-10-22,0.015267450790037022
2024-10-23,0.015272248263743576
2024-10-24,0.01530629730756845
2024-10-25,0.015062156110166362
2024-10-28,0.014963384338445553
2024-10-29,0.014907093242222016
2024-10-30,0.01484480846906987
2024-10-31,0.014898627542931068
2024-11-01,0.01499798537331942
2024-11-04,0.014928201564494316
2024-11-05,0.014886640271698273
2024-11-06,0.014999355293134778
2024-11-07,0.015042177479099602
2024-11-08,0.014974948295931127
2024-11-11,0.014935360422668702
2024-11-12,0.015116321121363368
2024-11-13,0.015190861462461697
2024-11-14,0.014795941422303742
2024-11-15,0.014755469437854335
2024-11-18,0.014748840826775902
2024-11-19,0.014802591710829836
2024-11-20,0.014699250442536664
2024-11-21,0.014685638369382295
2024-11-22,0.01461276585607243
2024-11-25,0.014608600103594266
2024-11-26,0.014572423243220809
2024-11-27,0.01453786928628178
2024-11-28,0.014502062448012778
2024-11-29,0.014478145057615934
2024-12-02,0.014543026267774185
2024-12-03,0.01467500113618637
2024-12-04,0.014646859794113065
2024-12-05,0.014652652930905058
2024-12-06,0.014654991406510111
2024-12-09,0.01465594510032353
2024-12-10,0.014631853497339968
2024-12-11,0.014571639931768842
2024-12-12,0.01465163741529966
2024-12-13,0.014763460168909176
2024-12-16,0.014774537561867638
2024-12-17,0.014616866154810521
2024-12-18,0.014469417640824038
2024-12-19,0.014599298256227512
2024-12-20,0.014650134272273546
2024-12-23,0.01477625599560257
2024-12-24,0.014713014897185777
2024-12-25,0.014622626833769189
2024-12-26,0.014579452732653663
2024-12-27,0.014534837240474703
2024-12-30,0.014444603125609856
2024-12-31,0.014314129484165003
