date,FCT_Dbcd
2013-10-18,
2013-10-21,
2013-10-22,
2013-10-23,
2013-10-24,
2013-10-25,
2013-10-28,
2013-10-29,
2013-10-30,
2013-10-31,
2013-11-01,
2013-11-04,
2013-11-05,
2013-11-06,
2013-11-07,
2013-11-08,
2013-11-11,
2013-11-12,
2013-11-13,
2013-11-14,
2013-11-15,
2013-11-18,
2013-11-19,
2013-11-20,
2013-11-21,
2013-11-22,
2013-11-25,
2013-11-26,
2013-11-27,
2013-11-28,
2013-11-29,
2013-12-02,
2013-12-03,
2013-12-04,
2013-12-05,
2013-12-06,
2013-12-09,
2013-12-10,
2013-12-11,
2013-12-12,
2013-12-13,-0.0004096322720555306
2013-12-16,-0.0015938261233584452
2013-12-17,-0.0026372049521346547
2013-12-18,-0.0032981992667166435
2013-12-19,-0.0035142868829076655
2013-12-20,-0.0034066329365774147
2013-12-23,-0.0034617740018966633
2013-12-24,-0.0034957191818164946
2013-12-25,-0.0036207902881759775
2013-12-26,-0.004063359876253233
2013-12-27,-0.004582571106404233
2013-12-30,-0.004846758998104976
2013-12-31,-0.005049572483167839
2014-01-02,-0.005273406298583658
2014-01-03,-0.00532329020113671
2014-01-06,-0.005215262727198331
2014-01-07,-0.004849318827236981
2014-01-08,-0.004268611268475817
2014-01-09,-0.003484882820504038
2014-01-10,-0.0025458063259031698
2014-01-13,-0.0016551959277129754
2014-01-14,-0.0010301099610040723
2014-01-15,-0.000422689569383429
2014-01-16,0.00025731392013409593
2014-01-17,0.0007946733417251078
2014-01-20,0.0011515820738963861
2014-01-21,0.0012225716343799366
2014-01-22,0.0007532301957604606
2014-01-23,9.150434055789688e-05
2014-01-24,-0.00042446609130952935
2014-01-27,-0.0007631716137703088
2014-01-28,-0.0008531321415091613
2014-01-29,-0.000551167059391831
2014-01-30,-0.00033835787360090273
2014-02-07,-0.00029964019836888826
2014-02-10,-0.00032868099294126396
2014-02-11,-0.0003573764761608931
2014-02-12,-0.0003237491519725827
2014-02-13,-0.00021956518803235327
2014-02-14,-0.00011624173838655874
2014-02-17,0.00019913122339865162
2014-02-18,0.0006820401003328873
2014-02-19,0.001474311366500555
2014-02-20,0.0026645470482324334
2014-02-21,0.003827896796192938
2014-02-24,0.00409005812612559
2014-02-25,0.0036134009630586173
2014-02-26,0.002547615092244444
2014-02-27,0.0010432637089660582
2014-02-28,-0.00048469693904814194
2014-03-03,-0.0014380006061742293
2014-03-04,-0.001863488602331423
2014-03-05,-0.002090610265064816
2014-03-06,-0.0024721120790861
2014-03-07,-0.0031516804918446314
2014-03-10,-0.004536233052792887
2014-03-11,-0.006588406779579781
2014-03-12,-0.009146860421613626
2014-03-13,-0.011631790994192079
2014-03-14,-0.013869749772974168
2014-03-17,-0.015302939576537406
2014-03-18,-0.015431815609018656
2014-03-19,-0.014266828051944624
2014-03-20,-0.012469503928353064
2014-03-21,-0.010404144918116151
2014-03-24,-0.008097261414482698
2014-03-25,-0.00593631849885556
2014-03-26,-0.0042955744110134446
2014-03-27,-0.0030155569908313353
2014-03-28,-0.0014355874458483974
2014-03-31,0.0008620799606458753
2014-04-01,0.004141126199018694
2014-04-02,0.008302447187507226
2014-04-03,0.013227439568574648
2014-04-04,0.018037191970015354
2014-04-08,0.022173868921557677
2014-04-09,0.025013395326082134
2014-04-10,0.026798355783183347
2014-04-11,0.0273957551784818
2014-04-14,0.027255421664223105
2014-04-15,0.026678362239487587
2014-04-16,0.02555325510554051
2014-04-17,0.02364743583322424
2014-04-18,0.021139658571237303
2014-04-21,0.018502310500162013
2014-04-22,0.015472908536536064
2014-04-23,0.011956410999870036
2014-04-24,0.00810946016621793
2014-04-25,0.0041801343044616185
2014-04-28,-1.5691305102811386e-05
2014-04-29,-0.004267682214384444
2014-04-30,-0.00824102092465151
2014-05-05,-0.011759497366197438
2014-05-06,-0.01467587339426914
2014-05-07,-0.017087259116589076
2014-05-08,-0.019058047510334783
2014-05-09,-0.020523450530413295
2014-05-12,-0.021368194189807906
2014-05-13,-0.021408741963130227
2014-05-14,-0.020435633956659864
2014-05-15,-0.01863647652711334
2014-05-16,-0.016648495291011856
2014-05-19,-0.014706142999965394
2014-05-20,-0.013339554384149225
2014-05-21,-0.012687197737714064
2014-05-22,-0.012338423071541357
2014-05-23,-0.011502991268793821
2014-05-26,-0.010052975231768672
2014-05-27,-0.007804570685490894
2014-05-28,-0.005470822382911458
2014-05-29,-0.0033582215545143374
2014-05-30,-0.0017384163364044137
2014-06-03,-0.0006660005564645789
2014-06-04,3.30522200788642e-05
2014-06-05,0.0005759846248423724
2014-06-06,0.0009390232336655922
2014-06-09,0.0009844665778954785
2014-06-10,0.0009467413359408103
2014-06-11,0.0010370282947140103
2014-06-12,0.0016349465605237374
2014-06-13,0.0026975882055998183
2014-06-16,0.003907064992768249
2014-06-17,0.004606837410368164
2014-06-18,0.004532253285444797
2014-06-19,0.0035000355687302364
2014-06-20,0.002231936791596412
2014-06-23,0.0016617771807110825
2014-06-24,0.0020420619818626667
2014-06-25,0.0033563756052656032
2014-06-26,0.005695841216579905
2014-06-27,0.00800252844970768
2014-06-30,0.009549900928407348
2014-07-01,0.010488033855022432
2014-07-02,0.010998442973388438
2014-07-03,0.010985715339932256
2014-07-04,0.01096552095815565
2014-07-07,0.0111811257303178
2014-07-08,0.011909693705810704
2014-07-09,0.01264937841933755
2014-07-10,0.01340261373669768
2014-07-11,0.014327359059349096
2014-07-14,0.01518746719759807
2014-07-15,0.01510951647683037
2014-07-16,0.014313824931783492
2014-07-17,0.012718602389702178
2014-07-18,0.009539680564497314
2014-07-21,0.0054400749616602545
2014-07-22,0.0016147323569866735
2014-07-23,-0.0015942117562103854
2014-07-24,-0.004173831582485257
2014-07-25,-0.005748132029555611
2014-07-28,-0.0065346447980004965
2014-07-29,-0.007198986566111695
2014-07-30,-0.008172356232842088
2014-07-31,-0.009075327151081126
2014-08-01,-0.0096107907100158
2014-08-04,-0.009949151824668467
2014-08-05,-0.010204349375837005
2014-08-06,-0.010210114239183643
2014-08-07,-0.009956001460361411
2014-08-08,-0.009736082956680811
2014-08-11,-0.009075751513683367
2014-08-12,-0.007384722546539578
2014-08-13,-0.005246500977327375
2014-08-14,-0.0032659180926699824
2014-08-15,-0.0010934830361699292
2014-08-18,0.0006268482221621303
2014-08-19,0.0012494089104389961
2014-08-20,0.000993723444171628
2014-08-21,0.00042680578099956666
2014-08-22,-0.00039840295779838413
2014-08-25,-0.0014210385386039172
2014-08-26,-0.002334038715033617
2014-08-27,-0.0030812339235725917
2014-08-28,-0.0037414374650551778
2014-08-29,-0.004378730570465387
2014-09-01,-0.004953034775593239
2014-09-02,-0.0053762868128857276
2014-09-03,-0.006020654247867744
2014-09-04,-0.006811823273839548
2014-09-05,-0.007808792928821355
2014-09-09,-0.008960831101745868
2014-09-10,-0.010274726896997845
2014-09-11,-0.010947576565576274
2014-09-12,-0.01077182215025117
2014-09-15,-0.00978893665351218
2014-09-16,-0.008290854520864269
2014-09-17,-0.0065320506875024675
2014-09-18,-0.005120437450346198
2014-09-19,-0.004291730816466305
2014-09-22,-0.004152312206560106
2014-09-23,-0.004275954794608287
2014-09-24,-0.004434878150548645
2014-09-25,-0.00447531019996431
2014-09-26,-0.00410337707059938
2014-09-29,-0.003326617106920578
2014-09-30,-0.0020076103012938557
2014-10-08,-0.0005004542762625893
2014-10-09,0.0016436788705823497
2014-10-10,0.003729918229074032
2014-10-13,0.005887793428187904
2014-10-14,0.007446962277435442
2014-10-15,0.008301728567890517
2014-10-16,0.008056463381360537
2014-10-17,0.007361723587073541
2014-10-20,0.006799726460124801
2014-10-21,0.007020483885123996
2014-10-22,0.008229629276283013
2014-10-23,0.010179766005836506
2014-10-24,0.01239736410582647
2014-10-27,0.014114426497615434
2014-10-28,0.0148000375151393
2014-10-29,0.014775784222662847
2014-10-30,0.014435098274020886
2014-10-31,0.01371985745486676
2014-11-03,0.01232355376531463
2014-11-04,0.010202146391045547
2014-11-05,0.007039092574530219
2014-11-06,0.003419220154514441
2014-11-07,0.00039119957123355715
2014-11-10,-0.00140951219723066
2014-11-11,-0.002206623676342179
2014-11-12,-0.002404172998994479
2014-11-13,-0.0027390339236278653
2014-11-14,-0.003631316269012132
2014-11-17,-0.0050428132705853555
2014-11-18,-0.006858277985036789
2014-11-19,-0.008416572510832197
2014-11-20,-0.009779358074517217
2014-11-21,-0.011274247046271354
2014-11-24,-0.0132816828864733
2014-11-25,-0.014802019899064944
2014-11-26,-0.015609307908827303
2014-11-27,-0.014757032913749088
2014-11-28,-0.012211204368246164
2014-12-01,-0.008698319498294632
2014-12-02,-0.005609873090562086
2014-12-03,-0.003198385851835679
2014-12-04,-0.0015507334885672794
2014-12-05,-0.0008470068507258937
2014-12-08,-0.0005606116076233706
2014-12-09,8.275320123252074e-06
2014-12-10,0.0009585882847442103
2014-12-11,0.0022193857862837147
2014-12-12,0.00405095951367035
2014-12-15,0.00635571125867129
2014-12-16,0.009091491567405525
2014-12-17,0.012039501976282485
2014-12-18,0.014449579011484448
2014-12-19,0.01584111563997743
2014-12-22,0.015858078973800004
2014-12-23,0.014533824651543037
2014-12-24,0.012569763523628544
2014-12-25,0.010395270388837412
2014-12-26,0.007979171161184784
2014-12-29,0.006122288734162745
2014-12-30,0.005459972964706001
2014-12-31,0.00553302038994133
2015-01-05,0.005877886073329558
2015-01-06,0.006849609416879043
2015-01-07,0.007630128145333134
2015-01-08,0.00770779235521412
2015-01-09,0.0071762432646127
2015-01-12,0.006067048503065502
2015-01-13,0.004344907877225771
2015-01-14,0.002628640173438398
2015-01-15,0.0015341100783187187
2015-01-16,0.0012035984003417384
2015-01-19,0.0018451418172234068
2015-01-20,0.002996414744839099
2015-01-21,0.004455527969872176
2015-01-22,0.005616950857412245
2015-01-23,0.005290253404325525
2015-01-26,0.0030099183468169214
2015-01-27,-0.00023493184132793374
2015-01-28,-0.004095246313388311
2015-01-29,-0.008385402547459087
2015-01-30,-0.011808595691801666
2015-02-02,-0.013922686381173735
2015-02-03,-0.014933476249035923
2015-02-04,-0.01483833326659588
2015-02-05,-0.013846139215559886
2015-02-06,-0.012591191977565341
2015-02-09,-0.01149859003332598
2015-02-10,-0.011047833208802049
2015-02-11,-0.011051913600846522
2015-02-12,-0.011098169290094986
2015-02-13,-0.01070192481057284
2015-02-16,-0.009002302330553259
2015-02-17,-0.005684543455813108
2015-02-25,-0.0014273320269226903
2015-02-26,0.0029544228311207494
2015-02-27,0.006918957626067435
2015-03-02,0.009680686838218475
2015-03-03,0.011201299194163131
2015-03-04,0.011628670935463298
2015-03-05,0.010912277559568376
2015-03-06,0.009412252377050415
2015-03-09,0.007612572356949794
2015-03-10,0.0056630094508037625
2015-03-11,0.0040040916075279815
2015-03-12,0.0031163101115120437
2015-03-13,0.0025620121304224044
2015-03-16,0.0018950523589170605
2015-03-17,0.0005720690789552041
2015-03-18,-0.0019487174663495696
2015-03-19,-0.005077131956544761
2015-03-20,-0.008405295298678117
2015-03-23,-0.011324068479571407
2015-03-24,-0.013101590824472856
2015-03-25,-0.013686779126868862
2015-03-26,-0.013730547974001727
2015-03-27,-0.013008241309226152
2015-03-30,-0.011924258541798075
2015-03-31,-0.011140668567007374
2015-04-01,-0.010586190993233508
2015-04-02,-0.010547935825848434
2015-04-03,-0.01142183327745403
2015-04-07,-0.012675054439479052
2015-04-08,-0.013875507972314165
2015-04-09,-0.014855146183975928
2015-04-10,-0.014942124550589223
2015-04-13,-0.01364476986045339
2015-04-14,-0.011476012003841055
2015-04-15,-0.008886156862468561
2015-04-16,-0.006171084759844217
2015-04-17,-0.0038669507222788813
2015-04-20,-0.002394386824594085
2015-04-21,-0.001538048592933306
2015-04-22,-0.0007247542892144432
2015-04-23,0.0006850932431137348
2015-04-24,0.0036228208061589878
2015-04-27,0.008275502624277554
2015-04-28,0.014139957924013753
2015-04-29,0.01990780166288326
2015-04-30,0.024589650620390084
2015-05-04,0.027910757650167407
2015-05-05,0.03020764059539588
2015-05-06,0.0315200249870624
2015-05-07,0.03180174355927305
2015-05-08,0.03169682604821385
2015-05-11,0.031119327287173325
2015-05-12,0.029509371869971435
2015-05-13,0.027339794038037813
2015-05-14,0.02559179180049761
2015-05-15,0.024114596594265354
2015-05-18,0.022010093774622076
2015-05-19,0.01873545651378032
2015-05-20,0.01358185141545793
2015-05-21,0.007007886883712089
2015-05-22,0.00044896907468458395
2015-05-25,-0.004571749420404489
2015-05-26,-0.007628777656029819
2015-05-27,-0.009063230159129144
2015-05-28,-0.010051273127316605
2015-05-29,-0.011091351099834038
2015-06-01,-0.01230340996297397
2015-06-02,-0.013933134030943003
2015-06-03,-0.014952107610899323
2015-06-04,-0.014385273497156398
2015-06-05,-0.013015269491334358
2015-06-08,-0.01180697622662285
2015-06-09,-0.010362262740526538
2015-06-10,-0.008294026765941683
2015-06-11,-0.0053360167171643495
2015-06-12,-0.0017194255352752353
2015-06-15,0.0019111823176842604
2015-06-16,0.0044408536580428344
2015-06-17,0.005046631081691371
2015-06-18,0.0038726629813059924
2015-06-19,0.0018630081903027122
2015-06-23,0.0001345608900725519
2015-06-24,-0.0006124174321245925
2015-06-25,-0.0005056686741425122
2015-06-26,9.58392042995861e-05
2015-06-29,0.00030189174503904607
2015-06-30,-0.0006789503022509815
2015-07-01,-0.002407478530080677
2015-07-02,-0.003946840201760005
2015-07-03,-0.006092944928978838
2015-07-06,-0.00923849179710381
2015-07-07,-0.013073361257756955
2015-07-08,-0.017686813914157433
2015-07-09,-0.022285949629556347
2015-07-10,-0.025478558368465888
2015-07-13,-0.026409639205127112
2015-07-14,-0.025357668739712076
2015-07-15,-0.022909589067909207
2015-07-16,-0.020744599911468892
2015-07-17,-0.01951782271063064
2015-07-20,-0.018845157373211293
2015-07-21,-0.018269909628583648
2015-07-22,-0.017084128502389724
2015-07-23,-0.014779658981764704
2015-07-24,-0.012064220326440757
2015-07-27,-0.009434815142210787
2015-07-28,-0.006121258703428732
2015-07-29,-0.001569504196439585
2015-07-30,0.00443181550607751
2015-07-31,0.011952423648249947
2015-08-03,0.01935741443862448
2015-08-04,0.02522031751812655
2015-08-05,0.028936235120109722
2015-08-06,0.03025562289728736
2015-08-07,0.029816388132075922
2015-08-10,0.02941716300196389
2015-08-11,0.02900756791158541
2015-08-12,0.028194306234516398
2015-08-13,0.027318250570679464
2015-08-14,0.026137246126899733
2015-08-17,0.024468850180219697
2015-08-18,0.023126856938145875
2015-08-19,0.021720392813475882
2015-08-20,0.019329831489648043
2015-08-21,0.015875278767408706
2015-08-24,0.010699121181202005
2015-08-25,0.004721594207019368
2015-08-26,-0.0009315627786340326
2015-08-27,-0.0054559182252713985
2015-08-28,-0.00842480058528328
2015-08-31,-0.009098881355725235
2015-09-01,-0.008668969016906558
2015-09-02,-0.0076200568381680584
2015-09-07,-0.006371856049822859
2015-09-08,-0.005406103230534922
2015-09-09,-0.005101895014535189
2015-09-10,-0.004814492294121312
2015-09-11,-0.0046837775283853095
2015-09-14,-0.004477614625939257
2015-09-15,-0.0039360571797413665
2015-09-16,-0.002667354106543241
2015-09-17,-0.001237421896833742
2015-09-18,0.0007720361060862444
2015-09-21,0.003027788212386975
2015-09-22,0.004834676328012629
2015-09-23,0.005667927124730339
2015-09-24,0.005076031897646365
2015-09-25,0.0030097171912718108
2015-09-28,-0.00033108042631999274
2015-09-29,-0.0038267115539341564
2015-09-30,-0.0067381546394680745
2015-10-08,-0.00849039926728629
2015-10-09,-0.009428562925164512
2015-10-12,-0.010118949586272555
2015-10-13,-0.010792636865041724
2015-10-14,-0.011533196841227823
2015-10-15,-0.012334361675846412
2015-10-16,-0.01312967530533748
2015-10-19,-0.013467548202294158
2015-10-20,-0.013585784987468283
2015-10-21,-0.013738124338652766
2015-10-22,-0.013423677431919176
2015-10-23,-0.012261893959001534
2015-10-26,-0.010335521611951313
2015-10-27,-0.00769036991631566
2015-10-28,-0.004461749136218921
2015-10-29,-0.001656291521175449
2015-10-30,0.00040001183597060977
2015-11-02,0.0013937150992145572
2015-11-03,0.0012497758319923373
2015-11-04,0.000604004871872086
2015-11-05,-0.00028773155830869105
2015-11-06,-0.0014150111347680022
2015-11-09,-0.0018406186348337602
2015-11-10,-0.0015929211840279701
2015-11-11,-0.001533103210945685
2015-11-12,-0.0012851223169920072
2015-11-13,-0.0008783141123171129
2015-11-16,-0.0009380512674395808
2015-11-17,-0.0015182846560891114
2015-11-18,-0.002099968760395358
2015-11-19,-0.003207866504138954
2015-11-20,-0.004372451966355656
2015-11-23,-0.005362042514730183
2015-11-24,-0.00581687810362147
2015-11-25,-0.004978927324121687
2015-11-26,-0.0029536821925314717
2015-11-27,-0.0005836498174618263
2015-11-30,0.0017205439625753189
2015-12-01,0.0034868633669121627
2015-12-02,0.003735658915837831
2015-12-03,0.003041334504531574
2015-12-04,0.0019370644832978462
2015-12-07,0.0007722712678742051
2015-12-08,-0.00034108205440892055
2015-12-09,-0.0009025906098046977
2015-12-10,-0.0010537254296697752
2015-12-11,-0.0005910704357776891
2015-12-14,0.0004564794285000795
2015-12-15,0.0018535473661360502
2015-12-16,0.0032677838779945484
2015-12-17,0.004223574072727022
2015-12-18,0.004239876360370758
2015-12-21,0.004026374424924157
2015-12-22,0.00415864596492777
2015-12-23,0.00465585668952463
2015-12-24,0.005829216473964967
2015-12-25,0.0076715923884673924
2015-12-28,0.009674720245233309
2015-12-29,0.011667615208299764
2015-12-30,0.013691866719794065
2015-12-31,0.01582436418509964
2016-01-04,0.017822492022544455
2016-01-05,0.019543262674944578
2016-01-06,0.020310408513587994
2016-01-07,0.020121904180671845
2016-01-08,0.018842720022076646
2016-01-11,0.016766500682500497
2016-01-12,0.014036512964971635
2016-01-13,0.011007780447731475
2016-01-14,0.00758345188990938
2016-01-15,0.0042055043906263365
2016-01-18,0.001687537203128532
2016-01-19,9.235240058656793e-05
2016-01-20,-0.0008512482878515942
2016-01-21,-0.0016243860596378856
2016-01-22,-0.0026075288356763593
2016-01-25,-0.00472581585358668
2016-01-26,-0.007578175978774024
2016-01-27,-0.010346636519068125
2016-01-28,-0.012521774034052288
2016-01-29,-0.013627430039999338
2016-02-01,-0.013329062657479646
2016-02-02,-0.011670738823701444
2016-02-03,-0.008772767188304128
2016-02-04,-0.004436653607635879
2016-02-05,0.0004397510828343717
2016-02-15,0.0051660602157750975
2016-02-16,0.00839606820897575
2016-02-17,0.009592879261496382
2016-02-18,0.009031272460588201
2016-02-19,0.00805067208050433
2016-02-22,0.007744689549933554
2016-02-23,0.0089548641376973
2016-02-24,0.011751380300400394
2016-02-25,0.014761597326428216
2016-02-26,0.01699013111903187
2016-02-29,0.018027744092133535
2016-03-01,0.018060999733501004
2016-03-02,0.017340188648290178
2016-03-03,0.016303217713762353
2016-03-04,0.014944574154735329
2016-03-07,0.013395428766451634
2016-03-08,0.012228366887262867
2016-03-09,0.011508642043761518
2016-03-10,0.012227210809773263
2016-03-11,0.013902106926912582
2016-03-14,0.01533390528838583
2016-03-15,0.015088870235904347
2016-03-16,0.013257883990956098
2016-03-17,0.00982944302080649
2016-03-18,0.006251257933090587
2016-03-21,0.004205916637260552
2016-03-22,0.0038423497899642777
2016-03-23,0.004502520801321751
2016-03-24,0.004686554896122434
2016-03-25,0.0037459731333414786
2016-03-28,0.0008383297579253553
2016-03-29,-0.0032770385400657707
2016-03-30,-0.008370440805846402
2016-03-31,-0.013444955243843251
2016-04-01,-0.018418974166719507
2016-04-05,-0.022997604012458775
2016-04-06,-0.02670688764169295
2016-04-07,-0.02848707526924385
2016-04-08,-0.028219744284211746
2016-04-11,-0.02659889125419714
2016-04-12,-0.02413897724563401
2016-04-13,-0.02209283826547292
2016-04-14,-0.021351419907950798
2016-04-15,-0.021769876721834353
2016-04-18,-0.021580507133542055
2016-04-19,-0.0198440178119923
2016-04-20,-0.015787455792391547
2016-04-21,-0.008882293421707882
2016-04-22,-0.0002595791832608413
2016-04-25,0.008387593687795772
2016-04-26,0.01530728771195158
2016-04-27,0.020011203601670767
2016-04-28,0.022445672278027382
2016-04-29,0.023704560992640754
2016-05-03,0.02351455256740909
2016-05-04,0.02276086150093492
2016-05-05,0.020908226034455996
2016-05-06,0.017729985901955764
2016-05-09,0.012774545898861109
2016-05-10,0.0072762993543712875
2016-05-11,0.0016319200549180651
2016-05-12,-0.004360639429939489
2016-05-13,-0.01101186107929846
2016-05-16,-0.018712442629047983
2016-05-17,-0.02705629736324853
2016-05-18,-0.03565112127653295
2016-05-19,-0.04259745677959046
2016-05-20,-0.046302036009575956
2016-05-23,-0.04716786757085736
2016-05-24,-0.04715608402830933
2016-05-25,-0.04691175573370188
2016-05-26,-0.04658637351649865
2016-05-27,-0.04624208105667473
2016-05-30,-0.04435335137775056
2016-05-31,-0.03986439701019887
2016-06-01,-0.032648652523902325
2016-06-02,-0.02453099784770612
2016-06-03,-0.016493152918246427
2016-06-06,-0.008454153877743708
2016-06-07,-0.0004873234266043518
2016-06-08,0.006545411885092356
2016-06-13,0.01315250471410882
2016-06-14,0.01860029949924695
2016-06-15,0.021685795035854695
2016-06-16,0.02272740662039071
2016-06-17,0.023653684613368108
2016-06-20,0.025428860952333023
2016-06-21,0.02801190680446315
2016-06-22,0.03141035230727528
2016-06-23,0.03441752010424628
2016-06-24,0.03619746339326672
2016-06-27,0.03645216711094758
2016-06-28,0.03590681921466554
2016-06-29,0.035089601497914714
2016-06-30,0.03410859681633991
2016-07-01,0.03189905945465921
2016-07-04,0.02929125588668318
2016-07-05,0.026764738574092645
2016-07-06,0.024121487277541775
2016-07-07,0.022409955965096
2016-07-08,0.02227112582879155
2016-07-11,0.021846094961396105
2016-07-12,0.021023257191612132
2016-07-13,0.019855511056719656
2016-07-14,0.018038312272543905
2016-07-15,0.015721857870954554
2016-07-18,0.013282588835006862
2016-07-19,0.009613557984494255
2016-07-20,0.004580849230551129
2016-07-21,-0.000951058800686472
2016-07-22,-0.006940655101399446
2016-07-25,-0.011589954932387042
2016-07-26,-0.014436904626405641
2016-07-27,-0.015455888150042455
2016-07-28,-0.014986083117335494
2016-07-29,-0.013696303584657885
2016-08-01,-0.012208099007161142
2016-08-02,-0.010564243216888007
2016-08-03,-0.009144751677788457
2016-08-04,-0.00930696960060649
2016-08-05,-0.009989982367243534
2016-08-08,-0.01111979483561007
2016-08-09,-0.011787677366037506
2016-08-10,-0.010956249455511994
2016-08-11,-0.007671464602316718
2016-08-12,-0.0032063041467745336
2016-08-15,0.0010121558706428987
2016-08-16,0.004695938234691866
2016-08-17,0.006456720284227888
2016-08-18,0.006512752884096022
2016-08-19,0.005489226951944805
2016-08-22,0.0040423590360939435
2016-08-23,0.0018975195100896084
2016-08-24,-0.00033891525789942617
2016-08-25,-0.0029807813434998267
2016-08-26,-0.005030523033648334
2016-08-29,-0.006640017116082819
2016-08-30,-0.008462583265687421
2016-08-31,-0.01040636388864251
2016-09-01,-0.012648790082612943
2016-09-02,-0.015309592626697866
2016-09-05,-0.0177278519937083
2016-09-06,-0.018597122303896513
2016-09-07,-0.018821911799812664
2016-09-08,-0.018098600234540213
2016-09-09,-0.017053209426456505
2016-09-12,-0.01637047729032128
2016-09-13,-0.0168826562443608
2016-09-14,-0.0179487649281598
2016-09-19,-0.01925537191758986
2016-09-20,-0.020287080803795925
2016-09-21,-0.0202507083860352
2016-09-22,-0.01893292908929394
2016-09-23,-0.015461245856782832
2016-09-26,-0.010460220815001123
2016-09-27,-0.005128848511090109
2016-09-28,-0.00048589783710384067
2016-09-29,0.0027140237214200143
2016-09-30,0.003845700454739456
2016-10-10,0.0035068797537325313
2016-10-11,0.003416482348266049
2016-10-12,0.00379252641743059
2016-10-13,0.005362463487187707
2016-10-14,0.008772419145878303
2016-10-17,0.013274888365058857
2016-10-18,0.017698920869222628
2016-10-19,0.02180145094597321
2016-10-20,0.024806593398342115
2016-10-21,0.025866030417585523
2016-10-24,0.02513715217618267
2016-10-25,0.023266345531588864
2016-10-26,0.021095318796146935
2016-10-27,0.019419512451780887
2016-10-28,0.01883151096813056
2016-10-31,0.019675656584175784
2016-11-01,0.021385895098772607
2016-11-02,0.022474118370588738
2016-11-03,0.02257428684641713
2016-11-04,0.021582006879295935
2016-11-07,0.01951410783769427
2016-11-08,0.016299982382278717
2016-11-09,0.01393152466075743
2016-11-10,0.01325492755040566
2016-11-11,0.01440983289311841
2016-11-14,0.01692597200434333
2016-11-15,0.01989889171710497
2016-11-16,0.021715069646312597
2016-11-17,0.02134457468212028
2016-11-18,0.018328728865292576
2016-11-21,0.01333962873228145
2016-11-22,0.007923125330611177
2016-11-23,0.0034405134618239394
2016-11-24,0.0007783736019847731
2016-11-25,0.0008050597327170256
2016-11-28,0.0028943848099435418
2016-11-29,0.00503877621306102
2016-11-30,0.0061888805558415905
2016-12-01,0.006023606158207278
2016-12-02,0.0026254244534966585
2016-12-05,-0.003567824203329119
2016-12-06,-0.010887890688386205
2016-12-07,-0.017187518112029777
2016-12-08,-0.02153715392671452
2016-12-09,-0.022499616381356738
2016-12-12,-0.019958034674398033
2016-12-13,-0.01417834351253534
2016-12-14,-0.008243830695126826
2016-12-15,-0.004470326697267391
2016-12-16,-0.003835827429896311
2016-12-19,-0.007422212064829586
2016-12-20,-0.014515804092706742
2016-12-21,-0.022212922954113007
2016-12-22,-0.02804504844232302
2016-12-23,-0.031351459769866016
2016-12-26,-0.031216801892410984
2016-12-27,-0.028152501320422796
2016-12-28,-0.024063510016105343
2016-12-29,-0.020880886717806187
2016-12-30,-0.01993838561583027
2017-01-03,-0.021122960438879523
2017-01-04,-0.023985406389790555
2017-01-05,-0.028384567999121535
2017-01-06,-0.03300796403483569
2017-01-09,-0.034640360293351616
2017-01-10,-0.03269365636795264
2017-01-11,-0.0273756158059578
2017-01-12,-0.01844494431395733
2017-01-13,-0.007901149995701472
2017-01-16,0.0022424588804985032
2017-01-17,0.010411409419089112
2017-01-18,0.01638450488976509
2017-01-19,0.01949878103839289
2017-01-20,0.020926020672768407
2017-01-23,0.020845493874676525
2017-01-24,0.021599817497097572
2017-01-25,0.023210046479365264
2017-01-26,0.026105380678609496
2017-02-03,0.029172934305330543
2017-02-06,0.03234487932927919
2017-02-07,0.03341562131556016
2017-02-08,0.03187002078499235
2017-02-09,0.02773342285410913
2017-02-10,0.022643496996171485
2017-02-13,0.01769365607216681
2017-02-14,0.013098882470191217
2017-02-15,0.00829911977511624
2017-02-16,0.0040926780501400455
2017-02-17,0.0006634964619617583
2017-02-20,-0.0018995942405140693
2017-02-21,-0.0024606701963374874
2017-02-22,-0.001166768544754082
2017-02-23,9.388160385198983e-05
2017-02-24,0.00020112715176179
2017-02-27,-0.0006613109829591514
2017-02-28,-0.0022236952132258375
2017-03-01,-0.003699872155496814
2017-03-02,-0.003954005498234695
2017-03-03,-0.002757118271981172
2017-03-06,-0.002296967524536313
2017-03-07,-0.004197985067037248
2017-03-08,-0.008035822012925095
2017-03-09,-0.012196182634495624
2017-03-10,-0.01602175567042062
2017-03-13,-0.018063995732958218
2017-03-14,-0.018336254378313495
2017-03-15,-0.01745671125098177
2017-03-16,-0.01696846855100951
2017-03-17,-0.01639348670292954
2017-03-20,-0.015976328623195153
2017-03-21,-0.015358561205388699
2017-03-22,-0.015147264588059942
2017-03-23,-0.015053016838566306
2017-03-24,-0.015513960302943653
2017-03-27,-0.016660261999178118
2017-03-28,-0.017732726074717767
2017-03-29,-0.016294020644169373
2017-03-30,-0.012875741668437649
2017-03-31,-0.008485850687701866
2017-04-05,-0.0036268515694629216
2017-04-06,0.00028155109899023626
2017-04-07,0.0012002088851530456
2017-04-10,-0.0006371495664753207
2017-04-11,-0.004454972999470079
2017-04-12,-0.009599484876880834
2017-04-13,-0.014697894092778562
2017-04-14,-0.018534731431200765
2017-04-17,-0.020350516265415435
2017-04-18,-0.021031334109468367
2017-04-19,-0.020552374505128833
2017-04-20,-0.01889332456215973
2017-04-21,-0.015958673513027287
2017-04-24,-0.013444354958538208
2017-04-25,-0.011296467337132274
2017-04-26,-0.009520172972659391
2017-04-27,-0.008477666582489777
2017-04-28,-0.008503087435421558
2017-05-02,-0.0073524153914031375
2017-05-03,-0.004332340035773921
2017-05-04,-0.00028126628504718807
2017-05-05,0.0040857410140566945
2017-05-08,0.008389980576345364
2017-05-09,0.011253295346336964
2017-05-10,0.01272310651362522
2017-05-11,0.013667884709734813
2017-05-12,0.014554079523223693
2017-05-15,0.015137457580526353
2017-05-16,0.014687241697691408
2017-05-17,0.013239086799134756
2017-05-18,0.011299827697998553
2017-05-19,0.009537115980707903
2017-05-22,0.008154020224838732
2017-05-23,0.007332648243860773
2017-05-24,0.005951189884672436
2017-05-25,0.002858171252431217
2017-05-26,-0.000946795800916939
2017-05-31,-0.004375422798298901
2017-06-01,-0.006678088223227853
2017-06-02,-0.0069411750871886235
2017-06-05,-0.005150326958573659
2017-06-06,-0.0033244855838078582
2017-06-07,-0.002344115308093872
2017-06-08,-0.0019716528648659054
2017-06-09,-0.002176304209023969
2017-06-12,-0.002374690140383879
2017-06-13,-0.0027039318228015558
2017-06-14,-0.0032112951333631763
2017-06-15,-0.0047391237066317015
2017-06-16,-0.0065350562542244115
2017-06-19,-0.0074017205682830895
2017-06-20,-0.006137125842498274
2017-06-21,-0.003294573763122485
2017-06-22,0.0007863906698498235
2017-06-23,0.005440316722964517
2017-06-26,0.009047842097479813
2017-06-27,0.011209530617282595
2017-06-28,0.012521356174503775
2017-06-29,0.014019920407612218
2017-06-30,0.015317834203195418
2017-07-03,0.017156852492703552
2017-07-04,0.018550007308613004
2017-07-05,0.019932045453384277
2017-07-06,0.021016333834290947
2017-07-07,0.022522628374048732
2017-07-10,0.024049487972474116
2017-07-11,0.025782157397251943
2017-07-12,0.02658550969294033
2017-07-13,0.026583635680410674
2017-07-14,0.02560299829345224
2017-07-17,0.02342550532888501
2017-07-18,0.02108291071040611
2017-07-19,0.01925987034923684
2017-07-20,0.017394976327447888
2017-07-21,0.015072535115610342
2017-07-24,0.01216975226968774
2017-07-25,0.008526673687951025
2017-07-26,0.004527365272511592
2017-07-27,0.0018032317643742006
2017-07-28,8.643470970154583e-05
2017-07-31,0.0003359337225335577
2017-08-01,0.001610732282352136
2017-08-02,0.0031771531512044373
2017-08-03,0.004040841844000482
2017-08-04,0.004592418161231823
2017-08-07,0.00472594239042994
2017-08-08,0.004548906126890627
2017-08-09,0.004158091715071578
2017-08-10,0.0028414786678328647
2017-08-11,0.0009544834024255017
2017-08-14,-0.0016936482790865267
2017-08-15,-0.003770541345224859
2017-08-16,-0.005352975197479159
2017-08-17,-0.005100773664480395
2017-08-18,-0.003573014566808661
2017-08-21,-0.0013071753631686725
2017-08-22,0.000226305047595633
2017-08-23,0.00031244481178181705
2017-08-24,-0.001211616684507668
2017-08-25,-0.003501461812243952
2017-08-28,-0.006457524383699934
2017-08-29,-0.009763974765452372
2017-08-30,-0.01248039574973306
2017-08-31,-0.01436640914812903
2017-09-01,-0.015518618450094593
2017-09-04,-0.01543829621771487
2017-09-05,-0.013502153034053287
2017-09-06,-0.010382323718535655
2017-09-07,-0.0072323639500489435
2017-09-08,-0.005053451117785315
2017-09-11,-0.005430100524851098
2017-09-12,-0.008370307415830183
2017-09-13,-0.013259381162436894
2017-09-14,-0.018471865096025712
2017-09-15,-0.022827194103629718
2017-09-18,-0.02533135806417655
2017-09-19,-0.026334317629970468
2017-09-20,-0.02540857632097506
2017-09-21,-0.02373744150977617
2017-09-22,-0.022784916164763185
2017-09-25,-0.02253399447909386
2017-09-26,-0.02280449611583318
2017-09-27,-0.023939930520667774
2017-09-28,-0.026034568888587788
2017-09-29,-0.02750570859043116
2017-10-09,-0.028383562127813945
2017-10-10,-0.02800734773046068
2017-10-11,-0.026461832387427702
2017-10-12,-0.023629965117820045
2017-10-13,-0.019451277085970296
2017-10-16,-0.014201544507960562
2017-10-17,-0.009190164714871978
2017-10-18,-0.0043347738655377804
2017-10-19,-0.00019228384479326297
2017-10-20,0.0030440803598768135
2017-10-23,0.0059076964028049765
2017-10-24,0.009047756012844263
2017-10-25,0.012335406222609365
2017-10-26,0.015508198611689552
2017-10-27,0.017723612808396055
2017-10-30,0.018723897725903924
2017-10-31,0.018746870640565315
2017-11-01,0.018198513332675765
2017-11-02,0.018256688911246714
2017-11-03,0.019129932175128088
2017-11-06,0.02066963377165252
2017-11-07,0.02156568656369497
2017-11-08,0.021595778394547835
2017-11-09,0.020622026303550655
2017-11-10,0.018838677123781296
2017-11-13,0.016480190279862687
2017-11-14,0.013948020596633973
2017-11-15,0.011183549902141463
2017-11-16,0.00860611936880824
2017-11-17,0.006322751351516419
2017-11-20,0.005385769297670903
2017-11-21,0.006309678328652532
2017-11-22,0.008905915431366518
2017-11-23,0.012028748649350293
2017-11-24,0.014840284214573313
2017-11-27,0.01588187896710169
2017-11-28,0.01500382070325996
2017-11-29,0.012571299709214534
2017-11-30,0.009752324381168935
2017-12-01,0.007320432061289801
2017-12-04,0.006352782148930344
2017-12-05,0.006346571705145234
2017-12-06,0.007216406243924884
2017-12-07,0.0078756146992623
2017-12-08,0.008421741831757831
2017-12-11,0.007721837612396446
2017-12-12,0.006513272724185022
2017-12-13,0.004280882290982881
2017-12-14,0.0013822716267969048
2017-12-15,-0.00214101747214014
2017-12-18,-0.005260215283788917
2017-12-19,-0.0075873061836954385
2017-12-20,-0.00858957574676711
2017-12-21,-0.00782850227594499
2017-12-22,-0.0059954585374990595
2017-12-25,-0.004494354806460139
2017-12-26,-0.004355903457081875
2017-12-27,-0.00575653132006029
2017-12-28,-0.008111788260575212
2017-12-29,-0.009821754606402437
2018-01-02,-0.01002590062130883
2018-01-03,-0.008300564786860679
2018-01-04,-0.004725949389633981
2018-01-05,-0.000793482776580595
2018-01-08,0.0024814044846874954
2018-01-09,0.005087719159245805
2018-01-10,0.006527094250906457
2018-01-11,0.006721976203180385
2018-01-12,0.006050441098850123
2018-01-15,0.004261268166576719
2018-01-16,0.0014234536154163003
2018-01-17,-0.0011820348436368665
2018-01-18,-0.0025662770125991713
2018-01-19,-0.0020107864074855124
2018-01-22,-4.145023630583097e-05
2018-01-23,0.002017467424683353
2018-01-24,0.002614360002688671
2018-01-25,0.001601695424816331
2018-01-26,-0.0015463795039550178
2018-01-29,-0.00583067451404828
2018-01-30,-0.009803011207648057
2018-01-31,-0.01306397194523462
2018-02-01,-0.015835720251499995
2018-02-02,-0.017281108143631884
2018-02-05,-0.017599699419625577
2018-02-06,-0.016839842320346163
2018-02-07,-0.014321423243060216
2018-02-08,-0.010550818860601227
2018-02-09,-0.007232920948580375
2018-02-12,-0.005081388280247604
2018-02-13,-0.0042547792835225945
2018-02-14,-0.004048037515977659
2018-02-22,-0.003731187277368196
2018-02-23,-0.0024412735886731704
2018-02-26,-0.00018816916955125985
2018-02-27,0.003086251566529163
2018-02-28,0.006225491520314569
2018-03-01,0.008930900547670503
2018-03-02,0.011205775011164376
2018-03-05,0.012804606023564629
2018-03-06,0.013314990032661529
2018-03-07,0.01279126824685537
2018-03-08,0.010754676818825967
2018-03-09,0.007078310068885256
2018-03-12,0.002843061908855015
2018-03-13,-0.001114575713287545
2018-03-14,-0.00402290903830741
2018-03-15,-0.006010840515192059
2018-03-16,-0.00762708735619131
2018-03-19,-0.009697059080167224
2018-03-20,-0.01246178336921416
2018-03-21,-0.01601915483136752
2018-03-22,-0.0196226000314774
2018-03-23,-0.022983268386865173
2018-03-26,-0.025588852713605524
2018-03-27,-0.0270453993316019
2018-03-28,-0.027356647215601514
2018-03-29,-0.026685149364145243
2018-03-30,-0.024653076561467244
2018-04-02,-0.020946868458862775
2018-04-03,-0.0163625538081157
2018-04-04,-0.01193617352727999
2018-04-09,-0.008322909949790345
2018-04-10,-0.005687771883807894
2018-04-11,-0.004190317818598034
2018-04-12,-0.0030316826106421917
2018-04-13,-0.0009665619064550742
2018-04-16,0.001675151821930483
2018-04-17,0.004530503592461345
2018-04-18,0.007804573882214581
2018-04-19,0.011803722257001149
2018-04-20,0.015137456895542184
2018-04-23,0.018243079269549295
2018-04-24,0.021209550919942165
2018-04-25,0.0232192716211544
2018-04-26,0.023098449791667433
2018-04-27,0.021513953133980072
2018-05-02,0.0196746900110017
2018-05-03,0.018323564876858045
2018-05-04,0.01769536130985066
2018-05-07,0.017843504236884532
2018-05-08,0.01878043111791492
2018-05-09,0.018895023166170095
2018-05-10,0.018225529107422693
2018-05-11,0.01765966805555716
2018-05-14,0.017329275438094725
2018-05-15,0.015979278407415386
2018-05-16,0.014160767940511128
2018-05-17,0.011845292203199324
2018-05-18,0.008270742903220213
2018-05-21,0.004006729910052105
2018-05-22,0.0005862693055462968
2018-05-23,-0.0015649768243105554
2018-05-24,-0.002968074707669248
2018-05-25,-0.004354852076619993
2018-05-28,-0.005873372518427227
2018-05-29,-0.007031177247992207
2018-05-30,-0.008388007661831908
2018-05-31,-0.00945570077701647
2018-06-01,-0.009485721218814799
2018-06-04,-0.00955326969626203
2018-06-05,-0.01024583641764046
2018-06-06,-0.010976507031985612
2018-06-07,-0.01134483165753015
2018-06-08,-0.011685237549888105
2018-06-11,-0.010893173017200148
2018-06-12,-0.008961690476154482
2018-06-13,-0.006144211176676679
2018-06-14,-0.0031931913217776537
2018-06-15,-0.00028092231910810324
2018-06-19,0.0019018678757365306
2018-06-20,0.0034497100229090036
2018-06-21,0.004021335927165666
2018-06-22,0.0037727800644365246
2018-06-25,0.003534678047858756
2018-06-26,0.003325747021853375
2018-06-27,0.003154939528603755
2018-06-28,0.003484645774929032
2018-06-29,0.004062220626542389
2018-07-02,0.004212197808293327
2018-07-03,0.0042571205400142205
2018-07-04,0.004064536492886026
2018-07-05,0.0031863416377750065
2018-07-06,0.0016835741589924552
2018-07-09,-0.00010383869806869194
2018-07-10,-0.002105373715122147
2018-07-11,-0.00350127095896855
2018-07-12,-0.003707692637642827
2018-07-13,-0.002975399131799308
2018-07-16,-0.0013183620088714058
2018-07-17,0.00047487299004869146
2018-07-18,0.001638494847012081
2018-07-19,0.0019691298973909107
2018-07-20,0.0017573883534896552
2018-07-23,0.0010880168356769613
2018-07-24,0.0008030842110509435
2018-07-25,0.00105234719469778
2018-07-26,0.0015862088460096707
2018-07-27,0.0028572507423897595
2018-07-30,0.00463565625371723
2018-07-31,0.006432855283276226
2018-08-01,0.0077408233416196865
2018-08-02,0.008612980728890085
2018-08-03,0.008251955596915867
2018-08-06,0.007412277063462007
2018-08-07,0.006520984956777576
2018-08-08,0.00583524690693028
2018-08-09,0.0056814708203870076
2018-08-10,0.006062927399770416
2018-08-13,0.00639311768141025
2018-08-14,0.006383697503253271
2018-08-15,0.006147780073249215
2018-08-16,0.00510133522599635
2018-08-17,0.003947363308055719
2018-08-20,0.0024896258539802174
2018-08-21,0.0004564597754474488
2018-08-22,-0.001985102065496476
2018-08-23,-0.003976037381522892
2018-08-24,-0.005456616673924174
2018-08-27,-0.006558283910069618
2018-08-28,-0.007267584338842607
2018-08-29,-0.008248638244386465
2018-08-30,-0.00955855916461794
2018-08-31,-0.011344346037363123
2018-09-03,-0.013107534994885836
2018-09-04,-0.014279765354476184
2018-09-05,-0.014442401025840143
2018-09-06,-0.013507213310143887
2018-09-07,-0.011773911501033837
2018-09-10,-0.00967003889455464
2018-09-11,-0.007863722859353616
2018-09-12,-0.005934124710036802
2018-09-13,-0.003956480284065897
2018-09-14,-0.0019660411289605007
2018-09-17,-0.0003160347137451267
2018-09-18,0.0016621906652859396
2018-09-19,0.0037158296018494205
2018-09-20,0.005563412725333026
2018-09-21,0.007122626879009256
2018-09-25,0.008484707770621052
2018-09-26,0.009634541939491018
2018-09-27,0.010146259781759752
2018-09-28,0.010024441417117492
2018-10-08,0.009096094968703512
2018-10-09,0.00787841999061072
2018-10-10,0.006481165195600558
2018-10-11,0.005509477215799087
2018-10-12,0.005006499365427399
2018-10-15,0.004660701978833087
2018-10-16,0.004084269831333783
2018-10-17,0.003594973717064731
2018-10-18,0.0028079933300559664
2018-10-19,0.0012810147240606997
2018-10-22,0.00010290175310295131
2018-10-23,-0.00048390035462334767
2018-10-24,-0.0004499057255235371
2018-10-25,0.00012863584248913777
2018-10-26,0.001337614122979957
2018-10-29,0.002780763153005424
2018-10-30,0.004386797150483117
2018-10-31,0.005511947264386086
2018-11-01,0.005595604008899616
2018-11-02,0.0046249888835376025
2018-11-05,0.002838960403258173
2018-11-06,0.0005976058517228171
2018-11-07,-0.0013929518444522773
2018-11-08,-0.0026010992579855044
2018-11-09,-0.0030890524696988637
2018-11-12,-0.0029577822257127293
2018-11-13,-0.0027793333884359914
2018-11-14,-0.0031731572273085568
2018-11-15,-0.004092512101829186
2018-11-16,-0.005429929013433937
2018-11-19,-0.007012520704300036
2018-11-20,-0.008682954472674437
2018-11-21,-0.010151044711292771
2018-11-22,-0.011261249141494836
2018-11-23,-0.011769972657454613
2018-11-26,-0.011820624151599365
2018-11-27,-0.011511915001394899
2018-11-28,-0.010998957698294207
2018-11-29,-0.010328126510529967
2018-11-30,-0.009940695423721465
2018-12-03,-0.009778645149077999
2018-12-04,-0.009473770213553966
2018-12-05,-0.008861705603114802
2018-12-06,-0.007885438563491378
2018-12-07,-0.006482538561190622
2018-12-10,-0.004933412159348385
2018-12-11,-0.003701425988502983
2018-12-12,-0.0028924112469542788
2018-12-13,-0.002451371661234921
2018-12-14,-0.0021481697847481338
2018-12-17,-0.0014030666307305365
2018-12-18,0.00046615695258697047
2018-12-19,0.0034080791267451283
2018-12-20,0.00737396701376235
2018-12-21,0.011569021720914207
2018-12-24,0.014993165108370224
2018-12-25,0.017219078196738534
2018-12-26,0.01801446411922349
2018-12-27,0.017091778189148914
2018-12-28,0.015372098408340824
2019-01-02,0.013434141415303427
2019-01-03,0.011693293315878135
2019-01-04,0.010760169086290947
2019-01-07,0.010930619400423322
2019-01-08,0.011599112989669784
2019-01-09,0.012472351800920217
2019-01-10,0.012867405336757981
2019-01-11,0.011993588007966897
2019-01-14,0.009811161005889746
2019-01-15,0.006596641737190578
2019-01-16,0.002796650628165493
2019-01-17,-0.000591636845908566
2019-01-18,-0.002674609151791628
2019-01-21,-0.003293016549480937
2019-01-22,-0.002533706769781453
2019-01-23,-0.0008188835917333954
2019-01-24,0.0011424557203184918
2019-01-25,0.0027128118841191493
2019-01-28,0.003531509139864431
2019-01-29,0.0037192711929389167
2019-01-30,0.0038430773089704966
2019-01-31,0.004231256034872366
2019-02-01,0.005568978846786939
2019-02-11,0.008333589107536562
2019-02-12,0.011732776315255001
2019-02-13,0.014871818567277604
2019-02-14,0.017697921882291624
2019-02-15,0.019403402334477883
2019-02-18,0.019435405736100482
2019-02-19,0.01840880740641016
2019-02-20,0.016912389624132558
2019-02-21,0.015070264213460818
2019-02-22,0.013156730202626584
2019-02-25,0.011008330374646795
2019-02-26,0.008886632329577591
2019-02-27,0.006645160139593933
2019-02-28,0.004000771398563539
2019-03-01,0.0009093412365341203
2019-03-04,-0.0026939358500457622
2019-03-05,-0.007404716533647003
2019-03-06,-0.012972402719876592
2019-03-07,-0.018076825231682546
2019-03-08,-0.022569809374286307
2019-03-11,-0.02603821285712038
2019-03-12,-0.02757019590923812
2019-03-13,-0.027535881500449538
2019-03-14,-0.02662399417600269
2019-03-15,-0.025100108200444598
2019-03-18,-0.02302859160891114
2019-03-19,-0.02042118494629694
2019-03-20,-0.017574834057971632
2019-03-21,-0.014727699939157046
2019-03-22,-0.012107449611225604
2019-03-25,-0.009917481212326692
2019-03-26,-0.008645059668861966
2019-03-27,-0.007256971354885587
2019-03-28,-0.005659348875180913
2019-03-29,-0.0037175933560682933
2019-04-01,-0.001274948776284127
2019-04-02,0.002219799119463226
2019-04-03,0.006170621649533151
2019-04-04,0.00977333091282325
2019-04-08,0.01307321691248215
2019-04-09,0.015359548165300729
2019-04-10,0.016253850074026677
2019-04-11,0.015877573812731232
2019-04-12,0.0148465673154359
2019-04-15,0.013681457075952582
2019-04-16,0.012740157265278815
2019-04-17,0.01222257144410943
2019-04-18,0.01232949460079697
2019-04-19,0.01265308077083641
2019-04-22,0.012941596002515248
2019-04-23,0.013166477763188689
2019-04-24,0.012599160127063844
2019-04-25,0.010494560391746672
2019-04-26,0.00662588986125755
2019-04-29,0.0015321109307681914
2019-04-30,-0.004099166471936993
2019-05-06,-0.009168264913680006
2019-05-07,-0.012773671591826454
2019-05-08,-0.014700386828616383
2019-05-09,-0.015596931147334398
2019-05-10,-0.015943054992904
2019-05-13,-0.015820567151241235
2019-05-14,-0.015322317772996086
2019-05-15,-0.01406662756800349
2019-05-16,-0.01207961229350207
2019-05-17,-0.009026144842097638
2019-05-20,-0.005821677394304279
2019-05-21,-0.0024833353471399983
2019-05-22,0.001146659649805077
2019-05-23,0.004871585275443973
2019-05-24,0.008570793191149135
2019-05-27,0.012361205111704101
2019-05-28,0.015837311310528075
2019-05-29,0.018095888815181097
2019-05-30,0.019110368480795586
2019-05-31,0.019129053854492914
2019-06-03,0.01817151371965422
2019-06-04,0.01651204057432657
2019-06-05,0.014672295217199479
2019-06-06,0.012603356660199624
2019-06-10,0.010112147403475328
2019-06-11,0.0075149537247759576
2019-06-12,0.004534421998135936
2019-06-13,0.0016027446851269796
2019-06-14,-0.001223751436758617
2019-06-17,-0.00405440019824324
2019-06-18,-0.006425276517408561
2019-06-19,-0.00813728444227324
2019-06-20,-0.009446985220568013
2019-06-21,-0.010153928344523647
2019-06-24,-0.00977421417335351
2019-06-25,-0.008901323486292443
2019-06-26,-0.00735729644480405
2019-06-27,-0.00505818048745691
2019-06-28,-0.002314959554179173
2019-07-01,0.0007172378291598616
2019-07-02,0.004267033528188106
2019-07-03,0.007439170455323374
2019-07-04,0.009347751303016651
2019-07-05,0.009656815149492695
2019-07-08,0.008642231368441989
2019-07-09,0.007056934233663874
2019-07-10,0.005544607117520287
2019-07-11,0.004157043627714225
2019-07-12,0.0033896214910357743
2019-07-15,0.0028894342099547938
2019-07-16,0.002211722283285267
2019-07-17,0.0014219885311288754
2019-07-18,0.0009312107590580424
2019-07-19,0.0006025609135603188
2019-07-22,-0.00018026954559874448
2019-07-23,-0.002219474963684284
2019-07-24,-0.006263563268521066
2019-07-25,-0.011561077951504175
2019-07-26,-0.016330412121364057
2019-07-29,-0.019034406790812773
2019-07-30,-0.018918400320429
2019-07-31,-0.016573328661265103
2019-08-01,-0.013586688144038484
2019-08-02,-0.011444256265628625
2019-08-05,-0.011092317087447208
2019-08-06,-0.012515528544155404
2019-08-07,-0.015298479330858072
2019-08-08,-0.01832159610511641
2019-08-09,-0.02164795378719611
2019-08-12,-0.025105227773032895
2019-08-13,-0.02857783720341418
2019-08-14,-0.03055038595466202
2019-08-15,-0.03074735255246045
2019-08-16,-0.02890276829680259
2019-08-19,-0.026047161532888607
2019-08-20,-0.023632916814845716
2019-08-21,-0.02323457115522722
2019-08-22,-0.02450781551323052
2019-08-23,-0.0266034941611009
2019-08-26,-0.0283899970976264
2019-08-27,-0.02849891453941717
2019-08-28,-0.026022868541451777
2019-08-29,-0.021642547808832943
2019-08-30,-0.01587462105319166
2019-09-02,-0.009050087798301926
2019-09-03,-0.0018771627777772562
2019-09-04,0.005513323582129957
2019-09-05,0.01227129848887196
2019-09-06,0.01732181654256912
2019-09-09,0.020805942413465076
2019-09-10,0.023088728221001942
2019-09-11,0.024777284494966488
2019-09-12,0.027098411472795868
2019-09-16,0.030384245983428926
2019-09-17,0.03360169184571584
2019-09-18,0.03635029194697903
2019-09-19,0.03782893380311675
2019-09-20,0.037372080953828005
2019-09-23,0.03578451918144328
2019-09-24,0.03296511740675946
2019-09-25,0.028874862886371987
2019-09-26,0.023672305976488683
2019-09-27,0.01799358016535843
2019-09-30,0.011745541435000697
2019-10-08,0.00664191171425247
2019-10-09,0.002633180679708782
2019-10-10,-4.670807141667829e-05
2019-10-11,-0.0019113196192879912
2019-10-14,-0.004140610841543041
2019-10-15,-0.00740470266380672
2019-10-16,-0.010940951786224996
2019-10-17,-0.014257754589770525
2019-10-18,-0.016920932549211194
2019-10-21,-0.018117108778923186
2019-10-22,-0.018057847926097124
2019-10-23,-0.017055688334000476
2019-10-24,-0.014957123419078755
2019-10-25,-0.012134642718595304
2019-10-28,-0.009342363890352737
2019-10-29,-0.006891654379252101
2019-10-30,-0.005086965969191879
2019-10-31,-0.004654021657131026
2019-11-01,-0.004897141243181051
2019-11-04,-0.005686153340314171
2019-11-05,-0.006018364970067783
2019-11-06,-0.005216322892233409
2019-11-07,-0.003563259828826497
2019-11-08,-0.0016352959204677681
2019-11-11,0.0005506889344760576
2019-11-12,0.002320339356362894
2019-11-13,0.0032826379722690367
2019-11-14,0.003879954012377089
2019-11-15,0.0036622923583476525
2019-11-18,0.0030218695609299314
2019-11-19,0.00247704969126244
2019-11-20,0.0022808294100350275
2019-11-21,0.0026115777101506582
2019-11-22,0.003844853010387966
2019-11-25,0.005690126981970775
2019-11-26,0.00782231682998626
2019-11-27,0.009725645227743378
2019-11-28,0.010691836117470054
2019-11-29,0.01100040681575135
2019-12-02,0.011043567157469287
2019-12-03,0.011080008175733796
2019-12-04,0.011409275361601644
2019-12-05,0.011773790142279522
2019-12-06,0.011817123826955824
2019-12-09,0.011795006976117756
2019-12-10,0.011336434852921132
2019-12-11,0.010658205086137112
2019-12-12,0.010067438169956413
2019-12-13,0.00954963752112043
2019-12-16,0.008534746079742262
2019-12-17,0.006718039600959384
2019-12-18,0.004216688715361903
2019-12-19,0.0019131270171534377
2019-12-20,2.3878684046790268e-05
2019-12-23,-0.0011549503138667794
2019-12-24,-0.0014794183870617157
2019-12-25,-0.0016447273240564283
2019-12-26,-0.00240536569966797
2019-12-27,-0.003452250958154297
2019-12-30,-0.004582140336321437
2019-12-31,-0.005711478768955278
2020-01-02,-0.006632756505919909
2020-01-03,-0.007082159907962937
2020-01-06,-0.0073678127210853985
2020-01-07,-0.007670607054075326
2020-01-08,-0.007437715388811672
2020-01-09,-0.0065755736886027455
2020-01-10,-0.004962206439742444
2020-01-13,-0.0033179462687444533
2020-01-14,-0.0017875785282974836
2020-01-15,-0.0006447669682585297
2020-01-16,-0.00011865356444535152
2020-01-17,-9.844286134773721e-05
2020-01-20,4.245618059415222e-06
2020-01-21,0.00035350290703513234
2020-01-22,0.0006826216124466096
2020-01-23,0.0007857997639772356
2020-02-03,4.910317407062154e-05
2020-02-04,-0.0018714640895531403
2020-02-05,-0.004938668691969479
2020-02-06,-0.008543674222358532
2020-02-07,-0.012088726744524094
2020-02-10,-0.015176852530521335
2020-02-11,-0.016828124033329613
2020-02-12,-0.01699912491632735
2020-02-13,-0.016186396012519085
2020-02-14,-0.014917685521381504
2020-02-17,-0.013094373009475403
2020-02-18,-0.011476285265574832
2020-02-19,-0.010394793651532678
2020-02-20,-0.009511393925949149
2020-02-21,-0.008423362485547843
2020-02-24,-0.007188130886592403
2020-02-25,-0.004768488767765778
2020-02-26,-0.000799812621322598
2020-02-27,0.0043200334774906295
2020-02-28,0.009840186084851913
2020-03-02,0.015466310294402827
2020-03-03,0.02019573945785727
2020-03-04,0.023277947394205432
2020-03-05,0.024316308661625326
2020-03-06,0.023614561309700292
2020-03-09,0.021506422689568577
2020-03-10,0.01846631454487885
2020-03-11,0.014979693313665759
2020-03-12,0.011992941081744975
2020-03-13,0.009829794011472734
2020-03-16,0.007717001598988374
2020-03-17,0.005603871856381713
2020-03-18,0.0035087147678452744
2020-03-19,0.0010136802879947605
2020-03-20,-0.0014075832651016691
2020-03-23,-0.003382670246101087
2020-03-24,-0.00504291976584724
2020-03-25,-0.006319448834014416
2020-03-26,-0.007437396466186211
2020-03-27,-0.008565080217260082
2020-03-30,-0.009308649771003017
2020-03-31,-0.009308176139389964
2020-04-01,-0.00907949469595217
2020-04-02,-0.008214193265438468
2020-04-03,-0.007186879908542013
2020-04-07,-0.006504671603526024
2020-04-08,-0.0060198503402834275
2020-04-09,-0.004917859454933502
2020-04-10,-0.0037698157645865656
2020-04-13,-0.0025856949266477953
2020-04-14,-0.0012348456606153784
2020-04-15,7.58162162704607e-05
2020-04-16,0.0010844620076511664
2020-04-17,0.002157450401596145
2020-04-20,0.00312221590038109
2020-04-21,0.004071560077758685
2020-04-22,0.005032161505294667
2020-04-23,0.005664256338725995
2020-04-24,0.006061867967647801
2020-04-27,0.006818959141331271
2020-04-28,0.007434188720524576
2020-04-29,0.007766167200301472
2020-04-30,0.00823909548568531
2020-05-06,0.008027796045581716
2020-05-07,0.007271964466598471
2020-05-08,0.006812019307416541
2020-05-11,0.006191663303102411
2020-05-12,0.005133074753796372
2020-05-13,0.004029192443423934
2020-05-14,0.0028545358302915183
2020-05-15,0.0019376213353806653
2020-05-18,0.001829025714148574
2020-05-19,0.0028623055812189184
2020-05-20,0.004702360854508104
2020-05-21,0.00731282674846854
2020-05-22,0.009556035502087506
2020-05-25,0.01153196498695305
2020-05-26,0.012623904093982735
2020-05-27,0.013292724845051321
2020-05-28,0.013472896374697115
2020-05-29,0.014205769497665253
2020-06-01,0.014576408516897888
2020-06-02,0.014875220670827388
2020-06-03,0.015315985290263828
2020-06-04,0.015278808741502578
2020-06-05,0.014412093512320914
2020-06-08,0.01342458270696722
2020-06-09,0.011846304660408934
2020-06-10,0.008896230256241767
2020-06-11,0.005445605786668528
2020-06-12,0.0016423543809656854
2020-06-15,-0.0027445700574597774
2020-06-16,-0.00659351787705961
2020-06-17,-0.009145035361833016
2020-06-18,-0.010499072409560523
2020-06-19,-0.010863878757494961
2020-06-22,-0.0112436807009677
2020-06-23,-0.012313983602137167
2020-06-24,-0.013607601455059588
2020-06-29,-0.015720478768110287
2020-06-30,-0.017952033381971128
2020-07-01,-0.019217259746873466
2020-07-02,-0.02003028427797842
2020-07-03,-0.020637094833278906
2020-07-06,-0.020078166297999783
2020-07-07,-0.018652986384723888
2020-07-08,-0.016823251775863
2020-07-09,-0.01402585881111854
2020-07-10,-0.010937660884321018
2020-07-13,-0.007875221880833979
2020-07-14,-0.0054768087816245824
2020-07-15,-0.0035721080760775367
2020-07-16,-0.002056109270442529
2020-07-17,5.5956194767077525e-05
2020-07-20,0.001931744322264807
2020-07-21,0.00416566827663494
2020-07-22,0.006891044161456865
2020-07-23,0.009568666142293644
2020-07-24,0.011577131463127055
2020-07-27,0.013535538901409993
2020-07-28,0.014647853630618723
2020-07-29,0.01479287383340574
2020-07-30,0.014086930101016632
2020-07-31,0.012845212794747662
2020-08-03,0.011230419586801531
2020-08-04,0.009639914031303116
2020-08-05,0.0074869605246911785
2020-08-06,0.005529218421307232
2020-08-07,0.0037384914583928246
2020-08-10,0.0019440461527734346
2020-08-11,0.0005320573881962705
2020-08-12,5.557842646298319e-05
2020-08-13,-0.0006294765509775524
2020-08-14,-0.0013691718482856303
2020-08-17,-0.0020995844904250927
2020-08-18,-0.002514642494305325
2020-08-19,-0.002421091091527905
2020-08-20,-0.0015931336200722204
2020-08-21,-0.0005828580474117387
2020-08-24,0.00044970433142442105
2020-08-25,0.00024140353150540602
2020-08-26,-0.0013179153041192535
2020-08-27,-0.00326609972458599
2020-08-28,-0.005136686582671588
2020-08-31,-0.006753002476391811
2020-09-01,-0.007533287394961161
2020-09-02,-0.007566049833001379
2020-09-03,-0.007433015751034132
2020-09-04,-0.007091232391015026
2020-09-07,-0.006798701900189072
2020-09-08,-0.006761561668514167
2020-09-09,-0.007538406920940911
2020-09-10,-0.009178998024422036
2020-09-11,-0.01126189273691507
2020-09-14,-0.012942747686539921
2020-09-15,-0.014127851442099479
2020-09-16,-0.014191472595383375
2020-09-17,-0.012858395206260417
2020-09-18,-0.010719001654437007
2020-09-21,-0.009053255007230521
2020-09-22,-0.00802549983699794
2020-09-23,-0.007978321093705786
2020-09-24,-0.008892478744319624
2020-09-25,-0.010659556665283332
2020-09-28,-0.012487536900452017
2020-09-29,-0.013939350319010432
2020-09-30,-0.014098300417271318
2020-10-09,-0.012675158792318059
2020-10-12,-0.009725059152422638
2020-10-13,-0.0062827814360372535
2020-10-14,-0.003446532967355709
2020-10-15,-0.0018655136691698153
2020-10-16,-0.0012550188478083445
2020-10-19,-0.0015027128651547484
2020-10-20,-0.0016417298280782026
2020-10-21,-0.0008845128587378771
2020-10-22,0.00117671283873322
2020-10-23,0.0036900985899113725
2020-10-26,0.006119070850358596
2020-10-27,0.008321198620118273
2020-10-28,0.010412328297236819
2020-10-29,0.01166166676901123
2020-10-30,0.012051502085181487
2020-11-02,0.011279351057930629
2020-11-03,0.008972710959614768
2020-11-04,0.005705451929271615
2020-11-05,0.002664954571007918
2020-11-06,0.0007728916579140826
2020-11-09,0.0006886915116786612
2020-11-10,0.002205693307063663
2020-11-11,0.004482250771254367
2020-11-12,0.006548126655643316
2020-11-13,0.007354364181205804
2020-11-16,0.007300961841145187
2020-11-17,0.007410665735677532
2020-11-18,0.007908362411405323
2020-11-19,0.008752722358185042
2020-11-20,0.01019747153488034
2020-11-23,0.011407485546704649
2020-11-24,0.012108223178633592
2020-11-25,0.012709640932289674
2020-11-26,0.01366474312392656
2020-11-27,0.014924911867588719
2020-11-30,0.016503680400327736
2020-12-01,0.017469991479486698
2020-12-02,0.017336168157859135
2020-12-03,0.015879142213831167
2020-12-04,0.013916224334723138
2020-12-07,0.012246515854335453
2020-12-08,0.01139407944112027
2020-12-09,0.010922022584618139
2020-12-10,0.011050171274341946
2020-12-11,0.011203447204912492
2020-12-14,0.010629841489517766
2020-12-15,0.009946389079075694
2020-12-16,0.010057520852762736
2020-12-17,0.010786990340104703
2020-12-18,0.012005093318372536
2020-12-21,0.014130769059714545
2020-12-22,0.015489362828129835
2020-12-23,0.015568894609045095
2020-12-24,0.014747941267236556
2020-12-25,0.013315653533347339
2020-12-28,0.010786805526685437
2020-12-29,0.007860152716922301
2020-12-30,0.0044938693519600255
2020-12-31,0.0008675605320979492
2021-01-04,-0.0030609257002845044
2021-01-05,-0.007166477937718343
2021-01-06,-0.010459014433857246
2021-01-07,-0.012337345753421068
2021-01-08,-0.01390924764184416
2021-01-11,-0.015603624791155356
2021-01-12,-0.017650827237169604
2021-01-13,-0.02121726826319529
2021-01-14,-0.025690029243513816
2021-01-15,-0.029017352644751183
2021-01-18,-0.03059687649442941
2021-01-19,-0.03054018886726942
2021-01-20,-0.028276327047818905
2021-01-21,-0.024355136902604928
2021-01-22,-0.020141846195668583
2021-01-25,-0.01614398082007669
2021-01-26,-0.012679323382223103
2021-01-27,-0.00956121460702046
2021-01-28,-0.007841779279638066
2021-01-29,-0.007947757145357925
2021-02-01,-0.00959284075463447
2021-02-02,-0.011871862278948353
2021-02-03,-0.014061521961592719
2021-02-04,-0.014594368302168922
2021-02-05,-0.012773635661945174
2021-02-08,-0.009954344346448271
2021-02-09,-0.006656959636089347
2021-02-10,-0.003609361805645487
2021-02-18,-0.0009271080647274367
2021-02-19,0.00030041406452287797
2021-02-22,0.001375470802424952
2021-02-23,0.0022070509657235596
2021-02-24,0.003224410647300642
2021-02-25,0.003893230289597222
2021-02-26,0.005467359449135158
2021-03-01,0.007883147414649965
2021-03-02,0.01179844490260879
2021-03-03,0.01686958461326096
2021-03-04,0.022476748973551453
2021-03-05,0.026715903258231498
2021-03-08,0.02892903955597782
2021-03-09,0.028076192713370675
2021-03-10,0.024125038001706907
2021-03-11,0.01836220914331891
2021-03-12,0.01140145839076912
2021-03-15,0.004044581708887497
2021-03-16,-0.0020204601575659776
2021-03-17,-0.006669240918058339
2021-03-18,-0.01030158558835934
2021-03-19,-0.013012644945300722
2021-03-22,-0.015225822410842204
2021-03-23,-0.017651470318504756
2021-03-24,-0.020094115998648597
2021-03-25,-0.023032527895980388
2021-03-26,-0.025904266257612614
2021-03-29,-0.027614615621672327
2021-03-30,-0.027793917554302862
2021-03-31,-0.02621637865461695
2021-04-01,-0.021863232136891442
2021-04-02,-0.01552835323169216
2021-04-06,-0.008819165093672355
2021-04-07,-0.0013790994460575231
2021-04-08,0.005200545678817151
2021-04-09,0.009469490908674586
2021-04-12,0.012200752340127708
2021-04-13,0.01452403027940429
2021-04-14,0.01635969372409431
2021-04-15,0.01896563195040201
2021-04-16,0.0216141363399588
2021-04-19,0.024351087235740882
2021-04-20,0.026714225258665465
2021-04-21,0.027713904359152414
2021-04-22,0.02670861178733087
2021-04-23,0.025523012921577392
2021-04-26,0.023548950589895708
2021-04-27,0.020897052004618527
2021-04-28,0.018488872972722815
2021-04-29,0.01618061640429379
2021-04-30,0.012864185741176138
2021-05-06,0.010885604641963227
2021-05-07,0.010188539483508719
2021-05-10,0.01068473755974705
2021-05-11,0.011997077457918257
2021-05-12,0.013757581778589023
2021-05-13,0.013647570205643611
2021-05-14,0.0117553257920747
2021-05-17,0.007904041026555916
2021-05-18,0.003555102426053729
2021-05-19,-0.00033312746033600305
2021-05-20,-0.0035300156049129063
2021-05-21,-0.006878601984065813
2021-05-24,-0.01064918695490005
2021-05-25,-0.014934255614253883
2021-05-26,-0.019930667524362424
2021-05-27,-0.023570940687570752
2021-05-28,-0.02556664524104908
2021-05-31,-0.026855586090093315
2021-06-01,-0.028055659457934923
2021-06-02,-0.029720964226697844
2021-06-03,-0.03280293382065128
2021-06-04,-0.03559104138446375
2021-06-07,-0.03646794222517912
2021-06-08,-0.03506650125186733
2021-06-09,-0.031415081813118514
2021-06-10,-0.026540850340238387
2021-06-11,-0.020720025543442374
2021-06-15,-0.01446791910385756
2021-06-16,-0.0077813884409088
2021-06-17,-0.00022173772390052734
2021-06-18,0.008136156477151551
2021-06-21,0.015142988627551392
2021-06-22,0.019498054508219013
2021-06-23,0.021588865640349432
2021-06-24,0.02095795812039352
2021-06-25,0.01896542017703446
2021-06-28,0.016722408930007752
2021-06-29,0.015163312719627786
2021-06-30,0.013622372952145264
2021-07-01,0.012478688490861128
2021-07-02,0.010945714944573878
2021-07-05,0.009769484119608788
2021-07-06,0.008177408476873102
2021-07-07,0.0057075109677406435
2021-07-08,0.002384022120877729
2021-07-09,-0.0018803470494431862
2021-07-12,-0.006979505064276703
2021-07-13,-0.01111855678959752
2021-07-14,-0.01282432574507068
2021-07-15,-0.012421559338154458
2021-07-16,-0.0099677808444461
2021-07-19,-0.00623245172845367
2021-07-20,-0.002662187081147095
2021-07-21,-0.00028787067150806223
2021-07-22,0.0009814165827781293
2021-07-23,0.000672948207465406
2021-07-26,-0.0006740652861515673
2021-07-27,-0.002823454284976666
2021-07-28,-0.0055767910987580575
2021-07-29,-0.008130270448187213
2021-07-30,-0.010428211850057456
2021-08-02,-0.012066728877726288
2021-08-03,-0.012497102740734406
2021-08-04,-0.012613850979736007
2021-08-05,-0.014246471376593494
2021-08-06,-0.01644575920485008
2021-08-09,-0.020022029794846987
2021-08-10,-0.024647300809235294
2021-08-11,-0.028752892977853894
2021-08-12,-0.03092664691597251
2021-08-13,-0.03119179671561654
2021-08-16,-0.029260058900580244
2021-08-17,-0.02624122526941645
2021-08-18,-0.023205025414995733
2021-08-19,-0.020691700025832042
2021-08-20,-0.018969806186730675
2021-08-23,-0.017546985858756536
2021-08-24,-0.015242397095167426
2021-08-25,-0.01286765123533637
2021-08-26,-0.00997770905433953
2021-08-27,-0.005930929021822686
2021-08-30,-0.0015655198787484538
2021-08-31,0.0024238052665302226
2021-09-01,0.006619050912284849
2021-09-02,0.010429256384412848
2021-09-03,0.013386412848263408
2021-09-06,0.01450417573312875
2021-09-07,0.014098820276503046
2021-09-08,0.01256693815768442
2021-09-09,0.011014089869392896
2021-09-10,0.009973763771146713
2021-09-13,0.010539506843513628
2021-09-14,0.012154481466293205
2021-09-15,0.01311119171547001
2021-09-16,0.012455548287798431
2021-09-17,0.009335680674001404
2021-09-22,0.004446472866313745
2021-09-23,-0.0020695897498389454
2021-09-24,-0.007328691737779135
2021-09-27,-0.010128087650801608
2021-09-28,-0.01055798496783033
2021-09-29,-0.009394194166241182
2021-09-30,-0.006234340414179657
2021-10-08,-0.0017128490240748604
2021-10-11,0.0032582955105730504
2021-10-12,0.008192393148640212
2021-10-13,0.01212872681375251
2021-10-14,0.014510039184033211
2021-10-15,0.015300311983055129
2021-10-18,0.014602678919057218
2021-10-19,0.014412135976875679
2021-10-20,0.016127221342230692
2021-10-21,0.018950843820413243
2021-10-22,0.02243528493515183
2021-10-25,0.02595451334163351
2021-10-26,0.027631154847430596
2021-10-27,0.026760898415484496
2021-10-28,0.024609023290475162
2021-10-29,0.020441825558003213
2021-11-01,0.013554063853677412
2021-11-02,0.004064771805946512
2021-11-03,-0.0066232194874581264
2021-11-04,-0.01708409025926642
2021-11-05,-0.025830770351028598
2021-11-08,-0.03137944110221271
2021-11-09,-0.03328440883066041
2021-11-10,-0.03334168972356165
2021-11-11,-0.032791449643271416
2021-11-12,-0.03260407586093935
2021-11-15,-0.032118919008988486
2021-11-16,-0.03199453111016429
2021-11-17,-0.03179775087788177
2021-11-18,-0.032298429454240385
2021-11-19,-0.032670066015223695
2021-11-22,-0.03193038431333934
2021-11-23,-0.028084589550811445
2021-11-24,-0.019692498411892235
2021-11-25,-0.007011245681373948
2021-11-26,0.006628578401657747
2021-11-29,0.019247908105235412
2021-11-30,0.02902829877865762
2021-12-01,0.03476660344031277
2021-12-02,0.03724177386756925
2021-12-03,0.03878464322305139
2021-12-06,0.03953115016390638
2021-12-07,0.04029860205201401
2021-12-08,0.04160094282175757
2021-12-09,0.04291555796705371
2021-12-10,0.04529164442682914
2021-12-13,0.048829877376080695
2021-12-14,0.05133212434681169
2021-12-15,0.050815752098609765
2021-12-16,0.04724587696196551
2021-12-17,0.03970706205997082
2021-12-20,0.030438262283679435
2021-12-21,0.022117225449141114
2021-12-22,0.015357174161282466
2021-12-23,0.010778812324478738
2021-12-24,0.008803488117332208
2021-12-27,0.006890471578776371
2021-12-28,0.004838741499947104
2021-12-29,0.002212249781454012
2021-12-30,-0.0015172734163899624
2021-12-31,-0.005550289063913959
2022-01-04,-0.008890314529029228
2022-01-05,-0.012729876661174195
2022-01-06,-0.0150764301216044
2022-01-07,-0.01501206135139783
2022-01-10,-0.013799731707645068
2022-01-11,-0.011800394093074717
2022-01-12,-0.008829316015990558
2022-01-13,-0.006980182328454193
2022-01-14,-0.006333235558227163
2022-01-17,-0.006674406478664738
2022-01-18,-0.007917710341169048
2022-01-19,-0.009541087447584152
2022-01-20,-0.009585511202116755
2022-01-21,-0.008195737762582448
2022-01-24,-0.0051023501204218325
2022-01-25,-0.001043495462358109
2022-01-26,0.0029345622057107296
2022-01-27,0.005720011310428253
2022-01-28,0.007792952387039425
2022-02-07,0.008195604260683467
2022-02-08,0.007711464310884532
2022-02-09,0.007011462618654388
2022-02-10,0.0065911384612114075
2022-02-11,0.005544923631112748
2022-02-14,0.004959395143082973
2022-02-15,0.0036497226588288363
2022-02-16,0.0022981168843576594
2022-02-17,0.0004569246089422442
2022-02-18,-0.002333958053157013
2022-02-21,-0.006021149091322596
2022-02-22,-0.01000596771759803
2022-02-23,-0.014172196895779258
2022-02-24,-0.018055102246166604
2022-02-25,-0.02114053268986222
2022-02-28,-0.023837495498321863
2022-03-01,-0.025696419437240603
2022-03-02,-0.02685700258743582
2022-03-03,-0.02665842111381777
2022-03-04,-0.024811726567734706
2022-03-07,-0.02112131262655479
2022-03-08,-0.016337418022531604
2022-03-09,-0.010531750613308622
2022-03-10,-0.004449553899490459
2022-03-11,0.0017049076285763163
2022-03-14,0.007306543102744712
2022-03-15,0.012093606216192687
2022-03-16,0.01623114779095951
2022-03-17,0.019508427477128762
2022-03-18,0.022144119638801578
2022-03-21,0.024772618265472633
2022-03-22,0.027241603909356704
2022-03-23,0.02915663467258599
2022-03-24,0.02983526240878771
2022-03-25,0.02893856899823105
2022-03-28,0.025746684169426232
2022-03-29,0.021183486276917796
2022-03-30,0.015414508333469235
2022-03-31,0.010214290208008245
2022-04-01,0.005748419255040786
2022-04-06,0.002845446549798313
2022-04-07,0.001277008435856849
2022-04-08,0.0016407205541136046
2022-04-11,0.0022123292495177162
2022-04-12,0.0024979612590383424
2022-04-13,0.0017438429847656499
2022-04-14,0.00025915585360933996
2022-04-15,-0.0022315179639805782
2022-04-18,-0.004118245275581642
2022-04-19,-0.005183888970720933
2022-04-20,-0.005124462711098496
2022-04-21,-0.004309982116873021
2022-04-22,-0.0037646409358338974
2022-04-25,-0.004570415756655756
2022-04-26,-0.006769615956282523
2022-04-27,-0.010321151402896338
2022-04-28,-0.014615203322114075
2022-04-29,-0.018259149768034954
2022-05-05,-0.021404592518152736
2022-05-06,-0.023909515240710028
2022-05-09,-0.025256045497908053
2022-05-10,-0.026244451707409338
2022-05-11,-0.02667363395329179
2022-05-12,-0.0268061172403327
2022-05-13,-0.02688685605876902
2022-05-16,-0.026508362997474427
2022-05-17,-0.02531227017615867
2022-05-18,-0.02470544233148208
2022-05-19,-0.0232348146224772
2022-05-20,-0.019481788998456196
2022-05-23,-0.013431272831936819
2022-05-24,-0.006535409802251249
2022-05-25,0.0007363463566610439
2022-05-26,0.0065002300611083485
2022-05-27,0.009512758789812926
2022-05-30,0.01020143054465927
2022-05-31,0.010426895922293799
2022-06-01,0.011978934061425467
2022-06-02,0.015243120162892665
2022-06-06,0.01972329577843291
2022-06-07,0.02404291571182839
2022-06-08,0.027204481238967355
2022-06-09,0.027762938161719625
2022-06-10,0.02728315540032076
2022-06-13,0.026551117263202827
2022-06-14,0.024929317230985928
2022-06-15,0.021437831826254257
2022-06-16,0.017167754106140527
2022-06-17,0.011797636727902513
2022-06-20,0.005231012615158943
2022-06-21,-0.001073273565196147
2022-06-22,-0.006345594619464925
2022-06-23,-0.011304858364153347
2022-06-24,-0.016548070014075662
2022-06-27,-0.021911225014973845
2022-06-28,-0.02681178509724274
2022-06-29,-0.03052900819096291
2022-06-30,-0.03286465758995852
2022-07-01,-0.03403711406499417
2022-07-04,-0.0345775697468657
2022-07-05,-0.03549205868611477
2022-07-06,-0.03602303589083892
2022-07-07,-0.03564553958445469
2022-07-08,-0.033625727503009566
2022-07-11,-0.030164324709366242
2022-07-12,-0.024787992309429453
2022-07-13,-0.017757847776911338
2022-07-14,-0.010205880503186413
2022-07-15,-0.003581890055904075
2022-07-18,0.0024397255923315634
2022-07-19,0.006367899136489555
2022-07-20,0.007491902819367044
2022-07-21,0.005872303281880225
2022-07-22,0.0035569891141475343
2022-07-25,0.0020650529595656482
2022-07-26,0.003353532808340911
2022-07-27,0.00707441308419649
2022-07-28,0.012938737906436798
2022-07-29,0.019051907266478516
2022-08-01,0.02343523076332399
2022-08-02,0.025513951533226737
2022-08-03,0.025908785077283746
2022-08-04,0.024174659790251764
2022-08-05,0.022043058046594215
2022-08-08,0.021128215928267843
2022-08-09,0.021341475447323746
2022-08-10,0.02230686754193014
2022-08-11,0.025515985842733447
2022-08-12,0.029988139538807544
2022-08-15,0.033840582527275884
2022-08-16,0.03574691823063581
2022-08-17,0.034297802084679765
2022-08-18,0.028883893047621623
2022-08-19,0.02040680150070495
2022-08-22,0.010596954894383365
2022-08-23,0.0015018545907334226
2022-08-24,-0.004931850035794029
2022-08-25,-0.008844319933341336
2022-08-26,-0.010281066674778705
2022-08-29,-0.010032088394705698
2022-08-30,-0.010761423801717424
2022-08-31,-0.012937919962846173
2022-09-01,-0.015479404329648963
2022-09-02,-0.019317831268945186
2022-09-05,-0.02350740314253348
2022-09-06,-0.026214515234050578
2022-09-07,-0.026873919581261875
2022-09-08,-0.0253142850410245
2022-09-09,-0.020503989203946856
2022-09-13,-0.013933685560307893
2022-09-14,-0.006370720253488007
2022-09-15,0.0007379241512555243
2022-09-16,0.005701439779923842
2022-09-19,0.008002072788545766
2022-09-20,0.007694346791644689
2022-09-21,0.005115755206232222
2022-09-22,0.003040742399061381
2022-09-23,0.0026762668359291584
2022-09-26,0.003411611856950043
2022-09-27,0.005813612443044115
2022-09-28,0.009309117013375051
2022-09-29,0.01191484293021286
2022-09-30,0.013038679340405774
2022-10-10,0.013338480166727196
2022-10-11,0.0115662402722226
2022-10-12,0.008235845577887757
2022-10-13,0.0039386953228903645
2022-10-14,-0.00039401658858613314
2022-10-17,-0.004551086064055949
2022-10-18,-0.006900453169709428
2022-10-19,-0.0073723620445862465
2022-10-20,-0.006181612959445434
2022-10-21,-0.004791606226612249
2022-10-24,-0.004307638797023926
2022-10-25,-0.004992757384742771
2022-10-26,-0.0068357993895644745
2022-10-27,-0.009812660363682817
2022-10-28,-0.013000839861012234
2022-10-31,-0.01602186256648473
2022-11-01,-0.018875718427721448
2022-11-02,-0.020971011248144815
2022-11-03,-0.02160191218525361
2022-11-04,-0.020363398885948937
2022-11-07,-0.017408085691433636
2022-11-08,-0.012969041531745395
2022-11-09,-0.007924529403047815
2022-11-10,-0.0035621117056750633
2022-11-11,-8.588333196797339e-05
2022-11-14,0.0029656508213391983
2022-11-15,0.005571241582660047
2022-11-16,0.008138873588614532
2022-11-17,0.011202773127367914
2022-11-18,0.014663384702989469
2022-11-21,0.018500468743328176
2022-11-22,0.022833671196764875
2022-11-23,0.027166622142885993
2022-11-24,0.031155619366556975
2022-11-25,0.03419584065699991
2022-11-28,0.035554257744872884
2022-11-29,0.0348986960025199
2022-11-30,0.03271651497053951
2022-12-01,0.029205096986803337
2022-12-02,0.025340996737739024
2022-12-05,0.021851573192548386
2022-12-06,0.018409838084762983
2022-12-07,0.01501651709490367
2022-12-08,0.012191866812699742
2022-12-09,0.009307743446017954
2022-12-12,0.006106570240511554
2022-12-13,0.0031141977993950987
2022-12-14,0.0005114068267375222
2022-12-15,-0.0016046104947529415
2022-12-16,-0.003136692450115321
2022-12-19,-0.004497410903407407
2022-12-20,-0.005628995541142176
2022-12-21,-0.006174571413747064
2022-12-22,-0.006783777985662225
2022-12-23,-0.007187902753218902
2022-12-26,-0.006986359650921507
2022-12-27,-0.0066957044937564466
2022-12-28,-0.006513159354530093
2022-12-29,-0.005877565695882679
2022-12-30,-0.005156554382734827
2023-01-03,-0.004744547509108953
2023-01-04,-0.0043109789016573
2023-01-05,-0.004100622201800183
2023-01-06,-0.004302372858614318
2023-01-09,-0.005817645573670406
2023-01-10,-0.007664978838865776
2023-01-11,-0.0089915901357261
2023-01-12,-0.009341214185324482
2023-01-13,-0.0090351472342487
2023-01-16,-0.008100962341423077
2023-01-17,-0.006941012252556314
2023-01-18,-0.006282565139967097
2023-01-19,-0.006369609893859957
2023-01-20,-0.006726177663986798
2023-01-30,-0.006678511263076508
2023-01-31,-0.006820530092450217
2023-02-01,-0.006784721172919159
2023-02-02,-0.006751898324341742
2023-02-03,-0.006794022524389065
2023-02-06,-0.006831662595472682
2023-02-07,-0.006294793587619927
2023-02-08,-0.005049528747430648
2023-02-09,-0.0037143874405610464
2023-02-10,-0.0030058252022778795
2023-02-13,-0.003351894282374053
2023-02-14,-0.003793312729706863
2023-02-15,-0.004155398085468604
2023-02-16,-0.003969075842387567
2023-02-17,-0.002931781708905133
2023-02-20,-0.001035932690176451
2023-02-21,0.0007595250308058545
2023-02-22,0.001858393391393321
2023-02-23,0.002467487111592305
2023-02-24,0.0029623275951067606
2023-02-27,0.003518062364578402
2023-02-28,0.003983827630153319
2023-03-01,0.004858201919432175
2023-03-02,0.005500080245935001
2023-03-03,0.005820787161779662
2023-03-06,0.0057514655321699495
2023-03-07,0.005994193171173992
2023-03-08,0.006461120345564071
2023-03-09,0.006603639803152766
2023-03-10,0.006162042195629265
2023-03-13,0.005530512729669048
2023-03-14,0.004287077661963269
2023-03-15,0.0022074352019273618
2023-03-16,-1.4232081146382803e-05
2023-03-17,-0.001841509782533797
2023-03-20,-0.0035590954777479887
2023-03-21,-0.00514980805594238
2023-03-22,-0.006454405114533793
2023-03-23,-0.007634339286269684
2023-03-24,-0.009104146585643517
2023-03-27,-0.01046383617862064
2023-03-28,-0.011264459971406076
2023-03-29,-0.011618400418492606
2023-03-30,-0.011512061603451876
2023-03-31,-0.010824706249556667
2023-04-03,-0.009905920023748946
2023-04-04,-0.009334177317654268
2023-04-06,-0.009334602689461348
2023-04-07,-0.009447868189900422
2023-04-10,-0.009429413974317418
2023-04-11,-0.008885770499198163
2023-04-12,-0.007824336018905404
2023-04-13,-0.006261838483443893
2023-04-14,-0.0045636722306717364
2023-04-17,-0.0026995043181691552
2023-04-18,-0.000720111232924736
2023-04-19,0.0010069008483387441
2023-04-20,0.0021013836657234265
2023-04-21,0.0019804066905818618
2023-04-24,0.0003890725667498443
2023-04-25,-0.002733234752435429
2023-04-26,-0.006266597724950698
2023-04-27,-0.009398424321741108
2023-04-28,-0.010927721148531236
2023-05-04,-0.011275663603913789
2023-05-05,-0.010435626981315706
2023-05-08,-0.009174235594906594
2023-05-09,-0.008100081155640811
2023-05-10,-0.007406073155359599
2023-05-11,-0.006922676177430071
2023-05-12,-0.006991066190014256
2023-05-15,-0.00738227651690815
2023-05-16,-0.007777799142074276
2023-05-17,-0.007632346885904427
2023-05-18,-0.006205350934920144
2023-05-19,-0.0031789788169710974
2023-05-22,0.0009994680268894246
2023-05-23,0.005680116279636748
2023-05-24,0.00929893870384532
2023-05-25,0.01124318059283379
2023-05-26,0.012076499723393138
2023-05-29,0.012513437073875287
2023-05-30,0.012319217041030114
2023-05-31,0.012381770336016684
2023-06-01,0.012988531455285788
2023-06-02,0.013481161448232753
2023-06-05,0.014054029824994315
2023-06-06,0.015064984276192874
2023-06-07,0.01611066996437718
2023-06-08,0.016852792217341407
2023-06-09,0.017046620774574833
2023-06-12,0.015722554698406548
2023-06-13,0.014014798254465355
2023-06-14,0.012661205715351481
2023-06-15,0.012469678705067615
2023-06-16,0.013790096853914208
2023-06-19,0.016152851071901488
2023-06-20,0.017862581324276795
2023-06-21,0.018500655550602103
2023-06-26,0.018072303214244106
2023-06-27,0.016435479791530823
2023-06-28,0.014352405051908334
2023-06-29,0.01227986335253819
2023-06-30,0.01003447642598053
2023-07-03,0.00750315176436934
2023-07-04,0.0046684915108272315
2023-07-05,0.0017454775433211685
2023-07-06,-0.0005520098746390415
2023-07-07,-0.002167056375665219
2023-07-10,-0.004191763635569475
2023-07-11,-0.006486149428513456
2023-07-12,-0.009189313419421821
2023-07-13,-0.01210885421887395
2023-07-14,-0.014126191933855513
2023-07-17,-0.014721523462359937
2023-07-18,-0.01403907440535509
2023-07-19,-0.012711030049298128
2023-07-20,-0.011067181045701643
2023-07-21,-0.010138442681226115
2023-07-24,-0.009635221417596086
2023-07-25,-0.00911389346472687
2023-07-26,-0.007959990597132581
2023-07-27,-0.006463343477499521
2023-07-28,-0.0047298649309414275
2023-07-31,-0.0032130318930443805
2023-08-01,-0.0017606713566118693
2023-08-02,-0.0004500066489442829
2023-08-03,0.000360339902972845
2023-08-04,0.0006199515186901224
2023-08-07,0.00012636216222588586
2023-08-08,-0.0015073210020646545
2023-08-09,-0.0038532403126952134
2023-08-10,-0.006299141166983911
2023-08-11,-0.007868823886923304
2023-08-14,-0.008509734144882063
2023-08-15,-0.008161913091039063
2023-08-16,-0.007498976347236325
2023-08-17,-0.006571655113463186
2023-08-18,-0.005947878553454092
2023-08-21,-0.004863368424451171
2023-08-22,-0.003211105064074904
2023-08-23,-0.0010474145036686957
2023-08-24,0.0012385438689240212
2023-08-25,0.003936575735873685
2023-08-28,0.0066299785919078594
2023-08-29,0.008932113081860043
2023-08-30,0.01161010078855854
2023-08-31,0.014681026838534636
2023-09-01,0.017588826941815582
2023-09-04,0.019793223875941294
2023-09-05,0.021343459397667734
2023-09-06,0.021943947381825667
2023-09-07,0.021604636479263948
2023-09-08,0.020268152159589402
2023-09-11,0.01857905055596376
2023-09-12,0.01653068331000896
2023-09-13,0.013739008419840982
2023-09-14,0.010483312000260077
2023-09-15,0.007280313936872893
2023-09-18,0.0040021245933156355
2023-09-19,0.000627024600662767
2023-09-20,-0.0019575436374297136
2023-09-21,-0.004111005343193278
2023-09-22,-0.006309395517742703
2023-09-25,-0.00873454077184851
2023-09-26,-0.011225159163214619
2023-09-27,-0.013671485033824468
2023-09-28,-0.015743361570813276
2023-10-09,-0.017209593844839898
2023-10-10,-0.01772701901509651
2023-10-11,-0.01718503719419401
2023-10-12,-0.016554810222533058
2023-10-13,-0.015768562763108358
2023-10-16,-0.01450280236804514
2023-10-17,-0.013090716479194076
2023-10-18,-0.012046469029705088
2023-10-19,-0.010681798667634197
2023-10-20,-0.009695126341287394
2023-10-23,-0.00941321870383607
2023-10-24,-0.009026662048892966
2023-10-25,-0.007956568467860322
2023-10-26,-0.00637960120999854
2023-10-27,-0.0037785256276543595
2023-10-30,-0.0006160335888919031
2023-10-31,0.002533717346670722
2023-11-01,0.00560325435215355
2023-11-02,0.008144440883555417
2023-11-03,0.010270311511293168
2023-11-06,0.01207377914642602
2023-11-07,0.013140478967373503
2023-11-08,0.01322015046189511
2023-11-09,0.012861989559402626
2023-11-10,0.012332492768069886
2023-11-13,0.012093445017669544
2023-11-14,0.012924709866960787
2023-11-15,0.014176000483357265
2023-11-16,0.015148983133652174
2023-11-17,0.015146827901939
2023-11-20,0.014074376506868196
2023-11-21,0.011764042836882685
2023-11-22,0.009258210019343027
2023-11-23,0.006440631278493506
2023-11-24,0.00373550360335658
2023-11-27,0.0012406511133398013
2023-11-28,-0.0012426315859482497
2023-11-29,-0.0036883579127892302
2023-11-30,-0.005264413434610085
2023-12-01,-0.005948970276560675
2023-12-04,-0.006486410074895517
2023-12-05,-0.006960124394565316
2023-12-06,-0.007919099697078002
2023-12-07,-0.00943917470685036
2023-12-08,-0.010778477903264564
2023-12-11,-0.011260323330030887
2023-12-12,-0.010791568324861877
2023-12-13,-0.009749570210509503
2023-12-14,-0.008717029504845151
2023-12-15,-0.008354563860392579
2023-12-18,-0.008484482868314942
2023-12-19,-0.009089783962252618
2023-12-20,-0.009132105303952406
2023-12-21,-0.007916101536717592
2023-12-22,-0.005828767002964839
2023-12-25,-0.0035632969406854545
2023-12-26,-0.001108504993849495
2023-12-27,0.0012347700950576049
2023-12-28,0.0026369116033573585
2023-12-29,0.0033123027538627635
2024-01-02,0.003625792610657009
2024-01-03,0.0035867096983381386
2024-01-04,0.002909052561629781
2024-01-05,0.002184489965277078
2024-01-08,0.00192489940982492
2024-01-09,0.0023638741550468046
2024-01-10,0.002961425821976231
2024-01-11,0.004077763586568466
2024-01-12,0.0049738095644177695
2024-01-15,0.004474490078076368
2024-01-16,0.002392477981189481
2024-01-17,-0.0005241879145433976
2024-01-18,-0.003916054478005597
2024-01-19,-0.0071829277383363725
2024-01-22,-0.009195442340948426
2024-01-23,-0.009708297371765023
2024-01-24,-0.009224105153148508
2024-01-25,-0.00860551633716704
2024-01-26,-0.008123531648754395
2024-01-29,-0.007627001593788459
2024-01-30,-0.007566399890902334
2024-01-31,-0.00789223747124281
2024-02-01,-0.008041327843996183
2024-02-02,-0.00799806341336591
2024-02-05,-0.00802512153364846
2024-02-06,-0.007424609092937885
2024-02-07,-0.005799267701857529
2024-02-08,-0.0033554565586195817
2024-02-19,-0.0004921516040910306
2024-02-20,0.00176395289362736
2024-02-21,0.0027168383375821914
2024-02-22,0.0020293965955484805
2024-02-23,-0.00017100680236668034
2024-02-26,-0.003189792367987116
2024-02-27,-0.005681515441557798
2024-02-28,-0.007624254974697287
2024-02-29,-0.008888145916239949
2024-03-01,-0.009599338696300468
2024-03-04,-0.009514762264576449
2024-03-05,-0.009376196756631807
2024-03-06,-0.008679750190301417
2024-03-07,-0.0077676922108895945
2024-03-08,-0.007152891107379472
2024-03-11,-0.007744115297667163
2024-03-12,-0.00929108426850379
2024-03-13,-0.011327492663578595
2024-03-14,-0.012815602108555002
2024-03-15,-0.013484671794541084
2024-03-18,-0.01258603390883907
2024-03-19,-0.009824013469617828
2024-03-20,-0.006338900874543187
2024-03-21,-0.002919490993523345
2024-03-22,0.0003413515538070814
2024-03-25,0.00306859441465888
2024-03-26,0.004438075880667236
2024-03-27,0.004700938137497218
2024-03-28,0.00386615850942489
2024-03-29,0.0020212946167333045
2024-04-01,3.6912094108587556e-05
2024-04-02,-0.0007963299753065052
2024-04-03,-0.00010363207587962501
2024-04-08,0.002539864009487659
2024-04-09,0.006962562069062338
2024-04-10,0.012128501487262843
2024-04-11,0.017005788101187795
2024-04-12,0.020722306373676485
2024-04-15,0.022385325873426728
2024-04-16,0.022186083963897728
2024-04-17,0.020929848059616615
2024-04-18,0.019264040514832603
2024-04-19,0.017917123847585262
2024-04-22,0.01791714162764229
2024-04-23,0.01892995829635046
2024-04-24,0.02107814072095634
2024-04-25,0.023592316269131507
2024-04-26,0.025638316400422828
2024-04-29,0.026353050699846663
2024-04-30,0.025945591847386835
2024-05-06,0.023356281032386725
2024-05-07,0.019005300148285158
2024-05-08,0.013520429456577252
2024-05-09,0.007680950186841669
2024-05-10,0.002346542308107492
2024-05-13,-0.0013880142561919398
2024-05-14,-0.0037119239843618757
2024-05-15,-0.005311035361091202
2024-05-16,-0.006288222282763908
2024-05-17,-0.007297321882786924
2024-05-20,-0.008526422984680175
2024-05-21,-0.009794044870450718
2024-05-22,-0.010844158395308416
2024-05-23,-0.01165553112462958
2024-05-24,-0.012109132034868597
2024-05-27,-0.012735662989871332
2024-05-28,-0.013337325833605524
2024-05-29,-0.013264308590826857
2024-05-30,-0.012904453317712939
2024-05-31,-0.012028210620308575
2024-06-03,-0.010768273695570544
2024-06-04,-0.009785076486974683
2024-06-05,-0.009489634085958409
2024-06-06,-0.008788636009332041
2024-06-07,-0.008207895355015038
2024-06-11,-0.008297229551972438
2024-06-12,-0.008705866422892517
2024-06-13,-0.009482111600372673
2024-06-14,-0.011082892408542917
2024-06-17,-0.013316114762212217
2024-06-18,-0.014956735552266249
2024-06-19,-0.015893123849493828
2024-06-20,-0.015664001060260564
2024-06-21,-0.01477597623380944
2024-06-24,-0.01350187008828525
2024-06-25,-0.012185026891114498
2024-06-26,-0.01042694255615062
2024-06-27,-0.0082492687286677
2024-06-28,-0.005532744649617272
2024-07-01,-0.002483614266009353
2024-07-02,0.0003617269601863078
2024-07-03,0.003350269845057688
2024-07-04,0.006522209103143014
2024-07-05,0.009122897299332588
2024-07-08,0.011164768999495742
2024-07-09,0.01324165153996521
2024-07-10,0.014256513943815977
2024-07-11,0.0142137694286947
2024-07-12,0.013569519868324938
2024-07-15,0.012878477044606918
2024-07-16,0.012445600906776062
2024-07-17,0.012177986109903418
2024-07-18,0.011622909051652568
2024-07-19,0.01041570360031303
2024-07-22,0.00852647201313988
2024-07-23,0.0052698430962149784
2024-07-24,0.0014490637869481108
2024-07-25,-0.002758537902551254
2024-07-26,-0.007039042235738901
2024-07-29,-0.01079320084028557
2024-07-30,-0.01337534206299518
2024-07-31,-0.01466793680945345
2024-08-01,-0.014514010938777275
2024-08-02,-0.012743244631541417
2024-08-05,-0.010433293248387182
2024-08-06,-0.008355420301744807
2024-08-07,-0.007309686311949481
2024-08-08,-0.007397156173856395
2024-08-09,-0.008106135641496617
2024-08-12,-0.008741734484741713
2024-08-13,-0.008854406886016816
2024-08-14,-0.008115731404698835
2024-08-15,-0.006395183418741143
2024-08-16,-0.004353932118233348
2024-08-19,-0.002022002772332626
2024-08-20,0.00012580138548239916
2024-08-21,0.002420735179629703
2024-08-22,0.004328670479877462
2024-08-23,0.005445455690560254
2024-08-26,0.005414476426612702
2024-08-27,0.004914018478714531
2024-08-28,0.00391707318616759
2024-08-29,0.0034018628512373695
2024-08-30,0.003976183234704279
2024-09-02,0.005004481187415671
2024-09-03,0.0059227665825385255
2024-09-04,0.006240546048339621
2024-09-05,0.005612131883807199
2024-09-06,0.0043628565364103745
2024-09-09,0.0035300370605405584
2024-09-10,0.0029843216285268884
2024-09-11,0.0031331841320793945
2024-09-12,0.0034768444882139356
2024-09-13,0.0028930254689900825
2024-09-18,0.0015441753160486578
2024-09-19,0.00021552206331648037
2024-09-20,-0.001713434207178665
2024-09-23,-0.004125821382916312
2024-09-24,-0.005803434182460297
2024-09-25,-0.007151482417786845
2024-09-26,-0.007892552533309415
2024-09-27,-0.006671760808971171
2024-09-30,-0.00254958134848271
2024-10-08,0.0031373995601607224
2024-10-09,0.009417577510607433
2024-10-10,0.014971961841620963
2024-10-11,0.018882420979324264
2024-10-14,0.020687019830176078
2024-10-15,0.02067508151232749
2024-10-16,0.02018532813675305
2024-10-17,0.019727920702580427
2024-10-18,0.01935506343532083
2024-10-21,0.019284422393324886
2024-10-22,0.020374808532568546
2024-10-23,0.021504105471427802
2024-10-24,0.022243736953613383
2024-10-25,0.02224406663843199
2024-10-28,0.020427885950277558
2024-10-29,0.0154745053038215
2024-10-30,0.008363086270469566
2024-10-31,0.0008416442917058585
2024-11-01,-0.00620987425209826
2024-11-04,-0.011871891553144779
2024-11-05,-0.015399176918118363
2024-11-06,-0.01695150277474784
2024-11-07,-0.01699935480228844
2024-11-08,-0.01618882775667661
2024-11-11,-0.015187913290545214
2024-11-12,-0.013893312315867315
2024-11-13,-0.012785451388443189
2024-11-14,-0.012526045268113937
2024-11-15,-0.012575255989864042
2024-11-18,-0.012515406419108404
2024-11-19,-0.012161896077182805
2024-11-20,-0.011109529011521992
2024-11-21,-0.008636832978489653
2024-11-22,-0.006237280042335449
2024-11-25,-0.00390609447622474
2024-11-26,-0.0018211130288322767
2024-11-27,-0.0001251947913536797
2024-11-28,0.0005904463033609782
2024-11-29,0.0011288051933904459
2024-12-02,0.00141480218295068
2024-12-03,0.0016810334410613033
2024-12-04,0.0022873029552333457
2024-12-05,0.0030006399625073666
2024-12-06,0.003882089751826817
2024-12-09,0.00504938048304548
2024-12-10,0.006437309147733159
2024-12-11,0.007370303986878135
2024-12-12,0.00807670637341725
2024-12-13,0.008336989943489413
2024-12-16,0.00828939701344747
2024-12-17,0.007807357136963976
2024-12-18,0.006825443290656409
2024-12-19,0.005389060947376788
2024-12-20,0.00392990327224471
2024-12-23,0.0022688101950115924
2024-12-24,0.0006814632487967494
2024-12-25,-0.0008762802334920758
2024-12-26,-0.0026451782644861333
2024-12-27,-0.004537229183420156
2024-12-30,-0.0061719004330777864
2024-12-31,-0.0077321411806837905
