date,FCT_Dmi_Adxr@10
2018-12-10,
2018-12-11,
2018-12-12,
2018-12-13,
2018-12-14,
2018-12-17,
2018-12-18,
2018-12-19,
2018-12-20,
2018-12-21,
2018-12-24,
2018-12-25,
2018-12-26,
2018-12-27,
2018-12-28,
2019-01-02,
2019-01-03,
2019-01-04,
2019-01-07,
2019-01-08,
2019-01-09,
2019-01-10,
2019-01-11,
2019-01-14,
2019-01-15,
2019-01-16,
2019-01-17,
2019-01-18,
2019-01-21,
2019-01-22,36.750930110354126
2019-01-23,35.492882260421695
2019-01-24,33.99200218811305
2019-01-25,32.98934345258964
2019-01-28,32.492080002736785
2019-01-29,30.78469106825018
2019-01-30,29.22288035921051
2019-01-31,28.553744387378877
2019-02-01,28.815095665247288
2019-02-11,27.846823137428274
2019-02-12,26.932736134765697
2019-02-13,26.767560225403745
2019-02-14,26.68114047231732
2019-02-15,28.002661623150537
2019-02-18,28.74575760762583
2019-02-19,29.77666856561253
2019-02-20,30.495004193465583
2019-02-21,31.897903545910992
2019-02-22,33.70728440895039
2019-02-25,34.197180825999126
2019-02-26,33.34156585273709
2019-02-27,31.999279254509
2019-02-28,29.797408177257985
2019-03-01,28.794074716571807
2019-03-04,30.567558082520925
2019-03-05,33.67912789304279
2019-03-06,36.71150414028463
2019-03-07,38.734647823987615
2019-03-08,39.10657469181457
2019-03-11,40.65117752583127
2019-03-12,43.76537257449057
2019-03-13,45.85852115031813
2019-03-14,47.582098386090486
2019-03-15,45.89396503482155
2019-03-18,45.96053923731807
2019-03-19,46.349567856370655
2019-03-20,48.590961958247334
2019-03-21,50.125924353484386
2019-03-22,51.207288682752676
2019-03-25,53.59243825540225
2019-03-26,55.49211155941204
2019-03-27,58.69723976454024
2019-03-28,62.971983024553545
2019-03-29,65.36672625467546
2019-04-01,65.90199743510792
2019-04-02,65.5985402313309
2019-04-03,65.20257105527872
2019-04-04,65.05709350942169
2019-04-08,64.8868264517374
2019-04-09,64.67702728293978
2019-04-10,63.898976827580725
2019-04-11,63.477662877076156
2019-04-12,62.1710691647512
2019-04-15,63.02892578374643
2019-04-16,62.885229428040795
2019-04-17,62.73671080609051
2019-04-18,60.439451922841776
2019-04-19,59.276540661683036
2019-04-22,58.191028331751056
2019-04-23,56.616410509230555
2019-04-24,55.568422390691346
2019-04-25,54.270534004567665
2019-04-26,53.00559317616529
2019-04-29,52.23222675763759
2019-04-30,51.06471619496573
2019-05-06,50.49449469523167
2019-05-07,49.65547072989643
2019-05-08,48.781741200795246
2019-05-09,50.47753244779639
2019-05-10,51.735776983525234
2019-05-13,53.14577274477081
2019-05-14,55.04737908860292
2019-05-15,57.996855865870984
2019-05-16,60.532009422679494
2019-05-17,62.49433907114094
2019-05-20,64.08238576113867
2019-05-21,65.37844763690612
2019-05-22,66.92915883047446
2019-05-23,68.50512254929534
2019-05-24,68.68554102541061
2019-05-27,67.1771513569574
2019-05-28,64.56318076872208
2019-05-29,61.60068076872205
2019-05-30,58.54320950435425
2019-05-31,56.425448886593614
2019-06-03,53.741098065596134
2019-06-04,51.26942726122022
2019-06-05,49.19361171174408
2019-06-06,45.752994926813955
2019-06-10,44.11704765158294
2019-06-11,42.99346934816339
2019-06-12,40.87457383355374
2019-06-13,38.973522337869746
2019-06-14,37.66477142132527
2019-06-17,36.90087084300028
2019-06-18,33.86139839441463
2019-06-19,31.07795964030649
2019-06-20,29.791415787683338
2019-06-21,28.34527499039748
2019-06-24,28.481368452172433
2019-06-25,30.033081847811037
2019-06-26,31.927103586941485
2019-06-27,34.04483614508104
2019-06-28,34.758949013458846
2019-07-01,34.868041533841705
2019-07-02,35.34101092213815
2019-07-03,34.87698041712402
2019-07-04,34.113244153387726
2019-07-05,33.71385705291801
2019-07-08,32.50690974647113
2019-07-09,32.27631334399025
2019-07-10,33.00820856741088
2019-07-11,33.612682260833346
2019-07-12,33.67725625186472
2019-07-15,32.58809977473112
2019-07-16,35.02755710958593
2019-07-17,36.14653886273653
2019-07-18,35.14785775701863
2019-07-19,32.99152537736322
2019-07-22,30.565689572369983
2019-07-23,29.75077729166823
2019-07-24,30.985470022822035
2019-07-25,32.01036566981071
2019-07-26,33.814155720476954
2019-07-29,35.98280818238455
2019-07-30,38.71549863245741
2019-07-31,41.97853559549439
2019-08-01,44.41312481579793
2019-08-02,44.324481331397436
2019-08-05,43.600544439901014
2019-08-06,41.09706182042039
2019-08-07,38.595680758748955
2019-08-08,35.92712556888823
2019-08-09,34.4420209818307
2019-08-12,33.09607360374137
2019-08-13,31.405442290251592
2019-08-14,29.844659039690335
2019-08-15,28.71983932432609
2019-08-16,31.29316512688979
2019-08-19,35.12634338752139
2019-08-20,37.24743668367569
2019-08-21,37.01599232833398
2019-08-22,36.977053234953644
2019-08-23,36.558703529336086
2019-08-26,35.834945258009114
2019-08-27,34.50954742992798
2019-08-28,32.54145137503946
2019-08-29,31.848768896642675
2019-08-30,31.868613931430776
2019-09-02,32.01349241741974
2019-09-03,32.26361440305365
2019-09-04,32.71377491254514
2019-09-05,34.649147940652284
2019-09-06,36.68318335982954
2019-09-09,38.86573755712627
2019-09-10,40.56577974959213
2019-09-11,43.37570907208426
2019-09-12,45.79668184208349
2019-09-16,46.93065101939605
2019-09-17,47.292432312541855
2019-09-18,46.669690787535174
2019-09-19,47.169006751232395
2019-09-20,47.24018544206973
2019-09-23,47.879210592890686
2019-09-24,48.50379531049864
2019-09-25,49.12673060284969
2019-09-26,49.79738028388733
2019-09-27,49.984314915550726
2019-09-30,50.75577956201536
2019-10-08,52.5197002332587
2019-10-09,53.32318984601214
2019-10-10,54.498528726437186
2019-10-11,55.03614532962759
2019-10-14,54.91888624026489
2019-10-15,55.50489088602565
2019-10-16,56.84216545012059
2019-10-17,58.04397950907753
2019-10-18,59.43019533662157
2019-10-21,60.11448106698016
2019-10-22,60.34774877068196
2019-10-23,61.28832361715365
2019-10-24,61.649992255495036
2019-10-25,60.97739129228808
2019-10-28,59.4670158997255
2019-10-29,58.02701589972551
2019-10-30,56.17206077514132
2019-10-31,54.416023406457356
2019-11-01,53.37351445046964
2019-11-04,53.02038313733834
2019-11-05,51.769757422235365
2019-11-06,51.23789901515568
2019-11-07,51.27874563143444
2019-11-08,51.82803980265482
2019-11-11,53.40186706156712
2019-11-12,52.758729806665116
2019-11-13,49.20277215432188
2019-11-14,45.60698170138852
2019-11-15,41.94964968977625
2019-11-18,37.55467213551829
2019-11-19,33.09225490860627
2019-11-20,29.17983477458728
2019-11-21,27.410362108888222
2019-11-22,25.443559646100333
2019-11-25,24.85347310007358
2019-11-26,24.04347310007359
2019-11-27,22.98211616792019
2019-11-28,23.35211719598639
2019-11-29,22.840594334629458
2019-12-02,22.88708784112295
2019-12-03,24.327354405710913
2019-12-04,26.359868738225238
2019-12-05,25.424047531319694
2019-12-06,24.709097837531395
2019-12-09,23.30839569285508
2019-12-10,23.717822610070808
2019-12-11,25.93995183983218
2019-12-12,27.631902814349793
2019-12-13,28.743115351263384
2019-12-16,30.354257844089616
2019-12-17,31.45797286481126
2019-12-18,32.43356175775115
2019-12-19,32.7554140348273
2019-12-20,34.46514196592925
2019-12-23,34.12209772736094
2019-12-24,33.81890623799923
2019-12-25,34.31822596589041
2019-12-26,35.01590325771152
2019-12-27,34.80661000336596
2019-12-30,34.603036204901656
2019-12-31,33.050004310124976
2020-01-02,31.526288623972725
2020-01-03,31.39641849410262
2020-01-06,31.350080638126165
2020-01-07,31.81404312343512
2020-01-08,32.87567278171587
2020-01-09,34.22480879350178
2020-01-10,36.745695090645
2020-01-13,39.921744660383
2020-01-14,42.52572456357278
2020-01-15,44.907006281272544
2020-01-16,46.47513454074543
2020-01-17,46.95914306953008
2020-01-20,46.532358134238535
2020-01-21,47.00793550609018
2020-01-22,47.76159319591805
2020-01-23,48.27406485124682
2020-02-03,50.339073262686355
2020-02-04,54.95073376216419
2020-02-05,58.01573858243688
2020-02-06,61.07596392447392
2020-02-07,63.653344139900454
2020-02-10,66.30246694691799
2020-02-11,67.28860932420918
2020-02-12,66.96897462101282
2020-02-13,65.83805769849987
2020-02-14,64.67826270292991
2020-02-17,61.010008978463624
2020-02-18,57.291173595949935
2020-02-19,53.03367404323937
2020-02-20,49.874171304090595
2020-02-21,49.89688601954275
2020-02-24,48.468314590971325
2020-02-25,47.07577931159382
2020-02-26,46.7708944779452
2020-02-27,45.712128682337315
2020-02-28,45.78151500679351
2020-03-02,44.31798821459644
2020-03-03,40.93865698871585
2020-03-04,38.6302179909606
2020-03-05,37.353611556850765
2020-03-06,37.24437126505208
2020-03-09,37.676480951031735
2020-03-10,37.75713288905304
2020-03-11,38.23869492242315
2020-03-12,38.968188250837336
2020-03-13,39.378888796151955
2020-03-16,41.7296575472948
2020-03-17,44.60589970210651
2020-03-18,48.48261977555164
2020-03-19,52.14059463081959
2020-03-20,52.892963417723664
2020-03-23,55.213198101855184
2020-03-24,59.28136702878758
2020-03-25,63.096281254484865
2020-03-26,67.45953134467605
2020-03-27,70.81812596001663
2020-03-30,73.49203171431749
2020-03-31,75.76877790221712
2020-04-01,77.86313852551666
2020-04-02,77.08918921851857
2020-04-03,75.44468974812776
2020-04-07,72.38590001593228
2020-04-08,69.00111704455517
2020-04-09,65.67800682275052
2020-04-10,62.16520343427216
2020-04-13,60.071983884311976
2020-04-14,59.5698178571749
2020-04-15,58.36942917460623
2020-04-16,57.099795862174204
2020-04-17,55.18322055664549
2020-04-20,53.793020817049474
2020-04-21,50.14036855050037
2020-04-22,46.257296918299815
2020-04-23,41.74307754284236
2020-04-24,37.49189933860219
2020-04-27,33.50521343533856
2020-04-28,29.336015448304977
2020-04-29,25.85417388774549
2020-04-30,22.891882201463602
2020-05-06,21.741416060446117
2020-05-07,20.151291295907434
2020-05-08,20.70162481542917
2020-05-11,23.827878145441538
2020-05-12,25.746192251416357
2020-05-13,27.445101539415262
2020-05-14,28.34450696899337
2020-05-15,27.89009128063147
2020-05-18,26.959838536543767
2020-05-19,25.623099075289737
2020-05-20,24.01625508446201
2020-05-21,22.94572963606011
2020-05-22,23.552278492608984
2020-05-25,24.391154783866234
2020-05-26,26.382166472701385
2020-05-27,28.654526586073246
2020-05-28,29.266736969973113
2020-05-29,29.195089332025628
2020-06-01,29.731242301507706
2020-06-02,29.617377076971337
2020-06-03,30.04340623064191
2020-06-04,29.883275803627427
2020-06-05,29.563246776051226
2020-06-08,27.868299566398125
2020-06-09,26.116480437047546
2020-06-10,24.287212144364617
2020-06-11,22.275054089653374
2020-06-12,21.59233418034139
2020-06-15,22.210069719791683
2020-06-16,23.540807327507714
2020-06-17,26.846471732906664
2020-06-18,29.48132881220819
2020-06-19,30.44529277617215
2020-06-22,30.918241214806862
2020-06-23,30.335124331689986
2020-06-24,29.489153870828655
2020-06-29,30.566271242148012
2020-06-30,30.76347822024111
2020-07-01,31.367251805146772
2020-07-02,32.41507696541106
2020-07-03,32.73602267221365
2020-07-06,33.72259602316885
2020-07-07,36.11961835567505
2020-07-08,38.279461201001766
2020-07-09,41.56757634605535
2020-07-10,45.42722546886236
2020-07-13,48.641511183148054
2020-07-14,49.729412853574004
2020-07-15,48.7338841256509
2020-07-16,47.21358607837444
2020-07-17,44.86699834097001
2020-07-20,42.307765058222515
2020-07-21,41.122269939673004
2020-07-22,39.54048459395575
2020-07-23,38.406723839941804
2020-07-24,39.347140674757
2020-07-27,39.70717591405517
2020-07-28,42.01408314933855
2020-07-29,42.948386400077354
2020-07-30,43.202571244905485
2020-07-31,44.78358259681467
2020-08-03,46.33040975339793
2020-08-04,45.83044899678545
2020-08-05,45.17296249077161
2020-08-06,45.34448518919392
2020-08-07,43.99864822108307
2020-08-10,41.9101314746716
2020-08-11,40.212452934887814
2020-08-12,39.10263464859895
2020-08-13,38.72137701734132
2020-08-14,37.39980164213817
2020-08-17,37.49007423691835
2020-08-18,37.836326722725154
2020-08-19,37.99100063544514
2020-08-20,39.29816959119134
2020-08-21,38.14666626536473
2020-08-24,36.48970162582212
2020-08-25,34.422933921931445
2020-08-26,32.08776380553635
2020-08-27,30.53516736115433
2020-08-28,28.053274555746274
2020-08-31,25.97535247782416
2020-09-01,24.169458993098534
2020-09-02,23.815156407261078
2020-09-03,22.958049616046708
2020-09-04,23.222015239128297
2020-09-07,24.57172601539049
2020-09-08,26.32178016310542
2020-09-09,26.768838986634808
2020-09-10,26.39158195374862
2020-09-11,26.245784355120836
2020-09-14,24.759732857223746
2020-09-15,24.279531045522017
2020-09-16,25.093588108506285
2020-09-17,25.275519012113122
2020-09-18,25.511314619976613
2020-09-21,26.923800859741476
2020-09-22,29.079276465899373
2020-09-23,31.649464576348613
2020-09-24,33.9856783555249
2020-09-25,36.11251685851022
2020-09-28,39.91210942280868
2020-09-29,43.6158131265124
2020-09-30,46.02545168072928
2020-10-09,45.851265501403205
2020-10-12,44.740154390292126
2020-10-13,42.760671274895685
2020-10-14,41.59137937763447
2020-10-15,42.94187063092947
2020-10-16,44.81485415954216
2020-10-19,47.563380617443315
2020-10-20,51.30082257607566
2020-10-21,55.027169836142264
2020-10-22,57.28187309368954
2020-10-23,58.019174680991135
2020-10-26,58.43804944021721
2020-10-27,56.87496595128684
2020-10-28,54.57497586503721
2020-10-29,53.64618941969447
2020-10-30,53.10537995928702
2020-11-02,54.462494572629396
2020-11-03,52.45459290449945
2020-11-04,50.05337709902833
2020-11-05,47.99071391364974
2020-11-06,48.29218328008932
2020-11-09,49.77972222089929
2020-11-10,50.44197682368639
2020-11-11,49.80363078882636
2020-11-12,48.58928835403313
2020-11-13,47.60687929022872
2020-11-16,46.15460850001808
2020-11-17,44.39678363094001
2020-11-18,41.94349247867105
2020-11-19,38.66538668279203
2020-11-20,37.244978519526725
2020-11-23,36.74345492235094
2020-11-24,36.42172756994873
2020-11-25,36.39886507018788
2020-11-26,35.21638171116617
2020-11-27,35.44782647869341
2020-11-30,34.167128396875924
2020-12-01,34.21253244459847
2020-12-02,32.57401315073184
2020-12-03,30.131181830615922
2020-12-04,28.286498396690448
2020-12-07,25.148443375616267
2020-12-08,24.001820315169933
2020-12-09,22.93546151007558
2020-12-10,22.01735031315289
2020-12-11,20.799352022852965
2020-12-14,20.656559564260036
2020-12-15,19.971457158432408
2020-12-16,20.471409665116553
2020-12-17,22.551724021691584
2020-12-18,24.880851685618893
2020-12-21,25.394779698138453
2020-12-22,27.514745335613817
2020-12-23,29.709170793197167
2020-12-24,33.197063974184985
2020-12-25,34.47607088564875
2020-12-28,35.296802649559105
2020-12-29,35.0313590934959
2020-12-30,36.20302535918165
2020-12-31,38.34631514026671
2021-01-04,39.910149535959505
2021-01-05,43.31992487548297
2021-01-06,46.20115384725935
2021-01-07,49.24764893198771
2021-01-08,51.68399413688449
2021-01-11,53.413122304625844
2021-01-12,54.02114094689135
2021-01-13,55.94814995142404
2021-01-14,55.607008490773985
2021-01-15,53.39715517051067
2021-01-18,51.1235889981957
2021-01-19,49.84351816792042
2021-01-20,47.84951725784174
2021-01-21,45.89093139925587
2021-01-22,43.610054381536735
2021-01-25,41.54613323694235
2021-01-26,40.74920507822358
2021-01-27,40.48433579717782
2021-01-28,38.60366091223687
2021-01-29,37.63862614852931
2021-02-01,37.05714840810628
2021-02-02,35.9688848198427
2021-02-03,35.056980057937935
2021-02-04,34.01335756097322
2021-02-05,34.708466751913924
2021-02-08,36.66471181173199
2021-02-09,38.49379267042846
2021-02-10,37.84167333798125
2021-02-18,39.5062541129145
2021-02-19,42.678312409917496
2021-02-22,45.31655635567445
2021-02-23,48.42732352021336
2021-02-24,51.5854926483791
2021-02-25,54.77478892277297
2021-02-26,57.51659229737221
2021-03-01,60.41845411136793
2021-03-02,61.392603408019944
2021-03-03,62.99173027806201
2021-03-04,66.02172399665497
2021-03-05,67.41200073405565
2021-03-08,68.01106266020443
2021-03-09,66.55325469147414
2021-03-10,64.81425488162435
2021-03-11,63.69990431613303
2021-03-12,62.083887601266724
2021-03-15,60.65919580799384
2021-03-16,59.01759508379725
2021-03-17,58.55602005230136
2021-03-18,57.40539625893004
2021-03-19,57.378262117602276
2021-03-22,58.146495235267174
2021-03-23,58.57317966356636
2021-03-24,58.15974528396656
2021-03-25,56.40153009065378
2021-03-26,54.53752458726328
2021-03-29,52.720078190859596
2021-03-30,51.672019500849096
2021-03-31,49.555617792980286
2021-04-01,47.2601762803468
2021-04-02,46.67060513788215
2021-04-06,46.366452311290885
2021-04-07,48.188316768107086
2021-04-08,49.19528752509571
2021-04-09,48.133925067426446
2021-04-12,46.53294331592256
2021-04-13,44.659482422553545
2021-04-14,42.97731600083928
2021-04-15,40.86143552805039
2021-04-16,38.83073484944685
2021-04-19,36.86107027128682
2021-04-20,34.05228367124022
2021-04-21,32.26620253066917
2021-04-22,31.335492728641164
2021-04-23,30.973558653004744
2021-04-26,29.791836462238525
2021-04-27,28.056750734681515
2021-04-28,26.557703058335548
2021-04-29,27.13603506984083
2021-04-30,28.18147658247431
2021-05-06,26.593177939770126
2021-05-07,25.121859952674043
2021-05-10,25.48808167894279
2021-05-11,27.396940866843067
2021-05-12,31.291624894246944
2021-05-13,35.89700025395085
2021-05-14,38.56663935801619
2021-05-17,41.41609175244839
2021-05-18,44.43573944892535
2021-05-19,46.867918265590234
2021-05-20,47.12193574775271
2021-05-21,46.66516178783796
2021-05-24,44.43476111143231
2021-05-25,42.11143064036378
2021-05-26,40.954416707326175
2021-05-27,40.89732801973403
2021-05-28,40.05213140450256
2021-05-31,39.32150866776318
2021-06-01,38.37674324595924
2021-06-02,37.64852354898957
2021-06-03,39.12184665091249
2021-06-04,40.12915969644208
2021-06-07,37.74092119284223
2021-06-08,34.61101324131067
2021-06-09,31.65691872471613
2021-06-10,28.239845368221488
2021-06-11,25.92472524296354
2021-06-15,23.674189130649324
2021-06-16,22.3915933657195
2021-06-17,21.31645421283187
2021-06-18,21.651001270409335
2021-06-21,22.644104370932617
2021-06-22,23.618761227350134
2021-06-23,23.982544384973913
2021-06-24,24.37411501627059
2021-06-25,25.26670612202911
2021-06-28,27.143076674725478
2021-06-29,28.321176881693386
2021-06-30,28.382886246513387
2021-07-01,28.06489334996685
2021-07-02,28.622145577720698
2021-07-05,30.83197046536985
2021-07-06,34.614840393920076
2021-07-07,35.73784865450027
2021-07-08,35.98985679046745
2021-07-09,35.40617324700804
2021-07-12,35.81158030143858
2021-07-13,36.39691600554643
2021-07-14,36.940093781058266
2021-07-15,37.77548880002576
2021-07-16,38.158676597584375
2021-07-19,37.92812800387789
2021-07-20,38.243088633799154
2021-07-21,42.046213618742726
2021-07-22,45.28958732420172
2021-07-23,46.63292596610704
2021-07-26,47.686658004125604
2021-07-27,48.83690558588516
2021-07-28,49.39541240569851
2021-07-29,50.56648009967837
2021-07-30,49.78469369217962
2021-08-02,46.873059040220696
2021-08-03,42.73261591479394
2021-08-04,42.31982832784905
2021-08-05,41.33679566085735
2021-08-06,41.915289308770234
2021-08-09,42.40845290890362
2021-08-10,42.20017265412655
2021-08-11,41.44672722676809
2021-08-12,39.21704918424701
2021-08-13,37.759829932910115
2021-08-16,36.7601426466793
2021-08-17,35.52424521078187
2021-08-18,32.98872763548998
2021-08-19,30.491664375506446
2021-08-20,29.97401142913256
2021-08-23,31.032354801824564
2021-08-24,31.68499157065949
2021-08-25,33.372039423928626
2021-08-26,34.34682879168169
2021-08-27,33.5514506015252
2021-08-30,32.24074535595218
2021-08-31,32.01614771448553
2021-09-01,31.639397014205414
2021-09-02,32.40003421872751
2021-09-03,33.274172149761995
2021-09-06,33.366875830687924
2021-09-07,34.17702075822416
2021-09-08,35.52531807605496
2021-09-09,38.52757606510408
2021-09-10,40.962043438221755
2021-09-13,43.096108273808085
2021-09-14,46.34458432605773
2021-09-15,49.396990856372454
2021-09-16,52.21223492315572
2021-09-17,53.11323806043016
2021-09-22,52.0916213653159
2021-09-23,51.979442142926544
2021-09-24,52.149537146800284
2021-09-27,53.14026430020516
2021-09-28,55.998033136032305
2021-09-29,60.174963014504186
2021-09-30,64.37230359930201
2021-10-08,68.120849171377
2021-10-11,71.60751903739009
2021-10-12,74.26307459294566
2021-10-13,75.27556828064087
2021-10-14,75.62616193425137
2021-10-15,75.44756845386462
2021-10-18,75.0404426223489
2021-10-19,74.51047319031454
2021-10-20,73.02024456971465
2021-10-21,69.79937652589493
2021-10-22,65.37813592619717
2021-10-25,61.60980433336191
2021-10-26,59.17943378556513
2021-10-27,57.55393339155411
2021-10-28,55.9958206617391
2021-10-29,54.906764549870886
2021-11-01,55.093708459725015
2021-11-02,55.50332521902885
2021-11-03,55.74924173445535
2021-11-04,55.80871275280417
2021-11-05,55.53101228733078
2021-11-08,55.13611649978014
2021-11-09,54.416855778051506
2021-11-10,55.11213600393822
2021-11-11,55.57100526592874
2021-11-12,56.47328361920753
2021-11-15,57.30638247577145
2021-11-16,59.09338534157358
2021-11-17,62.13229786762456
2021-11-18,66.39523210383526
2021-11-19,70.88069841993266
2021-11-22,74.19988121929788
2021-11-23,75.93743692744776
2021-11-24,76.9177593279313
2021-11-25,76.971623618014
2021-11-26,75.75170963021444
2021-11-29,73.34397054501969
2021-11-30,70.82349898173163
2021-12-01,68.46539317387435
2021-12-02,65.39204209619093
2021-12-03,62.91085190161833
2021-12-06,60.877113284550546
2021-12-07,59.49117306065269
2021-12-08,58.18115035409583
2021-12-09,57.39873927645721
2021-12-10,55.79914199480605
2021-12-13,53.32118179580107
2021-12-14,49.15952137753463
2021-12-15,44.512751460518494
2021-12-16,40.16874241560332
2021-12-17,37.51452444701364
2021-12-20,33.23030974366703
2021-12-21,30.71202905112282
2021-12-22,29.551681211365487
2021-12-23,30.19985966930148
2021-12-24,29.08975254614721
2021-12-27,27.264364385833122
2021-12-28,25.987382796151742
2021-12-29,24.380047893799798
2021-12-30,23.117438511203815
2021-12-31,21.761188992279862
2022-01-04,23.00795578708385
2022-01-05,24.679552396666956
2022-01-06,26.19345442355739
2022-01-07,28.100401802202864
2022-01-10,30.067922676014742
2022-01-11,31.32457371087067
2022-01-12,33.732532365313865
2022-01-13,36.71869193031157
2022-01-14,39.63036288384733
2022-01-17,40.63240269056515
2022-01-18,41.729058046157775
2022-01-19,42.723243690956046
2022-01-20,43.17270734807509
2022-01-21,41.019018155133956
2022-01-24,41.223310163170794
2022-01-25,41.74728708188225
2022-01-26,41.78131788004844
2022-01-27,42.22631845066648
2022-01-28,42.85193030901327
2022-02-07,43.641962175929734
2022-02-08,42.22664951148961
2022-02-09,38.47629362271674
2022-02-10,35.16885202450896
2022-02-11,31.136564703631056
2022-02-14,27.55236955974619
2022-02-15,25.66478983500634
2022-02-16,23.15510918517881
2022-02-17,21.220158082390633
2022-02-18,19.82224956984124
2022-02-21,19.19085328653079
2022-02-22,20.358854935930303
2022-02-23,20.131074767908743
2022-02-24,18.545176159760814
2022-02-25,18.3868441664071
2022-02-28,18.735329014891946
2022-03-01,19.586962761262527
2022-03-02,19.25537022990794
2022-03-03,20.79909296232058
2022-03-04,22.89527342352168
2022-03-07,25.09689754030466
2022-03-08,26.465447410287492
2022-03-09,29.733269063071628
2022-03-10,31.633320374887646
2022-03-11,34.119015196609936
2022-03-14,35.86713929797586
2022-03-15,37.11040435073812
2022-03-16,37.91536757237421
2022-03-17,36.98307248142527
2022-03-18,35.62805197223629
2022-03-21,34.07795089406916
2022-03-22,32.97130301608507
2022-03-23,34.59903312331852
2022-03-24,36.044618068706065
2022-03-25,37.68500038650774
2022-03-28,38.16042773693509
2022-03-29,38.81516720903985
2022-03-30,39.50903758103878
2022-03-31,37.81176786212874
2022-04-01,35.578038861831175
2022-04-06,33.42674537055928
2022-04-07,31.092395098169945
2022-04-08,27.426662325172813
2022-04-11,26.975793250860196
2022-04-12,26.505002169251952
2022-04-13,28.25904744398445
2022-04-14,30.36413232287617
2022-04-15,32.30239855577008
2022-04-18,35.098800400531665
2022-04-19,36.470163445647025
2022-04-20,36.42431271495809
2022-04-21,36.46970298645132
2022-04-22,34.90561110907798
2022-04-25,34.9727215483822
2022-04-26,35.13409218533864
2022-04-27,36.07317339134251
2022-04-28,34.749099681348966
2022-04-29,33.75149805563812
2022-05-05,33.404350008811
2022-05-06,33.19083558205501
2022-05-09,32.27126237471762
2022-05-10,31.958455854882494
2022-05-11,32.0849920829921
2022-05-12,31.157037412451743
2022-05-13,31.342999797941857
2022-05-16,30.13505390669192
2022-05-17,28.559332701325207
2022-05-18,26.523414492414826
2022-05-19,23.66723500944845
2022-05-20,22.798903978595213
2022-05-23,22.39141312512572
2022-05-24,21.313069680124407
2022-05-25,20.814805931436673
2022-05-26,20.305766246312878
2022-05-27,22.126770068950716
2022-05-30,22.685704735962705
2022-05-31,22.862419584003483
2022-06-01,22.997307195763785
2022-06-02,22.88638926294219
2022-06-06,24.828752135153707
2022-06-07,26.948927204857657
2022-06-08,30.143162143381993
2022-06-09,34.341923893041255
2022-06-10,37.11108980208656
2022-06-13,37.72367805653569
2022-06-14,37.79002574393602
2022-06-15,38.13464411549289
2022-06-16,38.98201545943959
2022-06-17,39.450863164676434
2022-06-20,39.8954663133448
2022-06-21,40.98732472779775
2022-06-22,44.46015007623235
2022-06-23,47.14651325342372
2022-06-24,50.18676749071186
2022-06-27,50.63588456736798
2022-06-28,51.87012261134768
2022-06-29,55.6921540819799
2022-06-30,59.38953654560963
2022-07-01,63.148295304368396
2022-07-04,64.78940568110337
2022-07-05,65.48707018843378
2022-07-06,64.71655347110854
2022-07-07,62.33179558918306
2022-07-08,59.42730723011431
2022-07-11,57.980361411410186
2022-07-12,57.20925373473659
2022-07-13,56.596210841096664
2022-07-14,57.33004994335681
2022-07-15,58.988410351662075
2022-07-18,58.89234550533862
2022-07-19,58.93526715514059
2022-07-20,56.352002761967206
2022-07-21,54.48255934213449
2022-07-22,52.97132914384048
2022-07-25,51.11620613153924
2022-07-26,49.24421298551873
2022-07-27,45.2000156899493
2022-07-28,41.62139752837908
2022-07-29,38.56808469997975
2022-08-01,34.70127713458045
2022-08-02,32.60347207013275
2022-08-03,30.23680540346607
2022-08-04,29.502068276583557
2022-08-05,30.094128373615213
2022-08-08,30.166443775686666
2022-08-09,29.43017735589398
2022-08-10,29.108206284986736
2022-08-11,29.85314738859436
2022-08-12,30.988455574059202
2022-08-15,33.17939451112022
2022-08-16,35.280331807421234
2022-08-17,38.139770275483556
2022-08-18,40.027294701363346
2022-08-19,40.89975893221959
2022-08-22,40.05235057757073
2022-08-23,39.05849402290175
2022-08-24,38.985803794643864
2022-08-25,39.38805064816595
2022-08-26,39.85204929165403
2022-08-29,41.01721448507958
2022-08-30,40.943202743631375
2022-08-31,41.26659017238835
2022-09-01,42.04793706416893
2022-09-02,42.946235869318826
2022-09-05,43.985916528415125
2022-09-06,45.4219088377834
2022-09-07,46.08757575764965
2022-09-08,45.38285655068228
2022-09-09,45.30375538598726
2022-09-13,45.299145431998994
2022-09-14,44.99303112349138
2022-09-15,44.35802576905507
2022-09-16,42.57121247137056
2022-09-19,40.96698399009869
2022-09-20,39.85704715370671
2022-09-21,38.88255114996101
2022-09-22,38.33802526100279
2022-09-23,37.55427392162839
2022-09-26,37.98966612372031
2022-09-27,40.446979473010174
2022-09-28,43.07192542236934
2022-09-29,44.748825866948124
2022-09-30,44.100615069842135
2022-10-10,41.890869927766154
2022-10-11,40.60848621853218
2022-10-12,39.90502318473271
2022-10-13,39.732958407404766
2022-10-14,39.546137403089936
2022-10-17,38.078817631676586
2022-10-18,36.34265631056718
2022-10-19,35.02659157972141
2022-10-20,34.12303387158724
2022-10-21,34.528179449320234
2022-10-24,36.658570117947974
2022-10-25,40.03496693637377
2022-10-26,43.44306853928255
2022-10-27,46.94581579202979
2022-10-28,50.59426136355226
2022-10-31,52.55139386759775
2022-11-01,52.911761720836644
2022-11-02,51.71436628845274
2022-11-03,51.119715827032415
2022-11-04,51.258072945027514
2022-11-07,52.539713246757806
2022-11-08,52.351469434820615
2022-11-09,51.46886808346927
2022-11-10,50.23482689529963
2022-11-11,48.38888278174794
2022-11-14,48.65143422207716
2022-11-15,49.25014148860504
2022-11-16,48.92568418818062
2022-11-17,47.03198136530813
2022-11-18,45.09453604597306
2022-11-21,41.957663791792136
2022-11-22,39.08702208781711
2022-11-23,36.071572995862155
2022-11-24,33.39735876922859
2022-11-25,29.962288165179444
2022-11-28,27.674477254089723
2022-11-29,25.271507613363227
2022-11-30,24.4370100416319
2022-12-01,22.76082771071794
2022-12-02,21.395170041814836
2022-12-05,21.163247131683555
2022-12-06,21.332465048431352
2022-12-07,20.767561202277488
2022-12-08,20.667398619534517
2022-12-09,20.41882623122411
2022-12-12,20.906582777579374
2022-12-13,21.234443623361273
2022-12-14,22.048704186741546
2022-12-15,23.17558654845319
2022-12-16,24.837159295985828
2022-12-19,24.527776556715004
2022-12-20,24.308669133525953
2022-12-21,25.01422612657677
2022-12-22,25.30716183579147
2022-12-23,27.101042085808434
2022-12-26,28.119382131411403
2022-12-27,28.385243003394287
2022-12-28,28.80024834148071
2022-12-29,31.112217739447843
2022-12-30,33.142316952407484
2023-01-03,33.3342013479815
2023-01-04,33.30787576924797
2023-01-05,34.16339443624872
2023-01-06,35.006290449498415
2023-01-09,34.89805697443081
2023-01-10,34.024504322691826
2023-01-11,33.358919301618386
2023-01-12,32.978009559498055
2023-01-13,35.179671399516366
2023-01-16,36.75866949805918
2023-01-17,39.9574488074357
2023-01-18,43.18978542567214
2023-01-19,46.449311583751
2023-01-20,50.208795229375
2023-01-30,53.12217493251962
2023-01-31,53.48311120270613
2023-02-01,54.01032698208317
2023-02-02,52.907204815270276
2023-02-03,51.4551360785986
2023-02-06,50.74447604714712
2023-02-07,51.471617018190535
2023-02-08,53.01797951960924
2023-02-09,54.69158571325514
2023-02-10,57.58114236099257
2023-02-13,61.74326312524162
2023-02-14,63.33216628905156
2023-02-15,63.747062059138585
2023-02-16,63.117788095188644
2023-02-17,60.54744374090339
2023-02-20,57.719002155562805
2023-02-21,54.34338246717752
2023-02-22,51.392362249593354
2023-02-23,48.064399241119176
2023-02-24,46.3106678978356
2023-02-27,44.296015883183586
2023-02-28,43.756984758685604
2023-03-01,43.54257601603551
2023-03-02,44.95850521957536
2023-03-03,46.00930391743286
2023-03-06,45.74137729152959
2023-03-07,43.58659157291406
2023-03-08,41.997115003991034
2023-03-09,41.130155225453294
2023-03-10,39.938200041672445
2023-03-13,39.495979895756655
2023-03-14,40.260693905151484
2023-03-15,40.50946364219219
2023-03-16,42.290197234883784
2023-03-17,44.39572148987119
2023-03-20,45.89856098762588
2023-03-21,48.13423238500579
2023-03-22,49.56982560534476
2023-03-23,50.38015748963044
2023-03-24,48.87740468305812
2023-03-27,47.34205669771011
2023-03-28,44.98480159032404
2023-03-29,43.570084654937915
2023-03-30,41.6179924447336
2023-03-31,39.33607976282091
2023-04-03,38.59116092356265
2023-04-04,39.9530637738236
2023-04-06,38.87209062152284
2023-04-07,37.0958259293466
2023-04-10,34.052135385656086
2023-04-11,30.75585285777506
2023-04-12,27.02136512328736
2023-04-13,24.98567837010738
2023-04-14,22.24610355679985
2023-04-17,19.425268460543244
2023-04-18,17.797336014109796
2023-04-19,15.578598810677601
2023-04-20,14.192041866464852
2023-04-21,14.860339454089656
2023-04-24,13.486931808130274
2023-04-25,12.11591284340161
2023-04-26,12.324281170382282
2023-04-27,12.18343796705618
2023-04-28,13.677624989027546
2023-05-04,15.372766689432412
2023-05-05,16.632365401347208
2023-05-08,15.78545287990639
2023-05-09,15.97221504190453
2023-05-10,16.84612829194017
2023-05-11,16.823746976455432
2023-05-12,16.870015633171853
2023-05-15,17.961573671657252
2023-05-16,18.679273930055164
2023-05-17,19.693753402195938
2023-05-18,20.700257108571023
2023-05-19,21.181794103549777
2023-05-22,22.288578363860758
2023-05-23,23.565467634357503
2023-05-24,23.386836377593283
2023-05-25,25.769253425933826
2023-05-26,30.505087205477306
2023-05-29,34.2583460194716
2023-05-30,37.59313298631608
2023-05-31,40.172112267903174
2023-06-01,42.56017750140946
2023-06-02,43.86864475974478
2023-06-05,45.61675687127542
2023-06-06,47.58177824710127
2023-06-07,47.74000490017326
2023-06-08,48.273039454448124
2023-06-09,49.312485083446006
2023-06-12,50.339924591402934
2023-06-13,51.40336658228972
2023-06-14,50.4291669006484
2023-06-15,50.0233060947876
2023-06-16,49.58883505611107
2023-06-19,48.837413314655144
2023-06-20,47.42562770117391
2023-06-21,45.60867734523885
2023-06-26,44.68029907434091
2023-06-27,41.18767270937413
2023-06-28,38.36047835200735
2023-06-29,34.47704854988056
2023-06-30,30.672597406542334
2023-07-03,26.901641184881882
2023-07-04,24.323953532697054
2023-07-05,22.779264541256193
2023-07-06,21.10827730804305
2023-07-07,20.14811652487342
2023-07-10,21.27680262542267
2023-07-11,22.874067063112648
2023-07-12,23.756011136255992
2023-07-13,24.10123204555754
2023-07-14,26.863877959954436
2023-07-17,29.43192080688174
2023-07-18,32.08194552265039
2023-07-19,34.81691232336114
2023-07-20,38.76439300781862
2023-07-21,41.23220607201489
2023-07-24,41.37656302739545
2023-07-25,41.996523337878
2023-07-26,43.23790264822283
2023-07-27,45.502483884892655
2023-07-28,46.72883045306748
2023-07-31,47.985557265349854
2023-08-01,48.21276912621609
2023-08-02,47.822982369762684
2023-08-03,48.90819247687612
2023-08-04,49.72719929723574
2023-08-07,48.87659423672966
2023-08-08,47.29361551332541
2023-08-09,46.86123181336147
2023-08-10,46.609750484988865
2023-08-11,46.69195331038236
2023-08-14,47.18272430878578
2023-08-15,47.93325735782632
2023-08-16,48.56703066601827
2023-08-17,47.48297857740002
2023-08-18,46.4834837383585
2023-08-21,44.94477285218193
2023-08-22,43.48285189324703
2023-08-23,41.526360920653495
2023-08-24,39.491853366943076
2023-08-25,38.52917543822694
2023-08-28,37.66990375018372
2023-08-29,38.474298084566485
2023-08-30,39.607632343075835
2023-08-31,39.7992151932541
2023-09-01,40.726187111693385
2023-09-04,41.760919156326395
2023-09-05,42.25322684863407
2023-09-06,40.84123458557797
2023-09-07,39.772559858716065
2023-09-08,37.468650444714896
2023-09-11,36.70240641488978
2023-09-12,35.993890172571945
2023-09-13,34.81630032056347
2023-09-14,34.10642377735356
2023-09-15,34.71016392860502
2023-09-18,37.132934980337836
2023-09-19,39.434164132584534
2023-09-20,41.59710237014492
2023-09-21,43.07845238710024
2023-09-22,43.30446009927397
2023-09-25,43.55206589313329
2023-09-26,43.720724279743905
2023-09-27,44.26788637947571
2023-09-28,44.53508185698695
2023-10-09,45.39621909669998
2023-10-10,48.18986989035079
2023-10-11,50.89756219804311
2023-10-12,54.25717094372782
2023-10-13,57.164779094889
2023-10-16,59.89609265722456
2023-10-17,60.29687941172752
2023-10-18,60.43453859911382
2023-10-19,60.848075162350995
2023-10-20,59.98779960133879
2023-10-23,59.876753240292445
2023-10-24,58.18182460570863
2023-10-25,55.55873869279023
2023-10-26,53.25489275873687
2023-10-27,51.54025918483556
2023-10-30,50.607140604316456
2023-10-31,50.45004719546212
2023-11-01,49.362585895152534
2023-11-02,47.9937020120275
2023-11-03,46.6512737521806
2023-11-06,44.15928396180371
2023-11-07,40.297495343917525
2023-11-08,35.601843170004464
2023-11-09,31.367775549860866
2023-11-10,27.18787961641041
2023-11-13,24.025597733198282
2023-11-14,20.538408130550714
2023-11-15,18.40956145693395
2023-11-16,17.457157963525482
2023-11-17,17.329779203550014
2023-11-20,16.39702872398677
2023-11-21,16.588077466532816
2023-11-22,17.872014118116535
2023-11-23,19.434717172047666
2023-11-24,21.55347560659558
2023-11-27,23.262153292546003
2023-11-28,24.35131236042846
2023-11-29,26.908171136327468
2023-11-30,28.73325899791167
2023-12-01,30.478903399477982
2023-12-04,32.58314473759029
2023-12-05,33.22885295346641
2023-12-06,33.770658973533315
2023-12-07,33.39036097695626
2023-12-08,33.486840326990134
2023-12-11,33.52971666820901
2023-12-12,35.12941050670884
2023-12-13,34.787575895211305
2023-12-14,32.6470684363308
2023-12-15,31.723085548482704
2023-12-18,32.68814335096896
2023-12-19,35.47296608434366
2023-12-20,38.60064848970018
2023-12-21,41.28292218172707
2023-12-22,43.79988102980958
2023-12-25,46.54738176904287
2023-12-26,49.10529100718661
2023-12-27,49.86430401286418
2023-12-28,51.01547227338935
2023-12-29,51.20574576662575
2024-01-02,51.499652576661596
2024-01-03,52.89290504000044
2024-01-04,53.97856937566476
2024-01-05,55.98618314589906
2024-01-08,57.45023234173631
2024-01-09,57.5974536612033
2024-01-10,55.70695002802864
2024-01-11,54.915404651708165
2024-01-12,55.26082090267812
2024-01-15,55.869023841195784
2024-01-16,54.553958128113656
2024-01-17,51.22166822275216
2024-01-18,48.34299050956115
2024-01-19,44.13335786498392
2024-01-22,39.905661837414215
2024-01-23,35.9664737532678
2024-01-24,34.36705047361003
2024-01-25,33.32329828367174
2024-01-26,32.7296210058157
2024-01-29,32.04597832033225
2024-01-30,30.869507732096956
2024-01-31,29.493343227443237
2024-02-01,28.71304019714022
2024-02-02,26.88642686569489
2024-02-05,25.915378904933824
2024-02-06,24.87025400565906
2024-02-07,25.33317621125229
2024-02-08,25.38538553850219
2024-02-19,25.422723629964
2024-02-20,24.66561876787753
2024-02-21,24.886455861740362
2024-02-22,25.369391828665293
2024-02-23,24.560432385368554
2024-02-26,24.41851076527239
2024-02-27,24.19406043953949
2024-02-28,24.52746752967557
2024-02-29,21.952681204889252
2024-03-01,19.316602550001818
2024-03-04,17.62052136422634
2024-03-05,16.707046450009514
2024-03-06,15.27825388035007
2024-03-07,14.032801879230576
2024-03-08,14.206587932534735
2024-03-11,14.215115808027766
2024-03-12,13.514971715808695
2024-03-13,14.012636722035388
2024-03-14,14.05386439038173
2024-03-15,14.717810467689262
2024-03-18,14.901876401755224
2024-03-19,14.463387634869456
2024-03-20,13.85135306040139
2024-03-21,13.987864261578999
2024-03-22,14.884537537631026
2024-03-25,16.575103763747087
2024-03-26,19.03241699270582
2024-03-27,20.537391462358958
2024-03-28,22.48577202916061
2024-03-29,25.918125116686173
2024-04-01,27.230504493581797
2024-04-02,27.79349775172164
2024-04-03,29.79006525744251
2024-04-08,31.48641809883355
2024-04-09,32.49445022734761
2024-04-10,35.203200616599815
2024-04-11,38.08738865078793
2024-04-12,40.851887083389784
2024-04-15,42.424538919547956
2024-04-16,44.02902942041153
2024-04-17,45.854005768566665
2024-04-18,48.15426823575824
2024-04-19,47.60196554099035
2024-04-22,46.780205090595246
2024-04-23,45.3590930973717
2024-04-24,44.77771394123562
2024-04-25,43.50672796503959
2024-04-26,42.52920567698496
2024-04-29,41.98704873555557
2024-04-30,39.50040198088299
2024-05-06,37.549911243320054
2024-05-07,36.5237590125359
2024-05-08,36.84078799804309
2024-05-09,37.68411769633457
2024-05-10,38.59078436300118
2024-05-13,37.457363540603936
2024-05-14,34.79762484562289
2024-05-15,31.60650853936923
2024-05-16,29.584852837614843
2024-05-17,27.77532902809103
2024-05-20,26.825235966583868
2024-05-21,25.643626771181566
2024-05-22,27.13362488271142
2024-05-23,29.10334857744482
2024-05-24,32.72502619017457
2024-05-27,35.417340972645036
2024-05-28,37.829306638207825
2024-05-29,39.41013471138637
2024-05-30,41.085819917922926
2024-05-31,42.67036224107923
2024-06-03,44.20127255906165
2024-06-04,45.46125745334588
2024-06-05,43.51868988577832
2024-06-06,41.46209913353541
2024-06-07,38.93638484782112
2024-06-11,37.21416262559886
2024-06-12,37.42794858050947
2024-06-13,37.56933347106393
2024-06-14,39.69810901817913
2024-06-17,41.180867638868776
2024-06-18,42.53929375638445
2024-06-19,43.77651434207149
2024-06-20,43.42610582897013
2024-06-21,41.246079414259185
2024-06-24,37.41211864548563
2024-06-25,33.696713594539005
2024-06-26,30.996252981641874
2024-06-27,29.57282955821846
2024-06-28,29.719205599331353
2024-07-01,31.098199758838643
2024-07-02,33.56231459137456
2024-07-03,36.440503596045815
2024-07-04,40.505246304856335
2024-07-05,43.8123933543846
2024-07-08,47.69160357505829
2024-07-09,51.118954002408785
2024-07-10,54.29140246897492
2024-07-11,57.958401586700994
2024-07-12,59.639245144382045
2024-07-15,60.260127980275044
2024-07-16,58.41967571896855
2024-07-17,56.067624199234
2024-07-18,54.76825328029791
2024-07-19,55.054498869795395
2024-07-22,55.542670618735606
2024-07-23,55.533028859945745
2024-07-24,55.466846247338864
2024-07-25,56.60111304425624
2024-07-26,56.33436663277295
2024-07-29,55.08186362916855
2024-07-30,51.857842036725856
2024-07-31,48.36721731442953
2024-08-01,44.18187013017584
2024-08-02,39.94156096971989
2024-08-05,36.219951155756945
2024-08-06,33.55354348934925
2024-08-07,30.348415284221026
2024-08-08,27.356345583900005
2024-08-09,24.95900718085816
2024-08-12,23.521520358172083
2024-08-13,23.91183656370564
2024-08-14,25.29142276057116
2024-08-15,29.5031470266432
2024-08-16,31.383393186798333
2024-08-19,31.75689300833131
2024-08-20,31.61828813537286
2024-08-21,31.48167775763806
2024-08-22,30.453040077911734
2024-08-23,29.049360806450416
2024-08-26,28.379704860167006
2024-08-27,29.58904912439599
2024-08-28,31.928695095767207
2024-08-29,35.48042742315293
2024-08-30,39.41842045195503
2024-09-02,41.213200997625236
2024-09-03,41.21648587895888
2024-09-04,41.92529813949528
2024-09-05,42.71778645592068
2024-09-06,43.11954968010205
2024-09-09,44.41580106124306
2024-09-10,47.02613085054153
2024-09-11,49.6237928639339
2024-09-12,49.96014552093875
2024-09-13,51.596374234030534
2024-09-18,54.79603484511265
2024-09-19,58.7737210666638
2024-09-20,61.71416349807508
2024-09-23,63.932762093851686
2024-09-24,64.48303503927899
2024-09-25,63.070110210928675
2024-09-26,60.753350839284614
2024-09-27,58.56961884640806
2024-09-30,56.9846655272072
2024-10-08,55.941187266337636
2024-10-09,57.194381226848705
2024-10-10,59.70186226804568
2024-10-11,62.02809847879935
2024-10-14,64.5653193224718
2024-10-15,65.64385166479289
2024-10-16,65.4991610156748
2024-10-17,63.17684266589395
2024-10-18,60.57686054378792
2024-10-21,56.08220242412979
2024-10-22,53.90237517798954
2024-10-23,53.28696122424773
2024-10-24,52.743042113691246
2024-10-25,51.24421307387858
2024-10-28,50.69706732091967
2024-10-29,51.31517952930665
2024-10-30,53.47957848575855
2024-10-31,54.66051846187924
2024-11-01,54.08109607920774
2024-11-04,51.70122329124878
2024-11-05,48.950265436842656
2024-11-06,45.49966047309539
2024-11-07,43.18958248506566
2024-11-08,40.17837759985095
2024-11-11,36.06571860530219
2024-11-12,33.362018783480586
2024-11-13,31.031988146625114
2024-11-14,29.89551570519382
2024-11-15,29.48135641315843
2024-11-18,30.70332476383966
2024-11-19,31.025163844299435
2024-11-20,28.807240922151184
2024-11-21,26.78223305804299
2024-11-22,25.604489233240386
2024-11-25,22.453533399357788
2024-11-26,19.438827517004917
2024-11-27,16.992525992442523
2024-11-28,16.393834931904077
2024-11-29,16.213998055316296
2024-12-02,18.914622852460084
2024-12-03,21.67528944473026
2024-12-04,23.577828653094667
2024-12-05,23.816955533408546
2024-12-06,24.829735162727324
2024-12-09,26.652801397095068
2024-12-10,29.11304775767734
2024-12-11,30.95923140742547
2024-12-12,33.27263936170027
2024-12-13,34.904554255317265
2024-12-16,35.02863576563972
2024-12-17,34.469103342684626
2024-12-18,33.2892419608611
2024-12-19,32.32888458904226
2024-12-20,32.58765826564016
2024-12-23,32.87815436866171
2024-12-24,33.629150315889405
2024-12-25,33.230983071126936
2024-12-26,32.79115733518111
2024-12-27,32.996366204726016
2024-12-30,30.27134162866313
2024-12-31,27.327422364483283
