date,FCT_Dmi_Adx@180
2015-04-16,
2015-04-17,
2015-04-20,
2015-04-21,
2015-04-22,
2015-04-23,
2015-04-24,
2015-04-27,
2015-04-28,
2015-04-29,
2015-04-30,
2015-05-04,
2015-05-05,
2015-05-06,
2015-05-07,
2015-05-08,
2015-05-11,
2015-05-12,
2015-05-13,
2015-05-14,
2015-05-15,
2015-05-18,
2015-05-19,
2015-05-20,
2015-05-21,
2015-05-22,
2015-05-25,
2015-05-26,
2015-05-27,
2015-05-28,
2015-05-29,
2015-06-01,
2015-06-02,
2015-06-03,
2015-06-04,
2015-06-05,
2015-06-08,
2015-06-09,
2015-06-10,
2015-06-11,
2015-06-12,
2015-06-15,
2015-06-16,
2015-06-17,
2015-06-18,
2015-06-19,
2015-06-23,
2015-06-24,
2015-06-25,
2015-06-26,
2015-06-29,
2015-06-30,
2015-07-01,
2015-07-02,
2015-07-03,
2015-07-06,
2015-07-07,
2015-07-08,
2015-07-09,
2015-07-10,
2015-07-13,
2015-07-14,
2015-07-15,
2015-07-16,
2015-07-17,
2015-07-20,
2015-07-21,
2015-07-22,
2015-07-23,
2015-07-24,
2015-07-27,
2015-07-28,
2015-07-29,
2015-07-30,
2015-07-31,
2015-08-03,
2015-08-04,
2015-08-05,
2015-08-06,
2015-08-07,
2015-08-10,
2015-08-11,
2015-08-12,
2015-08-13,
2015-08-14,
2015-08-17,
2015-08-18,
2015-08-19,
2015-08-20,
2015-08-21,
2015-08-24,
2015-08-25,
2015-08-26,
2015-08-27,
2015-08-28,
2015-08-31,
2015-09-01,
2015-09-02,
2015-09-07,
2015-09-08,
2015-09-09,
2015-09-10,
2015-09-11,
2015-09-14,
2015-09-15,
2015-09-16,
2015-09-17,
2015-09-18,
2015-09-21,
2015-09-22,
2015-09-23,
2015-09-24,
2015-09-25,
2015-09-28,
2015-09-29,
2015-09-30,
2015-10-08,
2015-10-09,
2015-10-12,
2015-10-13,
2015-10-14,
2015-10-15,
2015-10-16,
2015-10-19,
2015-10-20,
2015-10-21,
2015-10-22,
2015-10-23,
2015-10-26,
2015-10-27,
2015-10-28,
2015-10-29,
2015-10-30,
2015-11-02,
2015-11-03,
2015-11-04,
2015-11-05,
2015-11-06,
2015-11-09,
2015-11-10,
2015-11-11,
2015-11-12,
2015-11-13,
2015-11-16,
2015-11-17,
2015-11-18,
2015-11-19,
2015-11-20,
2015-11-23,
2015-11-24,
2015-11-25,
2015-11-26,
2015-11-27,
2015-11-30,
2015-12-01,
2015-12-02,
2015-12-03,
2015-12-04,
2015-12-07,
2015-12-08,
2015-12-09,
2015-12-10,
2015-12-11,
2015-12-14,
2015-12-15,
2015-12-16,
2015-12-17,
2015-12-18,
2015-12-21,
2015-12-22,
2015-12-23,
2015-12-24,
2015-12-25,
2015-12-28,
2015-12-29,
2015-12-30,
2015-12-31,
2016-01-04,
2016-01-05,
2016-01-06,
2016-01-07,
2016-01-08,
2016-01-11,
2016-01-12,
2016-01-13,
2016-01-14,
2016-01-15,
2016-01-18,
2016-01-19,
2016-01-20,
2016-01-21,
2016-01-22,
2016-01-25,
2016-01-26,
2016-01-27,
2016-01-28,
2016-01-29,
2016-02-01,
2016-02-02,
2016-02-03,
2016-02-04,
2016-02-05,
2016-02-15,
2016-02-16,
2016-02-17,
2016-02-18,
2016-02-19,
2016-02-22,
2016-02-23,
2016-02-24,
2016-02-25,
2016-02-26,
2016-02-29,
2016-03-01,
2016-03-02,
2016-03-03,
2016-03-04,
2016-03-07,
2016-03-08,
2016-03-09,
2016-03-10,
2016-03-11,
2016-03-14,
2016-03-15,
2016-03-16,
2016-03-17,
2016-03-18,
2016-03-21,
2016-03-22,
2016-03-23,
2016-03-24,
2016-03-25,
2016-03-28,
2016-03-29,
2016-03-30,
2016-03-31,
2016-04-01,
2016-04-05,
2016-04-06,
2016-04-07,
2016-04-08,
2016-04-11,
2016-04-12,
2016-04-13,
2016-04-14,
2016-04-15,
2016-04-18,
2016-04-19,
2016-04-20,
2016-04-21,
2016-04-22,
2016-04-25,
2016-04-26,
2016-04-27,
2016-04-28,
2016-04-29,
2016-05-03,
2016-05-04,
2016-05-05,
2016-05-06,
2016-05-09,
2016-05-10,
2016-05-11,
2016-05-12,
2016-05-13,
2016-05-16,
2016-05-17,
2016-05-18,
2016-05-19,
2016-05-20,
2016-05-23,
2016-05-24,
2016-05-25,
2016-05-26,
2016-05-27,
2016-05-30,
2016-05-31,
2016-06-01,
2016-06-02,
2016-06-03,
2016-06-06,
2016-06-07,
2016-06-08,
2016-06-13,
2016-06-14,
2016-06-15,
2016-06-16,
2016-06-17,
2016-06-20,
2016-06-21,
2016-06-22,
2016-06-23,
2016-06-24,
2016-06-27,
2016-06-28,
2016-06-29,
2016-06-30,
2016-07-01,
2016-07-04,
2016-07-05,
2016-07-06,
2016-07-07,
2016-07-08,
2016-07-11,
2016-07-12,
2016-07-13,
2016-07-14,
2016-07-15,
2016-07-18,
2016-07-19,
2016-07-20,
2016-07-21,
2016-07-22,
2016-07-25,
2016-07-26,
2016-07-27,
2016-07-28,
2016-07-29,
2016-08-01,
2016-08-02,
2016-08-03,
2016-08-04,
2016-08-05,
2016-08-08,
2016-08-09,
2016-08-10,
2016-08-11,
2016-08-12,
2016-08-15,
2016-08-16,
2016-08-17,
2016-08-18,
2016-08-19,
2016-08-22,
2016-08-23,
2016-08-24,
2016-08-25,
2016-08-26,
2016-08-29,
2016-08-30,
2016-08-31,
2016-09-01,
2016-09-02,
2016-09-05,
2016-09-06,
2016-09-07,
2016-09-08,
2016-09-09,
2016-09-12,
2016-09-13,
2016-09-14,
2016-09-19,
2016-09-20,
2016-09-21,
2016-09-22,
2016-09-23,
2016-09-26,
2016-09-27,
2016-09-28,
2016-09-29,6.311132944346233
2016-09-30,6.2917947579643005
2016-10-10,6.266528844288516
2016-10-11,6.246667712653228
2016-10-12,6.222366272264779
2016-10-13,6.19915630982283
2016-10-14,6.174773755350456
2016-10-17,6.150029403907351
2016-10-18,6.123004450589672
2016-10-19,6.098077417383326
2016-10-20,6.07315038417698
2016-10-21,6.0471696729530295
2016-10-24,6.024826004466753
2016-10-25,6.002780838828206
2016-10-26,5.989344122984667
2016-10-27,5.982573109646673
2016-10-28,5.973158370645467
2016-10-31,5.955261167087546
2016-11-01,5.937922192495125
2016-11-02,5.9156415925915855
2016-11-03,5.893572138713479
2016-11-04,5.8685543437633685
2016-11-07,5.841389100615177
2016-11-08,5.814342960273723
2016-11-09,5.771671392351775
2016-11-10,5.725096482565674
2016-11-11,5.6782176945568095
2016-11-14,5.632410070664085
2016-11-15,5.576194257267981
2016-11-16,5.51899304047744
2016-11-17,5.466459486578668
2016-11-18,5.426156417904103
2016-11-21,5.374195192684626
2016-11-22,5.327418960131996
2016-11-23,5.281030772353747
2016-11-24,5.23777395440552
2016-11-25,5.187925426412547
2016-11-28,5.148344894414847
2016-11-29,5.1062243497071815
2016-11-30,5.060974904500584
2016-12-01,5.015896237567185
2016-12-02,4.962002845506816
2016-12-05,4.909737861920076
2016-12-06,4.857092852044844
2016-12-07,4.807318554159328
2016-12-08,4.758146108990036
2016-12-09,4.7142415455751765
2016-12-12,4.654179787387045
2016-12-13,4.591749608389052
2016-12-14,4.5349534824016136
2016-12-15,4.488732641099302
2016-12-16,4.45853093372438
2016-12-19,4.431745046359757
2016-12-20,4.402988447128725
2016-12-21,4.38085007430388
2016-12-22,4.359817341648801
2016-12-23,4.346026977791779
2016-12-26,4.3272719867590315
2016-12-27,4.334379143190721
2016-12-28,4.344113087037886
2016-12-29,4.342147205851233
2016-12-30,4.317893669384887
2017-01-03,4.30441446418596
2017-01-04,4.292862769148935
2017-01-05,4.298223907937203
2017-01-06,4.296943687829957
2017-01-09,4.2911786517795525
2017-01-10,4.27511230115588
2017-01-11,4.263515239748503
2017-01-12,4.218181277101067
2017-01-13,4.17371793278392
2017-01-16,4.1563216797060525
2017-01-17,4.1413833543310234
2017-01-18,4.128023766412853
2017-01-19,4.118742891604845
2017-01-20,4.094069143684476
2017-01-23,4.0706516600492755
2017-01-24,4.057856419632059
2017-01-25,4.044226098797119
2017-01-26,4.032247474395231
2017-02-03,4.008040740331803
2017-02-06,3.952172663461919
2017-02-07,3.897122630113207
2017-02-08,3.8472055313722624
2017-02-09,3.802563246814197
2017-02-10,3.7528153607073214
2017-02-13,3.703778367943114
2017-02-14,3.6600478637138503
2017-02-15,3.6233507094947646
2017-02-16,3.5818785558452584
2017-02-17,3.552733929606102
2017-02-20,3.5335747125680155
2017-02-21,3.534235172687539
2017-02-22,3.5499103772989793
2017-02-23,3.5695896384320114
2017-02-24,3.580565641969092
2017-02-27,3.5904667373484056
2017-02-28,3.590992916503645
2017-03-01,3.585453613459256
2017-03-02,3.579801981246871
2017-03-03,3.576908733940058
2017-03-06,3.581972316335439
2017-03-07,3.5862598788125992
2017-03-08,3.591383719454699
2017-03-09,3.5997362644475928
2017-03-10,3.6070982217100083
2017-03-13,3.6061150727546147
2017-03-14,3.606727006147112
2017-03-15,3.597103973073202
2017-03-16,3.6077944970478844
2017-03-17,3.6133066053244964
2017-03-20,3.615301094211647
2017-03-21,3.619612585831999
2017-03-22,3.6309882954619335
2017-03-23,3.640758786632384
2017-03-24,3.64799735774913
2017-03-27,3.652948918728797
2017-03-28,3.6664434619726243
2017-03-29,3.674430507149793
2017-03-30,3.6714337502461736
2017-03-31,3.6706781877042625
2017-04-05,3.676751885920097
2017-04-06,3.675721971180726
2017-04-07,3.675225640881395
2017-04-10,3.675888558112015
2017-04-11,3.6775298658462203
2017-04-12,3.672986114265842
2017-04-13,3.6686995412312444
2017-04-14,3.6716686324598906
2017-04-17,3.6777038336886365
2017-04-18,3.6825210977743317
2017-04-19,3.7022711890137163
2017-04-20,3.723227559936642
2017-04-21,3.745682016718258
2017-04-24,3.7772896863878365
2017-04-25,3.8117103465885522
2017-04-26,3.823323248645571
2017-04-27,3.842749741667238
2017-04-28,3.8548425888811324
2017-05-02,3.850317102848089
2017-05-03,3.8453838402272678
2017-05-04,3.840361228081095
2017-05-05,3.8457011614586607
2017-05-08,3.8611209214929616
2017-05-09,3.880214679355389
2017-05-10,3.905866456717216
2017-05-11,3.9446843882865514
2017-05-12,3.970813036644945
2017-05-15,3.988555437825448
2017-05-16,4.018827823095598
2017-05-17,4.04939603923978
2017-05-18,4.080189655085894
2017-05-19,4.1136332473728086
2017-05-22,4.170896207820733
2017-05-23,4.2320980882499235
2017-05-24,4.28848117996161
2017-05-25,4.339149443477432
2017-05-26,4.3746722237028
2017-05-31,4.418932694220072
2017-06-01,4.468820976360283
2017-06-02,4.528071795980562
2017-06-05,4.580365924329248
2017-06-06,4.630370137119475
2017-06-07,4.668988483745952
2017-06-08,4.704839617670442
2017-06-09,4.744644315990667
2017-06-12,4.787055697799133
2017-06-13,4.820314417032463
2017-06-14,4.853920804911714
2017-06-15,4.860390336609298
2017-06-16,4.865126068485077
2017-06-19,4.864564545567811
2017-06-20,4.867901274065829
2017-06-21,4.872705623729789
2017-06-22,4.888399410782816
2017-06-23,4.917922722279821
2017-06-26,4.933307164920844
2017-06-27,4.939504976908793
2017-06-28,4.960365365331623
2017-06-29,4.986944838468128
2017-06-30,5.021203927926411
2017-07-03,5.065692340897889
2017-07-04,5.112545688874636
2017-07-05,5.1496567507300135
2017-07-06,5.185369191241747
2017-07-07,5.217280385097663
2017-07-10,5.24363748905175
2017-07-11,5.274616475934369
2017-07-12,5.31203996190186
2017-07-13,5.353505843122719
2017-07-14,5.396060406368453
2017-07-17,5.450333748522575
2017-07-18,5.505875676296736
2017-07-19,5.5517866278846615
2017-07-20,5.576778950575231
2017-07-21,5.5883870983162724
2017-07-24,5.595333200907194
2017-07-25,5.605245971001298
2017-07-26,5.61682284309364
2017-07-27,5.631285847111761
2017-07-28,5.644170255031485
2017-07-31,5.655462785303378
2017-08-01,5.666660768589636
2017-08-02,5.672079096054486
2017-08-03,5.6854376188843
2017-08-04,5.70438110872208
2017-08-07,5.727135325851173
2017-08-08,5.748279688515385
2017-08-09,5.770888515331436
2017-08-10,5.795774825701447
2017-08-11,5.826733407860042
2017-08-14,5.836340804184943
2017-08-15,5.8445887013741915
2017-08-16,5.838684944951931
2017-08-17,5.828834173531758
2017-08-18,5.833206887780944
2017-08-21,5.837960592622542
2017-08-22,5.833279705286297
2017-08-23,5.835307444336129
2017-08-24,5.829954972541387
2017-08-25,5.82063452041232
2017-08-28,5.797944974123655
2017-08-29,5.772433759024227
2017-08-30,5.756745956893951
2017-08-31,5.740195167093963
2017-09-01,5.714660157579545
2017-09-04,5.692021034763492
2017-09-05,5.698218804815826
2017-09-06,5.710341804955201
2017-09-07,5.719997460087045
2017-09-08,5.727041784453308
2017-09-11,5.732846348209639
2017-09-12,5.743744025287421
2017-09-13,5.756693153956606
2017-09-14,5.761722547927134
2017-09-15,5.769945770272434
2017-09-18,5.778992452112028
2017-09-19,5.798026898250321
2017-09-20,5.805447816822179
2017-09-21,5.8118973134702605
2017-09-22,5.810772661976091
2017-09-25,5.810872828516583
2017-09-26,5.800648338341866
2017-09-27,5.798277355683449
2017-09-28,5.787740595088386
2017-09-29,5.779110657103489
2017-10-09,5.776765234661412
2017-10-10,5.78157612332343
2017-10-11,5.785901910869197
2017-10-12,5.804236116744613
2017-10-13,5.829109657001681
2017-10-16,5.855309033713399
2017-10-17,5.882456179550639
2017-10-18,5.900688987208371
2017-10-19,5.913078698344714
2017-10-20,5.932818896680341
2017-10-23,5.955283799632966
2017-10-24,5.963679419490854
2017-10-25,5.974241963794926
2017-10-26,5.987185488765919
2017-10-27,6.008686133625052
2017-10-30,6.0307801284354445
2017-10-31,6.0512480965951365
2017-11-01,6.069805524719061
2017-11-02,6.070308620190226
2017-11-03,6.068162310122965
2017-11-06,6.06260526589726
2017-11-07,6.06259844926175
2017-11-08,6.061745473110579
2017-11-09,6.063563789162126
2017-11-10,6.062506079624045
2017-11-13,6.066687506696673
2017-11-14,6.05911614058003
2017-11-15,6.042278948697623
2017-11-16,6.017703205747397
2017-11-17,6.005107766435712
2017-11-20,5.996333585472825
2017-11-21,6.001026250410345
2017-11-22,6.005745669821657
2017-11-23,6.0202696362536825
2017-11-24,6.040426641002934
2017-11-27,6.06625306891966
2017-11-28,6.090407710958041
2017-11-29,6.110849958478395
2017-11-30,6.11742341091599
2017-12-01,6.119120762910378
2017-12-04,6.132800458239982
2017-12-05,6.157286657756462
2017-12-06,6.190840125780847
2017-12-07,6.217354981182107
2017-12-08,6.247393447449593
2017-12-11,6.273033128366792
2017-12-12,6.297904186875617
2017-12-13,6.313001418942936
2017-12-14,6.329144750275646
2017-12-15,6.353674135611117
2017-12-18,6.381220149615599
2017-12-19,6.407580795825305
2017-12-20,6.439111739209564
2017-12-21,6.477720070417065
2017-12-22,6.514107923211524
2017-12-25,6.561668729928319
2017-12-26,6.6126145521672175
2017-12-27,6.663832923711613
2017-12-28,6.718740546155884
2017-12-29,6.768464538709322
2018-01-02,6.818516069705571
2018-01-03,6.865155522436291
2018-01-04,6.906277006955311
2018-01-05,6.9364069260550325
2018-01-08,6.96716448204463
2018-01-09,6.975130830314533
2018-01-10,6.982983414470386
2018-01-11,6.987510785940376
2018-01-12,6.971243394374237
2018-01-15,6.958938322872802
2018-01-16,6.9622758034519725
2018-01-17,6.9560141629327665
2018-01-18,6.949611914214517
2018-01-19,6.95082313217124
2018-01-22,6.950014931175256
2018-01-23,6.945249347630331
2018-01-24,6.921962787187128
2018-01-25,6.881736055599899
2018-01-26,6.832697408999781
2018-01-29,6.777585919490155
2018-01-30,6.71643468905372
2018-01-31,6.655845759682908
2018-02-01,6.619257901522777
2018-02-02,6.592117014302332
2018-02-05,6.569331210642982
2018-02-06,6.556179913442755
2018-02-07,6.541356400920233
2018-02-08,6.515823150723578
2018-02-09,6.494469160452152
2018-02-12,6.465477028411299
2018-02-13,6.4462561693893585
2018-02-14,6.434742403081317
2018-02-22,6.411381580823031
2018-02-23,6.372691832884145
2018-02-26,6.313288029120021
2018-02-27,6.263173498838306
2018-02-28,6.21742338809003
2018-03-01,6.1885494078670416
2018-03-02,6.1581169345136
2018-03-05,6.126205162226112
2018-03-06,6.08511286731554
2018-03-07,6.052517319025422
2018-03-08,6.019399432270967
2018-03-09,5.996758946242202
2018-03-12,5.967453434567562
2018-03-13,5.9461843463924895
2018-03-14,5.933844120112375
2018-03-15,5.920822773409662
2018-03-16,5.903996233687984
2018-03-19,5.873439527319184
2018-03-20,5.863357234648111
2018-03-21,5.85714306600005
2018-03-22,5.851382834918154
2018-03-23,5.874557105331539
2018-03-26,5.892090509512067
2018-03-27,5.902343512412609
2018-03-28,5.910881527650149
2018-03-29,5.919091373561935
2018-03-30,5.923285215394119
2018-04-02,5.925202499127621
2018-04-03,5.936094621606987
2018-04-04,5.938300974430307
2018-04-09,5.9305479064344775
2018-04-10,5.92582001514617
2018-04-11,5.915556749347949
2018-04-12,5.879069895342765
2018-04-13,5.837404475325894
2018-04-16,5.82134877768518
2018-04-17,5.821072018405532
2018-04-18,5.8282253752756645
2018-04-19,5.8398803531997565
2018-04-20,5.859564123946927
2018-04-23,5.881518242735093
2018-04-24,5.905103451237805
2018-04-25,5.933823445554333
2018-04-26,5.980554165719231
2018-04-27,6.029371747393322
2018-05-02,6.073460780502919
2018-05-03,6.124878196019675
2018-05-04,6.169407119432453
2018-05-07,6.202411299969074
2018-05-08,6.234845286449151
2018-05-09,6.271338173635235
2018-05-10,6.299343381356721
2018-05-11,6.318009342150985
2018-05-14,6.342025670492115
2018-05-15,6.367483891526715
2018-05-16,6.389751515052565
2018-05-17,6.420813042140852
2018-05-18,6.454796506896368
2018-05-21,6.494617248525048
2018-05-22,6.5317524791190005
2018-05-23,6.564681725152979
2018-05-24,6.599642855992521
2018-05-25,6.646989486623243
2018-05-28,6.718618375342971
2018-05-29,6.795668660721712
2018-05-30,6.884465600624971
2018-05-31,6.974335597412837
2018-06-01,7.076956866863743
2018-06-04,7.182915632544699
2018-06-05,7.284898568459419
2018-06-06,7.386825609656785
2018-06-07,7.490673283186332
2018-06-08,7.601628612263678
2018-06-11,7.7152944772029715
2018-06-12,7.826816091503369
2018-06-13,7.93883802684722
2018-06-14,8.055947028101508
2018-06-15,8.185190964194529
2018-06-19,8.329554861251019
2018-06-20,8.469743854473606
2018-06-21,8.61126493071599
2018-06-22,8.752877523234488
2018-06-25,8.89617404731922
2018-06-26,9.042857337675999
2018-06-27,9.192087192570884
2018-06-28,9.347294539405953
2018-06-29,9.495482316524354
2018-07-02,9.64015548475419
2018-07-03,9.788162733729482
2018-07-04,9.936597236073212
2018-07-05,10.087374196983161
2018-07-06,10.238181351178829
2018-07-09,10.38089019453662
2018-07-10,10.500109133625864
2018-07-11,10.62582843673579
2018-07-12,10.74490994998162
2018-07-13,10.863232045253481
2018-07-16,10.986947159337934
2018-07-17,11.115728506660908
2018-07-18,11.24289015006952
2018-07-19,11.375066558754211
2018-07-20,11.507539040266513
2018-07-23,11.631078026583001
2018-07-24,11.752236304565463
2018-07-25,11.873825473200053
2018-07-26,12.000202797661759
2018-07-27,12.133754525836808
2018-07-30,12.274001777819057
2018-07-31,12.417562941131276
2018-08-01,12.561695619174978
2018-08-02,12.713701710664163
2018-08-03,12.865697372444664
2018-08-06,13.024790444540432
2018-08-07,13.182396755184467
2018-08-08,13.344312736108726
2018-08-09,13.503218757054103
2018-08-10,13.662977274515296
2018-08-13,13.803169261328238
2018-08-14,13.93645754256518
2018-08-15,14.080665840574769
2018-08-16,14.22863214562642
2018-08-17,14.364414867326666
2018-08-20,14.501237648618975
2018-08-21,14.619674545284635
2018-08-22,14.740172972756124
2018-08-23,14.866439491447348
2018-08-24,14.99705463713025
2018-08-27,15.124879752577064
2018-08-28,15.250104460481452
2018-08-29,15.357962894479925
2018-08-30,15.46483571223778
2018-08-31,15.57345626850498
2018-09-03,15.685253252979997
2018-09-04,15.800741835299672
2018-09-05,15.917534002962563
2018-09-06,16.0364117322094
2018-09-07,16.154642540289498
2018-09-10,16.26427157046713
2018-09-11,16.37358882472268
2018-09-12,16.486653700398143
2018-09-13,16.59815059553789
2018-09-14,16.712947698093327
2018-09-17,16.832461488636415
2018-09-18,16.926869951458727
2018-09-19,17.013404323989935
2018-09-20,17.097863059497676
2018-09-21,17.176538619525
2018-09-25,17.26270321015325
2018-09-26,17.353536116050957
2018-09-27,17.45253029899141
2018-09-28,17.554898453482856
2018-10-08,17.668597932689533
2018-10-09,17.78589914784451
2018-10-10,17.91330868868706
2018-10-11,18.050105480836603
2018-10-12,18.19395299729826
2018-10-15,18.34627182637473
2018-10-16,18.48836286214651
2018-10-17,18.6320595178572
2018-10-18,18.775285372145653
2018-10-19,18.91681905503337
2018-10-22,19.04155466191672
2018-10-23,19.171582570664867
2018-10-24,19.304769147795135
2018-10-25,19.454875168487305
2018-10-26,19.611141589368586
2018-10-29,19.772274133613788
2018-10-30,19.930639049862926
2018-10-31,20.07838721367021
2018-11-01,20.22076957096055
2018-11-02,20.33142436483369
2018-11-05,20.420968901704985
2018-11-06,20.50765179241494
2018-11-07,20.56587892092734
2018-11-08,20.621638508748195
2018-11-09,20.68388309544371
2018-11-12,20.720304786629818
2018-11-13,20.758525447798046
2018-11-14,20.797988281870822
2018-11-15,20.834414877182198
2018-11-16,20.88008942097796
2018-11-19,20.93530979025753
2018-11-20,21.020285732205007
2018-11-21,21.105914643627653
2018-11-22,21.1847460513464
2018-11-23,21.269069647137204
2018-11-26,21.355292110416386
2018-11-27,21.436909909006445
2018-11-28,21.52587243229413
2018-11-29,21.608698217146124
2018-11-30,21.694433888882585
2018-12-03,21.780012274674263
2018-12-04,21.8777300158435
2018-12-05,21.973401729493734
2018-12-06,22.060446048317196
2018-12-07,22.143295385601895
2018-12-10,22.22923820322308
2018-12-11,22.31709452962482
2018-12-12,22.39251930725041
2018-12-13,22.46988245855593
2018-12-14,22.54702567827027
2018-12-17,22.583440215195477
2018-12-18,22.621815342733555
2018-12-19,22.680791819462005
2018-12-20,22.739651007131044
2018-12-21,22.804118095790592
2018-12-24,22.877633765750357
2018-12-25,22.961923450276227
2018-12-26,23.034859485818643
2018-12-27,23.114551861975485
2018-12-28,23.19584985824293
2019-01-02,23.27684620289471
2019-01-03,23.364424259048008
2019-01-04,23.459807092656742
2019-01-07,23.546744487565693
2019-01-08,23.618420278203878
2019-01-09,23.67203780712588
2019-01-10,23.71930607862785
2019-01-11,23.772898084989276
2019-01-14,23.814233373387673
2019-01-15,23.841632927204287
2019-01-16,23.87376270943519
2019-01-17,23.90406624455047
2019-01-18,23.91850297735203
2019-01-21,23.926153857031274
2019-01-22,23.941640420237967
2019-01-23,23.95796472771247
2019-01-24,23.972494024368437
2019-01-25,24.001866420065138
2019-01-28,24.030674254464547
2019-01-29,24.063337131092602
2019-01-30,24.099653024659098
2019-01-31,24.144473791409386
2019-02-01,24.17773418250869
2019-02-11,24.20289424913578
2019-02-12,24.22697664413442
2019-02-13,24.238038369312836
2019-02-14,24.243933023608204
2019-02-15,24.25909899184571
2019-02-18,24.265371115187474
2019-02-19,24.268245447691257
2019-02-20,24.268854561008116
2019-02-21,24.25097303959787
2019-02-22,24.219518732559987
2019-02-25,24.16109020440498
2019-02-26,24.08296298469412
2019-02-27,24.007097921082515
2019-02-28,23.922330406193268
2019-03-01,23.837696900234718
2019-03-04,23.752332773456473
2019-03-05,23.66085581370222
2019-03-06,23.56494478045868
2019-03-07,23.452107674480278
2019-03-08,23.338819158854534
2019-03-11,23.224019534996053
2019-03-12,23.101314916491493
2019-03-13,22.979036011412006
2019-03-14,22.84276400319188
2019-03-15,22.70312346413394
2019-03-18,22.567274149790855
2019-03-19,22.433380860919165
2019-03-20,22.294236281446814
2019-03-21,22.166465059066056
2019-03-22,22.040649663594415
2019-03-25,21.915366593657783
2019-03-26,21.774010745965725
2019-03-27,21.63219464012205
2019-03-28,21.490969440119716
2019-03-29,21.348808891364026
2019-04-01,21.21780323649561
2019-04-02,21.090862808042466
2019-04-03,20.967364672349035
2019-04-04,20.84396553748597
2019-04-08,20.722158510149153
2019-04-09,20.602815819819195
2019-04-10,20.490454386855284
2019-04-11,20.37773799052527
2019-04-12,20.261433554685038
2019-04-15,20.141894164194767
2019-04-16,20.022271635169457
2019-04-17,19.903647488110142
2019-04-18,19.781954653805258
2019-04-19,19.6592909752287
2019-04-22,19.547180960515277
2019-04-23,19.430163369412483
2019-04-24,19.30872151324836
2019-04-25,19.18405581646709
2019-04-26,19.06209558422798
2019-04-29,18.93038800542628
2019-04-30,18.79720397654431
2019-05-06,18.634180417074866
2019-05-07,18.470108759285655
2019-05-08,18.30505989679427
2019-05-09,18.139096835180666
2019-05-10,17.978804520961127
2019-05-13,17.82495108591271
2019-05-14,17.670099253826383
2019-05-15,17.528457162047236
2019-05-16,17.391199472602786
2019-05-17,17.24438337408725
2019-05-20,17.092355121437166
2019-05-21,16.952505695668673
2019-05-22,16.813078969841232
2019-05-23,16.675223411348654
2019-05-24,16.535690439665743
2019-05-27,16.400051408294743
2019-05-28,16.26488893025219
2019-05-29,16.129200433118008
2019-05-30,15.988304754280081
2019-05-31,15.857043302870478
2019-06-03,15.72466133539493
2019-06-04,15.589153957434355
2019-06-05,15.450687700133646
2019-06-06,15.303758021156849
2019-06-10,15.155883746358773
2019-06-11,15.017983848587008
2019-06-12,14.87948774429299
2019-06-13,14.742665719939732
2019-06-14,14.604199956939198
2019-06-17,14.464334684033007
2019-06-18,14.32688723070359
2019-06-19,14.196561125940553
2019-06-20,14.067896273167783
2019-06-21,13.948591039223185
2019-06-24,13.831356254921747
2019-06-25,13.708576466824164
2019-06-26,13.58769939294091
2019-06-27,13.465109777090431
2019-06-28,13.336774126343675
2019-07-01,13.211196647933058
2019-07-02,13.0857233673392
2019-07-03,12.95813631284159
2019-07-04,12.8294533786602
2019-07-05,12.701030755545812
2019-07-08,12.569057861575503
2019-07-09,12.438074388609609
2019-07-10,12.307602871261913
2019-07-11,12.183121651455592
2019-07-12,12.059314142072473
2019-07-15,11.940339769954795
2019-07-16,11.822334256038918
2019-07-17,11.71052438862553
2019-07-18,11.5922538132446
2019-07-19,11.475823122420174
2019-07-22,11.351454715090727
2019-07-23,11.22698157547798
2019-07-24,11.108303550355263
2019-07-25,10.992736549225953
2019-07-26,10.878890402506304
2019-07-29,10.772244054657689
2019-07-30,10.677798995260684
2019-07-31,10.58884972365141
2019-08-01,10.49752723365077
2019-08-02,10.41244708203489
2019-08-05,10.330415386435572
2019-08-06,10.23778880824423
2019-08-07,10.157015814002003
2019-08-08,10.075671308351758
2019-08-09,9.9890708000711
2019-08-12,9.904092189307676
2019-08-13,9.81262191616836
2019-08-14,9.725185976480162
2019-08-15,9.622953000591853
2019-08-16,9.522973812176321
2019-08-19,9.433552124158847
2019-08-20,9.344237742844271
2019-08-21,9.25492764784792
2019-08-22,9.166264577111374
2019-08-23,9.076241884483146
2019-08-26,8.983603824414137
2019-08-27,8.899058422756916
2019-08-28,8.811190109548395
2019-08-29,8.71778930058505
2019-08-30,8.622964798436914
2019-09-02,8.535329746216714
2019-09-03,8.45016044401816
2019-09-04,8.370589884820943
2019-09-05,8.298240679128156
2019-09-06,8.22689831831074
2019-09-09,8.158252957857657
2019-09-10,8.091605612108788
2019-09-11,8.042685956517435
2019-09-12,7.994007651127327
2019-09-16,7.935287574802529
2019-09-17,7.870899161753168
2019-09-18,7.8040417688478785
2019-09-19,7.733091625588579
2019-09-20,7.661476521547925
2019-09-23,7.590527731793841
2019-09-24,7.5225703725196205
2019-09-25,7.451163533363689
2019-09-26,7.374005267205207
2019-09-27,7.294147268151726
2019-09-30,7.213140468399161
2019-10-08,7.135286607717897
2019-10-09,7.057773397712289
2019-10-10,6.988750337570947
2019-10-11,6.9235248405641805
2019-10-14,6.858182936368483
2019-10-15,6.796245212123949
2019-10-16,6.739012072548121
2019-10-17,6.677530536804565
2019-10-18,6.611545511611717
2019-10-21,6.54869645958382
2019-10-22,6.492070241198747
2019-10-23,6.432946629421661
2019-10-24,6.370768087511829
2019-10-25,6.312153423489223
2019-10-28,6.250120867779254
2019-10-29,6.186704403620291
2019-10-30,6.119364756680578
2019-10-31,6.049883289793604
2019-11-01,5.980579604961538
2019-11-04,5.9175910778595835
2019-11-05,5.858282170537906
2019-11-06,5.797535987728769
2019-11-07,5.74034692469737
2019-11-08,5.687075661951447
2019-11-11,5.621006532369043
2019-11-12,5.554949721219813
2019-11-13,5.49168257772609
2019-11-14,5.432062141828068
2019-11-15,5.379354379249092
2019-11-18,5.328771950831026
2019-11-19,5.289504634155523
2019-11-20,5.259438180464327
2019-11-21,5.22693409991501
2019-11-22,5.197732252007552
2019-11-25,5.167739334360274
2019-11-26,5.145914479158308
2019-11-27,5.129608820161528
2019-11-28,5.124635876004859
2019-11-29,5.141065209643708
2019-12-02,5.146082667646924
2019-12-03,5.150780822865079
2019-12-04,5.1709641403037345
2019-12-05,5.178578846421347
2019-12-06,5.182805745419875
2019-12-09,5.170141686759809
2019-12-10,5.156758627128066
2019-12-11,5.1421636427558735
2019-12-12,5.12592538308914
2019-12-13,5.108493115072174
2019-12-16,5.084977059222981
2019-12-17,5.060629406587924
2019-12-18,5.055114180360933
2019-12-19,5.057553557117241
2019-12-20,5.055834110704782
2019-12-23,5.038928402901968
2019-12-24,5.023719699499416
2019-12-25,5.000468735172142
2019-12-26,4.9724825162906185
2019-12-27,4.944108319723548
2019-12-30,4.920370060548288
2019-12-31,4.887552628130975
2020-01-02,4.8542913912228425
2020-01-03,4.821344730020685
2020-01-06,4.7840395304121985
2020-01-07,4.7460293947866985
2020-01-08,4.711293003810566
2020-01-09,4.670676791996042
2020-01-10,4.630085486642671
2020-01-13,4.596363381897955
2020-01-14,4.5692734583491665
2020-01-15,4.5495354843654825
2020-01-16,4.532246526224263
2020-01-17,4.525357585370956
2020-01-20,4.520579067139683
2020-01-21,4.5335897923198445
2020-01-22,4.541010126457153
2020-01-23,4.587146130144708
2020-02-03,4.596636055866313
2020-02-04,4.603130424783575
2020-02-05,4.621035701470008
2020-02-06,4.638202459843296
2020-02-07,4.662407278607548
2020-02-10,4.690921766181487
2020-02-11,4.712165716117912
2020-02-12,4.736628634776457
2020-02-13,4.772717190973801
2020-02-14,4.812844341317876
2020-02-17,4.845541525952111
2020-02-18,4.879230192843814
2020-02-19,4.925315243776699
2020-02-20,4.976314287509243
2020-02-21,5.021031579608563
2020-02-24,5.067916269315677
2020-02-25,5.116365268929026
2020-02-26,5.17687247647943
2020-02-27,5.2291760503227644
2020-02-28,5.263181658859005
2020-03-02,5.299863406068014
2020-03-03,5.341868423299393
2020-03-04,5.397044973684353
2020-03-05,5.457324392763672
2020-03-06,5.497399428336349
2020-03-09,5.522262722644873
2020-03-10,5.546787482710565
2020-03-11,5.576084262059304
2020-03-12,5.595965521851781
2020-03-13,5.603047539283337
2020-03-16,5.591605904011786
2020-03-17,5.5676867692918774
2020-03-18,5.539601679860326
2020-03-19,5.515180068632323
2020-03-20,5.502078222607495
2020-03-23,5.487767002496967
2020-03-24,5.473445984116598
2020-03-25,5.46532179916842
2020-03-26,5.447812483676074
2020-03-27,5.43007636695561
2020-03-30,5.4161860625551315
2020-03-31,5.399959602047129
2020-04-01,5.381590952938595
2020-04-02,5.3503405606782355
2020-04-03,5.313411911026632
2020-04-07,5.285261133155284
2020-04-08,5.25288916777545
2020-04-09,5.221008472971613
2020-04-10,5.178452633113432
2020-04-13,5.134587793808335
2020-04-14,5.106962350365511
2020-04-15,5.0882118242065015
2020-04-16,5.0637010787856855
2020-04-17,5.0489984514184405
2020-04-20,5.03694218415552
2020-04-21,5.007260492323065
2020-04-22,4.977617925700526
2020-04-23,4.952039296258434
2020-04-24,4.9240694121896995
2020-04-27,4.894095279659146
2020-04-28,4.857712966144905
2020-04-29,4.825037069616128
2020-04-30,4.813241932348163
2020-05-06,4.8033246851926785
2020-05-07,4.813130288363443
2020-05-08,4.832225617256703
2020-05-11,4.85897859530943
2020-05-12,4.888378768661236
2020-05-13,4.919353622284823
2020-05-14,4.954789273328026
2020-05-15,4.982460008516625
2020-05-18,5.013242844548974
2020-05-19,5.036905315478495
2020-05-20,5.043416367360988
2020-05-21,5.033724830780718
2020-05-22,5.016957051786214
2020-05-25,5.001411942641129
2020-05-26,4.988036649559389
2020-05-27,4.982449221200775
2020-05-28,4.954818413163091
2020-05-29,4.936513164716124
2020-06-01,4.929188366622221
2020-06-02,4.925392975365502
2020-06-03,4.9123648175182275
2020-06-04,4.897732569313576
2020-06-05,4.870099062277306
2020-06-08,4.83280779453524
2020-06-09,4.797061040197437
2020-06-10,4.7552649654512384
2020-06-11,4.714526126310675
2020-06-12,4.666992270240741
2020-06-15,4.619232651704997
2020-06-16,4.572620232229282
2020-06-17,4.5390920468315565
2020-06-18,4.5056642646338885
2020-06-19,4.476297461012402
2020-06-22,4.438771691483403
2020-06-23,4.407090239641103
2020-06-24,4.367579716736644
2020-06-29,4.334623466073474
2020-06-30,4.317898009240603
2020-07-01,4.301737266286253
2020-07-02,4.303157164419569
2020-07-03,4.312522337246242
2020-07-06,4.344109917846648
2020-07-07,4.380250645764085
2020-07-08,4.414770660222375
2020-07-09,4.448730269287043
2020-07-10,4.489740815619717
2020-07-13,4.541683087588625
2020-07-14,4.590394720282365
2020-07-15,4.642468102330248
2020-07-16,4.677594176737958
2020-07-17,4.7086832247774915
2020-07-20,4.739667196310204
2020-07-21,4.779715225693556
2020-07-22,4.824332875382129
2020-07-23,4.856096603193634
2020-07-24,4.8783361892152275
2020-07-27,4.902332797419411
2020-07-28,4.931501430199902
2020-07-29,4.966003124865518
2020-07-30,5.001313179507606
2020-07-31,5.03817685270365
2020-08-03,5.083955185507625
2020-08-04,5.133536612212113
2020-08-05,5.181320432309452
2020-08-06,5.240305455735252
2020-08-07,5.306522200250712
2020-08-10,5.376654862997963
2020-08-11,5.438924590313056
2020-08-12,5.492859544746495
2020-08-13,5.549117498129377
2020-08-14,5.620508795912731
2020-08-17,5.696973466720744
2020-08-18,5.776451355220161
2020-08-19,5.847039244733964
2020-08-20,5.9144413073715185
2020-08-21,5.9808746149096566
2020-08-24,6.044618977700946
2020-08-25,6.104882202968444
2020-08-26,6.151861254920627
2020-08-27,6.204708622809657
2020-08-28,6.264195214175659
2020-08-31,6.318304730926176
2020-09-01,6.3787798651839935
2020-09-02,6.446095963955632
2020-09-03,6.512481600950545
2020-09-04,6.570263964360857
2020-09-07,6.623915129321527
2020-09-08,6.683582714846082
2020-09-09,6.72974473219265
2020-09-10,6.774243745731178
2020-09-11,6.815665689400523
2020-09-14,6.849489308044619
2020-09-15,6.883055268424745
2020-09-16,6.9214117868931995
2020-09-17,6.974333536080179
2020-09-18,7.018436153813318
2020-09-21,7.060791237443387
2020-09-22,7.097427302913553
2020-09-23,7.13238710250422
2020-09-24,7.159881186981749
2020-09-25,7.187971802085075
2020-09-28,7.2169125087413795
2020-09-29,7.2508952432417955
2020-09-30,7.285173881783958
2020-10-09,7.323970887921818
2020-10-12,7.372099558574928
2020-10-13,7.419147996581841
2020-10-14,7.466825479170896
2020-10-15,7.508891249402881
2020-10-16,7.544674990160607
2020-10-19,7.578268289878745
2020-10-20,7.608767342571052
2020-10-21,7.633912097522201
2020-10-22,7.651076565684964
2020-10-23,7.658010200543061
2020-10-26,7.666527694928762
2020-10-27,7.6569750353420885
2020-10-28,7.708941125044586
2020-10-29,7.755855061765337
2020-10-30,7.783505595297364
2020-11-02,7.801215216886335
2020-11-03,7.820512349290939
2020-11-04,7.835268579820269
2020-11-05,7.8578756344129825
2020-11-06,7.872543081208352
2020-11-09,7.881885607430771
2020-11-10,7.8844610700508095
2020-11-11,7.876956947888396
2020-11-12,7.8660095919413875
2020-11-13,7.846745748270723
2020-11-16,7.823719167385413
2020-11-17,7.796748545122463
2020-11-18,7.7665754490385215
2020-11-19,7.743019931086245
2020-11-20,7.716423347959403
2020-11-23,7.6993280739274255
2020-11-24,7.716387450164791
2020-11-25,7.720475174979663
2020-11-26,7.708665150995656
2020-11-27,7.695675231707136
2020-11-30,7.675709956780793
2020-12-01,7.6667544178607185
2020-12-02,7.685217277916506
2020-12-03,7.703459015261375
2020-12-04,7.718056246721323
2020-12-07,7.750182447484191
2020-12-08,7.80763488716365
2020-12-09,7.872284805822888
2020-12-10,7.9458518851087145
2020-12-11,8.014649644402041
2020-12-14,8.088776675224606
2020-12-15,8.156062886373672
2020-12-16,8.236312314420458
2020-12-17,8.315369467537959
2020-12-18,8.38968657618641
2020-12-21,8.47091234469075
2020-12-22,8.550982041294438
2020-12-23,8.632685138332343
2020-12-24,8.71249432237728
2020-12-25,8.79222571616559
2020-12-28,8.873225896636946
2020-12-29,8.953721593129744
2020-12-30,9.02063904054511
2020-12-31,9.089900912275711
2021-01-04,9.16049126499867
2021-01-05,9.245107759354951
2021-01-06,9.338128652313074
2021-01-07,9.422514531161516
2021-01-08,9.503039185138269
2021-01-11,9.581147858504965
2021-01-12,9.646777167258717
2021-01-13,9.71240647601247
2021-01-14,9.789787318276352
2021-01-15,9.85866553624854
2021-01-18,9.929856464423745
2021-01-19,10.010996520229453
2021-01-20,10.096141349687922
2021-01-21,10.202390220363307
2021-01-22,10.307105636997766
2021-01-25,10.395007125307604
2021-01-26,10.471499322973541
2021-01-27,10.53675776929666
2021-01-28,10.588570023194894
2021-01-29,10.627021977437282
2021-02-01,10.666031037707528
2021-02-02,10.705221855598975
2021-02-03,10.744793524031987
2021-02-04,10.776671284836052
2021-02-05,10.805944818016513
2021-02-08,10.835734612764126
2021-02-09,10.882431555536453
2021-02-10,10.940559575717586
2021-02-18,11.01771858359855
2021-02-19,11.096294415877983
2021-02-22,11.174928508818178
2021-02-23,11.249445031556121
2021-02-24,11.331033503365129
2021-02-25,11.409543251125248
2021-02-26,11.460822747957208
2021-03-01,11.508772123637641
2021-03-02,11.55709941903345
2021-03-03,11.609774143180404
2021-03-04,11.664686169279879
2021-03-05,11.718863371142449
2021-03-08,11.770703751878326
2021-03-09,11.815489568963502
2021-03-10,11.853521397270985
2021-03-11,11.897652888583211
2021-03-12,11.939608602787642
2021-03-15,11.976885219385107
2021-03-16,12.005106911621294
2021-03-17,12.028953967589029
2021-03-18,12.04907318903809
2021-03-19,12.065761264389456
2021-03-22,12.085343241257648
2021-03-23,12.106553824851991
2021-03-24,12.125886161489083
2021-03-25,12.126558991033498
2021-03-26,12.13126162053056
2021-03-29,12.116913854801735
2021-03-30,12.096433785793986
2021-03-31,12.03707258115326
2021-04-01,11.970436521839762
2021-04-02,11.90213054225782
2021-04-06,11.822786480698966
2021-04-07,11.73632042835009
2021-04-08,11.647383034228506
2021-04-09,11.558634404390482
2021-04-12,11.470933769834344
2021-04-13,11.410028108390462
2021-04-14,11.354296843354733
2021-04-15,11.2920623847844
2021-04-16,11.223617896813334
2021-04-19,11.147820906543103
2021-04-20,11.087550815685226
2021-04-21,11.046740549620798
2021-04-22,11.004446673637647
2021-04-23,10.956363352605058
2021-04-26,10.894432558920919
2021-04-27,10.830160577512396
2021-04-28,10.767651325173361
2021-04-29,10.6959778257843
2021-04-30,10.622521715327201
2021-05-06,10.552613406783973
2021-05-07,10.479880427428352
2021-05-10,10.413475822488708
2021-05-11,10.335851236852003
2021-05-12,10.271055020360263
2021-05-13,10.229016082705039
2021-05-14,10.19082167096091
2021-05-17,10.14804682989597
2021-05-18,10.09482767845365
2021-05-19,10.032599467146596
2021-05-20,9.982823923116756
2021-05-21,9.940018030639681
2021-05-24,9.892936400052156
2021-05-25,9.851030778169902
2021-05-26,9.803827636476898
2021-05-27,9.77180464160773
2021-05-28,9.742411016327388
2021-05-31,9.696401193096113
2021-06-01,9.642818556417412
2021-06-02,9.591984624366722
2021-06-03,9.543041569141609
2021-06-04,9.494069967271582
2021-06-07,9.453888415697048
2021-06-08,9.420073430787372
2021-06-09,9.386443556179099
2021-06-10,9.37757511677527
2021-06-11,9.382078444918985
2021-06-15,9.385110004482424
2021-06-16,9.375959265848142
2021-06-17,9.364020241288861
2021-06-18,9.354299666799527
2021-06-21,9.338516982694427
2021-06-22,9.313092172263929
2021-06-23,9.291037739448539
2021-06-24,9.281773448413633
2021-06-25,9.278439913117422
2021-06-28,9.293276072132768
2021-06-29,9.304779019775575
2021-06-30,9.32461866764535
2021-07-01,9.334116888501798
2021-07-02,9.352034980718841
2021-07-05,9.357166836464627
2021-07-06,9.34148431615916
2021-07-07,9.326953170998644
2021-07-08,9.314917250551789
2021-07-09,9.306925720616848
2021-07-12,9.319334192664723
2021-07-13,9.338650048813257
2021-07-14,9.358639275885203
2021-07-15,9.37634425889347
2021-07-16,9.404128056033006
2021-07-19,9.430058854101546
2021-07-20,9.463689396082856
2021-07-21,9.496849357374854
2021-07-22,9.506682499961595
2021-07-23,9.51576498770631
2021-07-26,9.526481877252111
2021-07-27,9.538588960655014
2021-07-28,9.529708130403312
2021-07-29,9.522930136392628
2021-07-30,9.505126844441342
2021-08-02,9.4982403454285
2021-08-03,9.479422207663527
2021-08-04,9.468893158120073
2021-08-05,9.468952741154421
2021-08-06,9.471506906577805
2021-08-09,9.484816874815712
2021-08-10,9.49503815839844
2021-08-11,9.512956980412532
2021-08-12,9.533679775413402
2021-08-13,9.553995740241172
2021-08-16,9.568008272833946
2021-08-17,9.558784764054964
2021-08-18,9.53291711343931
2021-08-19,9.52067570518603
2021-08-20,9.519863255326873
2021-08-23,9.524417388999245
2021-08-24,9.530972857959293
2021-08-25,9.535577331456343
2021-08-26,9.530545730664327
2021-08-27,9.52536326674955
2021-08-30,9.523514524249853
2021-08-31,9.511815741195695
2021-09-01,9.48537490596242
2021-09-02,9.473824854614364
2021-09-03,9.467263664258228
2021-09-06,9.47750856289493
2021-09-07,9.495416132287973
2021-09-08,9.516733283739569
2021-09-09,9.535470414818771
2021-09-10,9.554433562129201
2021-09-13,9.576273145608212
2021-09-14,9.590082728990723
2021-09-15,9.607028697707223
2021-09-16,9.610065989332151
2021-09-17,9.608768019397651
2021-09-22,9.608814679068619
2021-09-23,9.61550291629812
2021-09-24,9.620694329344799
2021-09-27,9.613728114448813
2021-09-28,9.598830258038424
2021-09-29,9.560575231056049
2021-09-30,9.515402150405073
2021-10-08,9.467120509743463
2021-10-11,9.422448002655168
2021-10-12,9.362093680586723
2021-10-13,9.31123170882777
2021-10-14,9.2650114166725
2021-10-15,9.221105879790075
2021-10-18,9.17784971670364
2021-10-19,9.149342629057253
2021-10-20,9.115688169125253
2021-10-21,9.07678011255024
2021-10-22,9.033996962457689
2021-10-25,8.969104191347057
2021-10-26,8.908065004882687
2021-10-27,8.843120333956845
2021-10-28,8.785610032329984
2021-10-29,8.730135767315925
2021-11-01,8.69359666181672
2021-11-02,8.676662342693064
2021-11-03,8.658620438616472
2021-11-04,8.638538926510817
2021-11-05,8.616930533652466
2021-11-08,8.612685300900193
2021-11-09,8.613314634404638
2021-11-10,8.60863318598724
2021-11-11,8.592885041609126
2021-11-12,8.571802502285989
2021-11-15,8.52527338707557
2021-11-16,8.474336493635091
2021-11-17,8.412954138605098
2021-11-18,8.35591059154521
2021-11-19,8.316175363458731
2021-11-22,8.284755283719564
2021-11-23,8.280322368194962
2021-11-24,8.274699190698053
2021-11-25,8.27301305893758
2021-11-26,8.263389409590426
2021-11-29,8.257041760943554
2021-11-30,8.260925928412169
2021-12-01,8.270347240120348
2021-12-02,8.306563413872565
2021-12-03,8.347859863501256
2021-12-06,8.386064245435106
2021-12-07,8.41732258453283
2021-12-08,8.45429017671157
2021-12-09,8.495268918383589
2021-12-10,8.540834883765653
2021-12-13,8.584009802462738
2021-12-14,8.635223965590107
2021-12-15,8.676749883013589
2021-12-16,8.723094421851393
2021-12-17,8.771758551213122
2021-12-20,8.821683481304522
2021-12-21,8.862634072787436
2021-12-22,8.911043477800431
2021-12-23,8.963973171813372
2021-12-24,9.035451902156835
2021-12-27,9.107104365488954
2021-12-28,9.176783657344059
2021-12-29,9.250209175854513
2021-12-30,9.332170715293499
2021-12-31,9.409253385300447
2022-01-04,9.48808889814299
2022-01-05,9.563268743324087
2022-01-06,9.62648144048016
2022-01-07,9.686432624403837
2022-01-10,9.74694938435607
2022-01-11,9.802372922783407
2022-01-12,9.854810112329442
2022-01-13,9.89574962750051
2022-01-14,9.927206634399592
2022-01-17,9.957560327734095
2022-01-18,9.991157229534563
2022-01-19,10.020122706907099
2022-01-20,10.050066915402745
2022-01-21,10.072465667066842
2022-01-24,10.094784761227478
2022-01-25,10.103993489688905
2022-01-26,10.107417084805887
2022-01-27,10.097689599482075
2022-01-28,10.082760532284516
2022-02-07,10.07733389248959
2022-02-08,10.06181317421907
2022-02-09,10.042315998339559
2022-02-10,10.015702387264703
2022-02-11,9.990178099127135
2022-02-14,9.974442032589044
2022-02-15,9.96232443872274
2022-02-16,9.940868310816967
2022-02-17,9.91538994063295
2022-02-18,9.89152686574588
2022-02-21,9.864111908969468
2022-02-22,9.845747752425755
2022-02-23,9.815069876967554
2022-02-24,9.790849166414596
2022-02-25,9.774391620786238
2022-02-28,9.764184765662941
2022-03-01,9.750962722694767
2022-03-02,9.738440749990312
2022-03-03,9.72334146524224
2022-03-04,9.706908355250574
2022-03-07,9.698856406190686
2022-03-08,9.706780388518286
2022-03-09,9.729213206574157
2022-03-10,9.744977589926455
2022-03-11,9.767516132262273
2022-03-14,9.794858861026324
2022-03-15,9.848857916212369
2022-03-16,9.90673626287289
2022-03-17,9.953663879358654
2022-03-18,10.007139207204943
2022-03-21,10.060444819316778
2022-03-22,10.104552443182413
2022-03-23,10.147843370933913
2022-03-24,10.181202798349002
2022-03-25,10.219849781750124
2022-03-28,10.260807166794793
2022-03-29,10.307036803704069
2022-03-30,10.343532779298275
2022-03-31,10.38786539166336
2022-04-01,10.44481246116003
2022-04-06,10.503408724132715
2022-04-07,10.565515336195986
2022-04-08,10.631800349542157
2022-04-11,10.696493375469478
2022-04-12,10.758942700554632
2022-04-13,10.821404789117858
2022-04-14,10.880030133243263
2022-04-15,10.936766908983756
2022-04-18,10.998013576886644
2022-04-19,11.052098987304324
2022-04-20,11.112226589013686
2022-04-21,11.182279893997904
2022-04-22,11.258942434862162
2022-04-25,11.351457537154932
2022-04-26,11.452106982850749
2022-04-27,11.56601059479491
2022-04-28,11.679411674389192
2022-04-29,11.78525293163875
2022-05-05,11.884938564460532
2022-05-06,11.996268453216722
2022-05-09,12.105295740106092
2022-05-10,12.20622596457454
2022-05-11,12.295258019254344
2022-05-12,12.379893084441651
2022-05-13,12.467219853205574
2022-05-16,12.550013594459237
2022-05-17,12.635655248556084
2022-05-18,12.716498559514589
2022-05-19,12.804367757115482
2022-05-20,12.896868804926958
2022-05-23,12.98831585698698
2022-05-24,13.080710549207623
2022-05-25,13.169750105358833
2022-05-26,13.250240604496952
2022-05-27,13.331180293166186
2022-05-30,13.414572475160508
2022-05-31,13.489519151158197
2022-06-01,13.564912919856859
2022-06-02,13.636860063959913
2022-06-06,13.701365289384166
2022-06-07,13.767880430240558
2022-06-08,13.824680543327036
2022-06-09,13.87951906870563
2022-06-10,13.920805116775536
2022-06-13,13.96200834301157
2022-06-14,14.006141096592469
2022-06-15,14.041122572384873
2022-06-16,14.078075702140078
2022-06-17,14.118674328450133
2022-06-20,14.163741717478015
2022-06-21,14.20869425848813
2022-06-22,14.260229722459348
2022-06-23,14.311675627633566
2022-06-24,14.35676132372983
2022-06-27,14.39751212206588
2022-06-28,14.43465800553059
2022-06-29,14.4811767598214
2022-06-30,14.53224294406062
2022-07-01,14.596397308987825
2022-07-04,14.660867127398964
2022-07-05,14.726197723412874
2022-07-06,14.794640824753971
2022-07-07,14.871434919881722
2022-07-08,14.943420072073435
2022-07-11,15.020880810706846
2022-07-12,15.100172283960958
2022-07-13,15.17791794825825
2022-07-14,15.246724237351348
2022-07-15,15.322047125206884
2022-07-18,15.39764387277663
2022-07-19,15.474055716473154
2022-07-20,15.552095124738363
2022-07-21,15.630248381082549
2022-07-22,15.71903799112279
2022-07-25,15.807264808438607
2022-07-26,15.893774231851381
2022-07-27,15.97297443666417
2022-07-28,16.03883336958381
2022-07-29,16.106995765043166
2022-08-01,16.17945291086414
2022-08-02,16.25950234422999
2022-08-03,16.331030283800132
2022-08-04,16.40226975049538
2022-08-05,16.469078849736718
2022-08-08,16.540104522801474
2022-08-09,16.613543753336252
2022-08-10,16.697633394761148
2022-08-11,16.77649090866634
2022-08-12,16.861962768028324
2022-08-15,16.94503115782969
2022-08-16,17.017125779308405
2022-08-17,17.087072119474275
2022-08-18,17.147335473203693
2022-08-19,17.211718125574556
2022-08-22,17.275412495094645
2022-08-23,17.34272881907633
2022-08-24,17.414827835462972
2022-08-25,17.484785746934453
2022-08-26,17.548241241597225
2022-08-29,17.59843534119018
2022-08-30,17.648304817722558
2022-08-31,17.702882282605003
2022-09-01,17.7630657951396
2022-09-02,17.822480342445274
2022-09-05,17.882175568333324
2022-09-06,17.93306945854443
2022-09-07,17.986790428864836
2022-09-08,18.036411519718822
2022-09-09,18.08952267449607
2022-09-13,18.139365672450715
2022-09-14,18.18944980054888
2022-09-15,18.24795517639784
2022-09-16,18.316084493615293
2022-09-19,18.386680737835977
2022-09-20,18.45463465539073
2022-09-21,18.523973444212423
2022-09-22,18.595857703307807
2022-09-23,18.67408075048077
2022-09-26,18.755358768939445
2022-09-27,18.833352587342542
2022-09-28,18.914690910912412
2022-09-29,18.99850952078104
2022-09-30,19.082231193124294
2022-10-10,19.171247371274905
2022-10-11,19.262442953367934
2022-10-12,19.34858802957204
2022-10-13,19.437128126896948
2022-10-14,19.522579437816447
2022-10-17,19.610034172583976
2022-10-18,19.69358371215465
2022-10-19,19.779158391502843
2022-10-20,19.867740635424667
2022-10-21,19.9646124672094
2022-10-24,20.058523639213945
2022-10-25,20.15891318391061
2022-10-26,20.255754671572525
2022-10-27,20.359794998946025
2022-10-28,20.475767579018264
2022-10-31,20.59796693222853
2022-11-01,20.710658402280686
2022-11-02,20.82029069512594
2022-11-03,20.934323323242925
2022-11-04,21.036914778628596
2022-11-07,21.1434222121314
2022-11-08,21.248917443284263
2022-11-09,21.345897419427825
2022-11-10,21.44663251170242
2022-11-11,21.543815607447996
2022-11-14,21.642208199049687
2022-11-15,21.74197074036387
2022-11-16,21.841027143842652
2022-11-17,21.932658160791195
2022-11-18,22.027078743469094
2022-11-21,22.11277999399035
2022-11-22,22.20218450658368
2022-11-23,22.29150113966406
2022-11-24,22.384950023245178
2022-11-25,22.478940976329596
2022-11-28,22.58246153336771
2022-11-29,22.67347052531909
2022-11-30,22.7461498745166
2022-12-01,22.789270765519294
2022-12-02,22.786395895717916
2022-12-05,22.78452994303084
2022-12-06,22.775940732262754
2022-12-07,22.772863631697128
2022-12-08,22.723923122301684
2022-12-09,22.663429844290988
2022-12-12,22.623403122892185
2022-12-13,22.582788141477977
2022-12-14,22.542220597176
2022-12-15,22.50608363092314
2022-12-16,22.469291211309052
2022-12-19,22.434947253312085
2022-12-20,22.398526538724468
2022-12-21,22.356402263872447
2022-12-22,22.32054050131197
2022-12-23,22.299608574571078
2022-12-26,22.275518532566647
2022-12-27,22.248077056422616
2022-12-28,22.216366869827603
2022-12-29,22.175772628172428
2022-12-30,22.124975930097584
2023-01-03,22.050773918235997
2023-01-04,21.970552800446004
2023-01-05,21.88618848156895
2023-01-06,21.80879411020846
2023-01-09,21.724598007069556
2023-01-10,21.634716850363017
2023-01-11,21.546202886341675
2023-01-12,21.440388963793087
2023-01-13,21.310448912514683
2023-01-16,21.164377996739553
2023-01-17,21.02345774497864
2023-01-18,20.88896267778906
2023-01-19,20.762052533360496
2023-01-20,20.63654732659923
2023-01-30,20.519437852843346
2023-01-31,20.3969179913323
2023-02-01,20.279128439586813
2023-02-02,20.16132271908276
2023-02-03,20.040752730053175
2023-02-06,19.92105149805485
2023-02-07,19.797971573143027
2023-02-08,19.67229463564616
2023-02-09,19.54642300981356
2023-02-10,19.416507018355237
2023-02-13,19.28800732076279
2023-02-14,19.160446109999267
2023-02-15,19.03839577666902
2023-02-16,18.9122085835044
2023-02-17,18.789722538083524
2023-02-20,18.66831684746613
2023-02-21,18.545082392001948
2023-02-22,18.418329040946546
2023-02-23,18.287168884039335
2023-02-24,18.161786928895232
2023-02-27,18.036540318041435
2023-02-28,17.913749550805743
2023-03-01,17.80529392092711
2023-03-02,17.697647903530296
2023-03-03,17.591486840262206
2023-03-06,17.47783885623992
2023-03-07,17.377767085684802
2023-03-08,17.267218515246306
2023-03-09,17.147703424407315
2023-03-10,17.04527697377348
2023-03-13,16.940166846455163
2023-03-14,16.83015337235518
2023-03-15,16.718907049591095
2023-03-16,16.607805228355826
2023-03-17,16.487659835009943
2023-03-20,16.378247816970593
2023-03-21,16.278422290216007
2023-03-22,16.18198590695057
2023-03-23,16.093586437365158
2023-03-24,16.01239779824836
2023-03-27,15.932179337285392
2023-03-28,15.857913904698421
2023-03-29,15.785820855301868
2023-03-30,15.714738335582238
2023-03-31,15.633107315510623
2023-04-03,15.551203839104323
2023-04-04,15.469440380773325
2023-04-06,15.371381259090036
2023-04-07,15.262891162443411
2023-04-10,15.152073224149868
2023-04-11,15.046948394088721
2023-04-12,14.933062146891313
2023-04-13,14.820041387018208
2023-04-14,14.709618010149775
2023-04-17,14.611468778863115
2023-04-18,14.509225149615627
2023-04-19,14.395715794018233
2023-04-20,14.281653613723584
2023-04-21,14.178652832981852
2023-04-24,14.078919220140998
2023-04-25,13.999703631263499
2023-04-26,13.914620087882046
2023-04-27,13.821107712096955
2023-04-28,13.705364148874269
2023-05-04,13.591001777719216
2023-05-05,13.473456497502898
2023-05-08,13.374646529141092
2023-05-09,13.279888519843409
2023-05-10,13.185104388651341
2023-05-11,13.092727302729239
2023-05-12,13.021430180147863
2023-05-15,12.954802388628476
2023-05-16,12.888376534481505
2023-05-17,12.822410120433071
2023-05-18,12.75197704877207
2023-05-19,12.680785703412663
2023-05-22,12.602341027516637
2023-05-23,12.523295531473277
2023-05-24,12.449435526655233
2023-05-25,12.36418227261784
2023-05-26,12.272376252913412
2023-05-29,12.186706011664008
2023-05-30,12.097633888571282
2023-05-31,12.006915818618808
2023-06-01,11.901977266081458
2023-06-02,11.795198270915247
2023-06-05,11.686022323110615
2023-06-06,11.581798104490476
2023-06-07,11.493291109616411
2023-06-08,11.409868212613983
2023-06-09,11.324072123147952
2023-06-12,11.238520622919108
2023-06-13,11.155334119868419
2023-06-14,11.062840367911662
2023-06-15,10.951558085546237
2023-06-16,10.821560865578151
2023-06-19,10.683060698878043
2023-06-20,10.550945341407388
2023-06-21,10.422528689352507
2023-06-26,10.304114717749744
2023-06-27,10.174393172984939
2023-06-28,10.04762236235548
2023-06-29,9.91723366508127
2023-06-30,9.774116081472084
2023-07-03,9.625526667724037
2023-07-04,9.476224672766358
2023-07-05,9.319994425507904
2023-07-06,9.165256003634141
2023-07-07,9.029092467617724
2023-07-10,8.897394324417744
2023-07-11,8.783862766262223
2023-07-12,8.676302337571952
2023-07-13,8.574900621069675
2023-07-14,8.468135816934627
2023-07-17,8.35448247991845
2023-07-18,8.241537458571894
2023-07-19,8.137516725908572
2023-07-20,8.033082530165602
2023-07-21,7.946349913218922
2023-07-24,7.868370829656707
2023-07-25,7.756524514109748
2023-07-26,7.649404533781219
2023-07-27,7.5656648426812705
2023-07-28,7.487179956125251
2023-07-31,7.397491314081482
2023-08-01,7.327635164634623
2023-08-02,7.260279246094429
2023-08-03,7.196504500133873
2023-08-04,7.134231062752514
2023-08-07,7.065733309612076
2023-08-08,7.023360080096485
2023-08-09,6.979303842939627
2023-08-10,6.94116402628938
2023-08-11,6.913708319352176
2023-08-14,6.889983731764125
2023-08-15,6.86866602340929
2023-08-16,6.842988118180839
2023-08-17,6.816034401792901
2023-08-18,6.783700003197307
2023-08-21,6.757526266658509
2023-08-22,6.731143733776859
2023-08-23,6.6943968065456705
2023-08-24,6.680841204972479
2023-08-25,6.679515736375653
2023-08-28,6.671338048425834
2023-08-29,6.6779289446592935
2023-08-30,6.682590489873426
2023-08-31,6.6989547940690475
2023-09-01,6.714824257460768
2023-09-04,6.7439990927292595
2023-09-05,6.778330543626797
2023-09-06,6.803059706024294
2023-09-07,6.82956002330509
2023-09-08,6.85050462820554
2023-09-11,6.8601468093029006
2023-09-12,6.864075258851348
2023-09-13,6.859893012053614
2023-09-14,6.853005009537954
2023-09-15,6.839056924460528
2023-09-18,6.816872983482695
2023-09-19,6.786994819209703
2023-09-20,6.7658034493698365
2023-09-21,6.754075741770326
2023-09-22,6.739062667187184
2023-09-25,6.728320305960545
2023-09-26,6.722909276692946
2023-09-27,6.732302079523662
2023-09-28,6.7431734653655315
2023-10-09,6.769414635896444
2023-10-10,6.798027363640966
2023-10-11,6.832142052121129
2023-10-12,6.86855812143624
2023-10-13,6.908036400719868
2023-10-16,6.957624980207475
2023-10-17,7.022506562613087
2023-10-18,7.114801235946968
2023-10-19,7.201907593535188
2023-10-20,7.283534360033122
2023-10-23,7.377958504166961
2023-10-24,7.475377555955853
2023-10-25,7.582597165353814
2023-10-26,7.695367435577716
2023-10-27,7.791087258678122
2023-10-30,7.88252844090139
2023-10-31,7.976712386495356
2023-11-01,8.081684898688522
2023-11-02,8.188300178083749
2023-11-03,8.29364676734612
2023-11-06,8.397739756947457
2023-11-07,8.498457712047694
2023-11-08,8.603085935491555
2023-11-09,8.70336334188502
2023-11-10,8.813026452851267
2023-11-13,8.922561371330605
2023-11-14,9.015880376464594
2023-11-15,9.104953752886054
2023-11-16,9.205090711585825
2023-11-17,9.308831428990938
2023-11-20,9.407930786469437
2023-11-21,9.501401949108944
2023-11-22,9.597182105201819
2023-11-23,9.69537080968058
2023-11-24,9.793970312223697
2023-11-27,9.894901127410757
2023-11-28,9.990223823439694
2023-11-29,10.087875406000324
2023-11-30,10.174642117424318
2023-12-01,10.256901193422996
2023-12-04,10.341119873914007
2023-12-05,10.415857195644483
2023-12-06,10.489258675533105
2023-12-07,10.561576164680254
2023-12-08,10.632452942998736
2023-12-11,10.691494450456297
2023-12-12,10.763519362761091
2023-12-13,10.834699728939722
2023-12-14,10.906406500385055
2023-12-15,10.982366349450293
2023-12-18,11.062424049662999
2023-12-19,11.147515459133079
2023-12-20,11.233049657295892
2023-12-21,11.322901246326852
2023-12-22,11.409164284693505
2023-12-25,11.489441458508178
2023-12-26,11.586767287980608
2023-12-27,11.700377514578404
2023-12-28,11.80164149520213
2023-12-29,11.907377202079177
2024-01-02,12.024522648077639
2024-01-03,12.144183669992984
2024-01-04,12.261247971143298
2024-01-05,12.387752909610883
2024-01-08,12.522274995122926
2024-01-09,12.657431999033431
2024-01-10,12.790540999223746
2024-01-11,12.919464273840678
2024-01-12,13.054565880661364
2024-01-15,13.191784707221707
2024-01-16,13.313104679403475
2024-01-17,13.43179347667752
2024-01-18,13.533523797578482
2024-01-19,13.635469915527473
2024-01-22,13.77060710089831
2024-01-23,13.928411502432118
2024-01-24,14.080213636921819
2024-01-25,14.208414627696273
2024-01-26,14.32878381964417
2024-01-29,14.448744481845209
2024-01-30,14.572497483462563
2024-01-31,14.700343216590031
2024-02-01,14.815141510258925
2024-02-02,14.93952046158324
2024-02-05,15.070521695523931
2024-02-06,15.16752239234057
2024-02-07,15.236576283669761
2024-02-08,15.282516334774755
2024-02-19,15.336362539955164
2024-02-20,15.38795277336433
2024-02-21,15.422582710706562
2024-02-22,15.458973898502286
2024-02-23,15.49823405354105
2024-02-26,15.531321548056738
2024-02-27,15.559186457107993
2024-02-28,15.581248187465055
2024-02-29,15.61604505918268
2024-03-01,15.65417668074742
2024-03-04,15.691762088528892
2024-03-05,15.71528679535612
2024-03-06,15.728243517102543
2024-03-07,15.734323060209151
2024-03-08,15.745083819335182
2024-03-11,15.752149728588508
2024-03-12,15.755016601388661
2024-03-13,15.765732512998422
2024-03-14,15.797696027858604
2024-03-15,15.84627065590686
2024-03-18,15.893883998035813
2024-03-19,15.934620976980732
2024-03-20,15.964129601086299
2024-03-21,15.978011864742037
2024-03-22,16.00676339740569
2024-03-25,16.033410991813096
2024-03-26,16.064382195133234
2024-03-27,16.114061465753675
2024-03-28,16.171563703073282
2024-03-29,16.2310005696055
2024-04-01,16.285176393256982
2024-04-02,16.335030862702503
2024-04-03,16.372415524520893
2024-04-08,16.413259646545125
2024-04-09,16.446841486790134
2024-04-10,16.48042742775023
2024-04-11,16.511937258111963
2024-04-12,16.546461436809174
2024-04-15,16.580136152633955
2024-04-16,16.61766205596405
2024-04-17,16.650497387075216
2024-04-18,16.67682865068152
2024-04-19,16.693781464519603
2024-04-22,16.710955302579798
2024-04-23,16.762179400706746
2024-04-24,16.81467854962378
2024-04-25,16.849446393290034
2024-04-26,16.87626765587604
2024-04-29,16.910983838928967
2024-04-30,16.929852317448443
2024-05-06,16.939265508778348
2024-05-07,16.946926248298343
2024-05-08,16.967016181918083
2024-05-09,16.98615282032648
2024-05-10,16.984411437303056
2024-05-13,16.98396028018627
2024-05-14,16.97531122492743
2024-05-15,16.952246486100382
2024-05-16,16.924864528570314
2024-05-17,16.89257372574228
2024-05-20,16.862302007997158
2024-05-21,16.829896987138174
2024-05-22,16.802498631670243
2024-05-23,16.76920871212656
2024-05-24,16.734308172162415
2024-05-27,16.704136295534074
2024-05-28,16.660043658255518
2024-05-29,16.604793868232267
2024-05-30,16.58785239877085
2024-05-31,16.570997251329114
2024-06-03,16.56170376349061
2024-06-04,16.542232182477324
2024-06-05,16.522825477104128
2024-06-06,16.518677096814336
2024-06-07,16.515607138082856
2024-06-11,16.509691621043974
2024-06-12,16.49778310952359
2024-06-13,16.488898169041626
2024-06-14,16.49447861107616
2024-06-17,16.503118501134853
2024-06-18,16.50846132043386
2024-06-19,16.519818779186213
2024-06-20,16.546680866539322
2024-06-21,16.579960509240262
2024-06-24,16.620191506281394
2024-06-25,16.65778793675593
2024-06-26,16.68391569285038
2024-06-27,16.71748955865604
2024-06-28,16.74973890921431
2024-07-01,16.78148738730539
2024-07-02,16.810547838141716
2024-07-03,16.84120755658105
2024-07-04,16.861846058036434
2024-07-05,16.880240366345188
2024-07-08,16.896478246349567
2024-07-09,16.911122632701645
2024-07-10,16.921518248535612
2024-07-11,16.92019061328707
2024-07-12,16.915788023482435
2024-07-15,16.89547541317085
2024-07-16,16.862949496485328
2024-07-17,16.824855641623962
2024-07-18,16.764259007344805
2024-07-19,16.69684852505712
2024-07-22,16.63011165923051
2024-07-23,16.56835463023607
2024-07-24,16.52698993719087
2024-07-25,16.49039024745552
2024-07-26,16.45639296680146
2024-07-29,16.420947240010502
2024-07-30,16.386088552893096
2024-07-31,16.34095215843674
2024-08-01,16.299446210131755
2024-08-02,16.26474874695971
2024-08-05,16.23249074451002
2024-08-06,16.200286232237698
2024-08-07,16.164516046979468
2024-08-08,16.135843760668372
2024-08-09,16.1148695160762
2024-08-12,16.102013291751973
2024-08-13,16.07984076019741
2024-08-14,16.057164276702096
2024-08-15,16.041927174829876
2024-08-16,16.03524578937046
2024-08-19,16.019070787506397
2024-08-20,16.001862979713636
2024-08-21,15.979087745986071
2024-08-22,15.956124182107875
2024-08-23,15.936048407785176
2024-08-26,15.915232211127341
2024-08-27,15.896289064982241
2024-08-28,15.88185670627266
2024-08-29,15.865729948287425
2024-08-30,15.830911239011963
2024-09-02,15.796741299196267
2024-09-03,15.765573099984069
2024-09-04,15.736347446765354
2024-09-05,15.718533317010449
2024-09-06,15.698875300461852
2024-09-09,15.676911386185315
2024-09-10,15.653621168564216
2024-09-11,15.620422966440552
2024-09-12,15.574536119547524
2024-09-13,15.52599386476226
2024-09-18,15.47770141452164
2024-09-19,15.414882396979502
2024-09-20,15.354405877265926
2024-09-23,15.292717837927654
2024-09-24,15.206724144984427
2024-09-25,15.099962928614447
2024-09-26,15.001940523506775
2024-09-27,14.883564567883733
2024-09-30,14.77101394257539
2024-10-08,14.689258847466347
2024-10-09,14.596416586017217
2024-10-10,14.49858287311115
2024-10-11,14.38606290514901
2024-10-14,14.272379843149878
2024-10-15,14.158520220862084
2024-10-16,14.044861561962096
2024-10-17,13.932618477831623
2024-10-18,13.836633862374699
2024-10-21,13.748507445742762
2024-10-22,13.663047991855333
2024-10-23,13.589672222655897
2024-10-24,13.516297549215157
2024-10-25,13.44148052146792
2024-10-28,13.360930668467745
2024-10-29,13.285507759301982
2024-10-30,13.222930890958777
2024-10-31,13.163029789416214
2024-11-01,13.104040665985089
2024-11-04,13.048118559563523
2024-11-05,13.001626843390042
2024-11-06,12.961977995444345
2024-11-07,12.928758965429761
2024-11-08,12.901506356804923
2024-11-11,12.891691191322552
2024-11-12,12.898639897990781
2024-11-13,12.913776199554574
2024-11-14,12.923614960271866
2024-11-15,12.925982389049828
2024-11-18,12.92567389681365
2024-11-19,12.929288641865686
2024-11-20,12.935703289640186
2024-11-21,12.942481083090037
2024-11-22,12.93992606695157
2024-11-25,12.934298496194012
2024-11-26,12.926154611637816
2024-11-27,12.916109331614399
2024-11-28,12.907056840316274
2024-11-29,12.909252074158502
2024-12-02,12.91539011133516
2024-12-03,12.924243301660926
2024-12-04,12.928891670013027
2024-12-05,12.93391748392285
2024-12-06,12.944695936263631
2024-12-09,12.954188359721739
2024-12-10,12.969563510378778
2024-12-11,12.981433295689405
2024-12-12,12.998639887381048
2024-12-13,13.013377986603887
2024-12-16,13.029880181604568
2024-12-17,13.049609724387006
2024-12-18,13.06952553693208
2024-12-19,13.090458246367874
2024-12-20,13.1128705029209
2024-12-23,13.126280245614392
2024-12-24,13.136945780813795
2024-12-25,13.145072480575688
2024-12-26,13.158345684967115
2024-12-27,13.177894774402722
2024-12-30,13.199662006497306
2024-12-31,13.208924572903047
