date,Amihud@40
2017-12-22,
2017-12-25,
2017-12-26,
2017-12-27,
2017-12-28,
2017-12-29,
2018-01-02,
2018-01-03,
2018-01-04,
2018-01-05,
2018-01-08,
2018-01-09,
2018-01-10,
2018-01-11,
2018-01-12,
2018-01-15,
2018-01-16,
2018-01-17,
2018-01-18,
2018-01-19,
2018-01-22,
2018-01-23,
2018-01-24,
2018-01-25,
2018-01-26,
2018-01-29,
2018-01-30,
2018-01-31,
2018-02-01,
2018-02-02,
2018-02-05,
2018-02-06,
2018-02-07,
2018-02-08,
2018-02-09,
2018-02-12,
2018-02-13,
2018-02-14,
2018-02-22,
2018-02-23,
2018-02-26,0.08776841010963096
2018-02-27,0.0880684149734712
2018-02-28,0.08802324651304713
2018-03-01,0.08798620820964997
2018-03-02,0.0876919144723969
2018-03-05,0.08581326674942258
2018-03-06,0.083776634132892
2018-03-07,0.08282917915915698
2018-03-08,0.08267852323979615
2018-03-09,0.08067510079281466
2018-03-12,0.07448133071902772
2018-03-13,0.06939696283897784
2018-03-14,0.06662079485148902
2018-03-15,0.061911103027324284
2018-03-16,0.056267762492647255
2018-03-19,0.05518095694845893
2018-03-20,0.05154593369404409
2018-03-21,0.05004082551124959
2018-03-22,0.05095841290548436
2018-03-23,0.05082168868232273
2018-03-26,0.048123717806949816
2018-03-27,0.04859815679366962
2018-03-28,0.04617111832719378
2018-03-29,0.044940946211790296
2018-03-30,0.04288535595322848
2018-04-02,0.03661452196874059
2018-04-03,0.033634232349198635
2018-04-04,0.03391484761777704
2018-04-09,0.032171616562341396
2018-04-10,0.030167091211152852
2018-04-11,0.029027206793930213
2018-04-12,0.02776274135635282
2018-04-13,0.02448882648313177
2018-04-16,0.022856694345849814
2018-04-17,0.022926525965138757
2018-04-18,0.02243938369331212
2018-04-19,0.0217823276148039
2018-04-20,0.019626304530042507
2018-04-23,0.01844243277689798
2018-04-24,0.015784449201787624
2018-04-25,0.015270295531653108
2018-04-26,0.015288467868788808
2018-04-27,0.015252855136901741
2018-05-02,0.015472354586467906
2018-05-03,0.01500274543736889
2018-05-04,0.015167358117308764
2018-05-07,0.014837988611507476
2018-05-08,0.01510165087497242
2018-05-09,0.014937894567116538
2018-05-10,0.014706014865034589
2018-05-11,0.014383866866053462
2018-05-14,0.014860802140691413
2018-05-15,0.015247078673668165
2018-05-16,0.014703468124998368
2018-05-17,0.014113397332012488
2018-05-18,0.014068451512292773
2018-05-21,0.013840761655428488
2018-05-22,0.013961210389250684
2018-05-23,0.013240457521345306
2018-05-24,0.012800552730753773
2018-05-25,0.012529859504928418
2018-05-28,0.012279027591726473
2018-05-29,0.012580339767228593
2018-05-30,0.011959519999729988
2018-05-31,0.011714934080564428
2018-06-01,0.011249642905650085
2018-06-04,0.011303402877209507
2018-06-05,0.010544420926952592
2018-06-06,0.00950921903097995
2018-06-07,0.009504169695806896
2018-06-08,0.010403443002908566
2018-06-11,0.01027256242539218
2018-06-12,0.010611598078032108
2018-06-13,0.011579605477146093
2018-06-14,0.011436804359570032
2018-06-15,0.01209632378638259
2018-06-19,0.012196298288009708
2018-06-20,0.012773425509430293
2018-06-21,0.01274222151005936
2018-06-22,0.013693087261935211
2018-06-25,0.014040272744441166
2018-06-26,0.013630471828994567
2018-06-27,0.013818613965656465
2018-06-28,0.014171584753217946
2018-06-29,0.01509659401553268
2018-07-02,0.016265702841827837
2018-07-03,0.01695304229890595
2018-07-04,0.017249802074375927
2018-07-05,0.01768187418257862
2018-07-06,0.017938366549839577
2018-07-09,0.01862847482214628
2018-07-10,0.018319628212445923
2018-07-11,0.017848511540560705
2018-07-12,0.01893324104236946
2018-07-13,0.019237272325656526
2018-07-16,0.02008204137842595
2018-07-17,0.02102150906843547
2018-07-18,0.02071232013814854
2018-07-19,0.022438803405935258
2018-07-20,0.022530417652703277
2018-07-23,0.023209111728850998
2018-07-24,0.023340090728853652
2018-07-25,0.022982515917291536
2018-07-26,0.023564226286565775
2018-07-27,0.02355683139973684
2018-07-30,0.024208677870631298
2018-07-31,0.02566604462806236
2018-08-01,0.025428261820686953
2018-08-02,0.025677962666012508
2018-08-03,0.027111102586041443
2018-08-06,0.028507190658203018
2018-08-07,0.02908595557707495
2018-08-08,0.028511685201762144
2018-08-09,0.028321546789012032
2018-08-10,0.028604038215232497
2018-08-13,0.028515108049393268
2018-08-14,0.02933550550453639
2018-08-15,0.028969243904196015
2018-08-16,0.0282041073305927
2018-08-17,0.029803689253182362
2018-08-20,0.02962355890124453
2018-08-21,0.029684887055373803
2018-08-22,0.029717137221484172
2018-08-23,0.031103802612404592
2018-08-24,0.03087338649750746
2018-08-27,0.03156317494112513
2018-08-28,0.03115355028393329
2018-08-29,0.030503162280857043
2018-08-30,0.030417593721215455
2018-08-31,0.030674693266291575
2018-09-03,0.03086757297376064
2018-09-04,0.031237682143769024
2018-09-05,0.03146753205392597
2018-09-06,0.031122802488685153
2018-09-07,0.030828852368273332
2018-09-10,0.031560263018224795
2018-09-11,0.031295382194336696
2018-09-12,0.031306363847380544
2018-09-13,0.030121185665018323
2018-09-14,0.03023761353468026
2018-09-17,0.029992304651627447
2018-09-18,0.030186155765279044
2018-09-19,0.03131339744173087
2018-09-20,0.03111654426721861
2018-09-21,0.03107127826673058
2018-09-25,0.03170226527603832
2018-09-26,0.030581074263820507
2018-09-27,0.031724213396520894
2018-09-28,0.032365541669815
2018-10-08,0.03182707413464989
2018-10-09,0.02965185443193964
2018-10-10,0.029347936862733556
2018-10-11,0.030021884491801324
2018-10-12,0.02936948807588113
2018-10-15,0.03097004580513546
2018-10-16,0.030643118092400327
2018-10-17,0.030423581524480457
2018-10-18,0.030693571645078715
2018-10-19,0.03209285977722954
2018-10-22,0.03018124992833693
2018-10-23,0.030170088054732886
2018-10-24,0.030976650430516263
2018-10-25,0.030903775110960246
2018-10-26,0.03068537934829854
2018-10-29,0.030381489795478007
2018-10-30,0.029475803130162983
2018-10-31,0.029554434138175923
2018-11-01,0.031244467989093586
2018-11-02,0.031783105121907164
2018-11-05,0.032011032884879366
2018-11-06,0.03401330951230074
2018-11-07,0.03419680049860252
2018-11-08,0.034521960409014625
2018-11-09,0.03590389452311699
2018-11-12,0.03908973962270877
2018-11-13,0.03799829506821842
2018-11-14,0.03788896130013345
2018-11-15,0.03824346705268055
2018-11-16,0.03920528988555226
2018-11-19,0.040431911514435884
2018-11-20,0.03997577117137614
2018-11-21,0.04058740561836332
2018-11-22,0.04071165451619133
2018-11-23,0.040531937856515404
2018-11-26,0.04193563158734014
2018-11-27,0.04197896404419116
2018-11-28,0.04229456221977123
2018-11-29,0.042608200023284665
2018-11-30,0.04312092349315016
2018-12-03,0.04234211694905262
2018-12-04,0.043140475180259985
2018-12-05,0.0435332235136603
2018-12-06,0.043495967568541696
2018-12-07,0.045113529212498046
2018-12-10,0.044040531168342896
2018-12-11,0.04379756039236661
2018-12-12,0.043215694953113636
2018-12-13,0.04382891758956359
2018-12-14,0.04243538822423223
2018-12-17,0.04376876207127879
2018-12-18,0.044549799503430486
2018-12-19,0.04628310012993405
2018-12-20,0.04634607295123029
2018-12-21,0.0451860613324701
2018-12-24,0.045418270597295765
2018-12-25,0.04451612712386779
2018-12-26,0.04420041595837161
2018-12-27,0.042789125890398245
2018-12-28,0.04247953111109319
2019-01-02,0.04455401306960339
2019-01-03,0.04298987625905394
2019-01-04,0.043073563622561914
2019-01-07,0.04361959597821394
2019-01-08,0.042380914474508466
2019-01-09,0.03949918707487139
2019-01-10,0.03907004116669715
2019-01-11,0.03865222677801819
2019-01-14,0.038735953052505025
2019-01-15,0.03738552873961276
2019-01-16,0.03635877619305187
2019-01-17,0.036223510035432
2019-01-18,0.03616848681411529
2019-01-21,0.03624230445553545
2019-01-22,0.03653728664648044
2019-01-23,0.03546768584888159
2019-01-24,0.03531775824948595
2019-01-25,0.03654044347612256
2019-01-28,0.03488333839557432
2019-01-29,0.03588755874614165
2019-01-30,0.03599661530741848
2019-01-31,0.03528165684512409
2019-02-01,0.034477169162368766
2019-02-11,0.03858223529679639
2019-02-12,0.0377033835277942
2019-02-13,0.03763843589851111
2019-02-14,0.03818125019081989
2019-02-15,0.03908694216191163
2019-02-18,0.038966346216744864
2019-02-19,0.04034718655436621
2019-02-20,0.03880466245977056
2019-02-21,0.03821564373641221
2019-02-22,0.03913567404843062
2019-02-25,0.039451553956505105
2019-02-26,0.03989602498104502
2019-02-27,0.04343010559048211
2019-02-28,0.04319480324001558
2019-03-01,0.04469589709673112
2019-03-04,0.04510437038602943
2019-03-05,0.046644344509768405
2019-03-06,0.04676883354830429
2019-03-07,0.0461340788044515
2019-03-08,0.04535283549962969
2019-03-11,0.046778728384754185
2019-03-12,0.047394644984199416
2019-03-13,0.04797032168862216
2019-03-14,0.04839337821145808
2019-03-15,0.04963727905375533
2019-03-18,0.052630857042281314
2019-03-19,0.05331178078665697
2019-03-20,0.05620569517270492
2019-03-21,0.05732192660525594
2019-03-22,0.059210509412491674
2019-03-25,0.05806282413467157
2019-03-26,0.05774690085264918
2019-03-27,0.061024569903132674
2019-03-28,0.060422902313940666
2019-03-29,0.06276355107897354
2019-04-01,0.06333175927600768
2019-04-02,0.061888051353867234
2019-04-03,0.06714573025562465
2019-04-04,0.07062500849998044
2019-04-08,0.07764579402640896
2019-04-09,0.07727170882094707
2019-04-10,0.07775866274142401
2019-04-11,0.07749311678838972
2019-04-12,0.08035792199486212
2019-04-15,0.08133495934645592
2019-04-16,0.08426398980189555
2019-04-17,0.08387952341014653
2019-04-18,0.08467948766449693
2019-04-19,0.08629101718871086
2019-04-22,0.08292623708689889
2019-04-23,0.08334084477426405
2019-04-24,0.08227728046147866
2019-04-25,0.07818473585917297
2019-04-26,0.07945468005860927
2019-04-29,0.07869000968952097
2019-04-30,0.07893327046886717
2019-05-06,0.07748097295875933
2019-05-07,0.07550814069831455
2019-05-08,0.07583579724372626
2019-05-09,0.07776588641152837
2019-05-10,0.075794787632024
2019-05-13,0.07651983944655874
2019-05-14,0.07690007874105173
2019-05-15,0.07831398906908274
2019-05-16,0.07709244863321545
2019-05-17,0.07401812898640964
2019-05-20,0.07426878571288746
2019-05-21,0.07084225386590066
2019-05-22,0.07017652670357392
2019-05-23,0.06721484096473782
2019-05-24,0.06791526755637227
2019-05-27,0.06896288149186663
2019-05-28,0.06575988371008545
2019-05-29,0.06520913662752069
2019-05-30,0.061152416851136204
2019-05-31,0.060755050376793816
2019-06-03,0.06088953730721853
2019-06-04,0.05583104686954886
2019-06-05,0.05230558102517855
2019-06-06,0.04669140253338579
2019-06-10,0.04242837708618176
2019-06-11,0.04203720355435487
2019-06-12,0.042059778599419645
2019-06-13,0.039314750147988534
2019-06-14,0.037900015921343774
2019-06-17,0.033963260721932884
2019-06-18,0.03380089176184908
2019-06-19,0.0328650800895607
2019-06-20,0.031637648958095496
2019-06-21,0.032771423848289016
2019-06-24,0.031961270425606376
2019-06-25,0.03195397546954263
2019-06-26,0.03204338066514683
2019-06-27,0.031731662650275765
2019-06-28,0.0319433076647108
2019-07-01,0.03135623539296746
2019-07-02,0.03107796933478484
2019-07-03,0.03072152089673279
2019-07-04,0.03080632451379125
2019-07-05,0.029378250514266988
2019-07-08,0.030821921761762187
2019-07-09,0.028704858288897593
2019-07-10,0.027786720529085242
2019-07-11,0.02586260854392238
2019-07-12,0.026138669488033766
2019-07-15,0.026008246209379127
2019-07-16,0.025478375809752606
2019-07-17,0.026067157713153894
2019-07-18,0.02620375940843441
2019-07-19,0.026385958899664802
2019-07-22,0.027064575945510438
2019-07-23,0.027975659894288945
2019-07-24,0.027714026726149466
2019-07-25,0.02767089987230458
2019-07-26,0.027951363311485754
2019-07-29,0.028056980080759415
2019-07-30,0.02794799454188356
2019-07-31,0.027877855455644304
2019-08-01,0.028852544410149592
2019-08-02,0.029044770320730225
2019-08-05,0.031164887359649826
2019-08-06,0.03207135910098003
2019-08-07,0.03342466640663882
2019-08-08,0.03254077369376948
2019-08-09,0.03271826478140257
2019-08-12,0.032994519083135845
2019-08-13,0.03308154154922477
2019-08-14,0.033189728382376084
2019-08-15,0.03310156932468897
2019-08-16,0.03171371845253859
2019-08-19,0.03238167285461521
2019-08-20,0.032397339157758144
2019-08-21,0.032670144886010846
2019-08-22,0.03240195646985999
2019-08-23,0.03227981946486896
2019-08-26,0.03206711069027901
2019-08-27,0.03409477964528039
2019-08-28,0.033519513273102625
2019-08-29,0.033524896717299364
2019-08-30,0.03376517924722563
2019-09-02,0.03395495580440214
2019-09-03,0.034088740713656765
2019-09-04,0.03540033230891767
2019-09-05,0.03751354711812924
2019-09-06,0.037317529870433755
2019-09-09,0.03980738004097182
2019-09-10,0.03933954176102863
2019-09-11,0.039106303129173084
2019-09-12,0.04122729751252248
2019-09-16,0.042606871600707925
2019-09-17,0.040923999659761824
2019-09-18,0.03997634949171479
2019-09-19,0.04134321043019226
2019-09-20,0.0430164908475638
2019-09-23,0.04373725546621434
2019-09-24,0.043881904421201316
2019-09-25,0.04328603411107222
2019-09-26,0.043074826499303664
2019-09-27,0.04290399403868573
2019-09-30,0.042363353545729426
2019-10-08,0.04229543271518662
2019-10-09,0.04149512846012845
2019-10-10,0.039842883692550624
2019-10-11,0.04067411501258939
2019-10-14,0.04123633310064249
2019-10-15,0.041025626622559375
2019-10-16,0.039902553137096126
2019-10-17,0.039929469306075736
2019-10-18,0.039416197644539956
2019-10-21,0.04058865208543512
2019-10-22,0.04008838611976985
2019-10-23,0.04046870562243986
2019-10-24,0.040203907092820394
2019-10-25,0.040342768505821684
2019-10-28,0.03960967699255088
2019-10-29,0.03986757842483274
2019-10-30,0.037608496274705326
2019-10-31,0.037894521251287325
2019-11-01,0.036981382277055906
2019-11-04,0.0371680720945613
2019-11-05,0.036105603985444025
2019-11-06,0.03591622016969994
2019-11-07,0.034627907892603255
2019-11-08,0.0327581517645662
2019-11-11,0.03301065868386779
2019-11-12,0.031168331258473448
2019-11-13,0.030864633795925973
2019-11-14,0.031639746654726526
2019-11-15,0.02972699914387794
2019-11-18,0.029753990517438135
2019-11-19,0.030287237286306556
2019-11-20,0.030943306778477342
2019-11-21,0.02970928799859025
2019-11-22,0.02789881845840731
2019-11-25,0.0267648352975699
2019-11-26,0.026454120489074043
2019-11-27,0.0273935792013565
2019-11-28,0.027957243754809888
2019-11-29,0.027082222908569986
2019-12-02,0.02780314370361532
2019-12-03,0.02620136320429238
2019-12-04,0.026161924200019948
2019-12-05,0.02620154117320506
2019-12-06,0.02573820698812826
2019-12-09,0.02478402822362725
2019-12-10,0.026568769761576686
2019-12-11,0.026660609922453022
2019-12-12,0.026615143265137982
2019-12-13,0.02784710769219885
2019-12-16,0.027909098581768963
2019-12-17,0.02987676411443643
2019-12-18,0.03089868231483178
2019-12-19,0.030961099494035783
2019-12-20,0.030284601855578058
2019-12-23,0.030609097114840556
2019-12-24,0.030715400818406194
2019-12-25,0.03070519782086701
2019-12-26,0.03172026693799187
2019-12-27,0.032946409830760616
2019-12-30,0.03405047138260574
2019-12-31,0.033144423124354706
2020-01-02,0.03313298945660343
2020-01-03,0.03589873333610672
2020-01-06,0.037839484184643724
2020-01-07,0.038155862099938244
2020-01-08,0.03712204572975266
2020-01-09,0.04022321552900435
2020-01-10,0.04118413110971221
2020-01-13,0.04402066576306536
2020-01-14,0.04273914920211931
2020-01-15,0.04279251389322956
2020-01-16,0.041714663959827654
2020-01-17,0.044178760767938675
2020-01-20,0.045753913657639235
2020-01-21,0.04786157586454485
2020-01-22,0.048460119067498704
2020-01-23,0.0489980082805044
2020-02-03,0.05810111543712629
2020-02-04,0.06161013867223179
2020-02-05,0.059916878793051326
2020-02-06,0.05916834612125598
2020-02-07,0.05856233424821675
2020-02-10,0.05882536921305448
2020-02-11,0.058506593857673164
2020-02-12,0.05838218267351523
2020-02-13,0.05770141377860218
2020-02-14,0.05887208783560972
2020-02-17,0.06070206075326737
2020-02-18,0.05941515863748671
2020-02-19,0.058585338464767746
2020-02-20,0.05858255589671221
2020-02-21,0.05743413689581885
2020-02-24,0.057191872169495825
2020-02-25,0.05713389915151586
2020-02-26,0.05859377469845287
2020-02-27,0.06035579338386901
2020-02-28,0.06122732801946237
2020-03-02,0.060972155542028166
2020-03-03,0.0595556402047114
2020-03-04,0.057827101141556
2020-03-05,0.05793583132262758
2020-03-06,0.05860289953376509
2020-03-09,0.0560630648118187
2020-03-10,0.054549974127495855
2020-03-11,0.054049988066789366
2020-03-12,0.05605146856782395
2020-03-13,0.054751826771202085
2020-03-16,0.05564374781232206
2020-03-17,0.0521879728722707
2020-03-18,0.054570293502742444
2020-03-19,0.05480347984983469
2020-03-20,0.055861659158647096
2020-03-23,0.053473102582693686
2020-03-24,0.051963238036717534
2020-03-25,0.050848382572620796
2020-03-26,0.053044111044994464
2020-03-27,0.05175078307797705
2020-03-30,0.04614367613167052
2020-03-31,0.04690777111785363
2020-04-01,0.0497829548235635
2020-04-02,0.052195954674819744
2020-04-03,0.05355460368890967
2020-04-07,0.05510101727901506
2020-04-08,0.05615976627214706
2020-04-09,0.05596935955496356
2020-04-10,0.05525398021995516
2020-04-13,0.055766110141809475
2020-04-14,0.0562453367386426
2020-04-15,0.05972980940140047
2020-04-16,0.06576734468658027
2020-04-17,0.06377226983676718
2020-04-20,0.06738293815310117
2020-04-21,0.0704390787062277
2020-04-22,0.07381547924370663
2020-04-23,0.07253995217774446
2020-04-24,0.07456401942588037
2020-04-27,0.07617583625002516
2020-04-28,0.0758467830158195
2020-04-29,0.07580809307960883
2020-04-30,0.0757942697447253
2020-05-06,0.07640597681127083
2020-05-07,0.07590714845106938
2020-05-08,0.07542435249171645
2020-05-11,0.07698201117523283
2020-05-12,0.0773578621518018
2020-05-13,0.07698889783786926
2020-05-14,0.07656261817359046
2020-05-15,0.07407170335956807
2020-05-18,0.07411394770730373
2020-05-19,0.0727003995054296
2020-05-20,0.07346436406031238
2020-05-21,0.07302427121602849
2020-05-22,0.07402035921700294
2020-05-25,0.07409009479538375
2020-05-26,0.07416718805734887
2020-05-27,0.07143679845802753
2020-05-28,0.07305379772204708
2020-05-29,0.06992435746401379
2020-06-01,0.06644849129315263
2020-06-02,0.06535904079027642
2020-06-03,0.06470890184022854
2020-06-04,0.0639461345962905
2020-06-05,0.06246704155094487
2020-06-08,0.06285875313921052
2020-06-09,0.06425914114594537
2020-06-10,0.06631490151286491
2020-06-11,0.06506590352949432
2020-06-12,0.06313391372946227
2020-06-15,0.06161885086377412
2020-06-16,0.05555934665511883
2020-06-17,0.05581683414566941
2020-06-18,0.052346538985061024
2020-06-19,0.0517793066837739
2020-06-22,0.04986493262863912
2020-06-23,0.04939183792819805
2020-06-24,0.046848195539140595
2020-06-29,0.044777970696545995
2020-06-30,0.04466413967786988
2020-07-01,0.04472564579979487
2020-07-02,0.046221807155942714
2020-07-03,0.045274702617918786
2020-07-06,0.04506178902034284
2020-07-07,0.04588401536589554
2020-07-08,0.044910856856506844
2020-07-09,0.045352067377496516
2020-07-10,0.04769293543115102
2020-07-13,0.04790755892533545
2020-07-14,0.047439302406015606
2020-07-15,0.04772448747940229
2020-07-16,0.04908479023326542
2020-07-17,0.047521253562093226
2020-07-20,0.04835727891480856
2020-07-21,0.04915453252445128
2020-07-22,0.04979175498077255
2020-07-23,0.05068173689107757
2020-07-24,0.051311916783392184
2020-07-27,0.05054520728950672
2020-07-28,0.0494897189827565
2020-07-29,0.050368306081551247
2020-07-30,0.0494252473179805
2020-07-31,0.04940517403702016
2020-08-03,0.048980844571335704
2020-08-04,0.0490855651175072
2020-08-05,0.04875442735376677
2020-08-06,0.04898760444278293
2020-08-07,0.048489414918911795
2020-08-10,0.05159678385041549
2020-08-11,0.051624935850348844
2020-08-12,0.04947681216338211
2020-08-13,0.05055441053588112
2020-08-14,0.052491807052411715
2020-08-17,0.05324401147744757
2020-08-18,0.05195872878818795
2020-08-19,0.051098687393440784
2020-08-20,0.052690379114065204
2020-08-21,0.051132905261748345
2020-08-24,0.052226205743083766
2020-08-25,0.051756145564491596
2020-08-26,0.05285160334631914
2020-08-27,0.05161944494843094
2020-08-28,0.05188104893244615
2020-08-31,0.052229439115637495
2020-09-01,0.051423975317112854
2020-09-02,0.05190152401393809
2020-09-03,0.051927976863781956
2020-09-04,0.04886406983792176
2020-09-07,0.04946398106250366
2020-09-08,0.05238168217658103
2020-09-09,0.05305056097534594
2020-09-10,0.05083316581603132
2020-09-11,0.05189937362211503
2020-09-14,0.04961590341087908
2020-09-15,0.04990569433281902
2020-09-16,0.05079206929988068
2020-09-17,0.05238583695289334
2020-09-18,0.05278048940208261
2020-09-21,0.051496880567638806
2020-09-22,0.05190248423702508
2020-09-23,0.05203855281037768
2020-09-24,0.053625182863318965
2020-09-25,0.05288328779016785
2020-09-28,0.05396024846843831
2020-09-29,0.05419027039758539
2020-09-30,0.05493003515476594
2020-10-09,0.05814169285777793
2020-10-12,0.05679343934420188
2020-10-13,0.05384201137307308
2020-10-14,0.053807459748699764
2020-10-15,0.05487551396925227
2020-10-16,0.054214068321709
2020-10-19,0.05186351252755178
2020-10-20,0.051012623972610256
2020-10-21,0.05176990910538687
2020-10-22,0.051674922858175064
2020-10-23,0.05258387983898839
2020-10-26,0.0541122593844408
2020-10-27,0.05397337033116533
2020-10-28,0.05411143905976158
2020-10-29,0.054093661176828935
2020-10-30,0.0535247304639526
2020-11-02,0.05392040451891264
2020-11-03,0.05464984305527166
2020-11-04,0.0550495242305901
2020-11-05,0.054807347564898544
2020-11-06,0.05497430232877618
2020-11-09,0.05513137664326743
2020-11-10,0.05426066860665392
2020-11-11,0.052191404714909205
2020-11-12,0.05121560282991249
2020-11-13,0.05181470174806955
2020-11-16,0.051656738938698675
2020-11-17,0.05356846196901896
2020-11-18,0.052711927355114756
2020-11-19,0.0518735564518054
2020-11-20,0.049818470699865836
2020-11-23,0.05005051734899725
2020-11-24,0.04992544844431577
2020-11-25,0.05048740131540461
2020-11-26,0.04909898002235351
2020-11-27,0.04741816913771522
2020-11-30,0.048022526723604825
2020-12-01,0.046331273797780084
2020-12-02,0.04758994552572204
2020-12-03,0.04658126211391365
2020-12-04,0.04287756734254327
2020-12-07,0.04215724320663048
2020-12-08,0.04308568091886658
2020-12-09,0.04482439661998321
2020-12-10,0.04490770486594262
2020-12-11,0.04506406648601954
2020-12-14,0.04600746681414743
2020-12-15,0.04586284382162438
2020-12-16,0.04410677611367696
2020-12-17,0.0441827691164986
2020-12-18,0.04206890599434655
2020-12-21,0.04077398318923908
2020-12-22,0.03978345985324118
2020-12-23,0.0409126314247261
2020-12-24,0.04010248629602142
2020-12-25,0.041556495256255245
2020-12-28,0.040903618793175306
2020-12-29,0.04149748599972935
2020-12-30,0.0411975575392899
2020-12-31,0.04008280004815864
2021-01-04,0.04041359585807427
2021-01-05,0.040401709211715306
2021-01-06,0.03906241028637573
2021-01-07,0.038406342952668836
2021-01-08,0.03875120106852288
2021-01-11,0.040277926649766704
2021-01-12,0.03936694957393428
2021-01-13,0.03792365571592918
2021-01-14,0.03746084076675485
2021-01-15,0.03659676646552695
2021-01-18,0.03683875561620025
2021-01-19,0.03632746298348492
2021-01-20,0.03632407614414946
2021-01-21,0.03625972528751486
2021-01-22,0.03601628636822366
2021-01-25,0.03512342418390897
2021-01-26,0.033639807032863685
2021-01-27,0.03367127321842254
2021-01-28,0.03148892533104463
2021-01-29,0.030527265170738716
2021-02-01,0.030458133195458873
2021-02-02,0.031340344994068396
2021-02-03,0.030615939194503484
2021-02-04,0.028271818476825167
2021-02-05,0.02744924158448585
2021-02-08,0.02675034798732466
2021-02-09,0.02575405568531509
2021-02-10,0.02698710626397145
2021-02-18,0.027948841174428325
2021-02-19,0.029015922466909257
2021-02-22,0.029188040064081808
2021-02-23,0.02913679958265674
2021-02-24,0.030249830036289196
2021-02-25,0.028863672966868044
2021-02-26,0.028893507693378694
2021-03-01,0.02965109269173847
2021-03-02,0.030315240485848848
2021-03-03,0.028641598973483572
2021-03-04,0.029528138602377314
2021-03-05,0.029690015646329275
2021-03-08,0.030071204929995817
2021-03-09,0.029204490359119734
2021-03-10,0.029457402001412815
2021-03-11,0.029621427350657144
2021-03-12,0.029715897040519315
2021-03-15,0.027036157313794842
2021-03-16,0.02753573270044572
2021-03-17,0.02887789895148848
2021-03-18,0.028183534385561832
2021-03-19,0.030406158626503386
2021-03-22,0.031232122076838894
2021-03-23,0.03211131201594976
2021-03-24,0.03295820431048645
2021-03-25,0.032873983919374905
2021-03-26,0.033800058612106366
2021-03-29,0.0354657618786199
2021-03-30,0.03702522379461672
2021-03-31,0.037967262105417364
2021-04-01,0.0386129449723011
2021-04-02,0.03879338641862599
2021-04-06,0.03896707630722073
2021-04-07,0.039016511715489255
2021-04-08,0.03894038598613685
2021-04-09,0.0399060410925078
2021-04-12,0.041078342820080355
2021-04-13,0.041303134108145095
2021-04-14,0.04221804034483654
2021-04-15,0.04090358844270089
2021-04-16,0.03995131340792591
2021-04-19,0.03967871832317186
2021-04-20,0.039328739067887426
2021-04-21,0.03970231747193345
2021-04-22,0.03926129771252396
2021-04-23,0.03950579282622293
2021-04-26,0.040181767107103014
2021-04-27,0.038417996564800445
2021-04-28,0.037741669711758054
2021-04-29,0.03782552480725507
2021-04-30,0.036624212169093444
2021-05-06,0.03710184431661275
2021-05-07,0.03594131552956617
2021-05-10,0.03584952888589539
2021-05-11,0.03625359377035929
2021-05-12,0.03591776769230915
2021-05-13,0.03532694799471482
2021-05-14,0.03539102691277995
2021-05-17,0.035685104439931774
2021-05-18,0.03404665226539012
2021-05-19,0.03432267653953464
2021-05-20,0.033343048157825364
2021-05-21,0.032055001567892566
2021-05-24,0.030314725599357845
2021-05-25,0.02969065549952405
2021-05-26,0.030085530495890453
2021-05-27,0.030361497150601192
2021-05-28,0.028830319653331188
2021-05-31,0.02716076680125932
2021-06-01,0.026322028425833206
2021-06-02,0.026402463438341503
2021-06-03,0.02623711128662593
2021-06-04,0.02569689582509921
2021-06-07,0.024871870835550727
2021-06-08,0.024389299850844502
2021-06-09,0.02397365151979049
2021-06-10,0.022600005925595263
2021-06-11,0.02254484642958924
2021-06-15,0.02165886669698493
2021-06-16,0.02162762458199226
2021-06-17,0.021643388691120934
2021-06-18,0.020823339226877867
2021-06-21,0.021656812623401526
2021-06-22,0.020917664545003496
2021-06-23,0.019949628167140424
2021-06-24,0.020222254369486395
2021-06-25,0.01989369766117376
2021-06-28,0.019439496245124026
2021-06-29,0.020148690206368367
2021-06-30,0.02068238734837554
2021-07-01,0.020728647753675538
2021-07-02,0.019881616248925756
2021-07-05,0.020384072752164577
2021-07-06,0.020203342374793168
2021-07-07,0.019588765941519974
2021-07-08,0.020975048243840836
2021-07-09,0.021021102106861863
2021-07-12,0.022126119074183187
2021-07-13,0.02179585312659296
2021-07-14,0.02183414040218364
2021-07-15,0.021388996244968105
2021-07-16,0.02128635652189711
2021-07-19,0.021194786255967643
2021-07-20,0.023331069471862354
2021-07-21,0.023444084927171403
2021-07-22,0.02225981881505275
2021-07-23,0.022467153964755855
2021-07-26,0.02347346034512196
2021-07-27,0.02354617733829078
2021-07-28,0.024397602790464823
2021-07-29,0.023659161956278447
2021-07-30,0.024131910647562507
2021-08-02,0.023710566138895727
2021-08-03,0.024539637265630916
2021-08-04,0.02572827667327561
2021-08-05,0.025277863727719466
2021-08-06,0.02531744934442201
2021-08-09,0.02759630181553637
2021-08-10,0.027751963806747736
2021-08-11,0.02822639955891739
2021-08-12,0.02986721721975977
2021-08-13,0.030598208223821793
2021-08-16,0.029623202344570058
2021-08-17,0.030837494090433213
2021-08-18,0.03247292063479585
2021-08-19,0.034187082293227186
2021-08-20,0.03386476231784076
2021-08-23,0.0353958310170805
2021-08-24,0.03716278698496348
2021-08-25,0.03679224055345968
2021-08-26,0.03749947950679531
2021-08-27,0.03787757010262856
2021-08-30,0.03909469376035155
2021-08-31,0.040654338890439706
2021-09-01,0.0435401085987258
2021-09-02,0.042199673681278034
2021-09-03,0.04282059402291969
2021-09-06,0.04223264213639964
2021-09-07,0.04205746005472353
2021-09-08,0.044613845091278005
2021-09-09,0.04634783079794399
2021-09-10,0.04624234621467322
2021-09-13,0.04484696211341184
2021-09-14,0.04286413111429811
2021-09-15,0.043262763016675386
2021-09-16,0.04327287379564565
2021-09-17,0.04307783743637222
2021-09-22,0.04451584226227413
2021-09-23,0.04521042757228293
2021-09-24,0.04821325205215821
2021-09-27,0.049708399419021686
2021-09-28,0.0497393573394393
2021-09-29,0.05059156310972422
2021-09-30,0.05120558556981218
2021-10-08,0.04962603287744955
2021-10-11,0.05150857090766835
2021-10-12,0.05314272346332108
2021-10-13,0.050437962218005714
2021-10-14,0.050347553944978606
2021-10-15,0.05044598526135968
2021-10-18,0.05116158597710052
2021-10-19,0.04991648006371017
2021-10-20,0.05061217168639693
2021-10-21,0.050057535910240085
2021-10-22,0.049645736738558335
2021-10-25,0.05132680253974681
2021-10-26,0.051095503376609855
2021-10-27,0.050514486592210514
2021-10-28,0.049307086490425624
2021-10-29,0.04918051341996386
2021-11-01,0.04937668410808544
2021-11-02,0.05099961066854733
2021-11-03,0.04875467516545392
2021-11-04,0.04960687000444075
2021-11-05,0.04743943161108276
2021-11-08,0.048285886491620245
2021-11-09,0.04800982258550368
2021-11-10,0.04904898100606444
2021-11-11,0.049097224098874834
2021-11-12,0.046723714990470004
2021-11-15,0.04564662059309542
2021-11-16,0.04471381057233409
2021-11-17,0.04765114366212696
2021-11-18,0.04990387014533663
2021-11-19,0.04967919348513925
2021-11-22,0.04971325983582399
2021-11-23,0.0484531049135049
2021-11-24,0.0460269172416781
2021-11-25,0.04541620648328484
2021-11-26,0.04301502298337556
2021-11-29,0.04385993303549246
2021-11-30,0.04346717070282007
2021-12-01,0.043057411172258586
2021-12-02,0.043008547316334536
2021-12-03,0.04497796596243623
2021-12-06,0.04348953040696256
2021-12-07,0.04198022008434966
2021-12-08,0.04281025766474189
2021-12-09,0.04401357493236758
2021-12-10,0.04659280678506008
2021-12-13,0.044789511741288694
2021-12-14,0.04576427963513657
2021-12-15,0.04477659195956231
2021-12-16,0.046536466218371285
2021-12-17,0.04893595712306416
2021-12-20,0.04724404645749248
2021-12-21,0.0487204256140488
2021-12-22,0.04860391080278502
2021-12-23,0.04820794628154102
2021-12-24,0.04895565772716341
2021-12-27,0.04899625366069316
2021-12-28,0.04887943771043126
2021-12-29,0.04993407614409255
2021-12-30,0.04941757966280386
2021-12-31,0.04919234859997481
2022-01-04,0.05027113533496895
2022-01-05,0.05080468406446438
2022-01-06,0.051206442680785585
2022-01-07,0.05469449700693619
2022-01-10,0.054390958403608226
2022-01-11,0.05451500777742189
2022-01-12,0.056176041545425145
2022-01-13,0.05400125266713933
2022-01-14,0.05348713060103138
2022-01-17,0.05700599574307977
2022-01-18,0.060318631965050454
2022-01-19,0.06112885028986777
2022-01-20,0.06396447705424259
2022-01-21,0.06575502492945358
2022-01-24,0.06525177038333399
2022-01-25,0.06294706961572619
2022-01-26,0.06298107213792388
2022-01-27,0.06421923566488429
2022-01-28,0.06533967238685247
2022-02-07,0.06879091024185699
2022-02-08,0.07194031888431444
2022-02-09,0.07325276614541745
2022-02-10,0.07311316361872336
2022-02-11,0.0720789097550539
2022-02-14,0.07184643555949728
2022-02-15,0.07301371000126117
2022-02-16,0.0734201213101532
2022-02-17,0.07382005178093363
2022-02-18,0.07473443146612652
2022-02-21,0.07295180951978815
2022-02-22,0.07112777380713727
2022-02-23,0.07016769975556342
2022-02-24,0.07078685411895738
2022-02-25,0.07121266904644005
2022-02-28,0.07310820089544944
2022-03-01,0.07576363767915112
2022-03-02,0.07558891786356033
2022-03-03,0.07548238459831301
2022-03-04,0.07410127203009695
2022-03-07,0.07950362011903878
2022-03-08,0.08312592276253929
2022-03-09,0.08805101065340896
2022-03-10,0.08812366885919702
2022-03-11,0.09012134545195974
2022-03-14,0.0950729840857701
2022-03-15,0.10275374631937122
2022-03-16,0.10587455708300532
2022-03-17,0.10611192511155701
2022-03-18,0.1054680743995577
2022-03-21,0.10355030189713316
2022-03-22,0.10730872743414349
2022-03-23,0.11434184955484443
2022-03-24,0.11229894039035909
2022-03-25,0.1148043155164729
2022-03-28,0.11704958606884665
2022-03-29,0.11818138821467926
2022-03-30,0.12000632458151309
2022-03-31,0.11918155589818294
2022-04-01,0.12180655504000217
2022-04-06,0.1191977627651786
2022-04-07,0.11728085252211674
2022-04-08,0.11865515018058936
2022-04-11,0.11959458963705602
2022-04-12,0.11946921777583056
2022-04-13,0.11874348365571188
2022-04-14,0.1168365488232153
2022-04-15,0.11537824778293834
2022-04-18,0.11576015632464741
2022-04-19,0.11299721917344284
2022-04-20,0.11112727783888754
2022-04-21,0.11104728351136668
2022-04-22,0.11244234490820759
2022-04-25,0.11232645149576118
2022-04-26,0.11454220752799579
2022-04-27,0.11291915619622588
2022-04-28,0.10985189662363411
2022-04-29,0.10826299130367394
2022-05-05,0.1069657451477604
2022-05-06,0.10657685746797946
2022-05-09,0.1028720457216788
2022-05-10,0.09719434601339554
2022-05-11,0.09366292639834028
2022-05-12,0.09173679596763058
2022-05-13,0.08673473097288101
2022-05-16,0.0832484883929202
2022-05-17,0.07543149069371709
2022-05-18,0.07342390968635344
2022-05-19,0.07446927640588452
2022-05-20,0.07513332548710268
2022-05-23,0.07599527709335763
2022-05-24,0.0696293770228796
2022-05-25,0.061868101106671895
2022-05-26,0.0639294829539961
2022-05-27,0.05945008536292257
2022-05-30,0.05936034068818779
2022-05-31,0.06027693269764832
2022-06-01,0.05899562251941678
2022-06-02,0.05877512091442939
2022-06-06,0.056692362138134424
2022-06-07,0.05647336390978966
2022-06-08,0.056770964497201926
2022-06-09,0.05378467444449419
2022-06-10,0.05239741050166932
2022-06-13,0.05406208553065894
2022-06-14,0.053883645338770096
2022-06-15,0.05594939713391464
2022-06-16,0.0573780966096287
2022-06-17,0.05673129399611036
2022-06-20,0.05862071401366741
2022-06-21,0.05976136276174222
2022-06-22,0.05981379351226707
2022-06-23,0.0593978535385897
2022-06-24,0.05949461336735318
2022-06-27,0.059033234618388115
2022-06-28,0.05938112887701792
2022-06-29,0.05953987466268994
2022-06-30,0.06181991684882579
2022-07-01,0.06503243523807979
2022-07-04,0.06727089943008452
2022-07-05,0.06534309714599211
2022-07-06,0.06837108055626352
2022-07-07,0.0674690762275672
2022-07-08,0.06744682000222554
2022-07-11,0.0697732512877431
2022-07-12,0.06996547484819432
2022-07-13,0.06950021582872633
2022-07-14,0.06884271305364503
2022-07-15,0.06693315179968581
2022-07-18,0.07012377770976343
2022-07-19,0.06840961175770598
2022-07-20,0.06953038248876152
2022-07-21,0.07128136404488421
2022-07-22,0.06965473958632631
2022-07-25,0.0700318018792664
2022-07-26,0.07046106531013688
2022-07-27,0.06849997093127821
2022-07-28,0.06823784446151085
2022-07-29,0.07074508490192052
2022-08-01,0.07162639155185506
2022-08-02,0.07029242355686904
2022-08-03,0.0683733475805717
2022-08-04,0.07095703726214359
2022-08-05,0.07501334732388387
2022-08-08,0.0754730334778514
2022-08-09,0.07541088892517549
2022-08-10,0.07427768875628644
2022-08-11,0.07380789501342899
2022-08-12,0.07565734082254108
2022-08-15,0.07905831525202714
2022-08-16,0.0778410695311173
2022-08-17,0.0797830404599701
2022-08-18,0.07931772953602656
2022-08-19,0.08004227886969777
2022-08-22,0.07949664528395632
2022-08-23,0.07994131465788826
2022-08-24,0.08021769460514788
2022-08-25,0.07913017876321825
2022-08-26,0.0783602940082178
2022-08-29,0.07819889297091098
2022-08-30,0.08004485920001449
2022-08-31,0.0794847493475334
2022-09-01,0.07807845590899712
2022-09-02,0.0795416043170701
2022-09-05,0.0827935082684635
2022-09-06,0.08394016794726071
2022-09-07,0.08584393242269645
2022-09-08,0.08582464742863719
2022-09-09,0.0860718397950518
2022-09-13,0.08264398847461378
2022-09-14,0.08381739619091462
2022-09-15,0.08371537899123276
2022-09-16,0.0855262057273443
2022-09-19,0.08493416460458715
2022-09-20,0.08520158760722496
2022-09-21,0.08244076005990242
2022-09-22,0.08298168362765687
2022-09-23,0.08579852636179527
2022-09-26,0.0824528432259975
2022-09-27,0.07905030380688001
2022-09-28,0.078675687808271
2022-09-29,0.07852523282255885
2022-09-30,0.07686549544565102
2022-10-10,0.07625664710809214
2022-10-11,0.07620455970380967
2022-10-12,0.07559252727301508
2022-10-13,0.0766195243467772
2022-10-14,0.07676793096757273
2022-10-17,0.07769945218374576
2022-10-18,0.07225486702575525
2022-10-19,0.07472124450848971
2022-10-20,0.07324084249763214
2022-10-21,0.07283157869056796
2022-10-24,0.07164682166698488
2022-10-25,0.06956111312753667
2022-10-26,0.07083061254354828
2022-10-27,0.06992628908332377
2022-10-28,0.07004243519925998
2022-10-31,0.06833964425978473
2022-11-01,0.0664667700824525
2022-11-02,0.06482832213259793
2022-11-03,0.06512648697169808
2022-11-04,0.06760968419833625
2022-11-07,0.06884784834422882
2022-11-08,0.06243190559414545
2022-11-09,0.062437923806668086
2022-11-10,0.06239246665471694
2022-11-11,0.0603122973286966
2022-11-14,0.06083985778043926
2022-11-15,0.059859741897201245
2022-11-16,0.05807270096663533
2022-11-17,0.05682091129740439
2022-11-18,0.05397858193920695
2022-11-21,0.05721503179409373
2022-11-22,0.05719023874261765
2022-11-23,0.05716638355532467
2022-11-24,0.05935207814177765
2022-11-25,0.05730994089238525
2022-11-28,0.05999546483635659
2022-11-29,0.06175312152425647
2022-11-30,0.06348346686703477
2022-12-01,0.06708123687633558
2022-12-02,0.06664929965360308
2022-12-05,0.0640290437507787
2022-12-06,0.06511999846137777
2022-12-07,0.06485501509655898
2022-12-08,0.06589977179045375
2022-12-09,0.06844036925809692
2022-12-12,0.06800780959199658
2022-12-13,0.06759722032753913
2022-12-14,0.06952666003816842
2022-12-15,0.06905547640811555
2022-12-16,0.07080882028646526
2022-12-19,0.07212271436857587
2022-12-20,0.07280576747863537
2022-12-21,0.07291170296036176
2022-12-22,0.07287218952058713
2022-12-23,0.07157178480726226
2022-12-26,0.07569140569440581
2022-12-27,0.07625947912700543
2022-12-28,0.07722987097807454
2022-12-29,0.0748503483906293
2022-12-30,0.07273560205192255
2023-01-03,0.07541601440718593
2023-01-04,0.07593591640228627
2023-01-05,0.07344319233106338
2023-01-06,0.07162978805604121
2023-01-09,0.07141438124914247
2023-01-10,0.07074863315667729
2023-01-11,0.07095133216168543
2023-01-12,0.07042766487671266
2023-01-13,0.0740930038380423
2023-01-16,0.07630405818452894
2023-01-17,0.07394572415668464
2023-01-18,0.07385737559529468
2023-01-19,0.07387497770938257
2023-01-20,0.07282741965190295
2023-01-30,0.07288047405837428
2023-01-31,0.07280348839827372
2023-02-01,0.07445455260139949
2023-02-02,0.07228360320344543
2023-02-03,0.06941038638878075
2023-02-06,0.07197121312951335
2023-02-07,0.0735768019385933
2023-02-08,0.07039827120374406
2023-02-09,0.07127164041859635
2023-02-10,0.069333848877413
2023-02-13,0.06621696987207396
2023-02-14,0.06694612185922202
2023-02-15,0.06753754432327369
2023-02-16,0.06347017697460414
2023-02-17,0.06533168356637166
2023-02-20,0.06294088421543265
2023-02-21,0.06272057432128429
2023-02-22,0.06174641577390195
2023-02-23,0.06072115468844917
2023-02-24,0.06230927569238011
2023-02-27,0.06221269956394286
2023-02-28,0.05847751582360081
2023-03-01,0.05823908167837065
2023-03-02,0.05755838192512515
2023-03-03,0.0588779914164299
2023-03-06,0.058936270069405376
2023-03-07,0.05383813560984732
2023-03-08,0.05356539502526595
2023-03-09,0.0560948833800073
2023-03-10,0.05860417391881817
2023-03-13,0.060843727231524716
2023-03-14,0.061921658481109546
2023-03-15,0.06250902409794705
2023-03-16,0.06417152249420321
2023-03-17,0.06230792804462762
2023-03-20,0.06040826285852935
2023-03-21,0.059359648837832985
2023-03-22,0.060162647193463356
2023-03-23,0.06002885400337586
2023-03-24,0.06119044450992053
2023-03-27,0.06490070156787786
2023-03-28,0.0645048349926263
2023-03-29,0.0607384676502905
2023-03-30,0.06051397993207067
2023-03-31,0.05980248809316943
2023-04-03,0.05681436075720543
2023-04-04,0.05681057877414731
2023-04-06,0.05788626299409321
2023-04-07,0.05760570039873079
2023-04-10,0.057699901293832914
2023-04-11,0.05804270507271581
2023-04-12,0.05795126561042904
2023-04-13,0.05864819739396714
2023-04-14,0.05932677030396229
2023-04-17,0.062367848031126036
2023-04-18,0.0629698096088782
2023-04-19,0.06348704935496405
2023-04-20,0.06413829932787679
2023-04-21,0.062109813712196024
2023-04-24,0.06135688637366028
2023-04-25,0.06158102126255399
2023-04-26,0.06051547335355631
2023-04-27,0.05989198632444536
2023-04-28,0.06098302718669713
2023-05-04,0.06345540605433479
2023-05-05,0.065201006961486
2023-05-08,0.06756205689795054
2023-05-09,0.06763775158258194
2023-05-10,0.06569756558330998
2023-05-11,0.06605738456833495
2023-05-12,0.06401911515433732
2023-05-15,0.06456222057339898
2023-05-16,0.06633173857904186
2023-05-17,0.06656569866469311
2023-05-18,0.06699978868759154
2023-05-19,0.06653477998752691
2023-05-22,0.06713217653192344
2023-05-23,0.0692565618038858
2023-05-24,0.06960313517526417
2023-05-25,0.06972692316647018
2023-05-26,0.06768893847525852
2023-05-29,0.06540412612238752
2023-05-30,0.06712201033501439
2023-05-31,0.07047959142143663
2023-06-01,0.07408723578916214
2023-06-02,0.07518431930522362
2023-06-05,0.07331093471631082
2023-06-06,0.0741204550178648
2023-06-07,0.07233366473117651
2023-06-08,0.07383470666370107
2023-06-09,0.07317652076719361
2023-06-12,0.07392941130743412
2023-06-13,0.07306289943285464
2023-06-14,0.07250175421044895
2023-06-15,0.06771740515389499
2023-06-16,0.0692789621037559
2023-06-19,0.06964642595988609
2023-06-20,0.06928491004632978
2023-06-21,0.0691491037753703
2023-06-26,0.0687364702174463
2023-06-27,0.07159718371601209
2023-06-28,0.0719857188864348
2023-06-29,0.07207623716932636
2023-06-30,0.07082199676305068
2023-07-03,0.06692900665368928
2023-07-04,0.06529964891776761
2023-07-05,0.06322103353344896
2023-07-06,0.06408125027114808
2023-07-07,0.06505199975497393
2023-07-10,0.06519809362577657
2023-07-11,0.06775475677047887
2023-07-12,0.06787413359989872
2023-07-13,0.06499447845538786
2023-07-14,0.06307048330920861
2023-07-17,0.06069772802971963
2023-07-18,0.06088075789325434
2023-07-19,0.05963490327491071
2023-07-20,0.05748224874743971
2023-07-21,0.05882882896891469
2023-07-24,0.05833716712382172
2023-07-25,0.05601531799128352
2023-07-26,0.05679110259967302
2023-07-27,0.05738495314840916
2023-07-28,0.054822549750407554
2023-07-31,0.052197428513722034
2023-08-01,0.05172658079327068
2023-08-02,0.05105352603502565
2023-08-03,0.049623432484826785
2023-08-04,0.05049503452142998
2023-08-07,0.04825387869948981
2023-08-08,0.04856987818745543
2023-08-09,0.04738087883261916
2023-08-10,0.047272351770389416
2023-08-11,0.04741449971249608
2023-08-14,0.04939906731077857
2023-08-15,0.04802706614295972
2023-08-16,0.048783637061021304
2023-08-17,0.05000010314637102
2023-08-18,0.054499078727946605
2023-08-21,0.055506839187840974
2023-08-22,0.054970041689737174
2023-08-23,0.05491837326633688
2023-08-24,0.054818170238191175
2023-08-25,0.054432885913578276
2023-08-28,0.05600878321992185
2023-08-29,0.056770557470432546
2023-08-30,0.057021079427262526
2023-08-31,0.05981488060133082
2023-09-01,0.058250227136952853
2023-09-04,0.061558704798864265
2023-09-05,0.05938111113223422
2023-09-06,0.06520081313129034
2023-09-07,0.06621384037808108
2023-09-08,0.06788561087795375
2023-09-11,0.0694144899767293
2023-09-12,0.06845123923102601
2023-09-13,0.07058366820703288
2023-09-14,0.06991098850920976
2023-09-15,0.07159521488707073
2023-09-18,0.07429777337438725
2023-09-19,0.07464861519220956
2023-09-20,0.07441557237284807
2023-09-21,0.07296617731282967
2023-09-22,0.07649640568607043
2023-09-25,0.07669568088375421
2023-09-26,0.07665687917551696
2023-09-27,0.08026626574738806
2023-09-28,0.08198299808541559
2023-10-09,0.08413412808739992
2023-10-10,0.08674608272061775
2023-10-11,0.08907670766308416
2023-10-12,0.09040357399987972
2023-10-13,0.09044688612764641
2023-10-16,0.09096235285641059
2023-10-17,0.08896845879159186
2023-10-18,0.09156472143321713
2023-10-19,0.08873152649298986
2023-10-20,0.08758542089678056
2023-10-23,0.08873757037704384
2023-10-24,0.09067815305254384
2023-10-25,0.08967831491838979
2023-10-26,0.09001584669700129
2023-10-27,0.09138041827556351
2023-10-30,0.09417847070203586
2023-10-31,0.09343288416303361
2023-11-01,0.09332082335384674
2023-11-02,0.09632198606804031
2023-11-03,0.0933513424459661
2023-11-06,0.09650057529264171
2023-11-07,0.091693174073218
2023-11-08,0.0920058819113508
2023-11-09,0.08620791699866223
2023-11-10,0.0850138733055832
2023-11-13,0.08444483911352993
2023-11-14,0.0836331766603063
2023-11-15,0.08707099390901299
2023-11-16,0.08552986685003681
2023-11-17,0.08640683606426727
2023-11-20,0.08457558649616051
2023-11-21,0.0814515732113032
2023-11-22,0.08293363147093388
2023-11-23,0.0855473977668585
2023-11-24,0.08534477374480302
2023-11-27,0.0849428152752515
2023-11-28,0.08805295863190309
2023-11-29,0.08816611321056722
2023-11-30,0.08565095016661825
2023-12-01,0.08346347598469221
2023-12-04,0.0854804421896346
2023-12-05,0.09588077553258718
2023-12-06,0.09846844461463686
2023-12-07,0.09643198238379834
2023-12-08,0.10428178836556869
2023-12-11,0.10997599271667133
2023-12-12,0.10966600871267455
2023-12-13,0.10601660169752164
2023-12-14,0.10862511276858904
2023-12-15,0.10809868516430887
2023-12-18,0.1036817472103753
2023-12-19,0.10517667651844059
2023-12-20,0.10357350704466713
2023-12-21,0.10361374842741225
2023-12-22,0.10258517955618851
2023-12-25,0.09955922883573244
2023-12-26,0.10035418024037696
2023-12-27,0.09920064442235611
2023-12-28,0.09693831012735235
2023-12-29,0.09724870985394725
2024-01-02,0.09705658454066417
2024-01-03,0.0994572677779317
2024-01-04,0.09852015851052152
2024-01-05,0.10286210567375251
2024-01-08,0.10481638737140143
2024-01-09,0.10737754911143318
2024-01-10,0.10639384718563225
2024-01-11,0.10809715070419307
2024-01-12,0.11034739732009084
2024-01-15,0.11196759816974472
2024-01-16,0.11372327376692559
2024-01-17,0.11324336152524989
2024-01-18,0.11178749761690443
2024-01-19,0.11025899955011334
2024-01-22,0.11455596013919823
2024-01-23,0.11634985715489367
2024-01-24,0.11379355275401126
2024-01-25,0.11741430274195458
2024-01-26,0.11762200179074712
2024-01-29,0.11832527633180842
2024-01-30,0.11658703643587821
2024-01-31,0.1034276434098925
2024-02-01,0.09844807087313921
2024-02-02,0.09973974877669207
2024-02-05,0.09435380086894499
2024-02-06,0.08856445776432222
2024-02-07,0.09234400030837582
2024-02-08,0.09412666191342461
2024-02-19,0.10072491919957906
2024-02-20,0.1015534475570584
2024-02-21,0.1035995842354087
2024-02-22,0.09973569362071563
2024-02-23,0.09973201096189706
2024-02-26,0.100402295703821
2024-02-27,0.1048365025375222
2024-02-28,0.10683661553154415
2024-02-29,0.1097227284940684
2024-03-01,0.1142232354436956
2024-03-04,0.11481126111763747
2024-03-05,0.11382459209758299
2024-03-06,0.11116023954699983
2024-03-07,0.10820868733395037
2024-03-08,0.1114494313154351
2024-03-11,0.10990494961086396
2024-03-12,0.11291237960936651
2024-03-13,0.11585164720801922
2024-03-14,0.11959182253742522
2024-03-15,0.11512780465378764
2024-03-18,0.11320670687638966
2024-03-19,0.1111304593312575
2024-03-20,0.10746213495468408
2024-03-21,0.10731874485500457
2024-03-22,0.10835473301062726
2024-03-25,0.10670535286081151
2024-03-26,0.10175107043991667
2024-03-27,0.09921996436836114
2024-03-28,0.09964756851552593
2024-03-29,0.09530152594937968
2024-04-01,0.09702974883933818
2024-04-02,0.09884349576147441
2024-04-03,0.09994323231320706
2024-04-08,0.10566978270189696
2024-04-09,0.10628143872241214
2024-04-10,0.10685244152019255
2024-04-11,0.10792743497657534
2024-04-12,0.10717853324240678
2024-04-15,0.10434061633945971
2024-04-16,0.10790029477971776
2024-04-17,0.09982943048170412
2024-04-18,0.10214344338404793
2024-04-19,0.10142710298020172
2024-04-22,0.10148222898598633
2024-04-23,0.10186143632459545
2024-04-24,0.10281104741324137
2024-04-25,0.10058832345885607
2024-04-26,0.09900784328670671
2024-04-29,0.09689734613465298
2024-04-30,0.0926610072704252
2024-05-06,0.09540866723772201
2024-05-07,0.096724362592814
2024-05-08,0.09707225229380839
2024-05-09,0.09679473740286666
2024-05-10,0.09388736263718865
2024-05-13,0.09012590454364729
2024-05-14,0.08520497253468684
2024-05-15,0.07865405243801428
2024-05-16,0.07583327149636321
2024-05-17,0.07677303301957397
2024-05-20,0.07654796263843494
2024-05-21,0.07679377084751186
2024-05-22,0.07692343937448588
2024-05-23,0.07568502640625933
2024-05-24,0.07629151648247369
2024-05-27,0.07793663310798979
2024-05-28,0.0782964879477841
2024-05-29,0.0759578150479331
2024-05-30,0.07390336186197004
2024-05-31,0.07751791315200264
2024-06-03,0.07793412755326033
2024-06-04,0.07578137480182531
2024-06-05,0.07470749028989172
2024-06-06,0.06981715532410182
2024-06-07,0.0690999342422334
2024-06-11,0.0653392491076851
2024-06-12,0.06151149593035273
2024-06-13,0.061160823085668004
2024-06-14,0.060145675689100994
2024-06-17,0.0581621362212268
2024-06-18,0.05834938947559088
2024-06-19,0.05920062365936223
2024-06-20,0.05759166966447816
2024-06-21,0.05771220238679178
2024-06-24,0.05963621612216628
2024-06-25,0.060312529756639435
2024-06-26,0.06099868300023372
2024-06-27,0.06284812098912053
2024-06-28,0.06128076655007589
2024-07-01,0.0647558576441122
2024-07-02,0.06154233494557344
2024-07-03,0.06214874298821606
2024-07-04,0.06376574201430225
2024-07-05,0.06527570129931853
2024-07-08,0.06705793274532187
2024-07-09,0.06664320783135139
2024-07-10,0.06767678394310675
2024-07-11,0.06952832369504375
2024-07-12,0.06859860586660267
2024-07-15,0.06904711449524686
2024-07-16,0.07162583074173991
2024-07-17,0.07061260192924255
2024-07-18,0.07040102176017168
2024-07-19,0.07057784045865041
2024-07-22,0.07154036748149435
2024-07-23,0.07068194176201045
2024-07-24,0.07087381407997179
2024-07-25,0.07334980027080817
2024-07-26,0.07474731601506211
2024-07-29,0.07192567457929501
2024-07-30,0.072075690326624
2024-07-31,0.07570944144146782
2024-08-01,0.07281097316537742
2024-08-02,0.07382817443127349
2024-08-05,0.07513866904453116
2024-08-06,0.07768057225047569
2024-08-07,0.08192502639877014
2024-08-08,0.08424846370521677
2024-08-09,0.08494123380315996
2024-08-12,0.08383363050248695
2024-08-13,0.08359603171094752
2024-08-14,0.08134867302855187
2024-08-15,0.08316324287900234
2024-08-16,0.08215087158215863
2024-08-19,0.08330192348924643
2024-08-20,0.08291850947207617
2024-08-21,0.08095825075321826
2024-08-22,0.08150678605951937
2024-08-23,0.0846117568123242
2024-08-26,0.08150677580663344
2024-08-27,0.0797169976607159
2024-08-28,0.0783409373088597
2024-08-29,0.07726095511412824
2024-08-30,0.07536614193572679
2024-09-02,0.07489080126304348
2024-09-03,0.07524520103968377
2024-09-04,0.07452489924298945
2024-09-05,0.0730708222154638
2024-09-06,0.07359636544126949
2024-09-09,0.0723853522154011
2024-09-10,0.06932630276017325
2024-09-11,0.07347607010754673
2024-09-12,0.07462248268537638
2024-09-13,0.07684837725908882
2024-09-18,0.07622191524756207
2024-09-19,0.07874995874680914
2024-09-20,0.0789361479373677
2024-09-23,0.07780637579932392
2024-09-24,0.0779816508840922
2024-09-25,0.07731699100135235
2024-09-26,0.07375897158157192
2024-09-27,0.07076890374595116
2024-09-30,0.07227306972974813
2024-10-08,0.07695974985402165
2024-10-09,0.0761249364483097
2024-10-10,0.07449245320115332
2024-10-11,0.07149969141026777
2024-10-14,0.07171013604586948
2024-10-15,0.07298067106119012
2024-10-16,0.07333196296266574
2024-10-17,0.07413035303113232
2024-10-18,0.07279771848662896
2024-10-21,0.07231008954409127
2024-10-22,0.07435704326405128
2024-10-23,0.07374216780706244
2024-10-24,0.07113789821869108
2024-10-25,0.07125514920747086
2024-10-28,0.0691571906492795
2024-10-29,0.0690995239247653
2024-10-30,0.0728431166880944
2024-10-31,0.07363391480808754
2024-11-01,0.07290737483408209
2024-11-04,0.07204060433846345
2024-11-05,0.07279418002083674
2024-11-06,0.07135714623512615
2024-11-07,0.07178142714206852
2024-11-08,0.07124959900767507
2024-11-11,0.07243148523841435
2024-11-12,0.07179296104402329
2024-11-13,0.07208569508089026
2024-11-14,0.07197896168844593
2024-11-15,0.06759872178608796
2024-11-18,0.0665871939324299
2024-11-19,0.06579138422244377
2024-11-20,0.06417068835644148
2024-11-21,0.06181348531542996
2024-11-22,0.0610992017705584
2024-11-25,0.059476138207580624
2024-11-26,0.06070524256196751
2024-11-27,0.0624654875113743
2024-11-28,0.06309028019377526
2024-11-29,0.06332427547069724
2024-12-02,0.06619153919474872
2024-12-03,0.061403426324407276
2024-12-04,0.06447314169820119
2024-12-05,0.06625131034392362
2024-12-06,0.06866538619673326
2024-12-09,0.07244947082158107
2024-12-10,0.07166410541580101
2024-12-11,0.07179940580560398
2024-12-12,0.0726951613597398
2024-12-13,0.07322857433705175
2024-12-16,0.07711614096757827
2024-12-17,0.07977457316380815
2024-12-18,0.08137893527804048
2024-12-19,0.08306259151962957
2024-12-20,0.08235342483039812
2024-12-23,0.08563878635632152
2024-12-24,0.08195975095683414
2024-12-25,0.07850326660209507
2024-12-26,0.07832395190019975
2024-12-27,0.08043974583592009
2024-12-30,0.08055876469161777
2024-12-31,0.08072666877362361
