date,FCT_Close_0_1
2017-12-22,
2017-12-25,-0.0027103609708020206
2017-12-26,-0.0006176652254478073
2017-12-27,-0.0004944375772558715
2017-12-28,0.002226069750185506
2017-12-29,-0.0019743336623889436
2018-01-02,0.0016073194856577645
2018-01-03,-0.0008640908529811135
2018-01-04,-0.00024709661477637757
2018-01-05,0.0008650519031141869
2018-01-08,-0.001852080503765897
2018-01-09,-0.014596734289955468
2018-01-10,-0.0035149384885764497
2018-01-11,-0.009196271101033006
2018-01-12,-0.009917355371900827
2018-01-15,-0.0012841916013869269
2018-01-16,-0.006943551498006944
2018-01-17,-0.0068626181535672666
2018-01-18,0.0001303780964797914
2018-01-19,-0.0018250554034676054
2018-01-22,0.005223978059292151
2018-01-23,0.0002598414966870209
2018-01-24,-0.0028575139628523186
2018-01-25,-0.0020841474534323305
2018-01-26,0.0028716877692207283
2018-01-29,-0.016009371339320577
2018-01-30,-0.006349206349206349
2018-01-31,-0.0033280085197018106
2018-02-01,-0.007078936823827969
2018-02-02,-0.008340059187516815
2018-02-05,-0.005154639175257732
2018-02-06,-0.00763566948459231
2018-02-07,-0.044242923880186864
2018-02-08,-0.02903967797584819
2018-02-09,-0.0013325436778205508
2018-02-12,0.008598962194217939
2018-02-13,-0.005585770983389681
2018-02-14,-0.021286031042128603
2018-02-22,-0.02114484216885667
2018-02-23,0.056318469372010495
2018-02-26,0.016067776803973123
2018-02-27,0.01825761932144911
2018-02-28,0.0021177467174925877
2018-03-01,0.004649196956889264
2018-03-02,-0.01612677043892862
2018-03-05,0.0014253135689851768
2018-03-06,0.027327070879590094
2018-03-07,-0.00457190357439734
2018-03-08,-0.007376478775226166
2018-03-09,0.011217049915872126
2018-03-12,-0.0252357182473655
2018-03-13,0.0017069701280227596
2018-03-14,-0.002698097131496734
2018-03-15,-0.014238929232521715
2018-03-16,0.01805575617506861
2018-03-19,-0.002553916004540295
2018-03-20,-0.004267425320056899
2018-03-21,0.010714285714285714
2018-03-22,0.020070671378091872
2018-03-23,0.017735901344048774
2018-03-26,0.007351940095302927
2018-03-27,-0.012974726314366806
2018-03-28,0.0039709708339038755
2018-03-29,-0.014729950900163666
2018-03-30,0.00636766334440753
2018-04-02,0.020495185694635487
2018-04-03,-0.002426202992317024
2018-04-04,-0.027969193352249695
2018-04-09,0.017375590770086182
2018-04-10,-0.0008197841235141412
2018-04-11,0.0015041706549979489
2018-04-12,0.008399772209567242
2018-04-13,0.011294649159960472
2018-04-16,-0.0013960631020521828
2018-04-17,-0.005172654830141259
2018-04-18,0.006745362563237826
2018-04-19,-0.0011166945840311946
2018-04-20,0.0025153717160425007
2018-04-23,0.04572065793141895
2018-04-24,0.0034657424686749686
2018-04-25,-0.004383634431455874
2018-04-26,0.035090060040026815
2018-04-27,0.0019334880123741689
2018-05-02,0.02109867490029598
2018-05-03,0.0008819453193902227
2018-05-04,-0.014098690835851026
2018-05-07,0.003702757916241183
2018-05-08,0.026078107111054454
2018-05-09,0.0035953384577237877
2018-05-10,-0.0017294626312539094
2018-05-11,0.007548570721445333
2018-05-14,0.04225006140997301
2018-05-15,0.05986330426584995
2018-05-16,-0.01022904158327775
2018-05-17,0.01640080880700942
2018-05-18,0.011162687886825886
2018-05-21,-0.0013116187561484133
2018-05-22,0.02965962569771284
2018-05-23,-0.01806972789115663
2018-05-24,-0.010608356787183295
2018-05-25,0.008643326039387198
2018-05-28,-0.014426727410781923
2018-05-29,0.022892361875412572
2018-05-30,-0.0020443296750590214
2018-05-31,0.003450134770889451
2018-06-01,0.009885032771032755
2018-06-04,-0.0055325034578149485
2018-06-05,-0.022146143147533902
2018-06-06,-0.0005470459518599444
2018-06-07,-0.0013136288998358062
2018-06-08,-0.05107968869889288
2018-06-11,0.008894536213468716
2018-06-12,0.045912525761392396
2018-06-13,0.05013683634373292
2018-06-14,0.0018763681851350993
2018-06-15,0.03433565705961899
2018-06-19,0.0071421386178450634
2018-06-20,-0.03615661206552116
2018-06-21,-0.04704663212435212
2018-06-22,0.041648542844714906
2018-06-25,-0.02150537634408603
2018-06-26,-0.0035207510935667007
2018-06-27,-0.004817987152034158
2018-06-28,0.020225927918235513
2018-06-29,0.0211958241062955
2018-07-02,-0.02963651383725727
2018-07-03,0.015536873470256427
2018-07-04,-0.01341297285968777
2018-07-05,-0.009028146574614968
2018-07-06,0.004608788853161894
2018-07-09,0.01216259468686653
2018-07-10,-0.002318962791188112
2018-07-11,-0.000528262017960713
2018-07-12,-0.010147991543340456
2018-07-13,-0.0053395984621955285
2018-07-16,-0.007193472192398609
2018-07-17,-0.016870336325294628
2018-07-18,0.003991811668372422
2018-07-19,0.05240085635640742
2018-07-20,0.005424779618328179
2018-07-23,-0.01580113691107047
2018-07-24,0.006852667645619039
2018-07-25,-0.002722411278560916
2018-07-26,0.008384517890221268
2018-07-27,0.0007734699796964636
2018-07-30,0.01062699256110495
2018-07-31,0.023515916260396
2018-08-01,-0.0033622863547211677
2018-08-02,0.0038421891106737104
2018-08-03,0.025485436893203824
2018-08-06,0.04460628129267189
2018-08-07,-0.019172113289760543
2018-08-08,0.004620168813860726
2018-08-09,-0.015654019633855185
2018-08-10,0.004402515723270412
2018-08-13,0.009482064585383133
2018-08-14,0.013735046521932068
2018-08-15,-0.004020979020979079
2018-08-16,0.004563805511672862
2018-08-17,0.04569281845186101
2018-08-20,-0.007519425181719659
2018-08-21,0.002609647276706629
2018-08-22,-0.003862300587741136
2018-08-23,-0.047033041132838876
2018-08-24,0.013178843092163259
2018-08-27,0.03448275862068969
2018-08-28,0.005569620253164488
2018-08-29,-0.0005035246727089565
2018-08-30,-0.007304785894206222
2018-08-31,0.008965575573035442
2018-09-03,-0.016598206052477103
2018-09-04,-0.012871877930270089
2018-09-05,-0.004576856649395424
2018-09-06,0.012926173332176435
2018-09-07,0.0023124357656732265
2018-09-10,0.020080321285140493
2018-09-11,-0.00745518512313624
2018-09-12,0.004135370073423733
2018-09-13,-0.010758110606824437
2018-09-14,0.00518266779949019
2018-09-17,-0.007860704927732208
2018-09-18,0.0071562446754132565
2018-09-19,0.031128404669260673
2018-09-20,0.005086136177194408
2018-09-21,0.00024485798237014564
2018-09-25,-0.033374133006935855
2018-09-26,0.00683775113962534
2018-09-27,-0.026578351639138194
2018-09-28,0.014987080103359144
2018-10-08,-0.009419551934827162
2018-10-09,0.0022273622890432773
2018-10-10,0.0071801008633217206
2018-10-11,-0.008656539081727962
2018-10-12,-0.0033387552435579526
2018-10-15,-0.03925442363855009
2018-10-16,-0.011980330800178716
2018-10-17,0.011130214460229788
2018-10-18,-0.009038840164668173
2018-10-19,-0.034949878081820464
2018-10-22,0.008515815085158248
2018-10-23,-0.0033404472487706615
2018-10-24,0.010241132110604331
2018-10-25,-0.0015666758824071027
2018-10-26,0.03673620084917827
2018-10-29,-0.0037393162393161926
2018-10-30,0.013583556747095674
2018-10-31,-0.003174043378592801
2018-11-01,-0.01592075004422427
2018-11-02,0.009077835700161808
2018-11-05,-0.00507704640598559
2018-11-06,0.034735899731423464
2018-11-07,-0.0051912095518256715
2018-11-08,0.004435554009392963
2018-11-09,0.009681093394077493
2018-11-12,-0.015550721134477636
2018-11-13,0.0032738582419381337
2018-11-14,0.0032631750693424798
2018-11-15,0.0030086192876891127
2018-11-16,0.015646534252128086
2018-11-19,-0.010696040868454628
2018-11-20,-0.0011295788284653252
2018-11-21,0.011389337641356882
2018-11-22,-0.013896653621915158
2018-11-23,0.0019437920142544157
2018-11-26,-0.019885215423167044
2018-11-27,-0.02573195876288664
2018-11-28,-0.009481080165918896
2018-11-29,-0.029142808306982206
2018-11-30,0.014964788732394409
2018-12-03,-0.0021682567215959296
2018-12-04,0.01668839634941314
2018-12-05,0.010344532786184676
2018-12-06,-0.00998476899644633
2018-12-07,0.02025641025641054
2018-12-10,-0.0073720365250901105
2018-12-11,-0.0035446029200774517
2018-12-12,-0.0012704327941054487
2018-12-13,-0.01602781546811387
2018-12-14,-0.0027579074377315944
2018-12-17,0.014519056261342915
2018-12-18,-0.005792656955447704
2018-12-19,-0.03958529688972658
2018-12-20,0.0024979926844500384
2018-12-21,0.009077155824508134
2018-12-24,-0.0052032807125847414
2018-12-25,0.004166666666666732
2018-12-26,-0.0007945616668138275
2018-12-27,-0.0029157094893091967
2018-12-28,0.005937084625609286
2019-01-02,-0.040873854827343424
2019-01-03,-0.01993019838354108
2019-01-04,0.009090057164276532
2019-01-07,-0.01420876671619594
2019-01-08,0.008101742816768823
2019-01-09,-0.004579011307354298
2019-01-10,-0.0016898235073227977
2019-01-11,-0.0016926838442731288
2019-01-14,0.00697061039939727
2019-01-15,0.0020579981290925783
2019-01-16,-0.0048543689320386255
2019-01-17,-0.00018761726078832993
2019-01-18,-0.008069056108087733
2019-01-21,0.016742338251986674
2019-01-22,-0.004930691227091221
2019-01-23,0.002150336574420481
2019-01-24,0.008862767049164966
2019-01-25,0.0245977436656186
2019-01-28,-9.025270758102959e-05
2019-01-29,-0.01570538857297605
2019-01-30,-0.0011004126547454961
2019-01-31,0.0011934269714496864
2019-02-01,-0.0004584632312489465
2019-02-11,0.027336941564993965
2019-02-12,0.003214572729707912
2019-02-13,-0.004183355585224632
2019-02-14,0.002323918484089996
2019-02-15,0.005350454788657051
2019-02-18,-0.0038140855064752103
2019-02-19,0.005164277446353893
2019-02-20,-0.0015944724953493186
2019-02-21,0.0024842516191999355
2019-02-22,0.01159394636693514
2019-02-25,-0.0017497812773405116
2019-02-26,-0.0038562664329536652
2019-02-27,-0.03061763153264116
2019-02-28,-9.076057360680735e-05
2019-03-01,0.005446128710175018
2019-03-04,-0.0037916403358309765
2019-03-05,0.009787041232442294
2019-03-06,0.015704926859912188
2019-03-07,0.002650644990280976
2019-03-08,-0.00026436376454013085
2019-03-11,-0.011370647862494542
2019-03-12,0.0034771754636234234
2019-03-13,-0.002665482007996454
2019-03-14,-0.002227171492204995
2019-03-15,0.004017857142857244
2019-03-18,0.012716763005780686
2019-03-19,0.0028977871443622667
2019-03-20,-0.007529988617459158
2019-03-21,0.0017644464049404551
2019-03-22,-0.007926023778071533
2019-03-25,0.0005326231691081059
2019-03-26,0.00035489308845720955
2019-03-27,0.010199556541019896
2019-03-28,-0.0014047410008780372
2019-03-29,0.02145243537893458
2019-04-01,-0.0010328800137718737
2019-04-02,-0.001637084266758423
2019-04-03,0.012514024337619521
2019-04-04,-0.009376065461984174
2019-04-08,0.00877645844088796
2019-04-09,0.012964858410098944
2019-04-10,0.00202088245200398
2019-04-11,0.0006722689075630607
2019-04-12,-0.006970104131676153
2019-04-15,0.004566596194503117
2019-04-16,0.04147705109868673
2019-04-17,0.011360799001248534
2019-04-18,-0.010862856437476717
2019-04-19,0.03406963684013457
2019-04-22,-0.0020516533912623923
2019-04-23,-0.007014149232071558
2019-04-24,0.0010960906101571551
2019-04-25,-0.00048661800486616674
2019-04-26,-0.012049659201557998
2019-04-29,0.005297523715658429
2019-04-30,-0.004166666666666712
2019-05-06,0.00627615062761513
2019-05-07,0.0063593004769475206
2019-05-08,0.008871065743103652
2019-05-09,0.02517465670922671
2019-05-10,0.00599224532957371
2019-05-13,0.03503854239663609
2019-05-14,-0.015684946964567754
2019-05-15,0.056746532156368226
2019-05-16,0.0060750705142112995
2019-05-17,0.013047228811731716
2019-05-20,0.03129324108568398
2019-05-21,0.001444937558055354
2019-05-22,0.01710811089353815
2019-05-23,-0.0028371668862093957
2019-05-24,0.032313789249060094
2019-05-27,-0.04488630770745157
2019-05-28,-0.018035659074513013
2019-05-29,0.008711167086481914
2019-05-30,0.011445219019873153
2019-05-31,-0.004114803003806213
2019-06-03,-0.026133663877698606
2019-06-04,0.009439966058548951
2019-06-05,-0.003887779762530171
2019-06-06,-0.0446202531645569
2019-06-10,-0.0062934746604836455
2019-06-11,0.014222222222222409
2019-06-12,-0.010078878177037833
2019-06-13,0.027003098716246246
2019-06-14,-0.014547413793103398
2019-06-17,-0.0008747949699291814
2019-06-18,-0.021122906862208524
2019-06-19,0.005254919499105474
2019-06-20,-0.012345679012345559
2019-06-21,0.026126126126125995
2019-06-24,0.0017559262510976896
2019-06-25,-0.0012050832602980219
2019-06-26,-0.0015355928485248336
2019-06-27,0.01713720751400633
2019-06-28,-0.015012420347769676
2019-07-01,-0.003399122807017522
2019-07-02,0.004510947298932581
2019-07-03,-0.007776560788608841
2019-07-04,0.02053206755712552
2019-07-05,0.005624661979448476
2019-07-08,0.03732386791438086
2019-07-09,0.00259228535877229
2019-07-10,-0.005895128762023
2019-07-11,-0.0009363295880150229
2019-07-12,0.009059668853483242
2019-07-15,-0.004643962848297287
2019-07-16,0.008501814411612406
2019-07-17,-0.007710496555978194
2019-07-18,-0.005180273518441766
2019-07-19,0.0036450739429285243
2019-07-22,-0.012348241153886063
2019-07-23,-0.031834418995587324
2019-07-24,0.002061855670103247
2019-07-25,-0.0021659085986572174
2019-07-26,0.005426524853483681
2019-07-29,-0.0019430051813469579
2019-07-30,0.009842093878433857
2019-07-31,-0.002034914854878454
2019-08-01,-0.010946555054732753
2019-08-02,0.01323784722222214
2019-08-05,-0.02163204112229596
2019-08-06,0.028896672504378343
2019-08-07,-0.01829787234042558
2019-08-08,-0.0006501950585175375
2019-08-09,-0.010735198438516507
2019-08-12,-0.0037268442398334274
2019-08-13,-0.01738365056661894
2019-08-14,0.0049266599484938745
2019-08-15,0.006573816155988894
2019-08-16,0.0
2019-08-19,0.003984945760460517
2019-08-20,-0.0008820286659319036
2019-08-21,0.0036415802251159837
2019-08-22,-0.0036283672347444795
2019-08-23,0.007834915029794892
2019-08-26,-0.0012044235191064332
2019-08-27,0.02258276693707515
2019-08-28,-0.0005360205831904492
2019-08-29,0.007615574385927277
2019-08-30,0.007877368533106298
2019-09-02,-0.01901140684410649
2019-09-03,0.003552971576227363
2019-09-04,-0.015663555412509376
2019-09-05,-0.028446866485013624
2019-09-06,-0.00235584473861357
2019-09-09,-0.04306758124367458
2019-09-10,0.0027027027027027046
2019-09-11,-0.006797140513301418
2019-09-12,-0.024542772861356876
2019-09-16,0.007470245631805567
2019-09-17,0.0
2019-09-18,0.006786477315571274
2019-09-19,-0.0167270003744851
2019-09-20,-0.01612288942490796
2019-09-23,-0.026451612903225855
2019-09-24,0.004903909874088609
2019-09-25,0.0047480875758376204
2019-09-26,0.00288789708584938
2019-09-27,-0.01426701570680631
2019-09-30,-0.017394768291063383
2019-10-08,0.0502702702702702
2019-10-09,-0.017498713329902278
2019-10-10,0.0031430068098480526
2019-10-11,-0.01357702349869458
2019-10-14,0.019190047644256195
2019-10-15,-0.0019477989871442645
2019-10-16,0.0014311735623208997
2019-10-17,-0.00870469013901513
2019-10-18,0.005635648754914773
2019-10-21,0.02306790043007948
2019-10-22,0.0033121019108280406
2019-10-23,0.015617064499745967
2019-10-24,0.0017502187773472003
2019-10-25,-0.013727692499687905
2019-10-28,0.002024547640136738
2019-10-29,0.007450435661068206
2019-10-30,0.0017548257708700787
2019-10-31,-0.003878878878879015
2019-11-01,-0.0045220449692250754
2019-11-04,0.013249211356466962
2019-11-05,0.015940224159402112
2019-11-06,-0.0014709487619514424
2019-11-07,0.006506260741468411
2019-11-08,-0.0036589828027807853
2019-11-11,-0.007344840249724787
2019-11-12,0.013565174497471995
2019-11-13,-0.00048667721133967366
2019-11-14,-0.018624467437614138
2019-11-15,0.009799057305879504
2019-11-18,-0.026778037096179885
2019-11-19,0.006310740880979564
2019-11-20,0.028972783143107896
2019-11-21,-0.002803510482691163
2019-11-22,0.0019557511306683988
2019-11-25,-0.004025863120653928
2019-11-26,-0.0011024007839293584
2019-11-27,-0.015818516247700847
2019-11-28,0.00548218290555693
2019-11-29,-0.0018587360594794567
2019-12-02,0.020608317815021596
2019-12-03,0.008271499817540403
2019-12-04,0.013753166847629533
2019-12-05,-0.0017850767583005133
2019-12-06,0.004530281354315539
2019-12-09,-0.004747211013529596
2019-12-10,0.013236346291438331
2019-12-11,0.0021183947275508763
2019-12-12,-0.003640634174985448
2019-12-13,0.01225836869401246
2019-12-16,0.006637168141592773
2019-12-17,-0.00948525159051488
2019-12-18,-0.018549951503394745
2019-12-19,0.0018529956763432675
2019-12-20,-0.0017262638717633267
2019-12-23,-0.0044466403162053405
2019-12-24,-0.00583126550868483
2019-12-25,0.0009983776363409024
2019-12-26,0.01259194614137885
2019-12-27,-0.01292785028318143
2019-12-30,-0.03205687913184484
2019-12-31,-0.002835051546391629
2020-01-02,0.0003876970793485751
2020-01-03,-0.01963570598113945
2020-01-06,-0.015153511661615384
2020-01-07,0.0036125234145035342
2020-01-08,-0.0005332622317024164
2020-01-09,-0.01827397625716961
2020-01-10,0.011820652173913093
2020-01-13,-0.021216597287498352
2020-01-14,0.0017835093977225994
2020-01-15,0.003149821966584604
2020-01-16,0.0035494880546075155
2020-01-17,0.01605223779077671
2020-01-20,-0.006426563127594093
2020-01-21,-0.011049723756906075
2020-01-22,0.0029976836081210285
2020-01-23,0.008015215324004944
2020-02-03,-0.07358490566037734
2020-02-04,0.018620890311317886
2020-02-05,0.0012853470437018282
2020-02-06,-0.0001426330052773302
2020-02-07,0.0022824536376602157
2020-02-10,-0.00256191289496146
2020-02-11,-0.0005707762557077377
2020-02-12,-0.001998857795545485
2020-02-13,-0.00815450643776814
2020-02-14,-0.009663926150295866
2020-02-17,0.018496941450626424
2020-02-18,-0.0015730015730014194
2020-02-19,0.002148381552563556
2020-02-20,0.036444190367300296
2020-02-21,0.0034473248758964
2020-02-24,0.0
2020-02-25,0.0008245155970865121
2020-02-26,-0.021557050665934163
2020-02-27,-0.03564412012349155
2020-02-28,-0.015861466821886
2020-03-02,0.010941889693922867
2020-03-03,-0.002047681731753604
2020-03-04,0.0029312619082513744
2020-03-05,-0.0027765599883090132
2020-03-06,-0.006008206330597889
2020-03-09,0.008108506560519028
2020-03-10,-0.005849663644340542
2020-03-11,-0.002206531332744916
2020-03-12,-0.02181925401739653
2020-03-13,-0.02019593067068559
2020-03-16,0.036763574834640586
2020-03-17,-0.0013353115727001504
2020-03-18,-0.029267567969098247
2020-03-19,-0.008723599632690615
2020-03-20,0.014358499305233922
2020-03-23,-0.002587519025875168
2020-03-24,-0.0019838242026552766
2020-03-25,-0.007951070336391272
2020-03-26,0.021886559802712657
2020-03-27,0.005128205128205083
2020-03-30,-0.026710684273709744
2020-03-31,0.032994141227258925
2020-04-01,-0.018955223880597165
2020-04-02,0.016887266088544305
2020-04-03,-0.012417713943746338
2020-04-07,0.01257385244659908
2020-04-08,0.008976660682226174
2020-04-09,-0.000593119810201811
2020-04-10,-0.002967359050445151
2020-04-13,-0.006398809523809334
2020-04-14,-0.008536768009585215
2020-04-15,-0.013595166163142118
2020-04-16,-0.02143950995405817
2020-04-17,-0.0006259780907666098
2020-04-20,-0.005950516755402369
2020-04-21,-0.02393483709273199
2020-04-22,0.05610476312748737
2020-04-23,-0.007172380257719364
2020-04-24,0.060732215011632194
2020-04-27,0.05748585940205473
2020-04-28,-0.013753956991594846
2020-04-29,-0.0009961261759822823
2020-04-30,-0.0035453135386660445
2020-05-06,0.00856126306426499
2020-05-07,0.0020945871458493918
2020-05-08,-0.002200220022002181
2020-05-11,0.029547960308710104
2020-05-12,-0.005997001499250482
2020-05-13,-0.014652014652014525
2020-05-14,-0.012245790509512411
2020-05-15,0.0034314810715076077
2020-05-18,-0.002095973524544935
2020-05-19,0.010059694892770362
2020-05-20,-0.012148407573601895
2020-05-21,-0.014181254154664345
2020-05-22,0.009777478084963164
2020-05-25,-0.002448525319977885
2020-05-26,-0.008925582952136482
2020-05-27,0.000788022064617634
2020-05-28,-0.01754780652418449
2020-05-29,0.004465307991756487
2020-06-01,-0.008093012652456669
2020-06-02,0.01310043668122294
2020-06-03,-0.011796733212341263
2020-06-04,-0.00677226813590444
2020-06-05,-0.0033514388073500223
2020-06-08,-0.009044526901669852
2020-06-09,-0.008659021764567969
2020-06-10,-0.024787535410765
2020-06-11,0.0037521181312028845
2020-06-12,0.008440853732063294
2020-06-15,-0.014707640798756477
2020-06-16,0.002305825242718608
2020-06-17,0.0035113209831696634
2020-06-18,-0.0028957528957526905
2020-06-19,-0.02444336882865455
2020-06-22,-0.011659637806995495
2020-06-23,0.0017570281124495957
2020-06-24,-0.010899523928839982
2020-06-29,0.004686510449651638
2020-06-30,0.004538577912254498
2020-07-01,0.0008785140562248917
2020-07-02,0.017304075235109562
2020-07-03,-0.0002465179341797094
2020-07-06,0.0003698680803846595
2020-07-07,-0.006285432585654553
2020-07-08,0.005457025920873262
2020-07-09,0.007771062045146101
2020-07-10,-0.0367197062423501
2020-07-13,-0.011562897077509428
2020-07-14,0.0006427561383211153
2020-07-15,-0.003083247687564399
2020-07-16,-0.023067010309278345
2020-07-17,-0.00013190871916633575
2020-07-20,0.016490765171503816
2020-07-21,-0.01427644386761792
2020-07-22,0.0064516129032255514
2020-07-23,-0.023417059131344835
2020-07-24,0.009912926992632196
2020-07-27,-0.008621833134367879
2020-07-28,-0.0004013914905001979
2020-07-29,-0.015928255922902142
2020-07-30,-0.008705114254624516
2020-07-31,-0.014132821075741025
2020-08-03,-0.00570633263743906
2020-08-04,0.004199328107502762
2020-08-05,-0.011011987733481922
2020-08-06,-0.012121212121212225
2020-08-07,-0.024825224711085742
2020-08-10,0.05135332845647402
2020-08-11,-0.010576120233787829
2020-08-12,0.0005625879043600513
2020-08-13,0.015181332583637764
2020-08-14,-0.028662420382165564
2020-08-17,-0.009978617248752585
2020-08-18,0.012526997840172676
2020-08-19,-0.00497724687144478
2020-08-20,-0.01686437044447627
2020-08-21,0.0017444395987788771
2020-08-24,0.014656798722972082
2020-08-25,-0.0011441647597253905
2020-08-26,-0.009593356242840695
2020-08-27,-0.004481711724736334
2020-08-28,-0.003920999128666826
2020-08-31,-0.002478495407493782
2020-09-01,0.0020461853259280734
2020-09-02,-0.012835472578763015
2020-09-03,-0.011229314420803905
2020-09-04,0.011057979677226666
2020-09-07,0.016848950635530446
2020-09-08,0.05130813953488371
2020-09-09,-0.01949398589796748
2020-09-10,0.00408911449520583
2020-09-11,-0.010251369189720664
2020-09-14,0.0
2020-09-15,-0.023269012485811588
2020-09-16,-0.006264682850430796
2020-09-17,-0.03178355660625156
2020-09-18,0.00868149755832876
2020-09-21,-0.0012103281334050198
2020-09-22,0.00552039854584623
2020-09-23,-0.015131226566684555
2020-09-24,0.02501699524133252
2020-09-25,-0.011407348454702248
2020-09-28,-0.019723601234402286
2020-09-29,0.008486175745962206
2020-09-30,0.01750814332247568
2020-10-09,0.07082833133253295
2020-10-12,0.014324862979571397
2020-10-13,0.010561218224241813
2020-10-14,-0.0069267225665329505
2020-10-15,0.01125795398923136
2020-10-16,-0.009680542110358199
2020-10-19,-0.0013440860215052114
2020-10-20,0.004037685060565187
2020-10-21,-0.02376310017060679
2020-10-22,-0.006116589689177459
2020-10-23,-0.03215272544586789
2020-10-26,-0.020763041785621633
2020-10-27,-0.015504903260005271
2020-10-28,0.0033651904697806242
2020-10-29,-0.013147303461228818
2020-10-30,0.0005437737901031371
2020-11-02,-0.008559782608695506
2020-11-03,0.009181855557078263
2020-11-04,-0.006246605105920718
2020-11-05,-0.021590598524186898
2020-11-06,-0.015363128491620314
2020-11-09,0.014184397163120714
2020-11-10,0.019720279720279742
2020-11-11,0.015087093677136168
2020-11-12,-0.0028374543980543058
2020-11-13,-0.011653116531165346
2020-11-16,0.010145324924595566
2020-11-17,-0.02117263843648208
2020-11-18,-0.012201885745978925
2020-11-19,0.007580011229646269
2020-11-20,-0.014210086375034821
2020-11-23,0.011447145279819111
2020-11-24,0.0006986167388570934
2020-11-25,-0.009773806199385606
2020-11-26,-0.005922165820643188
2020-11-27,-0.00936170212765937
2020-11-30,-0.01904352806414666
2020-12-01,-0.00029192818566629023
2020-12-02,-0.02584318878668429
2020-12-03,0.011990407673860936
2020-12-04,-0.010515402843601836
2020-12-07,-0.0001496781918874236
2020-12-08,-0.011826347305389262
2020-12-09,-0.023935767307983597
2020-12-10,-0.014899891354958976
2020-12-11,0.007089963762407483
2020-12-14,0.008604505632040033
2020-12-15,0.002326663564448553
2020-12-16,0.001990811638591106
2020-12-17,0.009934280910897212
2020-12-18,0.009079903147699703
2020-12-21,0.007348530293941294
2020-12-22,-0.008337055232990994
2020-12-23,-0.01936646149226844
2020-12-24,0.005052051439069168
2020-12-25,0.02955064737242963
2020-12-28,-0.0007397544015386847
2020-12-29,-0.025910571513177345
2020-12-30,0.004407964736282083
2020-12-31,0.0049939467312348365
2021-01-04,-0.027104351754253842
2021-01-05,-0.019192075530103714
2021-01-06,0.0003156067539845334
2021-01-07,0.0059946363779775635
2021-01-08,-0.007370236788458479
2021-01-11,-0.04597156398104264
2021-01-12,0.00016559032952475475
2021-01-13,0.007119205298013203
2021-01-14,-0.014959723820483363
2021-01-15,0.0021695594125501943
2021-01-18,0.041465445462114794
2021-01-19,-0.011512631915573964
2021-01-20,0.0004852798447104468
2021-01-21,-0.01794664510913503
2021-01-22,-0.004609812314784299
2021-01-25,-0.0008269930532583476
2021-01-26,0.0024830326104949363
2021-01-27,0.0006605019815059406
2021-01-28,-0.0006600660066006562
2021-01-29,0.00016512549537648516
2021-02-01,0.01667492157833915
2021-02-02,-0.009905813575836387
2021-02-03,-0.011481056257175591
2021-02-04,-0.003152480504396862
2021-02-05,0.005492676431424734
2021-02-08,0.0031451746399602525
2021-02-09,-0.0008250825082508202
2021-02-10,0.01866226259289846
2021-02-18,-0.01361867704280161
2021-02-19,0.03566732412886266
2021-02-22,-0.01253769242977311
2021-02-23,0.006750241080038533
2021-02-24,-0.02793742017879946
2021-02-25,-0.001313844637871564
2021-02-26,-0.007564545305048467
2021-03-01,-0.053521126760563476
2021-03-02,-0.00962885154061619
2021-03-03,0.0005303164221318688
2021-03-04,-0.02120141342756186
2021-03-05,0.008122743682310573
2021-03-08,-0.0324082363473591
2021-03-09,-0.002960769800148021
2021-03-10,-0.004454342984409773
2021-03-11,0.004474272930648743
2021-03-12,-0.007609502598366696
2021-03-15,-0.00018702075930428165
2021-03-16,0.0044893378226711295
2021-03-17,-0.021601489757914368
2021-03-18,0.007232584697373387
2021-03-19,-0.022486772486772354
2021-03-22,-0.04523487338101687
2021-03-23,0.021056894108119097
2021-03-24,0.009121554630180393
2021-03-25,0.008253094910591422
2021-03-26,0.008380432664198127
2021-03-29,0.035714285714285685
2021-03-30,-0.03004926108374394
2021-03-31,-0.023531403419671512
2021-04-01,0.01144244105409155
2021-04-02,-0.003599588618443669
2021-04-06,-0.02477206261826936
2021-04-07,0.013759040395131367
2021-04-08,0.02418653210370638
2021-04-09,-0.02055725450220865
2021-04-12,0.03174327840416299
2021-04-13,0.014963012777404125
2021-04-14,-0.023521616697034873
2021-04-15,-0.003562340966921182
2021-04-16,-0.0032345931222335896
2021-04-19,-0.03159692570452603
2021-04-20,-0.005820105820105826
2021-04-21,0.01738513393649112
2021-04-22,0.025632083696599774
2021-04-23,-0.007650459027541601
2021-04-26,-0.025869453486380027
2021-04-27,0.00773830460780866
2021-04-28,-0.0005235602094240691
2021-04-29,-0.0031430068098481667
2021-04-30,0.001050972149238183
2021-05-06,-0.01784776902887139
2021-05-07,0.021200783894530527
2021-05-10,0.00418702023726453
2021-05-11,-0.012334954829742917
2021-05-12,0.0019349164467897995
2021-05-13,-0.0015800561797752366
2021-05-14,0.0014067170740283345
2021-05-17,0.01562774363476746
2021-05-18,0.0031120331950206595
2021-05-19,0.01327128576352983
2021-05-20,0.0398026875318932
2021-05-21,0.0353345329625388
2021-05-24,0.003950071101279813
2021-05-25,-0.007082152974504202
2021-05-26,-0.04850213980028531
2021-05-27,0.048475762118940606
2021-05-28,-0.006355258976803379
2021-05-31,0.0009593859929644758
2021-06-01,-0.003514376996805115
2021-06-02,-0.014107085604360386
2021-06-03,-0.0004878048780487668
2021-06-04,0.022938018545631995
2021-06-07,-0.001908396946564832
2021-06-08,-0.007966857871255556
2021-06-09,0.013813042081593289
2021-06-10,-0.005703422053231931
2021-06-11,0.006373486297004537
2021-06-15,0.002058264724509075
2021-06-16,-0.0017380312845631238
2021-06-17,-0.004115226337448495
2021-06-18,0.009694850603941494
2021-06-21,-0.02549976389107512
2021-06-22,-0.0004845743821676492
2021-06-23,-0.003070458952811911
2021-06-24,0.011833360350137868
2021-06-25,-0.0104133290611984
2021-06-28,0.0004856726566294182
2021-06-29,-0.009061488673139112
2021-06-30,0.006205094709340334
2021-07-01,-0.0011359948068809544
2021-07-02,0.0022745735174654635
2021-07-05,0.017668990111849643
2021-07-06,0.000159286396941646
2021-07-07,-0.0009555661729574506
2021-07-08,-0.01881077634305758
2021-07-09,0.0008123476848091273
2021-07-12,-0.018344155844155847
2021-07-13,-0.005787994046634743
2021-07-14,-0.002162341982701151
2021-07-15,-0.002667111185197564
2021-07-16,0.010696974761825137
2021-07-19,0.019844551017033314
2021-07-20,-0.025458083346846124
2021-07-21,-0.0028286189683861557
2021-07-22,-0.0006674453529116586
2021-07-23,-0.021706461846718962
2021-07-26,0.008875234681686318
2021-07-27,-0.001015056673997603
2021-07-28,0.008128704487722203
2021-07-29,-0.00016798252981684085
2021-07-30,0.004872311827956906
2021-08-02,-0.0031767262999498587
2021-08-03,0.006373700100637405
2021-08-04,0.021666666666666643
2021-08-05,-0.0029363784665578296
2021-08-06,0.0013089005235602247
2021-08-09,-0.025000000000000078
2021-08-10,0.0015082956259426425
2021-08-11,0.0033467202141902134
2021-08-12,0.017344896597731706
2021-08-13,0.008032786885245937
2021-08-16,-0.0021141649048626236
2021-08-17,0.013037809647979138
2021-08-18,-0.011904761904761777
2021-08-19,-0.02149137088896127
2021-08-20,0.002495840266222892
2021-08-23,-0.012780082987551879
2021-08-24,0.009919300605245557
2021-08-25,0.002164141834526272
2021-08-26,0.0049833887043189565
2021-08-27,0.0028099173553718746
2021-08-30,-0.011235955056179622
2021-08-31,-0.005681818181818184
2021-09-01,-0.031341991341991345
2021-09-02,0.001251340722202335
2021-09-03,0.004999107302267519
2021-09-06,-0.007106057914372144
2021-09-07,-0.0017892288423688094
2021-09-08,-0.0288582183186952
2021-09-09,0.021779254337393934
2021-09-10,0.011199421965317842
2021-09-13,0.00017863522686675822
2021-09-14,-0.0014288265761743125
2021-09-15,0.006617778572706218
2021-09-16,0.0012437810945273387
2021-09-17,0.012954747116237779
2021-09-22,0.05150665732305532
2021-09-23,-0.012329223592135955
2021-09-24,0.07473009446693656
2021-09-27,-0.027625176581384314
2021-09-28,0.008716707021791703
2021-09-29,0.02208353336533842
2021-09-30,0.017065915140128424
2021-10-08,0.0009236453201970058
2021-10-11,0.07520762842202407
2021-10-12,0.021885281075668665
2021-10-13,0.0
2021-10-14,-0.0030795072788353446
2021-10-15,-0.0115136197697276
2021-10-18,0.06122159090909096
2021-10-19,-0.0034801231428189193
2021-10-20,0.019207521826729274
2021-10-21,-0.008302583025830096
2021-10-22,0.03468438538205964
2021-10-25,0.07616234266632431
2021-10-26,0.006205991168396998
2021-10-27,-0.017554264025619628
2021-10-28,-0.04020282506338289
2021-10-29,-0.0030188679245282926
2021-11-01,-0.014004542013625982
2021-11-02,0.04478566858605241
2021-11-03,-0.0060012247397428
2021-11-04,-0.05482996550024644
2021-11-05,0.013818276626254712
2021-11-08,-0.014787193005014666
2021-11-09,0.0058731401722787145
2021-11-10,0.024393408589593858
2021-11-11,0.004939835338822009
2021-11-12,0.007058230400806749
2021-11-15,0.009261576971214016
2021-11-16,0.0032242063492062528
2021-11-17,-0.03349814585908529
2021-11-18,0.03708914183399415
2021-11-19,0.006412627944259502
2021-11-22,-0.0015929420414165587
2021-11-23,-0.004172803141875322
2021-11-24,-0.0022183879714073517
2021-11-25,-0.0028409090909091816
2021-11-26,0.018084974606713825
2021-11-29,-0.028348947560530514
2021-11-30,0.0017530678687703136
2021-12-01,-0.007374999999999905
2021-12-02,-0.018637451202619316
2021-12-03,0.021814448864365416
2021-12-06,0.006153459751349988
2021-12-07,0.0019970044932601035
2021-12-08,-0.007224713502740414
2021-12-09,-0.012170639899623565
2021-12-10,0.040137177695922704
2021-12-13,0.005617291488582312
2021-12-14,-0.006435944140862224
2021-12-15,0.00012221950623320855
2021-12-16,-0.009588268471517171
2021-12-17,-0.04840546697038731
2021-12-20,-0.01950927588270491
2021-12-21,0.02136230468750003
2021-12-22,-0.007649097645512123
2021-12-23,0.010719017222690589
2021-12-24,0.008341277407054254
2021-12-27,-0.006972346962892948
2021-12-28,0.01701773176246582
2021-12-29,-0.00842499414930955
2021-12-30,-0.013098890724569308
2021-12-31,0.003706803778548416
2022-01-04,-0.02585179890397913
2022-01-05,-0.013085483673718977
2022-01-06,0.016480793060718795
2022-01-07,0.05254175301718883
2022-01-10,-0.00046328468844119154
2022-01-11,-0.0057937427578214455
2022-01-12,-0.011655011655011671
2022-01-13,-0.004599056603773573
2022-01-14,0.013268570074635692
2022-01-17,-0.0312171168011224
2022-01-18,0.03149891383055763
2022-01-19,0.008073008073008042
2022-01-20,0.02704271123491177
2022-01-21,0.011074697705955478
2022-01-24,-0.007376774337766855
2022-01-25,-0.000337799797320086
2022-01-26,0.0006758278891642678
2022-01-27,0.01913552453849622
2022-01-28,-0.014689639938148957
2022-02-07,0.040354220378881304
2022-02-08,-0.02165714901411495
2022-02-09,-0.007929515418502139
2022-02-10,-0.00321936056838369
2022-02-11,-0.00233879051119276
2022-02-14,0.019535610627372097
2022-02-15,0.007774006350596723
2022-02-16,0.009126466753585525
2022-02-17,-0.00150732127476312
2022-02-18,0.02501617425059308
2022-02-21,-0.013780770039974915
2022-02-22,0.0035200000000000565
2022-02-23,-0.003507653061224546
2022-02-24,0.007040000000000113
2022-02-25,-0.011439466158246016
2022-02-28,0.018214936247723287
2022-03-01,0.02062506576870441
2022-03-02,0.008660686668728856
2022-03-03,0.011755085352141528
2022-03-04,-0.002020610224287859
2022-03-07,0.035533508807451215
2022-03-08,0.039202268061393784
2022-03-09,-0.04778927563499522
2022-03-10,-0.010175854574194806
2022-03-11,-0.026449745483581272
2022-03-14,-0.02665573098216116
2022-03-15,-0.04592374131030132
2022-03-16,0.019209538529476895
2022-03-17,0.004224436741767752
2022-03-18,-0.0035594865710279933
2022-03-21,0.006494912318683663
2022-03-22,0.023015702301570247
2022-03-23,0.029857022708158057
2022-03-24,0.0034708044099633615
2022-03-25,0.016887080366225757
2022-03-28,-0.012705082032813056
2022-03-29,0.003141149052588854
2022-03-30,-0.013096239336777843
2022-03-31,0.009009009009009179
2022-04-01,0.04560810810810797
2022-04-06,0.025155781213939608
2022-04-07,-0.024425934263845085
2022-04-08,0.03046036690896475
2022-04-11,0.02060239614824797
2022-04-12,-0.001974766867800411
2022-04-13,-0.03132900956359231
2022-04-14,-0.0004539264639130561
2022-04-15,-0.0009082652134419806
2022-04-18,-0.008636363636363801
2022-04-19,0.004699679046309131
2022-04-20,-0.0030804335424986055
2022-04-21,-0.0028610666056306014
2022-04-22,-0.02364283254906463
2022-04-25,0.01586928411896102
2022-04-26,0.05415413098819688
2022-04-27,0.01789242590559834
2022-04-28,0.009274237032244172
2022-04-29,0.004167111870926284
2022-05-05,0.00021281123643329252
2022-05-06,0.0015957446808510405
2022-05-09,-0.021455124800849705
2022-05-10,0.0004341691088677393
2022-05-11,0.023434957144407322
2022-05-12,-0.0015901621965440243
2022-05-13,-0.007857294542365651
2022-05-16,-0.010273972602739791
2022-05-17,0.007569204152249085
2022-05-18,-0.0230736209487014
2022-05-19,0.014171152367351364
2022-05-20,0.01603119584055471
2022-05-23,-0.029424307036247297
2022-05-24,0.008787346221440935
2022-05-25,-0.0022865853658534784
2022-05-26,-0.02379133471570453
2022-05-27,-0.00022358859698156324
2022-05-30,-0.02202840210220291
2022-05-31,0.012234164189343727
2022-06-01,-0.0053089348243530714
2022-06-02,0.005791505791505553
2022-06-06,0.026984306198487146
2022-06-07,-0.016710642040457666
2022-06-08,-0.01587656529516967
2022-06-09,-0.0002272210861166097
2022-06-10,-0.0022727272727271755
2022-06-13,0.011047835990888167
2022-06-14,-0.012954827081221197
2022-06-15,0.01609221638895229
2022-06-16,-0.010895203863865903
2022-06-17,-0.0010220304337952776
2022-06-20,0.03160168239172423
2022-06-21,-0.009476584022038406
2022-06-22,-0.00378240071198128
2022-06-23,-0.015522054718034603
2022-06-24,-0.01156987295825781
2022-06-27,0.026050034427358294
2022-06-28,-0.007605413264735427
2022-06-29,0.005184266877042739
2022-06-30,-0.01491198564861565
2022-07-01,0.02947871613931291
2022-07-04,0.02144831398562719
2022-07-05,-0.0018400259768371232
2022-07-06,-0.03372370418564306
2022-07-07,-0.010324318258332259
2022-07-08,0.0012473069509012279
2022-07-11,-0.02955832389580973
2022-07-12,-0.00886917960088709
2022-07-13,0.0038855528081952456
2022-07-14,-0.009969505043396786
2022-07-15,-0.0009477550053309618
2022-07-18,0.052413138859243424
2022-07-19,-0.008225352112676113
2022-07-20,0.011361054305839289
2022-07-21,-0.010110087620759045
2022-07-22,0.010780753517930064
2022-07-25,0.0016840687100033434
2022-07-26,-0.024546065904505508
2022-07-27,0.0005745145352174744
2022-07-28,0.0022967386311438715
2022-07-29,0.018102658111823995
2022-08-01,-0.022394778302948535
2022-08-02,-0.006446414182111275
2022-08-03,0.0010427528675705268
2022-08-04,0.015277777777777828
2022-08-05,-0.018923848609211143
2022-08-08,-0.01080641412967693
2022-08-09,0.010572066251614824
2022-08-10,0.003370917121934448
2022-08-11,0.0026645041705284753
2022-08-12,-0.008896591565569305
2022-08-15,0.0481464210771743
2022-08-16,0.0007785563341116409
2022-08-17,0.009779951100244906
2022-08-18,-0.004292317851640341
2022-08-19,0.013042997678788908
2022-08-22,-0.010256410256410314
2022-08-23,0.008819314298313301
2022-08-24,-0.004152551633701223
2022-08-25,0.007352134313617936
2022-08-26,0.008169934640522757
2022-08-29,-0.008103727714748666
2022-08-30,-0.00969498910675394
2022-08-31,0.007149928500714827
2022-09-01,0.0002184359982527051
2022-09-02,0.006988425420397573
2022-09-05,-0.05432661027976593
2022-09-06,-0.007882111034955229
2022-09-07,0.007944732297063873
2022-09-08,-0.006968243088873489
2022-09-09,-0.0016104911998161405
2022-09-13,0.010369858278603598
2022-09-14,-0.01414072300148224
2022-09-15,0.00832851359167119
2022-09-16,-0.03498910175519094
2022-09-19,0.004517356157869344
2022-09-20,0.003431952662722143
2022-09-21,-0.008137752093407013
2022-09-22,0.00356718192627813
2022-09-23,-0.0251184834123224
2022-09-26,0.0014584346135149472
2022-09-27,-0.00424757281553409
2022-09-28,0.006093845216331456
2022-09-29,0.000847970926711188
2022-09-30,0.008472524812394107
2022-10-10,-0.03336533845415263
2022-10-11,-0.018003476533399596
2022-10-12,0.009229991149323493
2022-10-13,0.015033826108744638
2022-10-14,0.009010120957788349
2022-10-17,0.02911314984709464
2022-10-18,-0.00285272792107436
2022-10-19,0.019072595064965912
2022-10-20,0.006316528248918323
2022-10-21,-0.006509357200976608
2022-10-24,-0.009594009594009523
2022-10-25,-0.0023626698168931494
2022-10-26,-0.032445233866193
2022-10-27,-0.001346224452331492
2022-10-28,0.01985294117647056
2022-10-31,-0.005167027156933481
2022-11-01,0.0021741756250754666
2022-11-02,-0.003856815716524022
2022-11-03,0.023230490018148888
2022-11-04,0.015844862244294634
2022-11-07,-0.017460132697008555
2022-11-08,0.0
2022-11-09,-0.02416775263594359
2022-11-10,-0.01845332038363476
2022-11-11,0.0017316017316017344
2022-11-14,0.004074577108284995
2022-11-15,0.004426955238563646
2022-11-16,-0.003305582761998002
2022-11-17,0.0033165458788846185
2022-11-18,0.008080313418217477
2022-11-21,-0.029390332766577622
2022-11-22,0.0031281281281282085
2022-11-23,-0.0026194337033804264
2022-11-24,0.018009004502251125
2022-11-25,0.003808353808353948
2022-11-28,-0.014930853016766665
2022-11-29,0.013542054913653756
2022-11-30,-0.016670752635449714
2022-12-01,0.02268760907504345
2022-12-02,0.0024378352023403846
2022-12-05,-0.003891050583657564
2022-12-06,0.009521484374999957
2022-12-07,0.007738814993954005
2022-12-08,0.012718982481401653
2022-12-09,0.011018957345971366
2022-12-12,-0.009140982069611855
2022-12-13,-0.00011827321111772486
2022-12-14,0.01782229738519562
2022-12-15,-0.002556237218813834
2022-12-16,0.019477191184008084
2022-12-19,-0.011563599798893823
2022-12-20,-0.008519837232960417
2022-12-21,-0.023214056688469882
2022-12-22,0.0006565126050420993
2022-12-23,0.0014433801338408845
2022-12-26,0.03210167714884675
2022-12-27,0.0043163640980068115
2022-12-28,-0.007331563645556574
2022-12-29,0.0015280784413597896
2022-12-30,0.001907183725365392
2023-01-03,0.05977157360406101
2023-01-04,0.0032331457310502115
2023-01-05,0.0035808068751489158
2023-01-06,0.0029733587059944822
2023-01-09,-0.00023716352425000013
2023-01-10,0.0010674890285853004
2023-01-11,0.004146919431279412
2023-01-12,0.000825958702064819
2023-01-13,0.03584060363121902
2023-01-16,-0.02003186888231266
2023-01-17,-0.006039488966318279
2023-01-18,0.002103295162421211
2023-01-19,0.005480410447761344
2023-01-20,0.011712860953264388
2023-01-30,0.007221458046767387
2023-01-31,-0.011494252873563088
2023-02-01,0.02302555836979035
2023-02-02,0.004388926401080384
2023-02-03,0.005602240896358558
2023-02-06,-0.02206128133704738
2023-02-07,-0.016634385325281973
2023-02-08,0.0009268914378402812
2023-02-09,-0.012269938650306688
2023-02-10,0.004922067268252743
2023-02-13,0.0038483965014578505
2023-02-14,0.025325278810408705
2023-02-15,-0.00260593700430544
2023-02-16,0.002499148017721196
2023-02-17,0.015070821529745019
2023-02-20,-0.001116320607278379
2023-02-21,0.01117568171658457
2023-02-22,-0.0008841732979661727
2023-02-23,0.013274336283185976
2023-02-24,0.008078602620087007
2023-02-27,0.0012995451591944454
2023-02-28,-0.008436080467229134
2023-03-01,-0.004690226876090668
2023-03-02,0.0046027397260273014
2023-03-03,-0.012326824479109722
2023-03-06,0.005080627347028896
2023-03-07,-0.002197802197802305
2023-03-08,0.0011013215859032221
2023-03-09,-0.02695269526952712
2023-03-10,0.026794799321650714
2023-03-13,-0.022572120678264657
2023-03-14,-0.0058578348541174245
2023-03-15,0.011104815864022665
2023-03-16,-0.01524151070267849
2023-03-17,-0.01593262774553325
2023-03-20,-0.012836822019197246
2023-03-21,0.003163074039362736
2023-03-22,0.007941142123087622
2023-03-23,0.0034758428919013664
2023-03-24,0.02136012007851289
2023-03-27,-0.0487225864797649
2023-03-28,-0.018419489007724603
2023-03-29,-0.0024213075060532012
2023-03-30,0.0015776699029128197
2023-03-31,-0.00145401672119229
2023-04-03,-0.0007280669821624503
2023-04-04,-0.017000607164541673
2023-04-06,-0.006053119209388323
2023-04-07,0.007208550832711856
2023-04-10,0.004318854886475787
2023-04-11,-0.0039316869394273755
2023-04-12,-0.018132478105340875
2023-04-13,0.006281407035175701
2023-04-14,0.0037220843672455942
2023-04-17,0.01668726823238576
2023-04-18,0.0023100303951366884
2023-04-19,0.019893255701116015
2023-04-20,0.003568030447193089
2023-04-21,0.002370229912301575
2023-04-24,0.010404350910380552
2023-04-25,-0.003744441844137521
2023-04-26,0.0004698144233029207
2023-04-27,-0.0003521953510215058
2023-04-28,0.012566059894304114
2023-05-04,0.03201113430758553
2023-05-05,-0.013823331085637646
2023-05-08,-0.016410256410256206
2023-05-09,-0.0017379214459506136
2023-05-10,0.004642525533890418
2023-05-11,-0.02010166358595185
2023-05-12,-0.0009431737797689914
2023-05-15,0.006962473448194371
2023-05-16,-0.016758467127622155
2023-05-17,0.010250297973778367
2023-05-18,0.012387918829636593
2023-05-19,-0.003379559491900846
2023-05-22,0.012277829747427476
2023-05-23,-0.020445881945246314
2023-05-24,-0.004481132075471889
2023-05-25,0.015517649846008208
2023-05-26,0.019246471480228476
2023-05-29,0.0005722133211264012
2023-05-30,-0.008807045636509386
2023-05-31,-0.019386106623586422
2023-06-01,0.021181454459872916
2023-06-02,-0.005646462318506603
2023-06-05,-0.003244871943446486
2023-06-06,-0.00871991628880366
2023-06-07,-0.00011728829462800056
2023-06-08,0.015366568914955796
2023-06-09,0.0010397412199629065
2023-06-12,-0.027351413733410202
2023-06-13,0.001305173232083558
2023-06-14,-0.0023699490460954075
2023-06-15,0.002494357999762326
2023-06-16,0.013744075829383886
2023-06-19,-0.013791491351098615
2023-06-20,0.001540649442995969
2023-06-21,0.000828304342681423
2023-06-26,-0.002246393946559566
2023-06-27,0.01635264841805888
2023-06-28,-0.001982045004080443
2023-06-29,0.0003504672897195841
2023-06-30,0.0032698820506831404
2023-07-03,0.0008148061925271454
2023-07-04,-0.002558734589439457
2023-07-05,-0.001865671641791001
2023-07-06,0.007126168224298932
2023-07-07,0.005451803735065781
2023-07-10,-0.0186894323950164
2023-07-11,0.010345638372913269
2023-07-12,0.008028857342331976
2023-07-13,-0.001038901073531163
2023-07-14,-0.0003466605038132239
2023-07-17,0.002889839324933544
2023-07-18,-0.0033425541724298245
2023-07-19,0.0001156470452181597
2023-07-20,0.004509713228491952
2023-07-21,-0.011166110279728414
2023-07-24,0.010710128055879085
2023-07-25,-0.0013821700069110404
2023-07-26,-0.0038062283737021444
2023-07-27,0.01505152251939329
2023-07-28,0.003193794912740753
2023-07-31,-0.004206935758953798
2023-08-01,-0.002854532998401472
2023-08-02,0.00022901637467076145
2023-08-03,0.002404121350887301
2023-08-04,0.0043398812243033436
2023-08-07,-0.0011371389583807534
2023-08-08,-0.001593806921675935
2023-08-09,0.010718358038768654
2023-08-10,-0.0007897111913356453
2023-08-11,0.001580670655978307
2023-08-14,-0.012625408634877744
2023-08-15,0.0019408608288616856
2023-08-16,-0.009685505925250578
2023-08-17,-0.005292831664940998
2023-08-18,0.020821283979178724
2023-08-21,-0.004419263456090472
2023-08-22,0.015137719098565844
2023-08-23,0.0007848413499272011
2023-08-24,0.00011203226529239076
2023-08-25,-0.0011201971546992658
2023-08-28,-0.0054951216776945
2023-08-29,0.004059539918809413
2023-08-30,0.00269541778975761
2023-08-31,-0.01646505376344096
2023-09-01,-0.0010249402118210301
2023-09-04,0.012149426592483269
2023-09-05,0.0008974646623289758
2023-09-06,0.02151983860121024
2023-09-07,0.007241606319947822
2023-09-08,0.004357298474945292
2023-09-11,-0.006073752711496782
2023-09-12,-0.0003273679615888247
2023-09-13,0.007531928828730631
2023-09-14,-0.0016251354279524918
2023-09-15,0.015843733043950252
2023-09-18,-0.021258412562760422
2023-09-19,-0.001964636542239848
2023-09-20,-0.0021872265966752947
2023-09-21,-0.002520824199912537
2023-09-22,0.021096582793099762
2023-09-25,0.0035510599375875866
2023-09-26,0.00182286081921498
2023-09-27,0.010168040244032986
2023-09-28,-0.007310870947234559
2023-10-09,0.010780232682249992
2023-10-10,-0.010242872228088775
2023-10-11,-0.010562253280700012
2023-10-12,0.010675005391416997
2023-10-13,-0.0011735836978552623
2023-10-16,0.0034180730613113963
2023-10-17,-0.0036193314881838795
2023-10-18,-0.012820512820512777
2023-10-19,0.002597402597402756
2023-10-20,-0.0015112262521591127
2023-10-23,-0.033405405405405625
2023-10-24,-0.02639525780114061
2023-10-25,0.005973578403216641
2023-10-26,-0.0026264702523694054
2023-10-27,-0.0051522784520269
2023-10-30,-0.013580388997583225
2023-10-31,0.0029168125072921427
2023-11-01,0.01116798510935333
2023-11-02,-0.020823745973309014
2023-11-03,-0.0037598402067910773
2023-11-06,0.04658568227385313
2023-11-07,0.01408609420779807
2023-11-08,0.004000444493832634
2023-11-09,0.009407858328721548
2023-11-10,0.0010964912280702853
2023-11-13,-0.0029572836801752362
2023-11-14,-0.006701087553553864
2023-11-15,0.007962840079628202
2023-11-16,0.001536098310292081
2023-11-17,-0.004272567922874657
2023-11-20,0.008911871493013502
2023-11-21,0.008069792802617258
2023-11-22,0.00594980527909988
2023-11-23,-0.011721690504355379
2023-11-24,0.0022850924918391166
2023-11-27,-0.02507871023775928
2023-11-28,0.01770601336302889
2023-11-29,-0.002626107889265605
2023-11-30,0.003291278113000537
2023-12-01,0.0003280481137231751
2023-12-04,-0.010712724092697879
2023-12-05,-0.036899512647946
2023-12-06,-0.014337349397590383
2023-12-07,0.007945238968341267
2023-12-08,0.02946883337375695
2023-12-11,-0.015313935681469942
2023-12-12,-0.00047852613949073906
2023-12-13,0.0
2023-12-14,0.008976660682226242
2023-12-15,0.0
2023-12-18,-0.004863582443653514
2023-12-19,-0.020264632256526183
2023-12-20,-0.0004866772113397748
2023-12-21,0.0012172854534386911
2023-12-22,0.0013373860182372159
2023-12-25,-0.00012141816415727212
2023-12-26,0.0032786885245900013
2023-12-27,-0.00048414427499378506
2023-12-28,-0.005328166626301763
2023-12-29,-0.006208911614317132
2024-01-02,0.008330270733798939
2024-01-03,0.013242619365811977
2024-01-04,0.0
2024-01-05,-0.016067146282973437
2024-01-08,0.006458688764318731
2024-01-09,-0.019614965492190262
2024-01-10,-0.0004940101272076239
2024-01-11,0.018040281724947344
2024-01-12,0.00691831532953042
2024-01-15,-0.006147540983606669
2024-01-16,0.009824135839903023
2024-01-17,0.003603170790295578
2024-01-18,-0.0016754427955960336
2024-01-19,0.0033565092304003157
2024-01-22,-0.019115890083631938
2024-01-23,0.017661388550547878
2024-01-24,-0.0035906642728902485
2024-01-25,-0.012492492492492544
2024-01-26,-0.0030409925799781143
2024-01-29,-0.002684236212786813
2024-01-30,-0.005872277954489857
2024-01-31,-0.0006153088850600475
2024-02-01,-0.0029553010712967346
2024-02-02,-0.00642213165369911
2024-02-05,-0.005593536357986235
2024-02-06,0.0017500000000000573
2024-02-07,0.007736461192912472
2024-02-08,-0.0029717682020805177
2024-02-19,0.03514654744162955
2024-02-20,-0.0015596880623876624
2024-02-21,0.0067291516462391066
2024-02-22,-0.0015516829792314591
2024-02-23,-0.00047818290496098653
2024-02-26,-0.003109675876091478
2024-02-27,0.011037792441511526
2024-02-28,0.0037973181440610574
2024-02-29,0.010166686369547035
2024-03-01,0.015798712697483994
2024-03-04,-0.004032258064516176
2024-03-05,-0.0005783689994215644
2024-03-06,-0.0009259259259261274
2024-03-07,0.0030120481927713547
2024-03-08,0.005082005082005077
2024-03-11,-0.00827396000919339
2024-03-12,-0.01228273464658158
2024-03-13,-0.05279211637728747
2024-03-14,-0.026257121624969338
2024-03-15,-0.003561434749427555
2024-03-18,-0.0025529742149605125
2024-03-19,0.005886869721013569
2024-03-20,-0.0012722646310432987
2024-03-21,-0.0029299363057322977
2024-03-22,-0.005621566372812055
2024-03-25,0.00025697031992786667
2024-03-26,0.001798330122029603
2024-03-27,-0.0073086293114503304
2024-03-28,0.006070782743477242
2024-03-29,-0.0002567723712928573
2024-04-01,-0.01476820341594967
2024-04-02,0.0035192909280498783
2024-04-03,-0.008312767891933715
2024-04-08,-0.010347085789128865
2024-04-09,-0.001852832186342236
2024-04-10,0.00755767700875134
2024-04-11,-0.0039478878799847255
2024-04-12,0.0005284713964858781
2024-04-15,0.0029895366218237137
2024-04-16,-0.023099850968703293
2024-04-17,-0.012967200610221321
2024-04-18,-0.011978361669242689
2024-04-19,-0.011080693521053316
2024-04-22,0.005536514632217317
2024-04-23,0.0024908232826427175
2024-04-24,-0.00993853798875367
2024-04-25,-0.013340377757231608
2024-04-26,0.0016064257028112967
2024-04-29,0.012028869286287162
2024-04-30,0.001848917062863136
2024-05-06,-0.02873714737674663
2024-05-07,0.006107491856677561
2024-05-08,0.00418184270875476
2024-05-09,-0.005507791509940911
2024-05-10,0.0021612859651493335
2024-05-13,0.004178460708990511
2024-05-14,-0.0013422818791947791
2024-05-15,-0.0006720430107525518
2024-05-16,0.0039004707464693686
2024-05-17,0.009646302250803748
2024-05-20,0.0033174097664545113
2024-05-21,-0.007009654807565206
2024-05-22,-0.0019978689397975613
2024-05-23,-0.001201121046309771
2024-05-24,0.012426509887760378
2024-05-27,-0.008446614755180009
2024-05-28,0.0025289498203114893
2024-05-29,-0.0053106744556560385
2024-05-30,-0.0012012813667911257
2024-05-31,-0.013096351730589442
2024-06-03,-0.02654028436018958
2024-06-04,-0.0031993323132561945
2024-06-05,-0.01925760535863808
2024-06-06,0.005976095617529961
2024-06-07,0.0018387553041017313
2024-06-11,-0.00042354934349847587
2024-06-12,0.00028248587570611306
2024-06-13,0.00042360914995759737
2024-06-14,0.0005645730416372801
2024-06-17,-0.02525038792495403
2024-06-18,-0.009551374819102829
2024-06-19,0.02104032729398012
2024-06-20,-0.004006868918145297
2024-06-21,-0.005747126436781681
2024-06-24,-0.006791907514450802
2024-06-25,-0.011639749745380505
2024-06-26,0.01310172236125425
2024-06-27,-0.006393490264457984
2024-06-28,0.006873354782099964
2024-07-01,0.015105301379811214
2024-07-02,-0.006867935326942335
2024-07-03,0.007059501512750269
2024-07-04,-0.015879828326180265
2024-07-05,-0.009012937927024225
2024-07-08,0.011882059556989857
2024-07-09,-0.0017396346767178316
2024-07-10,0.005808887598024937
2024-07-11,0.008518625469246309
2024-07-12,-0.0008589835361489181
2024-07-15,-0.007737498208912476
2024-07-16,0.007942238267148101
2024-07-17,0.00100286532951287
2024-07-18,0.002146844139115513
2024-07-19,-0.004427306483861728
2024-07-22,0.015779658585568842
2024-07-23,-0.004660358706397496
2024-07-24,-0.0035471055618615794
2024-07-25,-0.014666097109497336
2024-07-26,-0.007080924855491274
2024-07-29,-0.004220637461796032
2024-07-30,-0.013007892429114197
2024-07-31,0.014067821708870061
2024-08-01,-0.0011682242990654582
2024-08-02,0.005847953216374342
2024-08-05,-0.004360465116279096
2024-08-06,-0.006423357664233555
2024-08-07,0.03629150749338814
2024-08-08,-0.015170849283992616
2024-08-09,0.008206161819752358
2024-08-12,-0.012851635013565581
2024-08-13,-0.006509474902357915
2024-08-14,-0.007571345369831116
2024-08-15,0.009096244131455463
2024-08-16,0.0010177377144518513
2024-08-19,0.013071895424836567
2024-08-20,0.007885304659498294
2024-08-21,0.004551920341394061
2024-08-22,0.016001132823562633
2024-08-23,-0.03832752613240416
2024-08-26,-0.0031884057971014383
2024-08-27,0.00014539110206450133
2024-08-28,-0.003052769297862989
2024-08-29,-0.003791192767570728
2024-08-30,0.0026346604215456374
2024-09-02,-0.004233576642335731
2024-09-03,-0.001905878903386604
2024-09-04,0.0011750881316097933
2024-09-05,-0.0016138497652582104
2024-09-06,-0.0017634092578985455
2024-09-09,0.0031914893617021154
2024-09-10,-0.0009089531889108499
2024-09-11,0.023351023502653553
2024-09-12,-0.0051859534745888084
2024-09-13,0.01266011319630621
2024-09-18,0.013825562582732799
2024-09-19,0.026693747279849085
2024-09-20,-0.005793415288964305
2024-09-23,-0.01193860147811252
2024-09-24,0.006185270425776872
2024-09-25,-0.001000714796283164
2024-09-26,0.0005724098454492465
2024-09-27,0.0064359267734555555
2024-09-30,-0.009094784709393204
2024-10-08,-0.04058511401118594
2024-10-09,0.0029895366218234596
2024-10-10,0.004769001490312964
2024-10-11,0.0037080984870958194
2024-10-14,0.01093542190039897
2024-10-15,-0.005554743458558654
2024-10-16,-0.00852565044833165
2024-10-17,0.016308376575240906
2024-10-18,0.0017505470459520116
2024-10-21,-0.014708023882335957
2024-10-22,-0.009754655631096608
2024-10-23,0.009552238805970146
2024-10-24,0.00029568302779415536
2024-10-25,0.003990540939994154
2024-10-28,-0.0038274694538495842
2024-10-29,0.031476281956553845
2024-10-30,0.07908309455587403
2024-10-31,0.01805629314922997
2024-11-01,-0.0014345331246739784
2024-11-04,-0.004440381350398481
2024-11-05,-0.008264462809917225
2024-11-06,-0.0014550264550264639
2024-11-07,0.00556365081467762
2024-11-08,0.0006586747464102629
2024-11-11,0.01777251184834092
2024-11-12,0.0003880481179666124
2024-11-13,0.007887251099043199
2024-11-14,-0.0007697241821678309
2024-11-15,-0.00038515855693945286
2024-11-18,-0.0021834061135370957
2024-11-19,0.007079418200540848
2024-11-20,-0.004856850715746679
2024-11-21,0.0030824556896993376
2024-11-22,-0.002688860435339007
2024-11-25,-0.004365130311978581
2024-11-26,-0.006576402321083105
2024-11-27,0.009215991692626904
2024-11-28,-0.0023151125401928343
2024-11-29,0.003996390357096983
2024-12-02,0.032742681047765655
2024-12-03,0.005221932114882676
2024-12-04,-0.006926406926407088
2024-12-05,-0.005729231535683046
2024-12-06,-0.0035074533383439676
2024-12-09,-0.0159648020113137
2024-12-10,0.0018571251702362967
2024-12-11,0.0067968363816116595
2024-12-12,-0.005032527310666497
2024-12-13,-0.0017271157167532184
2024-12-16,-0.023479980227384838
2024-12-17,-0.032776512275373273
2024-12-18,-0.05076540625408872
2024-12-19,0.007443142660234301
2024-12-20,0.008072239704473995
2024-12-23,-0.038002171552660204
2024-12-24,0.003386004514672628
2024-12-25,-0.004218222722159768
2024-12-26,-0.0016944365998305274
2024-12-27,0.006223479490806265
2024-12-30,0.003654765251616505
2024-12-31,-0.008403361344537891
