date,FCT_Cci@10
2014-12-19,
2014-12-22,
2014-12-23,
2014-12-24,
2014-12-25,
2014-12-26,
2014-12-29,
2014-12-30,
2014-12-31,
2015-01-05,-134.50790130783344
2015-01-06,-221.86563970902742
2015-01-07,-161.99968359436798
2015-01-08,-102.8037383177571
2015-01-09,-79.02413153009826
2015-01-12,-53.46278317152084
2015-01-13,-48.88327012220743
2015-01-14,-39.76975405546772
2015-01-15,-23.827726809378365
2015-01-16,119.04761904761786
2015-01-19,224.99999999999918
2015-01-20,145.12471655328838
2015-01-21,128.7179487179489
2015-01-22,57.08460754332448
2015-01-23,37.012630422846904
2015-01-26,14.342235410484648
2015-01-27,122.32905982905933
2015-01-28,173.5408560311275
2015-01-29,215.09971509971578
2015-01-30,135.0443018637345
2015-02-02,113.80597014925416
2015-02-03,92.06349206349248
2015-02-04,82.12867355043784
2015-02-05,97.81438415159364
2015-02-06,105.15798676158309
2015-02-09,150.64629847238626
2015-02-10,141.12190812720857
2015-02-11,104.84780157835425
2015-02-12,47.30679156908762
2015-02-13,56.99481865284918
2015-02-16,44.64285714285527
2015-02-17,-41.00827689992625
2015-02-25,-115.27418891760061
2015-02-26,-93.96071533274953
2015-02-27,10.386238234344544
2015-03-02,74.41860465116139
2015-03-03,-25.154004106775375
2015-03-04,82.26495726495727
2015-03-05,42.26069246435883
2015-03-06,5.242227042665218
2015-03-09,54.347826086956005
2015-03-10,220.85976039464427
2015-03-11,228.04659498207747
2015-03-12,143.0593078605425
2015-03-13,124.52810937659433
2015-03-16,110.76046460661867
2015-03-17,91.61940768746076
2015-03-18,56.43669045730875
2015-03-19,29.41488796856781
2015-03-20,37.962744635698456
2015-03-23,53.84219994859961
2015-03-24,213.90967026877232
2015-03-25,151.90570610266613
2015-03-26,121.67482953999928
2015-03-27,137.48894783377543
2015-03-30,117.68330252618604
2015-03-31,104.63025398966133
2015-04-01,-2.5172231054587475
2015-04-02,-46.72295938882105
2015-04-03,-92.07025013304943
2015-04-07,-111.30708236130302
2015-04-08,-127.04093268855402
2015-04-09,-122.59951439044039
2015-04-10,-59.07523218749095
2015-04-13,12.633333657934621
2015-04-14,3.5266128070392235
2015-04-15,-143.32338823152674
2015-04-16,-128.5335166775519
2015-04-17,-63.298402712109976
2015-04-20,-59.01309164149156
2015-04-21,-75.32441200324442
2015-04-22,-48.90489048905001
2015-04-23,-22.022022022022846
2015-04-24,-55.703802535024494
2015-04-27,-50.12677979325263
2015-04-28,88.58102434928635
2015-04-29,-83.33333333333269
2015-04-30,138.83161512028275
2015-05-04,232.1428571428587
2015-05-05,156.6227244193345
2015-05-06,115.53473848555777
2015-05-07,116.87057308435176
2015-05-08,64.45449974861619
2015-05-11,55.374945817079116
2015-05-12,58.4750128799588
2015-05-13,109.54174513496426
2015-05-14,142.69087523277332
2015-05-15,151.95432586737124
2015-05-18,60.022148394242635
2015-05-19,40.4761904761948
2015-05-20,-3.6568213783398695
2015-05-21,-10.586552217456045
2015-05-22,-69.19431279621261
2015-05-25,-240.74074074074363
2015-05-26,-219.67933798810483
2015-05-27,-188.56121537086833
2015-05-28,-131.02321782755774
2015-05-29,-84.43489755452767
2015-06-01,-45.4237288135596
2015-06-02,-33.6617405582925
2015-06-03,-39.31467033807512
2015-06-04,-94.4798301486193
2015-06-05,-129.20156337241673
2015-06-08,-178.67528271405388
2015-06-09,-95.34987704001942
2015-06-10,-92.0383963862222
2015-06-11,-56.45021645021652
2015-06-12,-75.5794137695972
2015-06-15,-131.11726685133792
2015-06-16,-61.20996441281252
2015-06-17,15.566835871404555
2015-06-18,83.8264299802802
2015-06-19,68.039950062418
2015-06-23,97.34513274336379
2015-06-24,-18.39826839826892
2015-06-25,-50.793650793651715
2015-06-26,-55.38771399798898
2015-06-29,-77.77777777777611
2015-06-30,-168.1385281385267
2015-07-01,-9.677419354837255
2015-07-02,-108.31315577078219
2015-07-03,-47.9221927497768
2015-07-06,6.88360450563682
2015-07-07,49.507516848107265
2015-07-08,-205.03278398015087
2015-07-09,107.05225773719108
2015-07-10,95.23809523809398
2015-07-13,75.00711642470522
2015-07-14,15.343112459956188
2015-07-15,-16.871165644174013
2015-07-16,97.59598134194297
2015-07-17,128.82447665056335
2015-07-20,-45.52398411243691
2015-07-21,-73.37357478202412
2015-07-22,-87.07482993197402
2015-07-23,-78.81773399014786
2015-07-24,-110.63896757947866
2015-07-27,-208.78243512973998
2015-07-28,-187.94992029817132
2015-07-29,-113.26290088450787
2015-07-30,-101.12490792959835
2015-07-31,-77.83529307901134
2015-08-03,-118.67148579018708
2015-08-04,-118.93581509503503
2015-08-05,-119.45467839681749
2015-08-06,-97.42038104119816
2015-08-07,-115.55756297251833
2015-08-10,-147.2693032015066
2015-08-11,-104.79375696767114
2015-08-12,-115.52923481857435
2015-08-13,-21.069692058347346
2015-08-14,111.11111111111235
2015-08-17,119.31623931623945
2015-08-18,105.84615384615384
2015-08-19,48.7066861883834
2015-08-20,-5.489021956087779
2015-08-21,-43.52068696331026
2015-08-24,-85.69182389937144
2015-08-25,0.8658008658007846
2015-08-26,-15.232974910394953
2015-08-27,-72.37169905331137
2015-08-28,-33.3619702176401
2015-08-31,-196.0855823000246
2015-09-01,-172.5094078035257
2015-09-02,-140.63992359121286
2015-09-07,-109.41680042803641
2015-09-08,-63.104325699745885
2015-09-09,-52.1453373015874
2015-09-10,-83.9641155032232
2015-09-11,-40.250529612231475
2015-09-14,-92.27129337539535
2015-09-15,-138.93719806763315
2015-09-16,-28.84160756501275
2015-09-17,-51.222048881957285
2015-09-18,-190.07936507936523
2015-09-21,-87.4909616775114
2015-09-22,-166.37906241012504
2015-09-23,-170.89797837329385
2015-09-24,-105.54897314376014
2015-09-25,-95.73643410852716
2015-09-28,-87.66994842944246
2015-09-29,-126.847504781777
2015-09-30,-189.35208437970883
2015-10-08,-226.354600833601
2015-10-09,-153.14476390020536
2015-10-12,-115.3338611770916
2015-10-13,-117.5721561969439
2015-10-14,-107.72373292480546
2015-10-15,-91.27544878840256
2015-10-16,-88.03326102675337
2015-10-19,-91.38615570516134
2015-10-20,-86.99816758287551
2015-10-21,-75.93091072229737
2015-10-22,-118.33855799373012
2015-10-23,-131.9520174482002
2015-10-26,-54.58089668615954
2015-10-27,55.55555555555751
2015-10-28,13.338722716249196
2015-10-29,46.34977047238134
2015-10-30,80.88235294117715
2015-11-02,97.94435929343882
2015-11-03,139.87488750466565
2015-11-04,177.9159074201272
2015-11-05,167.5798090738533
2015-11-06,134.63719464693435
2015-11-09,154.89713620303417
2015-11-10,71.26088679604477
2015-11-11,42.85338856457243
2015-11-12,105.56637047687863
2015-11-13,157.420924574209
2015-11-16,113.94086394086436
2015-11-17,70.63197026022273
2015-11-18,69.438754608766
2015-11-19,-5.356407086938612
2015-11-20,0.09876543209878404
2015-11-23,51.95277020890181
2015-11-24,127.83446712018157
2015-11-25,120.3400121432908
2015-11-26,136.11574846967082
2015-11-27,140.3061224489792
2015-11-30,116.61463753035065
2015-12-01,64.2469753858981
2015-12-02,33.10759969902234
2015-12-03,21.2702216896349
2015-12-04,-109.29772502472764
2015-12-07,-217.7419354838714
2015-12-08,-175.32554705329662
2015-12-09,-130.40655279192904
2015-12-10,-93.2330165434714
2015-12-11,-60.11944260119429
2015-12-14,-49.79979979979938
2015-12-15,-12.135001896093923
2015-12-16,2.4161073825507837
2015-12-17,95.63218390804543
2015-12-18,174.42922374429264
2015-12-21,118.44476055002374
2015-12-22,76.33242999096663
2015-12-23,-11.021002287378643
2015-12-24,-18.947622495776706
2015-12-25,-89.0698248211205
2015-12-28,-224.68162522741062
2015-12-29,-132.16458533461395
2015-12-30,-64.74466891133557
2015-12-31,-61.54882154882149
2016-01-04,-49.42400594574523
2016-01-05,4.18410041840969
2016-01-06,57.92717086834847
2016-01-07,-13.381028086909737
2016-01-08,-29.401709401708384
2016-01-11,24.11347517730422
2016-01-12,104.2524005486993
2016-01-13,94.80122324159167
2016-01-14,81.30563798219367
2016-01-15,61.45833333333188
2016-01-18,137.00384122919297
2016-01-19,72.26958993097954
2016-01-20,96.06481481481633
2016-01-21,103.06878306878336
2016-01-22,231.5664288141342
2016-01-25,201.84376516254164
2016-01-26,111.74134997164015
2016-01-27,92.44532803180948
2016-01-28,62.711166048619454
2016-01-29,21.78030303030368
2016-02-01,23.59108781127054
2016-02-02,19.963702359346712
2016-02-03,36.98781838316345
2016-02-04,119.86863711001399
2016-02-05,41.13475177304847
2016-02-15,185.8407079646045
2016-02-16,143.69369369369227
2016-02-17,-96.67067789811604
2016-02-18,-169.92248062015472
2016-02-19,-158.78336436995588
2016-02-22,-125.46269238262339
2016-02-23,-104.51977401130034
2016-02-24,-94.69939523301257
2016-02-25,-81.50380255416802
2016-02-26,-71.73980703392466
2016-02-29,-146.70380687093714
2016-03-01,-32.506415739948075
2016-03-02,-27.476935419174037
2016-03-03,145.17437145174452
2016-03-04,200.62555853440531
2016-03-07,120.24788463830369
2016-03-08,77.00870269176349
2016-03-09,44.44444444444429
2016-03-10,-18.708010335916995
2016-03-11,37.98149343662632
2016-03-14,-47.23225030084386
2016-03-15,-105.89651022863983
2016-03-16,-158.0852775543054
2016-03-17,-144.66978679147172
2016-03-18,-31.904761904763394
2016-03-21,65.37352774050859
2016-03-22,110.54042751110939
2016-03-23,104.80280397300837
2016-03-24,3.7213254454808613
2016-03-25,13.319780353393682
2016-03-28,-110.09705258921738
2016-03-29,-100.25275271176868
2016-03-30,-72.73024319784372
2016-03-31,-123.08684719407167
2016-04-01,-100.8658008658016
2016-04-05,-48.20559610705674
2016-04-06,-29.19984831247573
2016-04-07,-65.93406593406607
2016-04-08,-85.20499108734438
2016-04-11,-27.122940430923205
2016-04-12,141.1896745230084
2016-04-13,182.88065843621396
2016-04-14,190.39789542913422
2016-04-15,122.82570110046066
2016-04-18,166.19414067773747
2016-04-19,161.99376947040565
2016-04-20,167.23204910750368
2016-04-21,164.23291869479004
2016-04-22,95.18099805869545
2016-04-25,76.017316017316
2016-04-26,69.40389294403913
2016-04-27,22.272596430627544
2016-04-28,-18.232692481270014
2016-04-29,-15.701415701414929
2016-05-03,28.31715210356017
2016-05-04,-15.256008359457814
2016-05-05,-93.97818871503038
2016-05-06,-177.09172259507966
2016-05-09,-147.3772491613294
2016-05-10,-111.08798223702497
2016-05-11,25.708373129576742
2016-05-12,25.074478649454218
2016-05-13,-57.875457875458046
2016-05-16,-49.05119942714002
2016-05-17,-7.805570338833324
2016-05-18,17.361111111112546
2016-05-19,92.2629435718429
2016-05-20,129.12365917830434
2016-05-23,111.43131604226721
2016-05-24,55.18319928507611
2016-05-25,14.233241505968861
2016-05-26,3.57142857142749
2016-05-27,95.40012602394526
2016-05-30,241.4726583649164
2016-05-31,201.4519056261333
2016-06-01,131.8141197497767
2016-06-02,105.70848375451266
2016-06-03,74.64985994397777
2016-06-06,89.42268873637487
2016-06-07,64.33659839715021
2016-06-08,45.895401178708674
2016-06-13,145.17265680056394
2016-06-14,154.6985815602837
2016-06-15,80.21056388294112
2016-06-16,-85.54964539007183
2016-06-17,-119.24720578566685
2016-06-20,-99.3303571428571
2016-06-21,-78.3106960950762
2016-06-22,-65.70841889117045
2016-06-23,-123.12851838543536
2016-06-24,-129.03396186552527
2016-06-27,-102.37480004921927
2016-06-28,-23.86468952733977
2016-06-29,0.890255746196881
2016-06-30,37.57093257350471
2016-07-01,-62.137963550986136
2016-07-04,19.600124263733843
2016-07-05,-82.00825758160948
2016-07-06,-160.42546181142606
2016-07-07,-116.25926920108681
2016-07-08,-150.06626051320194
2016-07-11,-81.64031112157336
2016-07-12,-65.50345328971373
2016-07-13,-19.740129935033078
2016-07-14,-36.303630363037264
2016-07-15,-74.92943289709996
2016-07-18,-221.83201638864813
2016-07-19,-183.5443037974683
2016-07-20,-138.7957195336202
2016-07-21,-92.05020920502068
2016-07-22,-94.85094850948447
2016-07-25,-85.17593913456918
2016-07-26,-64.16797488225994
2016-07-27,-78.04918167612483
2016-07-28,-136.63563829787333
2016-07-29,-186.7794004611818
2016-08-01,-110.71128703370472
2016-08-02,-44.0821256038654
2016-08-03,25.73145245559093
2016-08-04,74.8327759197322
2016-08-05,60.70826306913915
2016-08-08,-34.326241134751044
2016-08-09,-42.763157894736345
2016-08-10,40.71499503475671
2016-08-11,45.140562248996794
2016-08-12,36.570743405276474
2016-08-15,208.57142857142736
2016-08-16,180.6015452538637
2016-08-17,114.8738379814077
2016-08-18,85.64045773348165
2016-08-19,8.193668528864498
2016-08-22,-61.568627450979896
2016-08-23,-111.76183504148405
2016-08-24,-96.86221009549871
2016-08-25,-89.19482686691707
2016-08-26,-88.7636226982339
2016-08-29,-74.63473414670892
2016-08-30,-86.48368720870032
2016-08-31,-151.93287383877816
2016-09-01,-143.71980676328573
2016-09-02,-166.86460807600974
2016-09-05,-163.46153846153837
2016-09-06,-133.71574251115356
2016-09-07,-110.90052837123784
2016-09-08,-89.75853455453797
2016-09-09,-56.690997566910085
2016-09-12,-57.08439175839702
2016-09-13,-5.519416518824173
2016-09-14,1.3947001394694007
2016-09-19,52.38726790450861
2016-09-20,31.423290203325664
2016-09-21,-126.54088050314762
2016-09-22,-147.92899408284126
2016-09-23,-122.73641851106952
2016-09-26,-119.47626841243759
2016-09-27,-125.26973310619015
2016-09-28,-146.55414908579544
2016-09-29,-119.78877153974463
2016-09-30,-51.4056224899599
2016-10-10,95.00274574409806
2016-10-11,127.21202003338847
2016-10-12,118.60696517412946
2016-10-13,115.38461538461559
2016-10-14,136.828725770576
2016-10-17,124.1621983914209
2016-10-18,88.70056497175138
2016-10-19,75.6722951844899
2016-10-20,147.93414103758946
2016-10-21,140.14539579967717
2016-10-24,89.57293399889059
2016-10-25,36.86845698679934
2016-10-26,15.453728661275386
2016-10-27,56.16291532690286
2016-10-28,-16.593992248062
2016-10-31,-26.790314270994738
2016-11-01,32.16374269005786
2016-11-02,-35.58052434457092
2016-11-03,57.77777777777798
2016-11-04,31.928480204341305
2016-11-07,67.729083665339
2016-11-08,250.75757575757612
2016-11-09,199.77924944812435
2016-11-10,181.59737105300735
2016-11-11,147.85296031229697
2016-11-14,73.05134344240528
2016-11-15,54.79818230419639
2016-11-16,45.524967226790665
2016-11-17,26.041666666666714
2016-11-18,30.285929270127852
2016-11-21,97.00948212983165
2016-11-22,191.4000453823477
2016-11-23,152.7622866532094
2016-11-24,108.07389039287679
2016-11-25,27.798313463756195
2016-11-28,46.46175233826118
2016-11-29,105.57128773710578
2016-11-30,101.53004725421407
2016-12-01,101.67898769566328
2016-12-02,85.50922474092827
2016-12-05,113.12340459010781
2016-12-06,16.654049962149656
2016-12-07,-25.719378660555556
2016-12-08,-96.27671293236371
2016-12-09,-123.67411419544112
2016-12-12,-107.55497496189788
2016-12-13,-91.23109324143154
2016-12-14,-89.4179894179902
2016-12-15,-81.32089279180411
2016-12-16,-16.265597147949887
2016-12-19,-64.34599156118146
2016-12-20,-228.8503253796099
2016-12-21,-206.2873473629536
2016-12-22,-158.89775946433153
2016-12-23,-85.95859585958569
2016-12-26,-21.21573301549378
2016-12-27,-8.413891872538695
2016-12-28,-11.632695079267032
2016-12-29,-50.90090090090194
2016-12-30,-83.14028314028342
2017-01-03,-60.86519114688241
2017-01-04,0.3809523809534604
2017-01-05,-4.5418641390203724
2017-01-06,-138.82306477093056
2017-01-09,-149.64734743943657
2017-01-10,-121.07117688512926
2017-01-11,-82.12121212121272
2017-01-12,-88.94192521877561
2017-01-13,23.91304347826051
2017-01-16,111.00628930817606
2017-01-17,114.9051490514898
2017-01-18,136.5914786967415
2017-01-19,115.6069364161853
2017-01-20,59.00592795257619
2017-01-23,85.37263626251391
2017-01-24,60.428849902534715
2017-01-25,-26.223303595566435
2017-01-26,-67.77163904235815
2017-02-03,-7.455507455507755
2017-02-06,167.82945736434192
2017-02-07,123.45679012345745
2017-02-08,112.2884473877845
2017-02-09,63.172043010753015
2017-02-10,26.353276353276538
2017-02-13,56.434599156119845
2017-02-14,-28.152260111024173
2017-02-15,-104.08163265306091
2017-02-16,-96.9884853852945
2017-02-17,-136.7357380404189
2017-02-20,-63.390044108380394
2017-02-21,27.628865979379512
2017-02-22,83.94528437724864
2017-02-23,104.25240054869575
2017-02-24,129.62962962963041
2017-02-27,183.42886920271033
2017-02-28,144.47863247863248
2017-03-01,109.04971834435482
2017-03-02,95.24632670700161
2017-03-03,57.30337078651673
2017-03-06,91.24188423815411
2017-03-07,61.151991880234085
2017-03-08,-28.47918828548411
2017-03-09,-69.2703310832527
2017-03-10,-145.35519125683135
2017-03-13,-109.70464135021084
2017-03-14,-66.10288935870358
2017-03-15,-49.16169366297143
2017-03-16,-41.31961456802372
2017-03-17,-129.85938792390215
2017-03-20,-66.66666666666693
2017-03-21,64.97175141243068
2017-03-22,146.8871595330746
2017-03-23,77.50732718564555
2017-03-24,102.93159834816188
2017-03-27,151.04556842238432
2017-03-28,53.18114869486004
2017-03-29,-159.0483389194435
2017-03-30,-165.8925013493651
2017-03-31,-118.77217624209304
2017-04-05,-62.41002164401741
2017-04-06,-79.66715414498958
2017-04-07,-87.15667915106094
2017-04-10,-110.52293872313183
2017-04-11,-145.55125725338533
2017-04-12,-156.8875400438372
2017-04-13,-97.07424319296405
2017-04-14,-38.66305329719862
2017-04-17,-30.972615675165272
2017-04-18,-45.46387520525467
2017-04-19,-88.21292775665523
2017-04-20,-10.6167846309397
2017-04-21,113.05925030229658
2017-04-24,88.04627249357152
2017-04-25,-82.37327188939929
2017-04-26,-116.93548387096793
2017-04-27,-169.0556492411474
2017-04-28,-139.52130764740275
2017-05-02,-89.58333333333229
2017-05-03,-99.16142557651968
2017-05-04,-70.08547008546927
2017-05-05,-22.201375859912243
2017-05-08,9.548611111111542
2017-05-09,-54.85498108449006
2017-05-10,-84.26073131955731
2017-05-11,4.339250493102007
2017-05-12,49.0620490620506
2017-05-15,-123.62459546925781
2017-05-16,-175.097276264593
2017-05-17,-103.65853658536518
2017-05-18,-126.72028596961408
2017-05-19,-91.06984969053791
2017-05-22,-171.79487179487077
2017-05-23,-145.27777777777857
2017-05-24,-66.10878661087914
2017-05-25,-47.839506172840125
2017-05-26,-5.490196078432771
2017-05-31,13.73106060605975
2017-06-01,127.7484608619181
2017-06-02,190.42476601871957
2017-06-05,160.58763931104232
2017-06-06,106.53753026634372
2017-06-07,98.5301090564242
2017-06-08,48.874934589220025
2017-06-09,101.88154800085564
2017-06-12,137.35875706214568
2017-06-13,80.9523809523815
2017-06-14,70.76923076923141
2017-06-15,95.34450651769113
2017-06-16,81.41878274889008
2017-06-19,59.89583333333261
2017-06-20,-59.47136563876646
2017-06-21,17.78542742398321
2017-06-22,-1.768346595931839
2017-06-23,181.44329896907766
2017-06-26,251.98412698412983
2017-06-27,157.26227795193316
2017-06-28,97.83578759482262
2017-06-29,53.84615384615529
2017-06-30,43.42313787638516
2017-07-03,27.210884353741914
2017-07-04,-77.15326567785536
2017-07-05,-82.27848101266
2017-07-06,-91.36822773186492
2017-07-07,-21.963824289406432
2017-07-10,19.722814498932635
2017-07-11,26.9607843137268
2017-07-12,51.12748381335162
2017-07-13,-40.83885209712883
2017-07-14,-53.559322033897594
2017-07-17,-61.95965417867718
2017-07-18,59.87878787878971
2017-07-19,-29.959514170038602
2017-07-20,-38.78787878788143
2017-07-21,-107.04607046070353
2017-07-24,-238.09523809523807
2017-07-25,-166.4273176958667
2017-07-26,-139.8777418194893
2017-07-27,-99.99999999999875
2017-07-28,-84.07407407407355
2017-07-31,-93.6012691697506
2017-08-01,-74.77420709934744
2017-08-02,-75.7341576506975
2017-08-03,-22.1187427240977
2017-08-04,32.608695652174916
2017-08-07,-54.76753349093337
2017-08-08,170.16317016317265
2017-08-09,262.65574787909384
2017-08-10,176.88367132908942
2017-08-11,148.6949306886856
2017-08-14,129.95773084932625
2017-08-15,103.8436550351049
2017-08-16,83.66579972897682
2017-08-17,92.1968557929763
2017-08-18,77.39622693180895
2017-08-21,65.2736361300453
2017-08-22,95.08974929535648
2017-08-23,104.03146509341168
2017-08-24,75.11737089202002
2017-08-25,72.80883367839951
2017-08-28,-47.73175542406751
2017-08-29,-198.94475481067374
2017-08-30,-224.92101105844924
2017-08-31,-158.86902497781222
2017-09-01,-107.08384964890539
2017-09-04,-2.7012425715824686
2017-09-05,44.95912806539473
2017-09-06,74.29299953639338
2017-09-07,80.08808530366302
2017-09-08,-21.46892655367138
2017-09-11,-73.81392483056175
2017-09-12,-68.0157391793144
2017-09-13,-97.73662551440403
2017-09-14,-67.28586171310614
2017-09-15,-93.48882410106935
2017-09-18,-81.52476349471316
2017-09-19,-62.96062328911222
2017-09-20,-45.084996304508095
2017-09-21,25.28735632184075
2017-09-22,209.45273631840843
2017-09-25,146.8058968058925
2017-09-26,116.94510739856969
2017-09-27,78.69180234218824
2017-09-28,-14.38535309503163
2017-09-29,-58.05580558055788
2017-10-09,-156.0717196414013
2017-10-10,-147.0899470899478
2017-10-11,-111.30742049470074
2017-10-12,-86.68363019508026
2017-10-13,-52.356020942408904
2017-10-16,-52.8431935669162
2017-10-17,-31.858187678195257
2017-10-18,14.58080194410805
2017-10-19,16.890727335403056
2017-10-20,61.1111111111153
2017-10-23,-58.646616541353396
2017-10-24,-117.7304964539011
2017-10-25,135.96491228069812
2017-10-26,183.720930232559
2017-10-27,100.96153846154002
2017-10-30,-78.61635220125774
2017-10-31,-91.63120567375695
2017-11-01,52.341597796140924
2017-11-02,73.91304347826282
2017-11-03,150.55031446540877
2017-11-06,178.0634104541559
2017-11-07,167.54706758770124
2017-11-08,200.15182186234935
2017-11-09,155.6169429097608
2017-11-10,121.72056131787645
2017-11-13,99.10288758059957
2017-11-14,134.80361268641036
2017-11-15,133.73622759414584
2017-11-16,94.82296137339003
2017-11-17,13.419913419913753
2017-11-20,-23.2467278765388
2017-11-21,-55.17596062008661
2017-11-22,-43.9696547453171
2017-11-23,-58.54800936768114
2017-11-24,-67.25011515430596
2017-11-27,-58.77054717405889
2017-11-28,-31.701369349090655
2017-11-29,-20.069808027922527
2017-11-30,-147.72727272727155
2017-12-01,-206.03015075377377
2017-12-04,-17.450142450140316
2017-12-05,-8.922291662482698
2017-12-06,140.64324625855537
2017-12-07,-61.52159144503984
2017-12-08,-117.27418108043425
2017-12-11,-144.9485423078205
2017-12-12,-142.0489401355455
2017-12-13,-77.40071654019076
2017-12-14,32.164970087095156
2017-12-15,12.886597938143968
2017-12-18,153.28898743532932
2017-12-19,143.9420908983031
2017-12-20,118.13013265950757
2017-12-21,94.72236548048816
2017-12-22,63.56209150326778
2017-12-25,-6.488011283497883
2017-12-26,-25.05747126436796
2017-12-27,-7.440476190476497
2017-12-28,-21.758050478677042
2017-12-29,-39.30510314875125
2018-01-02,45.0000000000004
2018-01-03,144.56521739130628
2018-01-04,93.06599832915671
2018-01-05,90.30732860520054
2018-01-08,-17.324350336862555
2018-01-09,-75.22123893805293
2018-01-10,-55.55555555555522
2018-01-11,-71.16104868913827
2018-01-12,-62.56306760847567
2018-01-15,25.667527993109605
2018-01-16,-6.792058516198528
2018-01-17,-52.763819095476954
2018-01-18,-114.03508771929884
2018-01-19,-155.55555555555588
2018-01-22,-165.70466570466473
2018-01-23,-146.93665628245193
2018-01-24,-115.82045621780723
2018-01-25,-84.94623655913875
2018-01-26,-79.08496732026244
2018-01-29,-48.66412213740454
2018-01-30,-39.35957304869737
2018-01-31,-38.58948769128767
2018-02-01,187.7022653721668
2018-02-02,181.88795088257456
2018-02-05,151.48413510747108
2018-02-06,111.25069793411627
2018-02-07,132.38095238095224
2018-02-08,109.5156695156693
2018-02-09,79.87987987987908
2018-02-12,64.3669045730899
2018-02-13,-53.742802303262486
2018-02-14,-55.55555555555361
2018-02-22,3.3333333333346977
2018-02-23,0.27434842249490743
2018-02-26,186.74698795180876
2018-02-27,156.46258503401492
2018-02-28,104.6381670857787
2018-03-01,48.02259887005561
2018-03-02,92.75843007186295
2018-03-05,118.54665887395349
2018-03-06,132.82051282051177
2018-03-07,89.29001203369445
2018-03-08,42.245614035087186
2018-03-09,34.65259454705262
2018-03-12,-125.47169811320857
2018-03-13,-117.74193548387183
2018-03-14,-96.86911487758813
2018-03-15,-122.68941702214069
2018-03-16,-78.67383512544853
2018-03-19,-49.575070821529486
2018-03-20,-64.16492934908511
2018-03-21,-19.028871391077608
2018-03-22,-109.72222222222236
2018-03-23,-126.45739910314012
2018-03-26,-71.197411003237
2018-03-27,-65.35303776683214
2018-03-28,157.68115942028857
2018-03-29,84.66453674121618
2018-03-30,75.11737089201777
2018-04-02,-20.378457059682447
2018-04-03,21.442108112988056
2018-04-04,78.98421580463479
2018-04-09,44.28627728208024
2018-04-10,-151.24523221434592
2018-04-11,-121.40368214304584
2018-04-12,-103.26256534816216
2018-04-13,-14.030456510270971
2018-04-16,-24.73591027053576
2018-04-17,-30.555848784704523
2018-04-18,-13.002364066195284
2018-04-19,-49.09560723513848
2018-04-20,65.40284360189438
2018-04-23,7.51879699247807
2018-04-24,-74.22586520947553
2018-04-25,-38.095238095240326
2018-04-26,-105.88235294117746
2018-04-27,89.85507246377117
2018-05-02,220.97378277153956
2018-05-03,204.8468221307759
2018-05-04,123.30198537094954
2018-05-07,67.6631308260995
2018-05-08,64.61538461538386
2018-05-09,97.56442934013042
2018-05-10,105.49313358302034
2018-05-11,77.76560788609041
2018-05-14,129.18032786885132
2018-05-15,71.02040816326686
2018-05-16,134.11896745230288
2018-05-17,128.27918170878377
2018-05-18,114.7690900777355
2018-05-21,178.30374753451824
2018-05-22,129.6296296296284
2018-05-23,93.40761374187534
2018-05-24,150.85049239033378
2018-05-25,108.15450643776818
2018-05-28,106.25353706847663
2018-05-29,88.11188811188647
2018-05-30,73.47931873479297
2018-05-31,38.1339527681014
2018-06-01,-52.53896430366815
2018-06-04,-78.97359242650776
2018-06-05,-154.36810856658047
2018-06-06,-141.81286549707656
2018-06-07,-117.58154335719951
2018-06-08,-122.38522140722664
2018-06-11,-101.01781170483562
2018-06-12,-74.87725040916281
2018-06-13,-1.0917030567687953
2018-06-14,34.64755077658358
2018-06-15,124.81203007518901
2018-06-19,233.21691889794047
2018-06-20,119.02641733452094
2018-06-21,105.32658471920845
2018-06-22,76.75070028011157
2018-06-25,89.60089938167614
2018-06-26,79.8455406078738
2018-06-27,91.33709981167723
2018-06-28,56.410256410256615
2018-06-29,44.40389294404122
2018-07-02,105.64663023679127
2018-07-03,168.58237547892327
2018-07-04,131.05726872246856
2018-07-05,31.11111111111087
2018-07-06,-3.278688524590895
2018-07-09,142.73393704183604
2018-07-10,90.00762776506681
2018-07-11,32.76836158192121
2018-07-12,-43.736730360931624
2018-07-13,-68.59903381642883
2018-07-16,209.73782771535878
2018-07-17,191.86626746506712
2018-07-18,143.87846291331263
2018-07-19,121.73913043478409
2018-07-20,109.60901259111887
2018-07-23,59.27091528979886
2018-07-24,34.17015341701553
2018-07-25,6.4428619871156325
2018-07-26,-51.19530897609311
2018-07-27,-156.53153153153335
2018-07-30,-70.53469852104875
2018-07-31,3.710045662102849
2018-08-01,-28.57142857142628
2018-08-02,-75.3488372093016
2018-08-03,55.55555555555152
2018-08-06,294.88982653539466
2018-08-07,170.2586206896568
2018-08-08,135.2266946278844
2018-08-09,121.55518244567725
2018-08-10,102.30040905935438
2018-08-13,100.7537771430756
2018-08-14,89.01990005843511
2018-08-15,85.19128301915266
2018-08-16,37.60941371486782
2018-08-17,-75.79657354496416
2018-08-20,-91.60052910053038
2018-08-21,-138.27838827838863
2018-08-22,-74.07407407407408
2018-08-23,-48.92473118279549
2018-08-24,-61.969214437367256
2018-08-27,-57.80609922621696
2018-08-28,-39.36039360393495
2018-08-29,-141.0385259631509
2018-08-30,-95.11568123392708
2018-08-31,144.0281030445008
2018-09-03,193.28703703703783
2018-09-04,156.19307832422797
2018-09-05,76.84630738523127
2018-09-06,45.496750232126836
2018-09-07,65.63989732306725
2018-09-10,94.57964601769727
2018-09-11,82.75058275058183
2018-09-12,11.08269394714434
2018-09-13,-215.944758317641
2018-09-14,-163.06954436451468
2018-09-17,-119.83548326790161
2018-09-18,-18.970189701894878
2018-09-19,-24.171539961013565
2018-09-20,-58.965773809524755
2018-09-21,-68.57142857142829
2018-09-25,-136.0946745562118
2018-09-26,-138.29787234042385
2018-09-27,-139.68033356497995
2018-09-28,-79.33653077537986
2018-10-08,-6.134969325151945
2018-10-09,-2.4152277384411424e-12
2018-10-10,-33.69696969697156
2018-10-11,138.04213135068517
2018-10-12,218.08898614150496
2018-10-15,146.80082559339368
2018-10-16,88.94122925078373
2018-10-17,86.91983122362886
2018-10-18,85.41001064962711
2018-10-19,91.85285488603064
2018-10-22,103.08894678079682
2018-10-23,107.49283883612304
2018-10-24,91.41716566866417
2018-10-25,161.96078431372368
2018-10-26,151.21136173767704
2018-10-29,134.99245852186945
2018-10-30,115.17833199249283
2018-10-31,41.867250182348506
2018-11-01,1.9649874955327045
2018-11-02,-110.3896103896089
2018-11-05,-79.72582972583037
2018-11-06,-104.35212660732319
2018-11-07,-78.54406130268126
2018-11-08,-72.50182348650581
2018-11-09,-34.59119496855395
2018-11-12,28.409090909088533
2018-11-13,57.251908396945545
2018-11-14,-26.369168356994162
2018-11-15,-160.22099447514415
2018-11-16,-122.53968253968483
2018-11-19,-101.52143845089967
2018-11-20,-84.57711442786206
2018-11-21,-59.23344947734807
2018-11-22,-76.19647355163727
2018-11-23,-58.69324473975421
2018-11-26,28.69352869353043
2018-11-27,180.1242236024835
2018-11-28,227.02104097452855
2018-11-29,154.87914055505925
2018-11-30,101.42215568862312
2018-12-03,-68.46116027532021
2018-12-04,-109.97732426303881
2018-12-05,-90.80387205387038
2018-12-06,-78.81526104417603
2018-12-07,-119.35299816888065
2018-12-10,-97.82325670671217
2018-12-11,-85.21430563519206
2018-12-12,-75.07633293283929
2018-12-13,-65.49894150167185
2018-12-14,-64.10293185147731
2018-12-17,-96.91095414249943
2018-12-18,-155.67216391804024
2018-12-19,-72.47825304253533
2018-12-20,20.408163265303635
2018-12-21,-2.4509803921571107
2018-12-24,-196.53179190751675
2018-12-25,-104.66721900027503
2018-12-26,-29.842342342343684
2018-12-27,-24.49612403100429
2018-12-28,48.20512820512725
2019-01-02,20.567375886522083
2019-01-03,134.92822966507265
2019-01-04,87.74928774928264
2019-01-07,-29.185867895538156
2019-01-08,-158.434547908234
2019-01-09,-163.0036630036598
2019-01-10,-145.8859162039383
2019-01-11,-135.53388347086707
2019-01-14,-135.64605329311215
2019-01-15,-110.67044381492099
2019-01-16,-72.93447293447404
2019-01-17,-67.53246753246898
2019-01-18,-49.6598639455789
2019-01-21,26.79589509691892
2019-01-22,85.10182207931348
2019-01-23,98.97610921501632
2019-01-24,80.50749711649445
2019-01-25,165.39440203562427
2019-01-28,146.05363984674278
2019-01-29,140.71606994171384
2019-01-30,114.43661971831088
2019-01-31,94.66437177280453
2019-02-01,109.65232190615126
2019-02-11,75.89165996245615
2019-02-12,47.091412742381486
2019-02-13,-7.669983416255722
2019-02-14,-159.3765711412737
2019-02-15,-178.41497411389753
2019-02-18,-176.08836907082426
2019-02-19,-128.0294000794602
2019-02-20,-124.72573839662473
2019-02-21,-100.15649452269145
2019-02-22,-104.20560747663525
2019-02-25,-123.3094669848842
2019-02-26,-76.8377253814148
2019-02-27,-64.91464510332422
2019-02-28,20.000000000002323
2019-03-01,80.24691358024687
2019-03-04,113.02681992337205
2019-03-05,123.15270935960595
2019-03-06,84.02024584237148
2019-03-07,102.79667422524417
2019-03-08,126.9059347877082
2019-03-11,121.65058949625005
2019-03-12,123.01587301587163
2019-03-13,90.37037037037017
2019-03-14,82.15641609718891
2019-03-15,105.988593155892
2019-03-18,99.73045822102351
2019-03-19,86.34288086342929
2019-03-20,-32.73809523809552
2019-03-21,-145.87458745875102
2019-03-22,-187.0170015455929
2019-03-25,-145.6160679799134
2019-03-26,-88.27404479578367
2019-03-27,-85.38011695906289
2019-03-28,-107.3561346362639
2019-03-29,-73.61234787770718
2019-04-01,-34.62952215128437
2019-04-02,28.09343434343504
2019-04-03,69.24731182796269
2019-04-04,207.66283524903858
2019-04-08,122.58064516128997
2019-04-09,7.119741100325077
2019-04-10,49.48391013964547
2019-04-11,-18.5897435897448
2019-04-12,78.89125799573762
2019-04-15,103.34788937408611
2019-04-16,153.3334002120074
2019-04-17,111.63642607750121
2019-04-18,6.42947130631143
2019-04-19,122.51678349868236
2019-04-22,150.39029034229412
2019-04-23,115.13014790408715
2019-04-24,73.81116971915503
2019-04-25,23.368466160071986
2019-04-26,-87.2948508306788
2019-04-29,10.204081632650514
2019-04-30,34.144692359703804
2019-05-06,107.8787878787885
2019-05-07,104.85762144053903
2019-05-08,33.192090395485046
2019-05-09,63.725490196079754
2019-05-10,3.0030030030018717
2019-05-13,152.87356321839366
2019-05-14,158.45410628019
2019-05-15,153.4968210717499
2019-05-16,169.51137884872546
2019-05-17,170.0441673161863
2019-05-20,159.31664680174822
2019-05-21,102.31193926846217
2019-05-22,59.65834428383731
2019-05-23,41.64211353368853
2019-05-24,17.657520325204924
2019-05-27,92.72838374579976
2019-05-28,59.48174322732708
2019-05-29,60.78431372549327
2019-05-30,-69.54022988505758
2019-05-31,-146.38694638694537
2019-06-03,-177.57009345794577
2019-06-04,-101.07403145377845
2019-06-05,-102.86458333333204
2019-06-06,-102.22222222222234
2019-06-10,-64.89444878811503
2019-06-11,-55.92208608231206
2019-06-12,-111.73184357541749
2019-06-13,-121.26068376068282
2019-06-14,-137.98977853492002
2019-06-17,-74.34052757793795
2019-06-18,-75.63025210084513
2019-06-19,-141.79531160662881
2019-06-20,-141.07142857142762
2019-06-21,-38.139534883723556
2019-06-24,-4.339250493097982
2019-06-25,-59.70149253731614
2019-06-26,-143.97496087636827
2019-06-27,-148.00261951539207
2019-06-28,-48.07692307692923
2019-07-01,-65.03198294242908
2019-07-02,-123.13988095238138
2019-07-03,-68.07760141094167
2019-07-04,-56.6534914361007
2019-07-05,-103.6446469248265
2019-07-08,-173.07692307692005
2019-07-09,-213.7533875338776
2019-07-10,-175.41498429789453
2019-07-11,-136.10266801756092
2019-07-12,-105.46398046398048
2019-07-15,-54.745098039213964
2019-07-16,-50.58043117744634
2019-07-17,-52.568697729986944
2019-07-18,-0.28320589068200497
2019-07-19,-59.76430976430818
2019-07-22,-233.67697594501604
2019-07-23,-113.8691883372737
2019-07-24,-6.584362139915095
2019-07-25,98.3369486623286
2019-07-26,53.160919540228356
2019-07-29,180.11695906432843
2019-07-30,112.57631257631132
2019-07-31,107.72486772486735
2019-08-01,106.95187165775508
2019-08-02,76.02339181286429
2019-08-05,36.008230452673835
2019-08-06,-45.08856682769587
2019-08-07,-131.94444444444377
2019-08-08,-181.81818181817988
2019-08-09,-163.1849833484704
2019-08-12,-97.56728778467871
2019-08-13,-93.75364856976064
2019-08-14,-62.17494089834567
2019-08-15,-88.45861807137345
2019-08-16,-74.50980392156906
2019-08-19,-139.83739837398608
2019-08-20,-168.60967184801467
2019-08-21,-127.52525252525236
2019-08-22,-38.11369509043996
2019-08-23,31.60579802638408
2019-08-26,41.99730482961262
2019-08-27,-70.10048159029392
2019-08-28,-96.92160721138333
2019-08-29,-119.34901094340562
2019-08-30,-182.28210770525968
2019-09-02,-148.99723097919488
2019-09-03,-113.45279105230983
2019-09-04,-91.29833497750406
2019-09-05,-56.280193236714815
2019-09-06,-31.945649031509433
2019-09-09,10.298444724673464
2019-09-10,17.619872905833713
2019-09-11,2.500000000007226
2019-09-12,-119.83887210473888
2019-09-16,-91.4529914529918
2019-09-17,-155.5555555555544
2019-09-18,-68.50998463901462
2019-09-19,-127.45849297573443
2019-09-20,-192.05037386855605
2019-09-23,-132.94611164891978
2019-09-24,-104.7177107501924
2019-09-25,-94.91778774289817
2019-09-26,-115.38461538461515
2019-09-27,-156.08465608465727
2019-09-30,-165.03267973856265
2019-10-08,-119.85497973981742
2019-10-09,-71.34894091415792
2019-10-10,-39.10614525139564
2019-10-11,-28.991481176147854
2019-10-14,-29.875797247398992
2019-10-15,-36.05592347314223
2019-10-16,-18.11175337186839
2019-10-17,-71.42857142857666
2019-10-18,154.60809646856748
2019-10-21,167.23809523809354
2019-10-22,137.33905579399234
2019-10-23,36.24733475479688
2019-10-24,-119.26605504587263
2019-10-25,-127.85388127853791
2019-10-28,-73.56321839080694
2019-10-29,43.64820846905603
2019-10-30,64.78064780648006
2019-10-31,122.80701754385619
2019-11-01,130.0724637681168
2019-11-04,118.75968992247903
2019-11-05,63.47131445170549
2019-11-06,-0.5952380952392304
2019-11-07,-33.86720053386743
2019-11-08,-8.97592819257469
2019-11-11,-80.41958041957658
2019-11-12,-137.87305590584302
2019-11-13,-126.72028596961711
2019-11-14,-107.74410774410926
2019-11-15,-98.8640397586092
2019-11-18,0.22431583669783986
2019-11-19,70.44410413476268
2019-11-20,58.608058608060105
2019-11-21,106.92271218586926
2019-11-22,80.33573141486765
2019-11-25,-23.98081534771983
2019-11-26,-68.9734717416352
2019-11-27,-58.156028368796086
2019-11-28,-94.90740740741127
2019-11-29,-72.44283995186247
2019-12-02,-72.91666666666524
2019-12-03,31.930333817124996
2019-12-04,109.06701708278963
2019-12-05,94.25287356321515
2019-12-06,108.82092198581536
2019-12-09,76.8928220255648
2019-12-10,-10.571736785330769
2019-12-11,-55.300546448086834
2019-12-12,-14.66868993424349
2019-12-13,10.014306151648219
2019-12-16,-63.25830940137101
2019-12-17,-91.27810312298062
2019-12-18,-137.2705762801983
2019-12-19,-177.5896586585751
2019-12-20,-149.16304395401932
2019-12-23,-79.6094477980816
2019-12-24,-14.75117131663409
2019-12-25,33.608491518986526
2019-12-26,93.87414711094547
2019-12-27,113.3976420150045
2019-12-30,94.94949494949397
2019-12-31,74.46610956360404
2020-01-02,115.92775041050878
2020-01-03,120.25107367030026
2020-01-06,57.21716514954523
2020-01-07,75.21645021645257
2020-01-08,29.70297029703219
2020-01-09,3.102836879432097
2020-01-10,-135.28932355337986
2020-01-13,-88.91369047619229
2020-01-14,-16.585760517801212
2020-01-15,23.74301675977756
2020-01-16,195.3781512605026
2020-01-17,168.79432624113434
2020-01-20,94.49929478138074
2020-01-21,12.838147638698272
2020-01-22,-76.18437900128146
2020-01-23,-107.2644721906935
2020-02-03,-153.05623471882657
2020-02-04,-94.87750556793009
2020-02-05,-95.345911949684
2020-02-06,-57.36322005302571
2020-02-07,-13.985005767013476
2020-02-10,-3.554502369669957
2020-02-11,19.047619047618852
2020-02-12,83.84249830278489
2020-02-13,67.45182012848385
2020-02-14,-20.811287477958576
2020-02-17,-19.607843137256307
2020-02-18,-146.2246777163888
2020-02-19,-172.15762273901606
2020-02-20,-156.83584819387536
2020-02-21,-107.67468499427328
2020-02-24,-73.60730593607487
2020-02-25,-66.28787878788047
2020-02-26,-85.70198105082076
2020-02-27,-57.296076771097916
2020-02-28,-77.47747747747351
2020-03-02,160.83916083916614
2020-03-03,199.72018188177563
2020-03-04,107.40122426265847
2020-03-05,79.01234567901206
2020-03-06,17.760617760614256
2020-03-09,-47.837150127223325
2020-03-10,53.4155110426288
2020-03-11,77.79670641680408
2020-03-12,50.05107252297744
2020-03-13,-14.106583072110737
2020-03-16,-196.0236098167117
2020-03-17,-113.6603375527432
2020-03-18,-85.6741573033714
2020-03-19,-97.53483386923895
2020-03-20,-59.70149253731498
2020-03-23,31.325301204818196
2020-03-24,59.327217125380926
2020-03-25,87.08333333333452
2020-03-26,98.06320081549563
2020-03-27,110.24930747922342
2020-03-30,132.98611111111035
2020-03-31,82.27625088090333
2020-04-01,57.83509183274813
2020-04-02,-5.170068027209858
2020-04-03,68.05555555555443
2020-04-07,141.30434782608978
2020-04-08,155.1155115511564
2020-04-09,106.52304009575137
2020-04-10,66.53749892941333
2020-04-13,40.007405794177416
2020-04-14,51.092511994707436
2020-04-15,125.03758705464105
2020-04-16,175.18120346558416
2020-04-17,121.75425911217232
2020-04-20,89.18447555125958
2020-04-21,15.964442812954957
2020-04-22,31.30154465093978
2020-04-23,130.59360730593795
2020-04-24,191.60493827160377
2020-04-27,218.56540084388683
2020-04-28,116.73699015471372
2020-04-29,63.55485232067461
2020-04-30,-35.33333333333315
2020-05-06,-16.610360360360417
2020-05-07,-42.973286875726174
2020-05-08,-44.50757575757361
2020-05-11,-98.65900383141657
2020-05-12,-109.42028985507251
2020-05-13,-70.20597621119722
2020-05-14,-84.31372549019852
2020-05-15,-132.89183222958076
2020-05-18,-99.39091915836447
2020-05-19,-63.86554621848923
2020-05-20,-168.25396825396749
2020-05-21,-194.7916666666661
2020-05-22,-156.83358122624617
2020-05-25,-74.93894993895007
2020-05-26,-51.480637813212276
2020-05-27,-26.129943502824784
2020-05-28,38.33333333333331
2020-05-29,141.19124506637914
2020-06-01,122.88271013103422
2020-06-02,98.06588093079488
2020-06-03,77.10843373494043
2020-06-04,41.45658263305333
2020-06-05,35.89484327603668
2020-06-08,-26.16398846312443
2020-06-09,-3.614632502178925e-12
2020-06-10,80.00000000000588
2020-06-11,172.16981132075142
2020-06-12,151.16279069767722
2020-06-15,164.83011937556853
2020-06-16,98.4504913076359
2020-06-17,105.50161812297732
2020-06-18,125.18991188088562
2020-06-19,96.0919540229884
2020-06-22,26.875483372004336
2020-06-23,-31.633986928106406
2020-06-24,-150.93333333333672
2020-06-29,76.50273224043934
2020-06-30,-27.627627627626342
2020-07-01,-73.68134855899976
2020-07-02,-34.002677376172976
2020-07-03,46.64570230607707
2020-07-06,123.65591397849457
2020-07-07,133.4716459197796
2020-07-08,90.00989119683506
2020-07-09,172.23567393058988
2020-07-10,173.21688500728058
2020-07-13,110.25452765541105
2020-07-14,81.08108108108019
2020-07-15,73.18208260616645
2020-07-16,116.69128508123863
2020-07-17,134.85589994562278
2020-07-20,221.2054275796791
2020-07-21,140.0545888775166
2020-07-22,103.21246819338461
2020-07-23,173.75157124900085
2020-07-24,135.40612195709815
2020-07-27,151.07883112470282
2020-07-28,94.64641816229468
2020-07-29,71.53513937966223
2020-07-30,75.00858221764578
2020-07-31,102.48954188348061
2020-08-03,116.82743837084594
2020-08-04,89.69769291964951
2020-08-05,-19.06985794901872
2020-08-06,-48.26001313197554
2020-08-07,-184.54164170161746
2020-08-10,-176.45186953062827
2020-08-11,-121.72284644194852
2020-08-12,-104.23468882952412
2020-08-13,-76.49312598602702
2020-08-14,-32.81943369427165
2020-08-17,2.0171420495050083
2020-08-18,5.615639661334261
2020-08-19,18.93574858773122
2020-08-20,68.61628883920338
2020-08-21,47.64896847837549
2020-08-24,-130.14808545116327
2020-08-25,-127.30125003201037
2020-08-26,-85.23776880377257
2020-08-27,-103.94265232974868
2020-08-28,-87.37864077669897
2020-08-31,-70.17543859649227
2020-09-01,-58.49474800038608
2020-09-02,13.847675568744664
2020-09-03,29.39068100358364
2020-09-04,200.40281973816823
2020-09-07,196.78714859437557
2020-09-08,120.09486847779148
2020-09-09,71.4962121212124
2020-09-10,158.73749037721262
2020-09-11,179.96070726915423
2020-09-14,153.54017501988884
2020-09-15,94.1652224147891
2020-09-16,75.25035765379123
2020-09-17,87.98391151332338
2020-09-18,121.54140255558937
2020-09-21,124.19354838709748
2020-09-22,76.96124031007656
2020-09-23,-14.511873350922027
2020-09-24,-51.680373641994244
2020-09-25,-68.85516671828164
2020-09-28,11.138613861386151
2020-09-29,22.443338861248286
2020-09-30,-16.81503461918659
2020-10-09,161.82913472070234
2020-10-12,161.16450759158707
2020-10-13,135.21695257315818
2020-10-14,130.99094609186844
2020-10-15,80.40023543260764
2020-10-16,95.88986749186712
2020-10-19,121.15927586779657
2020-10-20,100.27247956403266
2020-10-21,60.74544012688401
2020-10-22,33.22972172883366
2020-10-23,-12.96743063932566
2020-10-26,21.378874130297643
2020-10-27,4.156275976726276
2020-10-28,64.91063029162555
2020-10-29,59.346126510305055
2020-10-30,93.79652605458864
2020-11-02,-134.84251968503926
2020-11-03,-210.6748781113673
2020-11-04,-147.5976818096846
2020-11-05,-99.15966386554697
2020-11-06,-80.69444444444437
2020-11-09,-116.84717208182843
2020-11-10,-93.22033898305095
2020-11-11,-62.58286926544679
2020-11-12,-2.187975646879585
2020-11-13,68.24712643678158
2020-11-16,188.6185682326639
2020-11-17,162.5962596259636
2020-11-18,118.12804453722944
2020-11-19,113.42395921835278
2020-11-20,72.10884353741453
2020-11-23,80.94636338107345
2020-11-24,27.816541073587096
2020-11-25,-60.13221459445714
2020-11-26,5.625113409542433
2020-11-27,-49.80842911877294
2020-11-30,203.0651340996147
2020-12-01,207.19287078294104
2020-12-02,127.74451097804356
2020-12-03,64.15314920356693
2020-12-04,3.4443168771525103
2020-12-07,-29.129129129128074
2020-12-08,-85.23216738079907
2020-12-09,-92.9516615607099
2020-12-10,-91.73959621616719
2020-12-11,-123.9899063875219
2020-12-14,-123.4600659755025
2020-12-15,-132.15456121717196
2020-12-16,-86.6565364882396
2020-12-17,-42.27269308866749
2020-12-18,-18.736610585687224
2020-12-21,104.9783549783559
2020-12-22,105.37579181646876
2020-12-23,139.931004743424
2020-12-24,127.29290805000637
2020-12-25,121.68237853517005
2020-12-28,136.99731903485323
2020-12-29,102.44770805518493
2020-12-30,107.71349862259008
2020-12-31,108.30999066293202
2021-01-04,103.19634703196289
2021-01-05,113.29736591558117
2021-01-06,136.13916947250155
2021-01-07,136.66393666393623
2021-01-08,138.48230042561983
2021-01-11,168.16623821765234
2021-01-12,122.54845519094282
2021-01-13,131.8397543271915
2021-01-14,69.23351158645295
2021-01-15,58.769931662869645
2021-01-18,81.62576945779641
2021-01-19,80.80331393214821
2021-01-20,31.672100605496347
2021-01-21,18.16130851664017
2021-01-22,-73.9879013494642
2021-01-25,-194.77124183006515
2021-01-26,-162.64447526583407
2021-01-27,-122.2941129483196
2021-01-28,-142.69208549971069
2021-01-29,-147.9564032697551
2021-02-01,-80.82243699071341
2021-02-02,-61.48448043184791
2021-02-03,-39.09685086155731
2021-02-04,24.813153961136237
2021-02-05,119.21182266009934
2021-02-08,25.71041948579174
2021-02-09,-23.29009433962297
2021-02-10,15.05956394695412
2021-02-18,132.8987868911833
2021-02-19,112.60519575557844
2021-02-22,93.9301458121387
2021-02-23,88.64288642886513
2021-02-24,171.58616577221167
2021-02-25,195.15242378810586
2021-02-26,99.65320277437827
2021-03-01,75.50303720577134
2021-03-02,50.25960539979146
2021-03-03,16.752407334123674
2021-03-04,-69.29233361415402
2021-03-05,50.33003300330114
2021-03-08,120.05404362092374
2021-03-09,-17.993527508090175
2021-03-10,-167.8160919540225
2021-03-11,-137.6665922120471
2021-03-12,-100.55096418732762
2021-03-15,-70.2573309395566
2021-03-16,-31.90818514314592
2021-03-17,23.104265402843822
2021-03-18,10.852713178294712
2021-03-19,34.927697441601815
2021-03-22,118.333333333332
2021-03-23,124.14885193982661
2021-03-24,45.69362261670086
2021-03-25,-66.80957484815872
2021-03-26,-86.69742406766805
2021-03-29,-136.7865449991036
2021-03-30,-152.34320678625946
2021-03-31,-126.95156695156584
2021-04-01,-74.47848761408108
2021-04-02,-123.92042697719536
2021-04-06,-115.44957774466025
2021-04-07,-43.248945147679756
2021-04-08,69.66966966966899
2021-04-09,105.53672316384383
2021-04-12,99.51035781544138
2021-04-13,28.370457209847416
2021-04-14,10.308467107334524
2021-04-15,106.14035087719277
2021-04-16,110.16095778988566
2021-04-19,117.65742771303664
2021-04-20,114.32778482847151
2021-04-21,133.47578759789144
2021-04-22,129.14188625375695
2021-04-23,125.25567094352286
2021-04-26,68.03312511008644
2021-04-27,80.4312377341163
2021-04-28,33.49886906328974
2021-04-29,-40.0136798905602
2021-04-30,-148.05023132848805
2021-05-06,-143.39128809123287
2021-05-07,-20.895522388058932
2021-05-10,47.39023930657692
2021-05-11,46.02630074328098
2021-05-12,105.84427945935464
2021-05-13,-24.89270386266169
2021-05-14,-126.94578636607572
2021-05-17,-130.56255247691126
2021-05-18,-131.8767507002794
2021-05-19,-101.89228529839941
2021-05-20,-81.99737187910634
2021-05-21,-36.114849708389606
2021-05-24,-15.903511580745691
2021-05-25,15.931372549019363
2021-05-26,-57.444764649375
2021-05-27,-124.9318057828711
2021-05-28,-126.07944732297118
2021-05-31,-128.7570292805899
2021-06-01,-69.19602529358555
2021-06-02,-32.98791018998328
2021-06-03,-22.570321711302945
2021-06-04,-80.61844284925466
2021-06-07,-162.59678379987795
2021-06-08,-172.1645286092466
2021-06-09,-107.63691491377651
2021-06-10,-71.24352331606234
2021-06-11,-36.96027633851466
2021-06-15,-132.0558526440893
2021-06-16,-62.39737274220058
2021-06-17,19.55782312925377
2021-06-18,-141.8476929671458
2021-06-21,-208.86880602516896
2021-06-22,-154.57292586190616
2021-06-23,-109.31512516818516
2021-06-24,-73.80334554141675
2021-06-25,-77.41851835903239
2021-06-28,-74.77448572874067
2021-06-29,-3.76964549185379
2021-06-30,1.9607843137249568
2021-07-01,76.04470359572217
2021-07-02,150.4320502749425
2021-07-05,-18.781192540060495
2021-07-06,-156.93012600228965
2021-07-07,-107.3765615704949
2021-07-08,-29.57679505468344
2021-07-09,-13.293943870014648
2021-07-12,-75.42857142857163
2021-07-13,-76.79324894514791
2021-07-14,54.041128646580425
2021-07-15,64.82051282051336
2021-07-16,-70.26378896882426
2021-07-19,-205.35365377100158
2021-07-20,-195.1132129550007
2021-07-21,-127.94612794612792
2021-07-22,-106.16438356164419
2021-07-23,-85.43033194195968
2021-07-26,-46.44808743169382
2021-07-27,-5.206906001644711
2021-07-28,28.51665468487874
2021-07-29,77.4521297381789
2021-07-30,79.1037951531791
2021-08-02,82.36266005782721
2021-08-03,112.16612629303756
2021-08-04,106.9318000319435
2021-08-05,123.15451627693828
2021-08-06,142.79104201369424
2021-08-09,122.09944751381171
2021-08-10,92.3877068557901
2021-08-11,85.7954545454537
2021-08-12,148.62542955326538
2021-08-13,187.90849673202695
2021-08-16,98.6831667459943
2021-08-17,49.376797698945246
2021-08-18,9.338881183541732
2021-08-19,-76.83109118086647
2021-08-20,-142.3655913978488
2021-08-23,-61.857379767826565
2021-08-24,-6.34466342940831
2021-08-25,-4.614906955824767
2021-08-26,-129.1784383135255
2021-08-27,-141.82739910084888
2021-08-30,-119.32055850411462
2021-08-31,-96.17308678927893
2021-09-01,-38.310448288162576
2021-09-02,65.80931487158693
2021-09-03,61.64830198687473
2021-09-06,14.233841684822929
2021-09-07,21.778886118037388
2021-09-08,-56.84679449932263
2021-09-09,-60.78536847767597
2021-09-10,-76.92307692307796
2021-09-13,-49.559273250584035
2021-09-14,-106.13898948094521
2021-09-15,-93.48659003831402
2021-09-16,-75.61521252796446
2021-09-17,30.67173637515809
2021-09-22,167.09323583180904
2021-09-23,164.37590792267122
2021-09-24,153.40518229763688
2021-09-27,131.7896935933151
2021-09-28,127.82694198623386
2021-09-29,153.55054302422727
2021-09-30,132.40067151650825
2021-10-08,64.35406698564611
2021-10-11,59.093982420554624
2021-10-12,39.729316743068956
2021-10-13,105.50082101806255
2021-10-14,19.832735961766986
2021-10-15,121.91358024691313
2021-10-18,135.83724569640083
2021-10-19,246.01593625498
2021-10-20,156.69448689314655
2021-10-21,104.11115340692767
2021-10-22,81.0692375109552
2021-10-25,108.39038797153974
2021-10-26,93.82810887660838
2021-10-27,58.07645941053143
2021-10-28,9.236557830177901
2021-10-29,33.20665140785259
2021-11-01,28.517047939925334
2021-11-02,97.99395822544507
2021-11-03,134.6162688698638
2021-11-04,148.64696099265876
2021-11-05,83.46070015838616
2021-11-08,127.66884531590487
2021-11-09,120.49751243781108
2021-11-10,131.6725978647691
2021-11-11,65.34954407294822
2021-11-12,-9.66729441305781
2021-11-15,-72.76105536975086
2021-11-16,-48.25669530065591
2021-11-17,-0.4694835680747685
2021-11-18,-36.612021857923686
2021-11-19,51.4339445228016
2021-11-22,-43.869111830276786
2021-11-23,-74.56636500754163
2021-11-24,-156.98924731182805
2021-11-25,-69.59414504324535
2021-11-26,-58.24039653035943
2021-11-29,-149.8185588387755
2021-11-30,-126.47814910025679
2021-12-01,-59.14718019257111
2021-12-02,-13.53086419753202
2021-12-03,-40.15748031496244
2021-12-06,-193.194706994327
2021-12-07,-162.89417682337165
2021-12-08,-99.47995302801561
2021-12-09,-57.83195020746865
2021-12-10,-43.691148775894156
2021-12-13,49.88473951129567
2021-12-14,26.213151927438695
2021-12-15,82.73092369478053
2021-12-16,6.040992448760355
2021-12-17,-18.308080808081268
2021-12-20,-124.22494766699691
2021-12-21,-194.4561443381974
2021-12-22,-180.5191986800008
2021-12-23,-117.51141301632671
2021-12-24,-91.65163837088345
2021-12-27,-85.046828507376
2021-12-28,-93.15663170993368
2021-12-29,-125.63631691982764
2021-12-30,-101.68568966916398
2021-12-31,-71.08365289021435
2022-01-04,-9.963768115942596
2022-01-05,49.923697405711536
2022-01-06,1.7921146953383151
2022-01-07,57.47126436781574
2022-01-10,26.886383347789977
2022-01-11,-24.245196706314896
2022-01-12,181.07285078472634
2022-01-13,193.78081152825052
2022-01-14,153.4574852028305
2022-01-17,86.60387231815828
2022-01-18,68.17467797675191
2022-01-19,113.09933470979641
2022-01-20,133.33333333333238
2022-01-21,110.34927332395675
2022-01-24,98.49306811332154
2022-01-25,87.13634770417099
2022-01-26,129.0750436300174
2022-01-27,66.93380825170698
2022-01-28,99.77966635190421
2022-02-07,1.9150613946153927
2022-02-08,28.746465598491234
2022-02-09,-117.94871794871597
2022-02-10,-24.65897166841401
2022-02-11,-163.03360581289888
2022-02-14,-161.02670349907788
2022-02-15,-97.45357074478329
2022-02-16,-89.49049863959817
2022-02-17,-47.92619420631234
2022-02-18,-21.64547798915543
2022-02-21,-49.11141658775162
2022-02-22,-14.782555774136052
2022-02-23,169.11563564723414
2022-02-24,238.9292074105385
2022-02-25,179.91961455575714
2022-02-28,162.73253304384642
2022-03-01,154.78919219281784
2022-03-02,121.0421455938697
2022-03-03,76.12672913877732
2022-03-04,65.67164179104465
2022-03-07,91.39242210108392
2022-03-08,45.9546084546083
2022-03-09,-31.918687589158626
2022-03-10,-140.5166981726531
2022-03-11,-85.70846905537563
2022-03-14,-56.37646432374917
2022-03-15,-89.19839059114811
2022-03-16,-61.84611309760336
2022-03-17,-79.40628328008458
2022-03-18,-21.683288002418262
2022-03-21,-20.607375271148907
2022-03-22,143.17849824107998
2022-03-23,147.51682204568215
2022-03-24,107.46095876521137
2022-03-25,56.06080142785849
2022-03-28,-41.587790030260905
2022-03-29,-144.40256481759897
2022-03-30,-150.12779291142093
2022-03-31,-140.67698610988884
2022-04-01,-112.25904620091042
2022-04-06,-36.52537938252162
2022-04-07,-20.28681357117837
2022-04-08,-77.27085902178322
2022-04-11,-126.95913010873662
2022-04-12,-123.17541613316371
2022-04-13,-102.29482691559747
2022-04-14,-52.56797583081653
2022-04-15,37.175493250259116
2022-04-18,44.61003477396965
2022-04-19,102.799650043745
2022-04-20,150.82851637764867
2022-04-21,162.56313131313087
2022-04-22,108.09581564584491
2022-04-25,40.20997375328128
2022-04-26,46.9766891492133
2022-04-27,34.44007572448042
2022-04-28,118.86304909560751
2022-04-29,179.60288808664234
2022-05-05,92.48327430145561
2022-05-06,-3.323836657170418
2022-05-09,-89.4507884719973
2022-05-10,-130.86956521739108
2022-05-11,-132.14154072981842
2022-05-12,-125.20219993529614
2022-05-13,-91.37199434229085
2022-05-16,-76.98113207547172
2022-05-17,-79.28884395011812
2022-05-18,-68.53839801816676
2022-05-19,-69.7493383154274
2022-05-20,-112.39749155813006
2022-05-23,-169.16299559471398
2022-05-24,-224.91858388486065
2022-05-25,-170.83516162059468
2022-05-26,-96.3984384838168
2022-05-27,-68.77528503126177
2022-05-30,-76.50273224043687
2022-05-31,-63.687724704674
2022-06-01,-137.9554799376154
2022-06-02,-114.86367634125106
2022-06-06,-99.00497512437826
2022-06-07,-116.43302180685417
2022-06-08,-77.91842475386687
2022-06-09,-127.78603268944826
2022-06-10,-163.15151515151564
2022-06-13,-117.07317073170476
2022-06-14,-75.60221354166687
2022-06-15,-67.02557200538476
2022-06-16,-13.124136569962253
2022-06-17,76.97201017811985
2022-06-20,95.3498770400153
2022-06-21,107.36692977130062
2022-06-22,24.87902863232447
2022-06-23,-112.15295528485193
2022-06-24,-202.0819038739003
2022-06-27,-144.9581801947641
2022-06-28,-89.4497842891348
2022-06-29,-68.07510149857674
2022-06-30,-87.3318569696312
2022-07-01,-125.38512904738411
2022-07-04,-119.56344358736688
2022-07-05,-117.86372007366471
2022-07-06,-119.7593532618918
2022-07-07,-48.66821825704728
2022-07-08,-30.804902285525074
2022-07-11,-96.57320872274101
2022-07-12,27.73881876266178
2022-07-13,-31.325301204818757
2022-07-14,6.520356234095911
2022-07-15,-48.59813084112388
2022-07-18,-132.24368499256963
2022-07-19,-178.8283658787249
2022-07-20,-169.74738139248308
2022-07-21,-122.13541666666632
2022-07-22,-136.17729951319376
2022-07-25,-102.48207391064543
2022-07-26,-56.72096084238246
2022-07-27,-26.176753121998324
2022-07-28,70.17543859649156
2022-07-29,121.95269128650733
2022-08-01,141.4506071545786
2022-08-02,106.24438454627125
2022-08-03,80.04895960832309
2022-08-04,36.71255736337081
2022-08-05,48.416565164433436
2022-08-08,21.014492753622918
2022-08-09,25.63233965672936
2022-08-10,-112.46819338422125
2022-08-11,-189.6701388888896
2022-08-12,-49.03139612558576
2022-08-15,-112.9987129987123
2022-08-16,-95.65217391304334
2022-08-17,-156.4579031888032
2022-08-18,-160.73181615350344
2022-08-19,-127.06020854355845
2022-08-22,-144.74755700325812
2022-08-23,-96.18079133021956
2022-08-24,-26.491257130381964
2022-08-25,-58.700964654163066
2022-08-26,-34.84316422889212
2022-08-29,137.41578870741395
2022-08-30,170.98425335896343
2022-08-31,121.878638866602
2022-09-01,68.99897383455703
2022-09-02,34.134467408529815
2022-09-05,33.40840840840917
2022-09-06,81.78804980739896
2022-09-07,56.910569105691245
2022-09-08,-14.076070679842527
2022-09-09,26.004728132389797
2022-09-13,261.9047619047634
2022-09-14,116.69092673459468
2022-09-15,54.68238375900511
2022-09-16,50.76089222430761
2022-09-19,43.21608040200889
2022-09-20,-103.37837837837769
2022-09-21,-169.62025316455865
2022-09-22,-187.53716256391925
2022-09-23,-151.07694980024286
2022-09-26,-121.1203123948022
2022-09-27,-97.47038104386819
2022-09-28,-94.81897627965019
2022-09-29,-90.9470573117458
2022-09-30,-56.591315155752675
2022-10-10,-49.328329798226925
2022-10-11,-31.115608398683513
2022-10-12,39.72442099091462
2022-10-13,-136.08112528622726
2022-10-14,-118.63173216885069
2022-10-17,-111.98428290766348
2022-10-18,-94.98746867167851
2022-10-19,-18.80916791230615
2022-10-20,5.328135152696561
2022-10-21,12.05781607606409
2022-10-24,45.78381574646603
2022-10-25,-146.9634262239798
2022-10-26,-212.14791870076652
2022-10-27,-135.8502150176002
2022-10-28,-118.78636069888945
2022-10-31,-104.17261082144444
2022-11-01,-106.48539966085717
2022-11-02,-74.37598525760141
2022-11-03,-99.81558321807152
2022-11-04,-39.10402429764632
2022-11-07,131.39120095124977
2022-11-08,159.7880646960397
2022-11-09,116.58493089612004
2022-11-10,54.82725658882888
2022-11-11,84.11552346570515
2022-11-14,88.52195849099888
2022-11-15,67.53042795445582
2022-11-16,62.69543464665426
2022-11-17,-81.95272807598892
2022-11-18,-186.85831622176727
2022-11-21,-87.45394609268952
2022-11-22,-60.23875114784224
2022-11-23,50.81967213114674
2022-11-24,114.34941869724565
2022-11-25,171.85697808535147
2022-11-28,169.7924481120281
2022-11-29,105.55555555555608
2022-11-30,70.92425048784766
2022-12-01,41.38449962377703
2022-12-02,-5.447830101570153
2022-12-05,-49.03225806451642
2022-12-06,-117.47685185185139
2022-12-07,-162.38023197176017
2022-12-08,-130.5548785441547
2022-12-09,-118.73638344226595
2022-12-12,-105.7286432160799
2022-12-13,-96.09148318825697
2022-12-14,-84.3839111511335
2022-12-15,-62.0970002803476
2022-12-16,-61.51142355008798
2022-12-19,-118.7044785371147
2022-12-20,-128.88888888888937
2022-12-21,-187.4942016884682
2022-12-22,-108.36727766463042
2022-12-23,-54.86062257046123
2022-12-26,-43.19112357601936
2022-12-27,74.44357902029888
2022-12-28,138.30794095595806
2022-12-29,135.7429514644992
2022-12-30,105.21399487009286
2023-01-03,116.76556594900538
2023-01-04,126.74740734179896
2023-01-05,132.53599971122338
2023-01-06,125.96045929379252
2023-01-09,110.38662486938364
2023-01-10,61.559888579387305
2023-01-11,20.16083361649146
2023-01-12,-6.686584151373152
2023-01-13,34.52380952380846
2023-01-16,27.60307477288488
2023-01-17,-42.19615509938103
2023-01-18,-28.88888888889258
2023-01-19,-115.20882584712236
2023-01-20,-196.74185463659074
2023-01-30,-126.26995645863533
2023-01-31,-185.37634408602037
2023-02-01,-156.0700722773494
2023-02-02,-107.5555555555549
2023-02-03,-90.64238745574171
2023-02-06,-100.89958667639189
2023-02-07,-86.21933621933677
2023-02-08,-71.27277392866301
2023-02-09,-75.5804100999819
2023-02-10,-69.7996948223276
2023-02-13,80.28228695108484
2023-02-14,149.749792565581
2023-02-15,113.75925785449192
2023-02-16,105.07699562475348
2023-02-17,102.92057479965355
2023-02-20,110.41925633045447
2023-02-21,73.4803893450761
2023-02-22,44.34039190705114
2023-02-23,-1.5723270440230934
2023-02-24,-36.32793323514477
2023-02-27,-165.4320987654365
2023-02-28,-149.59349593496026
2023-03-01,4.192872117398152
2023-03-02,97.13261648745474
2023-03-03,59.685863874345934
2023-03-06,58.62068965517363
2023-03-07,133.16455696202476
2023-03-08,166.85358255451584
2023-03-09,119.11111111111148
2023-03-10,113.72549019607922
2023-03-13,62.45392311743256
2023-03-14,21.322537112014086
2023-03-15,65.14303482586881
2023-03-16,31.55006858710869
2023-03-17,82.21797323135716
2023-03-20,113.14984709480322
2023-03-21,-254.15512465374786
2023-03-22,-237.84261715296225
2023-03-23,-150.8024554396864
2023-03-24,-104.27606901725372
2023-03-27,-114.78494623655867
2023-03-28,-83.0374753451679
2023-03-29,-56.51221039448973
2023-03-30,-81.83980047561059
2023-03-31,-140.51122009213785
2023-04-03,-73.79757003715373
2023-04-04,-60.379959134336765
2023-04-06,-42.924748524043295
2023-04-07,-11.186310573538512
2023-04-10,231.70593986980353
2023-04-11,187.9546800163914
2023-04-12,127.83751446495585
2023-04-13,71.84232055978923
2023-04-14,51.31414395457425
2023-04-17,33.085961657390314
2023-04-18,42.492104507608474
2023-04-19,39.02345251826331
2023-04-20,-88.38079957213756
2023-04-21,-192.89827255278246
2023-04-24,-145.15945976620088
2023-04-25,-140.85905071286763
2023-04-26,-70.91412742382319
2023-04-27,-12.860402406139224
2023-04-28,-82.78388278388235
2023-05-04,-105.44430538172728
2023-05-05,-146.95945945946053
2023-05-08,-46.068197633960004
2023-05-09,-44.12238325281821
2023-05-10,-185.65400843881739
2023-05-11,-183.98142774230874
2023-05-12,-130.6444541867612
2023-05-15,-128.75939849623944
2023-05-16,-62.65865063460317
2023-05-17,-72.38493723849415
2023-05-18,-82.2812363952983
2023-05-19,-96.82792035733209
2023-05-22,-50.074262677699934
2023-05-23,19.243986254296356
2023-05-24,9.324009324006584
2023-05-25,86.24708624708714
2023-05-26,216.6832834828872
2023-05-29,200.7810705260731
2023-05-30,107.27867692579673
2023-05-31,93.22286908493837
2023-06-01,82.17716115261516
2023-06-02,57.440620455648755
2023-06-05,76.95205802015626
2023-06-06,-13.048635824435129
2023-06-07,31.23345685547867
2023-06-08,171.1026615969582
2023-06-09,155.10204081632656
2023-06-12,48.16709292412436
2023-06-13,41.478161625584484
2023-06-14,60.51404124880671
2023-06-15,178.47838876913337
2023-06-16,199.5398654194021
2023-06-19,160.22351748666654
2023-06-20,117.88060449077389
2023-06-21,100.57247345450153
2023-06-26,100.92873614520582
2023-06-27,132.53792219540244
2023-06-28,130.943202261628
2023-06-29,129.41404734187026
2023-06-30,155.4243957279367
2023-07-03,129.27083333333383
2023-07-04,107.60677280768274
2023-07-05,104.9132947976876
2023-07-06,94.97259947581637
2023-07-07,109.9420555047275
2023-07-10,86.07021517553747
2023-07-11,23.797881010596274
2023-07-12,-73.60079247152
2023-07-13,-132.89617486338872
2023-07-14,-133.61462728551422
2023-07-17,-68.38046272493435
2023-07-18,-112.5131440588844
2023-07-19,-94.29477020602154
2023-07-20,-98.54771784232418
2023-07-21,-114.17260490894655
2023-07-24,-112.50568440200314
2023-07-25,-149.15089762251355
2023-07-26,-99.13544668587966
2023-07-27,-90.85714285714324
2023-07-28,-61.01556101556084
2023-07-31,-48.679867986797824
2023-08-01,-17.741385192766828
2023-08-02,-17.45329400196602
2023-08-03,158.2244008714591
2023-08-04,190.32728788826452
2023-08-07,189.75523593237193
2023-08-08,175.75271690718043
2023-08-09,151.9329548526627
2023-08-10,108.38373058223635
2023-08-11,95.1450620740376
2023-08-14,20.949636313226186
2023-08-15,-16.462856725337776
2023-08-16,-124.55445657658004
2023-08-17,-189.8347501789373
2023-08-18,-146.2079774960478
2023-08-21,-96.61687997288928
2023-08-22,-73.01909974731025
2023-08-23,-31.945193991920004
2023-08-24,16.44753802526443
2023-08-25,78.61409796893649
2023-08-28,83.8750796685786
2023-08-29,142.73956496178835
2023-08-30,117.0542635658913
2023-08-31,109.19461556011912
2023-09-01,77.43559372223713
2023-09-04,0.12437810945358815
2023-09-05,-49.78641920754192
2023-09-06,-64.95769039323217
2023-09-07,-88.28508549178913
2023-09-08,-95.62587249883626
2023-09-11,-90.20361668802579
2023-09-12,-123.35412335412236
2023-09-13,-140.51505259339825
2023-09-14,-96.9845150774254
2023-09-15,4.131332898456043
2023-09-18,-43.502824858756306
2023-09-19,-101.55163188871116
2023-09-20,-50.04894762603977
2023-09-21,-14.039855072465581
2023-09-22,12.92438271604815
2023-09-25,-30.56558363417511
2023-09-26,-138.12921125644021
2023-09-27,-169.0046760187037
2023-09-28,-70.03163646822063
2023-10-09,-71.42857142857358
2023-10-10,50.26178010471111
2023-10-11,-36.70033670033589
2023-10-12,56.33333333333381
2023-10-13,99.27360774818514
2023-10-16,83.70188370188028
2023-10-17,-13.758272378962513
2023-10-18,-186.94444444444395
2023-10-19,-173.60132311617048
2023-10-20,-115.36094061097552
2023-10-23,-54.78944332866013
2023-10-24,-2.0790051932437104
2023-10-25,21.349890088820867
2023-10-26,-15.830208566987285
2023-10-27,0.739151539774955
2023-10-30,84.56170517602273
2023-10-31,95.73204270176963
2023-11-01,118.72509960159442
2023-11-02,127.77777777777649
2023-11-03,169.31899641577246
2023-11-06,182.25806451612834
2023-11-07,125.67567567567538
2023-11-08,77.25825372884238
2023-11-09,48.614834673815444
2023-11-10,-17.023613399231444
2023-11-13,-19.53125000000108
2023-11-14,53.423626787056364
2023-11-15,109.28167877320638
2023-11-16,166.51404151403997
2023-11-17,114.01360544217623
2023-11-20,131.54960981048072
2023-11-21,132.72331154684173
2023-11-22,54.43736730361022
2023-11-23,16.471245114462334
2023-11-24,10.025062656641403
2023-11-27,-114.92652745553282
2023-11-28,-182.96357162421282
2023-11-29,-151.21851738554057
2023-11-30,-102.49284150244362
2023-12-01,-102.34948604992626
2023-12-04,-97.7248104008665
2023-12-05,-111.11111111111131
2023-12-06,-95.17279210093336
2023-12-07,-89.26905132192837
2023-12-08,-35.46397532940818
2023-12-11,15.238095238097415
2023-12-12,-34.3951985226247
2023-12-13,-109.06949352178984
2023-12-14,-33.628318584066626
2023-12-15,-79.56777996071
2023-12-18,-178.11934900542155
2023-12-19,29.522874306836805
2023-12-20,116.08350012459255
2023-12-21,189.89236763292695
2023-12-22,160.5482533259267
2023-12-25,127.91712017414712
2023-12-26,78.36267397927458
2023-12-27,78.13113781041254
2023-12-28,114.04769766678189
2023-12-29,107.54791463374353
2024-01-02,86.51209174769421
2024-01-03,98.73949579831773
2024-01-04,45.43946932006522
2024-01-05,-66.66666666666542
2024-01-08,-138.99371069182368
2024-01-09,-143.93939393939442
2024-01-10,-138.17034700315415
2024-01-11,-7.430664573522789
2024-01-12,29.405162738496767
2024-01-15,61.74575278266038
2024-01-16,71.11892208552997
2024-01-17,57.21393034825895
2024-01-18,10.666666666665371
2024-01-19,85.0880433444155
2024-01-22,-52.42143225141787
2024-01-23,-74.6438746438745
2024-01-24,-32.270531400964906
2024-01-25,18.84920634920616
2024-01-26,70.95343680709593
2024-01-29,176.8768768768758
2024-01-30,130.41269841269883
2024-01-31,85.71428571428561
2024-02-01,32.91896869244891
2024-02-02,9.00277008310197
2024-02-05,-60.076114947244456
2024-02-06,-12.525208360538562
2024-02-07,-7.428384673726329
2024-02-08,-38.24843359753745
2024-02-19,-210.68883913478737
2024-02-20,-130.39532502918527
2024-02-21,-74.0331906526645
2024-02-22,0.556030584912236
2024-02-23,53.68283226815966
2024-02-26,92.83625730994083
2024-02-27,68.11951754386098
2024-02-28,83.2037325038877
2024-02-29,73.38872104733078
2024-03-01,63.61877116594029
2024-03-04,-68.89264581572124
2024-03-05,-97.32587064676387
2024-03-06,-94.41707717569699
2024-03-07,-57.888040712469746
2024-03-08,-93.87755102040835
2024-03-11,-120.3774547309363
2024-03-12,-72.16494845360853
2024-03-13,-88.52888234331537
2024-03-14,-109.7022094140245
2024-03-15,-17.36694677871082
2024-03-18,-61.465721040189074
2024-03-19,-195.04504504504305
2024-03-20,-147.6642913697566
2024-03-21,-110.48371917936664
2024-03-22,-89.29788684390097
2024-03-25,-36.51591289782097
2024-03-26,-79.09604519774199
2024-03-27,-112.11098612673275
2024-03-28,-12.426422498368234
2024-03-29,56.737588652478486
2024-04-01,-37.03703703704089
2024-04-02,47.32824427481406
2024-04-03,14.53634085212397
2024-04-08,-205.12820512820446
2024-04-09,-139.79995347755482
2024-04-10,-99.06617945594733
2024-04-11,-98.42931937172972
2024-04-12,-66.6666666666696
2024-04-15,4.82573726541356
2024-04-16,-4.3859649122766635
2024-04-17,-82.41252302025585
2024-04-18,-161.4030372261879
2024-04-19,-87.72191889537736
2024-04-22,-42.46748464306009
2024-04-23,79.4886219486606
2024-04-24,120.73072732931064
2024-04-25,89.69847808674244
2024-04-26,-3.792298668958161
2024-04-29,-152.1275655177011
2024-04-30,-155.32030032761165
2024-05-06,-105.73770491803373
2024-05-07,3.742084052964207
2024-05-08,50.7662835249039
2024-05-09,65.78947368421169
2024-05-10,69.28294573643322
2024-05-13,88.54907539118157
2024-05-14,99.8417005879684
2024-05-15,107.45353894820036
2024-05-16,130.63063063063103
2024-05-17,145.91783671346815
2024-05-20,107.74632433618484
2024-05-21,77.81569965870327
2024-05-22,83.53552859618513
2024-05-23,51.88923395445119
2024-05-24,-0.6851661527926796
2024-05-27,-85.35108958837566
2024-05-28,-114.95783399911264
2024-05-29,-142.99920445505205
2024-05-30,-133.9070048309167
2024-05-31,-112.3966942148756
2024-06-03,-97.10743801652978
2024-06-04,-105.61189993238938
2024-06-05,-56.62495989733853
2024-06-06,-20.56827820186659
2024-06-07,43.241695303549626
2024-06-11,-53.20648343904028
2024-06-12,-78.5123966942138
2024-06-13,-84.45190156599259
2024-06-14,189.9308705401971
2024-06-17,115.14106906855952
2024-06-18,0.19691540353695194
2024-06-19,54.50660405352691
2024-06-20,129.4436876864146
2024-06-21,138.12990040556465
2024-06-24,168.88665553372994
2024-06-25,164.27414422901788
2024-06-26,129.4902324445425
2024-06-27,96.18680377035327
2024-06-28,81.76850471932146
2024-07-01,2.5744347436763904
2024-07-02,-24.72222222222313
2024-07-03,-11.994271392768173
2024-07-04,-63.2252901160444
2024-07-05,-39.016689219663114
2024-07-08,-79.48397836038146
2024-07-09,-124.47257383966279
2024-07-10,-215.70881226053524
2024-07-11,-197.0821935651958
2024-07-12,-145.8017581085187
2024-07-15,-141.04924068108608
2024-07-16,-129.5719844357985
2024-07-17,-96.46044936903675
2024-07-18,-90.30394373273197
2024-07-19,-74.50157397691596
2024-07-22,-61.90003310162145
2024-07-23,-76.06263982102921
2024-07-24,-121.64157071154324
2024-07-25,-179.985201627818
2024-07-26,-126.60944206008304
2024-07-29,-131.38138138138288
2024-07-30,-66.66666666666688
2024-07-31,-50.269584522676034
2024-08-01,-85.80858085808586
2024-08-02,-194.44444444444426
2024-08-05,-198.1945567232551
2024-08-06,-184.3876177658159
2024-08-07,-135.48341164744323
2024-08-08,-76.93861066235839
2024-08-09,-18.840579710144915
2024-08-12,-12.048192771085109
2024-08-13,-11.563599798894973
2024-08-14,-43.63636363636265
2024-08-15,38.46153846153742
2024-08-16,57.21393034825934
2024-08-19,95.0198594561571
2024-08-20,125.89646048332371
2024-08-21,148.62739083758456
2024-08-22,181.5125792642106
2024-08-23,142.80670185205418
2024-08-26,157.91509047601969
2024-08-27,143.12673130400998
2024-08-28,102.95141571180632
2024-08-29,72.71923726787962
2024-08-30,59.69271355868934
2024-09-02,-39.57333333333373
2024-09-03,-134.47028423772616
2024-09-04,-127.18399219131354
2024-09-05,-94.41535776614349
2024-09-06,-83.29519450800854
2024-09-09,-118.64636209813847
2024-09-10,-139.48919449901678
2024-09-11,-132.6241134751762
2024-09-12,-89.71176389463575
2024-09-13,-59.345794392522926
2024-09-18,-97.05505761844
2024-09-19,-96.22348680807045
2024-09-20,-117.14500093790919
2024-09-23,-163.72695565520684
2024-09-24,-99.27440633245432
2024-09-25,-123.07692307692176
2024-09-26,-136.2091503267975
2024-09-27,-52.1505376344095
2024-09-30,32.71983640081933
2024-10-08,92.18390804597885
2024-10-09,64.46483180428189
2024-10-10,18.533660397929108
2024-10-11,4.2369231539107375
2024-10-14,76.07486238213455
2024-10-15,59.61346745182178
2024-10-16,-6.438131672502186
2024-10-17,-70.62686775722837
2024-10-18,-119.789163429212
2024-10-21,-159.67962619700688
2024-10-22,-101.3269517928501
2024-10-23,146.60368941720026
2024-10-24,168.65357643758708
2024-10-25,134.65533522190708
2024-10-28,77.32656514382374
2024-10-29,57.087678640402665
2024-10-30,85.54636482368338
2024-10-31,83.5205992509369
2024-11-01,57.53709971361588
2024-11-04,-6.0975609756105715
2024-11-05,-124.73734479465188
2024-11-06,-168.27004219409503
2024-11-07,-145.33111665281274
2024-11-08,-124.6603260869583
2024-11-11,-134.8837209302318
2024-11-12,-123.85392385392443
2024-11-13,-90.86515224746262
2024-11-14,-53.8061465721039
2024-11-15,-77.94361525704826
2024-11-18,-23.850085178875908
2024-11-19,31.602708803612312
2024-11-20,-38.29787234042619
2024-11-21,-101.3179571663924
2024-11-22,-76.4705882352924
2024-11-25,-96.90601284297
2024-11-26,-73.00756253635798
2024-11-27,-79.2522380200075
2024-11-28,-50.19537120528636
2024-11-29,-163.50770785948933
2024-12-02,-203.03867403314473
2024-12-03,-170.0884660323838
2024-12-04,-174.0178356230428
2024-12-05,-156.43671917436166
2024-12-06,-104.85325463190593
2024-12-09,-100.03775009437575
2024-12-10,-69.14440572977112
2024-12-11,-37.14591127739214
2024-12-12,-20.618556701032713
2024-12-13,-36.99673558215638
2024-12-16,-21.22445271810821
2024-12-17,-121.11086139664017
2024-12-18,-247.31346884437872
2024-12-19,-164.9289524982052
2024-12-20,-94.7000822848056
2024-12-23,-36.146003898449386
2024-12-24,-22.821787515874696
2024-12-25,57.89946642764035
2024-12-26,64.51456157491992
2024-12-27,129.26315789473867
2024-12-30,122.39185750635981
2024-12-31,76.87074829931991
