date,FCT_Dmi_Adx@10
2015-03-27,
2015-03-30,
2015-03-31,
2015-04-01,
2015-04-02,
2015-04-03,
2015-04-07,
2015-04-08,
2015-04-09,
2015-04-10,
2015-04-13,
2015-04-14,
2015-04-15,
2015-04-16,
2015-04-17,
2015-04-20,
2015-04-21,
2015-04-22,
2015-04-23,
2015-04-24,77.09363267401679
2015-04-27,71.35203212548117
2015-04-28,67.21534310772113
2015-04-29,60.7328426398192
2015-04-30,56.63970538491723
2015-05-04,54.25544060147975
2015-05-05,51.1414461621841
2015-05-06,48.87678040502176
2015-05-07,49.9978122605951
2015-05-08,50.31455867207835
2015-05-11,51.63883589626174
2015-05-12,55.499080356829914
2015-05-13,55.741595558313996
2015-05-14,57.47493586405402
2015-05-15,55.47606013092195
2015-05-18,50.733059024284486
2015-05-19,45.75509944059162
2015-05-20,42.082504294923055
2015-05-21,38.09616200291224
2015-05-22,34.98110301609752
2015-05-25,31.681055237788872
2015-05-26,30.12015234467659
2015-05-27,29.70396249478973
2015-05-28,30.180079398506912
2015-05-29,31.74834323170659
2015-06-01,33.76938889554056
2015-06-02,34.94668208701922
2015-06-03,31.43486118684512
2015-06-04,34.04598639028381
2015-06-05,37.6260386977763
2015-06-08,41.67051508901361
2015-06-09,44.16997374256963
2015-06-10,43.90940107914446
2015-06-11,41.468493903724
2015-06-12,41.86327275698743
2015-06-15,42.83656044076048
2015-06-16,47.25522127227033
2015-06-17,54.09560742310142
2015-06-18,53.68857946890366
2015-06-19,48.965130625254226
2015-06-23,43.39783015186249
2015-06-24,42.06545570621944
2015-06-25,44.51723865195587
2015-06-26,48.60087564657673
2015-06-29,49.57965108759473
2015-06-30,50.74689957361712
2015-07-01,49.65936446465828
2015-07-02,47.25258024067121
2015-07-03,44.412708797798935
2015-07-06,47.651238847944875
2015-07-07,51.88908230182587
2015-07-08,54.683036434149166
2015-07-09,52.84700210209111
2015-07-10,49.9492228174666
2015-07-13,47.40182773914788
2015-07-14,41.28465958058422
2015-07-15,36.330994185129434
2015-07-16,31.514792633587824
2015-07-17,29.16727310030588
2015-07-20,24.332111154506848
2015-07-21,19.981637114122623
2015-07-22,15.957827493762242
2015-07-23,12.855654968572884
2015-07-24,10.15356297350306
2015-07-27,9.138797788434657
2015-07-28,9.062006767489322
2015-07-29,9.174232675538494
2015-07-30,10.96243584237154
2015-07-31,10.855363494780914
2015-08-03,11.488242968229521
2015-08-04,11.7069965591601
2015-08-05,9.402350787779799
2015-08-06,8.930285972904453
2015-08-07,9.470201412707533
2015-08-10,9.858100417824527
2015-08-11,11.343349402996953
2015-08-12,10.821551632430436
2015-08-13,9.373504469571222
2015-08-14,9.804415025669613
2015-08-17,11.341354097137597
2015-08-18,13.76807557228824
2015-08-19,18.21591051726947
2015-08-20,24.5293523553353
2015-08-21,27.870432179096532
2015-08-24,26.098483069161396
2015-08-25,29.015724932564847
2015-08-26,31.70460730851297
2015-08-27,36.72478487106337
2015-08-28,38.29183379902672
2015-08-31,39.58719786092802
2015-09-01,39.20273303543045
2015-09-02,39.147247674381575
2015-09-07,38.53779698820446
2015-09-08,39.749659600941314
2015-09-09,40.474037644978125
2015-09-10,36.124097989179354
2015-09-11,33.73650303032945
2015-09-14,30.728456706864222
2015-09-15,28.671337542158557
2015-09-16,25.14513101292471
2015-09-17,21.645719113579506
2015-09-18,18.964459740936498
2015-09-21,13.460272383975797
2015-09-22,9.242134190506604
2015-09-23,13.445791552580598
2015-09-24,17.675693629789443
2015-09-25,24.40679654702503
2015-09-28,30.04619073166874
2015-09-29,37.53627516280811
2015-09-30,44.205944057406434
2015-10-08,47.871895125111
2015-10-09,49.744842093164536
2015-10-12,50.31196530281575
2015-10-13,49.791843790434505
2015-10-14,45.02357599507164
2015-10-15,43.03836317776944
2015-10-16,36.74408379304374
2015-10-19,31.93971367041265
2015-10-20,28.779731364550628
2015-10-21,26.94937375120896
2015-10-22,25.750751505445567
2015-10-23,24.9672396004025
2015-10-26,25.55015026312379
2015-10-27,25.221144752622525
2015-10-28,25.37517338657903
2015-10-29,28.96331222435436
2015-10-30,33.87820509568314
2015-11-02,37.22880667232006
2015-11-03,37.70708091699102
2015-11-04,39.992176219707176
2015-11-05,43.72541628530743
2015-11-06,47.851731769240494
2015-11-09,54.23055464963217
2015-11-10,62.077967916222505
2015-11-11,68.7201891662353
2015-11-12,68.80107151917647
2015-11-13,67.22028809384442
2015-11-16,65.63950466851234
2015-11-17,67.55970031369797
2015-11-18,67.54092432344302
2015-11-19,69.92715924257264
2015-11-20,71.70897941067042
2015-11-23,72.95477828533527
2015-11-24,74.04300389821576
2015-11-25,72.85648844892103
2015-11-26,71.21292409248538
2015-11-27,69.16025234413496
2015-11-30,67.34209598212774
2015-12-01,62.12971196867106
2015-12-02,55.86349470136484
2015-12-03,48.01992401800544
2015-12-04,39.46345884685473
2015-12-07,33.87165481755069
2015-12-08,29.303534241757983
2015-12-09,26.372353876713657
2015-12-10,23.55000914224017
2015-12-11,22.33515635918446
2015-12-14,23.771454436107508
2015-12-15,26.263678350455173
2015-12-16,29.184898509606334
2015-12-17,37.28129507079159
2015-12-18,46.262185778237075
2015-12-21,52.126470107174235
2015-12-22,57.65703831493371
2015-12-23,61.11116037382908
2015-12-24,65.89265052311359
2015-12-25,69.799177296292
2015-12-28,68.20693359286456
2015-12-29,66.05930231302796
2015-12-30,65.54795768006639
2015-12-31,58.316661449094795
2016-01-04,49.252739797388735
2016-01-05,43.36832139008625
2016-01-06,38.69248421742884
2016-01-07,35.797596602054156
2016-01-08,34.188632272767414
2016-01-11,31.633915490154454
2016-01-12,29.874322027311752
2016-01-13,28.681784931721182
2016-01-14,29.145129075505803
2016-01-15,29.255213185265244
2016-01-18,29.584747164627448
2016-01-19,26.83404790965946
2016-01-20,22.0798988702394
2016-01-21,19.216258475014715
2016-01-22,18.57172001853064
2016-01-25,20.917542086253025
2016-01-26,25.56539346932946
2016-01-27,31.835524065041444
2016-01-28,35.45236895182992
2016-01-29,37.67751883535992
2016-02-01,41.536317160415855
2016-02-02,45.17289326324957
2016-02-03,49.609750961351494
2016-02-04,53.51424649461794
2016-02-05,54.22510612748134
2016-02-15,48.97860134455265
2016-02-16,43.24804815678347
2016-02-17,39.71967038959982
2016-02-18,36.35893979599259
2016-02-19,33.086170864843645
2016-02-22,31.719731069320908
2016-02-23,31.855512690064398
2016-02-24,32.18811931640401
2016-02-25,32.333858381260775
2016-02-26,29.077104462164158
2016-02-29,32.06205565610563
2016-03-01,35.0470068500471
2016-03-02,35.57492023532306
2016-03-03,37.2563010400773
2016-03-04,43.489253314439694
2016-03-07,47.1780181535704
2016-03-08,48.82930867717086
2016-03-09,48.464018794639586
2016-03-10,46.83179686071812
2016-03-11,50.40907081827201
2016-03-14,52.20852679562894
2016-03-15,53.19865971021041
2016-03-16,52.51400469651619
2016-03-17,49.47116604276876
2016-03-18,44.142219815269485
2016-03-21,37.67071362681097
2016-03-22,33.86504290772321
2016-03-23,30.81822671022212
2016-03-24,27.681617090169635
2016-03-25,24.805643154773144
2016-03-28,20.270889664289165
2016-03-29,17.237833299101403
2016-03-30,14.13243586208126
2016-03-31,13.874819982553172
2016-04-01,18.270596618979493
2016-04-05,23.554151381666724
2016-04-06,26.046690787623213
2016-04-07,27.127354993655878
2016-04-08,30.492340393783696
2016-04-11,30.12722407327726
2016-04-12,30.683532789282918
2016-04-13,30.670822204602167
2016-04-14,34.5305180331919
2016-04-15,39.7257524500759
2016-04-18,40.463804078593284
2016-04-19,41.938085965552276
2016-04-20,44.1992298909716
2016-04-21,48.358374075432195
2016-04-22,52.19216597744893
2016-04-25,54.86926178986636
2016-04-26,57.109139485415405
2016-04-27,57.29039577125313
2016-04-28,53.42938101715754
2016-04-29,46.194880280446675
2016-05-03,41.281803563985626
2016-05-04,36.92452713842904
2016-05-05,32.04021906785835
2016-05-06,25.339683198681207
2016-05-09,19.206596902555063
2016-05-10,17.509070060180857
2016-05-11,16.272931963611768
2016-05-12,15.566671817999723
2016-05-13,16.266440880220326
2016-05-16,18.123311418154692
2016-05-17,20.42229214263694
2016-05-18,23.714669318097062
2016-05-19,28.236653597362704
2016-05-20,34.36292833672324
2016-05-23,38.25145535810877
2016-05-24,39.40978633994591
2016-05-25,41.28130121142171
2016-05-26,46.00329334044247
2016-05-27,44.484291825281545
2016-05-30,43.35460324924087
2016-05-31,40.1102184226349
2016-06-01,34.68147034900565
2016-06-02,28.68343271587319
2016-06-03,23.64403695154511
2016-06-06,20.779621174085833
2016-06-07,21.80585518434809
2016-06-08,21.7299606331304
2016-06-13,21.65656762278676
2016-06-14,25.75843097682405
2016-06-15,28.090072544342142
2016-06-16,31.737120497774676
2016-06-17,39.634659020888606
2016-06-20,47.364653118198746
2016-06-21,51.81148589587907
2016-06-22,52.904608132573934
2016-06-23,51.705141182724425
2016-06-24,52.524495904690276
2016-06-27,49.55569510766853
2016-06-28,47.70291759187102
2016-06-29,45.50322718939424
2016-06-30,41.63049369640756
2016-07-01,37.970408230945296
2016-07-04,36.18582465531689
2016-07-05,38.1366795558121
2016-07-06,41.12813902571939
2016-07-07,43.67579654375473
2016-07-08,43.51797364936539
2016-07-11,46.015396497933395
2016-07-12,48.93391147992605
2016-07-13,53.47316513245204
2016-07-14,58.16027002335502
2016-07-15,57.756487954813714
2016-07-18,52.01568999605723
2016-07-19,44.83117639644923
2016-07-20,39.858380597019185
2016-07-21,35.7382139261137
2016-07-22,36.62486407593151
2016-07-25,35.18665978658211
2016-07-26,32.30892329196816
2016-07-27,30.251661041789085
2016-07-28,29.77755486388474
2016-07-29,29.244476393795207
2016-08-01,31.896080811446165
2016-08-02,35.50634257593271
2016-08-03,38.39908008149378
2016-08-04,37.52500421284932
2016-08-05,33.921548951075266
2016-08-08,34.18293611463637
2016-08-09,35.73916938074653
2016-08-10,35.40168398024635
2016-08-11,34.22539218693335
2016-08-12,34.591055759595704
2016-08-15,34.78236287340306
2016-08-16,33.897253844669244
2016-08-17,32.75043205234958
2016-08-18,34.53066730505561
2016-08-19,35.269432269433594
2016-08-22,32.53832311302912
2016-08-23,28.845982283472445
2016-08-24,26.90739839026815
2016-08-25,25.795880659771814
2016-08-26,23.774310680455475
2016-08-29,20.47517707352418
2016-08-30,17.086809457680744
2016-08-31,15.417103386022333
2016-09-01,16.15061797084755
2016-09-02,19.122465088656245
2016-09-05,24.066215245442333
2016-09-06,28.347177551211125
2016-09-07,29.930740396591744
2016-09-08,30.905562739493128
2016-09-09,32.553448019457434
2016-09-12,33.575533578829535
2016-09-13,34.79730573319927
2016-09-14,34.20599745726345
2016-09-19,30.9785143588418
2016-09-20,28.729697994737897
2016-09-21,26.257504653572937
2016-09-22,23.463905627115164
2016-09-23,21.18105565919449
2016-09-26,18.00098310567798
2016-09-27,15.52261006074838
2016-09-28,18.42921261210146
2016-09-29,22.71750659976811
2016-09-30,28.05912240318299
2016-10-10,31.106951439818012
2016-10-11,31.80333453514056
2016-10-12,30.631727455634053
2016-10-13,31.194294050095742
2016-10-14,30.25274394306522
2016-10-17,30.316445937035628
2016-10-18,30.711903615807863
2016-10-19,28.19685891593546
2016-10-20,23.368155106563826
2016-10-21,19.280955125707543
2016-10-24,19.399498126934198
2016-10-25,20.45987781268834
2016-10-26,25.8435468299883
2016-10-27,30.522224503916355
2016-10-28,39.7106351346774
2016-10-31,48.33062071862561
2016-11-01,56.001291940933605
2016-11-02,63.44700622664796
2016-11-03,71.96151141412861
2016-11-04,79.18928039007565
2016-11-07,84.9272832747543
2016-11-08,89.51733938529944
2016-11-09,91.33194888329584
2016-11-10,94.25855827120544
2016-11-11,94.8843674265019
2016-11-14,90.81109880509453
2016-11-15,86.07542770237423
2016-11-16,81.35262051299178
2016-11-17,75.8937984424121
2016-11-18,68.0219926308428
2016-11-21,58.522553571526416
2016-11-22,50.424217147947175
2016-11-23,42.43946893313763
2016-11-24,33.42919653405657
2016-11-25,25.458859202515434
2016-11-28,20.603776282366912
2016-11-29,16.408645017908977
2016-11-30,14.362744724298224
2016-12-01,10.980224566960477
2016-12-02,9.904003253692263
2016-12-05,10.432882939370936
2016-12-06,10.744932656139337
2016-12-07,10.388895758695739
2016-12-08,11.544539443869649
2016-12-09,11.111180190534316
2016-12-12,12.819611157110106
2016-12-13,13.256998201695932
2016-12-14,16.584147243130683
2016-12-15,21.22745730159371
2016-12-16,25.80615978553921
2016-12-19,25.775304150486086
2016-12-20,24.298288207992936
2016-12-21,24.169859261048522
2016-12-22,24.630782195096117
2016-12-23,24.656177142162065
2016-12-26,26.28439936792639
2016-12-27,31.73654643298712
2016-12-28,31.423116845814512
2016-12-29,30.763374449057597
2016-12-30,30.10363205230068
2017-01-03,30.07524694024671
2017-01-04,30.974862862293577
2017-01-05,32.929326103405565
2017-01-06,33.93191391145749
2017-01-09,36.37086043648446
2017-01-10,42.748121418396615
2017-01-11,46.49081147687616
2017-01-12,44.954313471099766
2017-01-13,43.55642408933946
2017-01-16,42.85184686156547
2017-01-17,42.349846795930986
2017-01-18,41.683319109178214
2017-01-19,42.55458109029896
2017-01-20,43.93243508591253
2017-01-23,45.090988672147105
2017-01-24,41.5458381704748
2017-01-25,36.30288676075671
2017-01-26,33.56447246303822
2017-02-03,31.805733401973544
2017-02-06,31.458523971139122
2017-02-07,33.5803956077653
2017-02-08,35.843859674373554
2017-02-09,32.94256828404513
2017-02-10,29.671205036951655
2017-02-13,29.344268388561233
2017-02-14,27.451490482008058
2017-02-15,24.87457055505706
2017-02-16,25.018127670751063
2017-02-17,23.81718340176207
2017-02-20,20.68941404373249
2017-02-21,20.77423085973542
2017-02-22,20.826235181716186
2017-02-23,20.53124831596809
2017-02-24,20.2617895755649
2017-02-27,18.487736554086148
2017-02-28,17.09874188538857
2017-03-01,18.158892384570137
2017-03-02,18.119658184506697
2017-03-03,18.66069166574291
2017-03-06,19.153241466049174
2017-03-07,19.607046301710305
2017-03-08,19.85965282601325
2017-03-09,22.45943392127759
2017-03-10,24.422728005367755
2017-03-13,25.07784611560395
2017-03-14,25.26721460737415
2017-03-15,24.04332888748465
2017-03-16,25.35389210479615
2017-03-17,26.263365283146605
2017-03-20,26.535080100316
2017-03-21,24.773525323026032
2017-03-22,21.924003309421963
2017-03-23,21.997708837823442
2017-03-24,24.06597982370353
2017-03-27,22.87790394294465
2017-03-28,23.135090429937986
2017-03-29,26.159347393819026
2017-03-30,30.968962268018487
2017-03-31,38.495843988448556
2017-04-05,46.41205569320644
2017-04-06,48.231830589138056
2017-04-07,49.73542681265716
2017-04-10,48.547516903663315
2017-04-11,47.51351156996181
2017-04-12,48.491900841034045
2017-04-13,46.9597440882989
2017-04-14,43.91120413544378
2017-04-17,40.06725281117751
2017-04-18,34.49188435181852
2017-04-19,29.88259017239355
2017-04-20,35.21432523710214
2017-04-21,41.88678620603824
2017-04-24,48.63043597166189
2017-04-25,52.903237943724335
2017-04-26,57.86498447850455
2017-04-27,60.616759795829715
2017-04-28,63.774491439307624
2017-05-02,60.70944369620023
2017-05-03,57.823869984299336
2017-05-04,54.07323506822166
2017-05-05,46.372375641034054
2017-05-08,38.12698996518914
2017-05-09,33.00906116195726
2017-05-10,28.501323240271745
2017-05-11,22.913082410655498
2017-05-12,19.468254254981964
2017-05-15,14.417422058845244
2017-05-16,18.019912775136135
2017-05-17,20.20190084663762
2017-05-18,20.490303974925204
2017-05-19,21.51864669047302
2017-05-22,26.03922450581216
2017-05-23,26.891653918428155
2017-05-24,25.907625902995314
2017-05-25,28.154559495689945
2017-05-26,31.294883945828094
2017-05-31,34.63813984004496
2017-06-01,33.42297586040242
2017-06-02,32.876244665597774
2017-06-05,32.607974015691966
2017-06-06,31.858815617748796
2017-06-07,31.564500399498446
2017-06-08,31.81505654046551
2017-06-09,32.843910697498664
2017-06-12,32.174795020002726
2017-06-13,28.09028522593227
2017-06-14,28.639674507220498
2017-06-15,30.946585746815213
2017-06-16,33.973798798883266
2017-06-19,38.03791387351552
2017-06-20,41.12134595602595
2017-06-21,38.84973825338379
2017-06-22,38.436082477645314
2017-06-23,38.91219592528906
2017-06-26,37.74921320695638
2017-06-27,39.20908859968226
2017-06-28,35.74225621822261
2017-06-29,30.852837238476845
2017-06-30,26.977365233785935
2017-07-03,24.75965846617101
2017-07-04,24.159648678083126
2017-07-05,26.339321999317253
2017-07-06,23.24487981572323
2017-07-07,19.771848032178085
2017-07-10,17.543548349763753
2017-07-11,17.926429620786443
2017-07-12,18.71219938535595
2017-07-13,19.904008746473554
2017-07-14,21.07618273402137
2017-07-17,21.186696147094022
2017-07-18,21.085362300213546
2017-07-19,17.795649070455195
2017-07-20,18.818285877765558
2017-07-21,18.601042263799886
2017-07-24,20.38796413255035
2017-07-25,20.832246980656617
2017-07-26,22.628704129406678
2017-07-27,25.19409321186887
2017-07-28,30.357780164272366
2017-07-31,35.52146711667585
2017-08-01,37.31346064334045
2017-08-02,37.171882333669956
2017-08-03,35.862888218402134
2017-08-04,38.2448196887823
2017-08-07,37.672491663711
2017-08-08,35.97471622453247
2017-08-09,33.0088430867657
2017-08-10,30.897824955663953
2017-08-11,28.378650198382484
2017-08-14,26.083760304033056
2017-08-15,26.396267901747745
2017-08-16,29.093822443815988
2017-08-17,30.590384511401812
2017-08-18,31.899994753982867
2017-08-21,33.4911438613503
2017-08-22,35.22000440377027
2017-08-23,39.99273521795019
2017-08-24,44.75134400975741
2017-08-25,43.72625260207917
2017-08-28,43.089651863533376
2017-08-29,38.836407824105436
2017-08-30,37.433958658729864
2017-08-31,36.983589781834226
2017-09-01,34.52244219978526
2017-09-04,32.525247419442174
2017-09-05,32.51412342042334
2017-09-06,28.957348664843245
2017-09-07,24.219698241611816
2017-09-08,24.01192326671892
2017-09-11,22.814208249526835
2017-09-12,27.47325892738911
2017-09-13,30.091538572407245
2017-09-14,33.96510469595138
2017-09-15,38.47501349165615
2017-09-18,44.35827437260468
2017-09-19,46.3788145674803
2017-09-20,47.58652353685116
2017-09-21,48.33654605542922
2017-09-22,47.17762922121705
2017-09-25,44.1542717388577
2017-09-26,39.01246485852686
2017-09-27,34.797766819345085
2017-09-28,29.099835773461088
2017-09-29,24.58566013847986
2017-10-09,19.536089069491364
2017-10-10,16.51363044064982
2017-10-11,14.298983494620012
2017-10-12,11.532497056709145
2017-10-13,11.184810359452285
2017-10-16,12.85558811514843
2017-10-17,13.280267602327967
2017-10-18,14.426812415273272
2017-10-19,16.366258287881102
2017-10-20,16.80883840065787
2017-10-23,18.953087913328368
2017-10-24,20.814790040987937
2017-10-25,23.083224662448185
2017-10-26,23.55901466435317
2017-10-27,24.339484578393268
2017-10-30,27.741713138061602
2017-10-31,32.7769244056672
2017-11-01,34.24205605104406
2017-11-02,34.54761160659967
2017-11-03,34.42469227241281
2017-11-06,31.529955430307677
2017-11-07,31.93559704323041
2017-11-08,34.195608645940055
2017-11-09,39.91893967292005
2017-11-10,39.46577585873923
2017-11-13,35.593582160964225
2017-11-14,30.91814949114459
2017-11-15,30.15180874192713
2017-11-16,30.157814747933152
2017-11-17,30.433692235078183
2017-11-20,31.494812778371777
2017-11-21,29.354068708041417
2017-11-22,25.074506272356277
2017-11-23,20.314252771959524
2017-11-24,22.024484501831097
2017-11-27,23.629792440832112
2017-11-28,26.715750277154495
2017-11-29,27.674029985433982
2017-11-30,29.792420114693517
2017-12-01,32.71780780015795
2017-12-04,35.43838237758351
2017-12-05,39.07709224208887
2017-12-06,45.06257876150185
2017-12-07,48.99084097547852
2017-12-08,51.36848880620911
2017-12-11,57.66614669570582
2017-12-12,63.100543976974755
2017-12-13,69.38650490222555
2017-12-14,74.51996871694216
2017-12-15,78.64986291434587
2017-12-18,78.05886477976591
2017-12-19,76.85966466750106
2017-12-20,73.9105867887521
2017-12-21,71.28990846075666
2017-12-22,67.30270743333628
2017-12-25,58.89358358413955
2017-12-26,50.941274156309206
2017-12-27,46.82398209136193
2017-12-28,45.50391917966203
2017-12-29,44.31304372328632
2018-01-02,47.68125541703373
2018-01-03,51.639336520148696
2018-01-04,55.48616566487842
2018-01-05,59.94655281717932
2018-01-08,65.41810085750527
2018-01-09,70.30586564353207
2018-01-10,74.08838003691223
2018-01-11,74.33599465672229
2018-01-12,70.02649969547186
2018-01-15,64.79701390390026
2018-01-16,56.54262752683836
2018-01-17,48.80956593972624
2018-01-18,42.82602131209
2018-01-19,35.962743464215535
2018-01-22,29.470256733511206
2018-01-23,27.195432074965414
2018-01-24,24.55793855040747
2018-01-25,22.06785060158508
2018-01-26,21.77141986958255
2018-01-29,25.158185179898858
2018-01-30,31.68655761391624
2018-01-31,36.81578520216047
2018-02-01,42.777746687682274
2018-02-02,47.99320737998207
2018-02-05,49.94986896254126
2018-02-06,50.07597125531027
2018-02-07,51.91117207595261
2018-02-08,52.08815114783617
2018-02-09,49.230428807302715
2018-02-12,47.102826929500246
2018-02-13,44.45767767576887
2018-02-14,39.711453287887146
2018-02-22,33.02334723516124
2018-02-23,28.054800123108237
2018-02-26,24.558592814956786
2018-02-27,20.98222034319419
2018-02-28,17.9299292241797
2018-03-01,16.25329578010436
2018-03-02,15.605186502486259
2018-03-05,14.709187791113683
2018-03-06,12.480807633080365
2018-03-07,14.015124461228343
2018-03-08,16.956783243946724
2018-03-09,18.119160310278644
2018-03-12,18.739509182100978
2018-03-13,20.045836169782937
2018-03-14,22.35674797845247
2018-03-15,24.600305489451777
2018-03-16,28.689026578278195
2018-03-19,30.585121116395904
2018-03-20,34.20672745123743
2018-03-21,36.95791260632343
2018-03-22,36.91594327621844
2018-03-23,42.572179695166724
2018-03-26,49.696193885243005
2018-03-27,55.12864449872541
2018-03-28,58.38015703113689
2018-03-29,61.3218200055868
2018-03-30,59.92881701582004
2018-04-02,56.217831188555216
2018-04-03,52.33432261080209
2018-04-04,48.54794076834557
2018-04-09,47.18112045839753
2018-04-10,43.095805169977496
2018-04-11,37.467184368225524
2018-04-12,30.73671041585295
2018-04-13,25.834191172032142
2018-04-16,21.526335808719885
2018-04-17,18.879484768763085
2018-04-18,18.31182669977557
2018-04-19,18.075212952528695
2018-04-20,18.141854563788343
2018-04-23,19.56943741416765
2018-04-24,16.97913786930217
2018-04-25,15.93241033698374
2018-04-26,19.613436121493912
2018-04-27,22.179865530249703
2018-05-02,23.742119572704755
2018-05-03,26.76414686588788
2018-05-04,29.301437838969242
2018-05-07,28.907574149983407
2018-05-08,28.75256729571928
2018-05-09,27.436549982481587
2018-05-10,26.9002999664276
2018-05-11,25.98551139680157
2018-05-14,22.41724579328666
2018-05-15,19.602279716944675
2018-05-16,16.827766308429624
2018-05-17,15.604312313123291
2018-05-18,18.16686574715002
2018-05-21,21.49164580580101
2018-05-22,21.91911638791087
2018-05-23,20.937239961721726
2018-05-24,24.072582375163883
2018-05-25,26.948659247264764
2018-05-28,31.693965369713958
2018-05-29,36.59438058829107
2018-05-30,42.51067018105132
2018-05-31,48.26616101441988
2018-06-01,50.738642420775534
2018-06-04,52.787830781125024
2018-06-05,56.412176021701285
2018-06-06,60.25374360404378
2018-06-07,62.27009114739627
2018-06-08,63.84916145807131
2018-06-11,62.36086484296887
2018-06-12,55.69024399414038
2018-06-13,55.50916291305932
2018-06-14,54.877117562176444
2018-06-15,53.470517849120505
2018-06-19,54.59873200745908
2018-06-20,56.46030911327023
2018-06-21,56.60929891999999
2018-06-22,58.95698063196657
2018-06-25,60.983124473991666
2018-06-26,64.43843819896831
2018-06-27,71.05664081646272
2018-06-28,69.05417759374629
2018-06-29,67.40830636641377
2018-07-02,62.47765117750887
2018-07-03,55.27256325808903
2018-07-04,48.1737629056347
2018-07-05,46.77504735840426
2018-07-06,43.26630278894892
2018-07-09,40.15428591516029
2018-07-10,35.89728924306926
2018-07-11,33.08787306797692
2018-07-12,31.421475309202
2018-07-13,27.068199926241977
2018-07-16,27.68810756870719
2018-07-17,31.367131714721246
2018-07-18,35.51890229617703
2018-07-19,32.58070048404978
2018-07-20,29.149573334706496
2018-07-23,25.437002836421698
2018-07-24,23.15630275063258
2018-07-25,22.2221689952358
2018-07-26,22.018057003754116
2018-07-27,23.28095464608976
2018-07-30,24.490558469227796
2018-07-31,27.365473366795364
2018-08-01,27.859454230056976
2018-08-02,30.593717470929295
2018-08-03,30.768268766744075
2018-08-06,31.61239248511933
2018-08-07,34.04187442722407
2018-08-08,33.25835439726451
2018-08-09,32.149451376596886
2018-08-10,29.620877239953963
2018-08-13,29.01480125632803
2018-08-14,28.04937863249116
2018-08-15,28.613791929813498
2018-08-16,31.411128430476573
2018-08-17,36.34017570630142
2018-08-20,41.26922298212627
2018-08-21,47.237902480668275
2018-08-22,51.95930164021287
2018-08-23,56.79031540553897
2018-08-24,64.08180478826156
2018-08-27,66.36224365417051
2018-08-28,65.61592098117639
2018-08-29,64.74110617276479
2018-08-30,60.155313250961754
2018-08-31,54.45133232595176
2018-09-03,48.906543560133926
2018-09-04,40.10166351452587
2018-09-05,35.01071656031431
2018-09-06,30.242659869709904
2018-09-07,25.20589698903924
2018-09-10,22.26305088019977
2018-09-11,19.28515614793667
2018-09-12,18.359162238849198
2018-09-13,19.643769104851252
2018-09-14,25.98644051794516
2018-09-17,30.821089326045193
2018-09-18,32.71956138487861
2018-09-19,35.07331993734121
2018-09-20,33.496437275344704
2018-09-21,32.726058419828775
2018-09-25,30.7620074332215
2018-09-26,29.018116941925918
2018-09-27,28.019119906118238
2018-09-28,27.670049617676035
2018-10-08,24.7682062230668
2018-10-09,22.401132427996313
2018-10-10,22.64790757989504
2018-10-11,24.417353692939248
2018-10-12,29.566932600669606
2018-10-15,31.632172170233936
2018-10-16,33.60404603238475
2018-10-17,38.41659850990057
2018-10-18,40.05936155163688
2018-10-19,37.36172962707596
2018-10-22,34.4017353288616
2018-10-23,33.76739049257361
2018-10-24,34.04339875897314
2018-10-25,29.453981918981412
2018-10-26,25.41197874255471
2018-10-29,23.632085221770573
2018-10-30,22.843626264043166
2018-10-31,23.199975191820716
2018-11-01,25.408519290782756
2018-11-02,28.121489849528604
2018-11-05,31.922257904332717
2018-11-06,36.82533707064213
2018-11-07,38.62691358083061
2018-11-08,38.07577266080447
2018-11-09,38.80179600940786
2018-11-12,42.0141382422353
2018-11-13,46.02784160168284
2018-11-14,47.42849546441375
2018-11-15,48.42699655976712
2018-11-16,52.86646511203503
2018-11-19,56.01982339003098
2018-11-20,56.877043448124745
2018-11-21,55.265528397524406
2018-11-22,56.40867159962104
2018-11-23,55.580080181710535
2018-11-26,55.55378901404589
2018-11-27,54.537627637898666
2018-11-28,53.1716079516783
2018-11-29,53.63197120145571
2018-11-30,54.92023069692855
2018-12-03,53.51504821736195
2018-12-04,51.766006489188804
2018-12-05,52.7540220390703
2018-12-06,54.773579176944466
2018-12-07,54.98609792790031
2018-12-10,50.76627550248391
2018-12-11,46.43982586406665
2018-12-12,43.08694176092131
2018-12-13,37.388858093610025
2018-12-14,31.350934706985186
2018-12-17,26.384450078839812
2018-12-18,22.284624947339626
2018-12-19,21.069737054869588
2018-12-20,16.935891793209805
2018-12-21,15.745450471403657
2018-12-24,16.935463499656848
2018-12-25,16.222315711906997
2018-12-26,18.140308238284412
2018-12-27,19.031495340505423
2018-12-28,22.230770891758574
2019-01-02,26.76847616122641
2019-01-03,30.654167523146576
2019-01-04,31.838708602291085
2019-01-07,35.164915453386435
2019-01-08,36.43685042881695
2019-01-09,35.57148300525196
2019-01-10,35.62012668341267
2019-01-11,34.824888588174495
2019-01-14,35.44562389197495
2019-01-15,38.93485353064456
2019-01-16,42.538850448155735
2019-01-17,44.05719362894514
2019-01-18,47.40030008618761
2019-01-21,49.201595092817016
2019-01-22,52.50595496591374
2019-01-23,54.16542956656468
2019-01-24,56.95442956656469
2019-01-25,56.75926827624206
2019-01-28,53.24351070598417
2019-01-29,44.69936573971625
2019-01-30,35.808238316872874
2019-01-31,28.663519236669828
2019-02-01,22.735534892247045
2019-02-11,21.893256957319746
2019-02-12,19.650433149030462
2019-02-13,18.06635092370044
2019-02-14,15.620250006269288
2019-02-15,13.051809764024956
2019-02-18,15.554455697428804
2019-02-19,18.67821118691345
2019-02-20,22.338496665055743
2019-02-21,26.451192712178113
2019-02-22,27.043082382044652
2019-02-25,25.551663479458306
2019-02-26,25.225132867213492
2019-02-27,26.886435169763605
2019-02-28,29.064678944337636
2019-03-01,32.325594274218375
2019-03-04,32.67706087197
2019-03-05,29.007427253945366
2019-03-06,26.52337816510886
2019-03-07,23.86721520876097
2019-03-08,23.67843678687054
2019-03-11,27.736548167015883
2019-03-12,32.06206784857275
2019-03-13,33.04846240639592
2019-03-14,34.14791387312623
2019-03-15,36.350600075812366
2019-03-18,39.37245985608188
2019-03-19,43.996160158713295
2019-03-20,43.48756451130136
2019-03-21,41.740785840561806
2019-03-22,42.373351244700814
2019-03-25,36.079082018119415
2019-03-26,30.29871832999449
2019-03-27,26.815291718352483
2019-03-28,25.227118447110826
2019-03-29,20.978345943019306
2019-04-01,17.162296560303382
2019-04-02,14.498135588397707
2019-04-03,14.457286477669237
2019-04-04,14.523162930826137
2019-04-08,12.760217704845758
2019-04-09,14.081678737304435
2019-04-10,14.766758527506331
2019-04-11,14.829823481066848
2019-04-12,13.452390442456178
2019-04-15,13.83071265848414
2019-04-16,14.82637237982703
2019-04-17,16.393418609193894
2019-04-18,20.709023169362375
2019-04-19,26.510450101764214
2019-04-22,31.656023117623835
2019-04-23,35.6524099797475
2019-04-24,39.594150771625486
2019-04-25,44.55559039935647
2019-04-26,49.145338929245085
2019-04-29,50.800250370190945
2019-04-30,49.58130756677084
2019-05-06,49.63005759788098
2019-05-07,45.432254252157904
2019-05-08,40.08649342876379
2019-05-09,36.43885625802145
2019-05-10,32.95667075157622
2019-05-13,28.090342016595933
2019-05-14,23.90463671372431
2019-05-15,18.753529799444525
2019-05-16,16.840906757860818
2019-05-17,17.87139704714529
2019-05-20,15.237619265701753
2019-05-21,18.34383461440337
2019-05-22,22.593803492780147
2019-05-23,24.481756404101183
2019-05-24,26.255878236026554
2019-05-27,27.04602871482274
2019-05-28,26.36308914904945
2019-05-29,26.449430035390385
2019-05-30,29.55263352142966
2019-05-31,31.453466515227387
2019-06-03,35.17100060890081
2019-06-04,35.00847803632121
2019-06-05,33.95025499637824
2019-06-06,33.08531258888502
2019-06-10,29.55876871022853
2019-06-11,28.501884881428303
2019-06-12,29.162384953693145
2019-06-13,29.721095676338365
2019-06-14,29.91459340484322
2019-06-17,30.05701875318645
2019-06-18,28.19919337983378
2019-06-19,27.12046582917556
2019-06-20,26.792963127338233
2019-06-21,27.675767550758422
2019-06-24,27.429875531978894
2019-06-25,29.18575188596614
2019-06-26,30.905456161118956
2019-06-27,33.627300977093874
2019-06-28,32.90320609569581
2019-07-01,33.36506422860457
2019-07-02,38.331139836955224
2019-07-03,44.64147349422772
2019-07-04,50.61652265010271
2019-07-05,56.6081445565045
2019-07-08,63.3753710265574
2019-07-09,67.4733045580384
2019-07-10,71.35959896242142
2019-07-11,74.63648078337762
2019-07-12,77.26544421447997
2019-07-15,78.6530526089762
2019-07-16,75.33451457348599
2019-07-17,66.6762256421499
2019-07-18,59.73122613351815
2019-07-19,52.263016485398644
2019-07-22,46.090088260959945
2019-07-23,41.30224634427715
2019-07-24,39.43469199142092
2019-07-25,33.42010764528585
2019-07-26,27.405523299150776
2019-07-29,22.1206095374159
2019-07-30,19.48935758571406
2019-07-31,20.863438317859856
2019-08-01,22.539879853851993
2019-08-02,24.216321389844136
2019-08-05,27.019568445536443
2019-08-06,28.91342176372038
2019-08-07,25.460770999748664
2019-08-08,28.078195579262637
2019-08-09,30.69562015877661
2019-08-12,29.19941235780963
2019-08-13,27.26021005134816
2019-08-14,25.350032764001924
2019-08-15,22.056804324990342
2019-08-16,18.59149731796897
2019-08-19,17.556635042337717
2019-08-20,16.521772766706462
2019-08-21,15.987922468086708
2019-08-22,17.550592893177058
2019-08-23,19.623389316376244
2019-08-26,24.31813036867478
2019-08-27,29.012871420973305
2019-08-28,33.69640156626806
2019-08-29,36.28290272241021
2019-08-30,39.45950720388693
2019-09-02,41.309543476457385
2019-09-03,44.225369222712054
2019-09-04,49.246955370388534
2019-09-05,51.25710746834265
2019-09-06,53.96260839076312
2019-09-09,56.854663960768576
2019-09-10,59.74671953077402
2019-09-11,62.686819097178365
2019-09-12,67.18745194954387
2019-09-16,68.07963709518742
2019-09-17,66.27661965422429
2019-09-18,61.62293617928956
2019-09-19,56.768588353202595
2019-09-20,55.84650540320321
2019-09-23,51.81332493382091
2019-09-24,47.17951893845981
2019-09-25,42.702227214290794
2019-09-26,37.45937915326094
2019-09-27,34.9470394854721
2019-09-30,33.86567830021894
2019-10-08,34.55751365976498
2019-10-09,34.22021138302778
2019-10-10,33.47030388996586
2019-10-11,28.126674755650054
2019-10-14,24.436258448558355
2019-10-15,22.06207265230223
2019-10-16,21.496758985316546
2019-10-17,22.6101432422683
2019-10-18,23.002862798393735
2019-10-21,23.413386599931492
2019-10-22,23.903620433903214
2019-10-23,27.11962848709163
2019-10-24,30.156704590970048
2019-10-25,33.06169080335413
2019-10-28,35.76922792969902
2019-10-29,38.47676505604391
2019-10-30,38.08622529193649
2019-10-31,35.09936879659567
2019-11-01,32.48221114246615
2019-11-04,28.691670689266214
2019-11-05,24.661687029478777
2019-11-06,24.120188157947275
2019-11-07,22.472061250768792
2019-11-08,23.14067851604626
2019-11-11,23.40589641533358
2019-11-12,24.432526889986978
2019-11-13,28.26309521192398
2019-11-14,33.84333918456889
2019-11-15,36.016647611301906
2019-11-18,39.7821352357107
2019-11-19,43.83866956362933
2019-11-20,44.411236890571985
2019-11-21,42.91082168133166
2019-11-22,40.05197286356222
2019-11-25,37.833187953361985
2019-11-26,35.382634781088356
2019-11-27,34.59510835402702
2019-11-28,35.89445844407483
2019-11-29,37.13818712157837
2019-12-02,40.595756579147775
2019-12-03,43.78375516809081
2019-12-04,47.19385771905347
2019-12-05,49.68765855045771
2019-12-06,49.96322998070103
2019-12-09,50.227237673613885
2019-12-10,52.732861328331786
2019-12-11,52.385425368841524
2019-12-12,47.58834417480332
2019-12-13,42.52086916128411
2019-12-16,35.66164341549147
2019-12-17,30.32022187072817
2019-12-18,24.740876809400174
2019-12-19,26.049160946048836
2019-12-20,28.111839944621998
2019-12-23,28.355600843946128
2019-12-24,24.837641253924264
2019-12-25,22.847823015695287
2019-12-26,22.087878347030795
2019-12-27,20.826170137591994
2019-12-30,25.87931642262911
2019-12-31,30.580449808418138
2020-01-02,36.18162137965865
2020-01-03,39.03041786567526
2020-01-06,42.411207514135945
2020-01-07,48.44574508757405
2020-01-08,53.23371915311037
2020-01-09,53.738402350675415
2020-01-10,54.83515225639528
2020-01-13,57.7390061836409
2020-01-14,54.6334083695676
2020-01-15,51.435760255133005
2020-01-16,49.75700078195564
2020-01-17,48.12059687848081
2020-01-20,46.89895218018223
2020-01-21,45.21226089317648
2020-01-22,44.00361993983587
2020-01-23,41.21075798600692
2020-02-03,42.935680407636184
2020-02-04,44.82746111858745
2020-02-05,48.28623094050889
2020-02-06,50.25530151751748
2020-02-07,49.81605827340504
2020-02-10,50.040839658956436
2020-02-11,48.08731357971929
2020-02-12,46.30713758265824
2020-02-13,46.08851166190469
2020-02-14,49.0665741882939
2020-02-17,49.19250011421986
2020-02-18,51.539429578587075
2020-02-19,52.9147209538785
2020-02-20,54.35061617738781
2020-02-21,54.04375697161161
2020-02-24,56.69249010951281
2020-02-25,60.23401275686332
2020-02-26,63.406081385606385
2020-02-27,65.2336232131482
2020-02-28,62.44969417824592
2020-03-02,59.264365992917725
2020-03-03,52.8093298010394
2020-03-04,46.19890406325515
2020-03-05,39.48562778406641
2020-03-06,35.132393953220664
2020-03-09,31.019012099751514
2020-03-10,25.183952737379276
2020-03-11,19.789599103350685
2020-03-12,16.53944314577121
2020-03-13,19.725248864010773
2020-03-16,22.23806242945591
2020-03-17,27.786485350295777
2020-03-18,34.38791423697787
2020-03-19,43.05700734784976
2020-03-20,51.29657872174952
2020-03-23,56.131551573027515
2020-03-24,61.78889642664037
2020-03-25,66.04054044096947
2020-03-26,69.09597166850827
2020-03-27,69.51629138723649
2020-03-30,69.3647663540836
2020-03-31,65.77627594329094
2020-04-01,59.0989045487028
2020-04-02,53.10307121536944
2020-04-03,50.10289149896484
2020-04-07,48.935128494499295
2020-04-08,46.856637773825184
2020-04-09,45.52088934363806
2020-04-10,45.473647368297364
2020-04-13,47.059288023170204
2020-04-14,48.27974711354623
2020-04-15,50.264957587809604
2020-04-16,52.936673818847794
2020-04-17,56.4501156196409
2020-04-20,57.02271030808205
2020-04-21,53.71342379945497
2020-04-22,50.52362387424934
2020-04-23,49.09954993331587
2020-04-24,45.79651135403993
2020-04-27,43.602840269735694
2020-04-28,42.591045738148956
2020-04-29,41.26780215346039
2020-04-30,41.663659079132366
2020-05-06,38.564060184403864
2020-05-07,35.00971425843751
2020-05-08,34.87411631495449
2020-05-11,40.08904997489547
2020-05-12,42.522342930525504
2020-05-13,45.284235403002015
2020-05-14,41.92939828988186
2020-05-15,39.31133489832406
2020-05-18,36.90617904510207
2020-05-19,36.3659128563768
2020-05-20,38.40515852840082
2020-05-21,41.297297044842864
2020-05-22,39.43793332597796
2020-05-25,33.91816754262501
2020-05-26,29.687648150548256
2020-05-27,27.57489606727456
2020-05-28,30.167961440544453
2020-05-29,33.64959966372373
2020-06-01,37.92682416313501
2020-06-02,39.76035887923039
2020-06-03,38.15241509416778
2020-06-04,32.73268533705375
2020-06-05,34.370496608076145
2020-06-08,37.894322679834566
2020-06-09,41.8837971847249
2020-06-10,44.248462435794224
2020-06-11,46.74402063988704
2020-06-12,44.93267390458257
2020-06-15,41.31923075336597
2020-06-16,38.37282556068002
2020-06-17,36.1913155562888
2020-06-18,39.812070074179275
2020-06-19,38.462765756832226
2020-06-22,32.987793547616235
2020-06-23,28.407657435730393
2020-06-24,24.560678624267243
2020-06-29,23.05411654853941
2020-06-30,20.793734134704323
2020-07-01,20.05079960344933
2020-07-02,18.122820784091513
2020-07-03,18.93921698384765
2020-07-06,19.550564460863733
2020-07-07,23.87205340232773
2020-07-08,31.029203714261808
2020-07-09,35.16966106616373
2020-07-10,37.55362720478257
2020-07-13,39.79040627834276
2020-07-14,44.75891729693801
2020-07-15,49.65368154860997
2020-07-16,51.85567586686248
2020-07-17,50.79670186985664
2020-07-20,48.451257580390106
2020-07-21,42.43300855093122
2020-07-22,35.61179380536957
2020-07-23,30.128518641945504
2020-07-24,26.417486836209367
2020-07-27,21.504281715198392
2020-07-28,20.116561308670974
2020-07-29,18.632369501237758
2020-07-30,23.099010601730885
2020-07-31,27.50215700263491
2020-08-03,30.097922382599457
2020-08-04,33.89786954156958
2020-08-05,37.85452877008198
2020-08-06,43.1507084849386
2020-08-07,48.196964661516795
2020-08-10,50.06343332733605
2020-08-11,49.85562267648355
2020-08-12,50.31143178969894
2020-08-13,48.546098653762506
2020-08-14,47.357541370137206
2020-08-17,44.91209603972877
2020-08-18,43.97500948733624
2020-08-19,43.27177902927038
2020-08-20,40.21471931405488
2020-08-21,38.93610463318453
2020-08-24,39.780788569193255
2020-08-25,37.31054594053468
2020-08-26,32.77533690696833
2020-08-27,31.414446923048025
2020-08-28,31.463758061660588
2020-08-31,34.00994317765152
2020-09-01,35.25873618439194
2020-09-02,37.15700782076978
2020-09-03,41.15132039319619
2020-09-04,40.574390013987134
2020-09-07,42.23611789945472
2020-09-08,46.32180293070728
2020-09-09,49.37262642703452
2020-09-10,46.60197920388644
2020-09-11,43.20861401868112
2020-09-14,39.564906365969485
2020-09-15,35.9738853779033
2020-09-16,32.601772000551435
2020-09-17,31.949455442345073
2020-09-18,33.438581480912966
2020-09-21,31.252194155162137
2020-09-22,29.76771357425152
2020-09-23,26.819924966489896
2020-09-24,27.82275503908736
2020-09-25,29.3023821103381
2020-09-28,31.810214448799115
2020-09-29,32.81931322552628
2020-09-30,31.511110070700916
2020-10-09,28.259927769942983
2020-10-12,25.87336856439879
2020-10-13,24.04388776937868
2020-10-14,20.966051809153612
2020-10-15,21.14682650776151
2020-10-16,22.109204353791927
2020-10-19,24.888241249541835
2020-10-20,27.727571904004
2020-10-21,31.424719262094392
2020-10-22,32.92894166575947
2020-10-23,33.125718775161246
2020-10-26,34.97368320111625
2020-10-27,38.10739935870963
2020-10-28,40.6440484697744
2020-10-29,45.517672889302936
2020-10-30,47.90157006770208
2020-11-02,47.52389427593346
2020-11-03,44.96544637237287
2020-11-04,41.93257565249307
2020-11-05,41.60546456450044
2020-11-06,40.1928037064733
2020-11-09,38.02326605619889
2020-11-10,37.53883370940183
2020-11-11,36.31775765362029
2020-11-12,35.67977168062008
2020-11-13,36.54513686783071
2020-11-16,39.36218948842518
2020-11-17,42.9844765596077
2020-11-18,47.99680572953421
2020-11-19,51.00204710008635
2020-11-20,53.374507941470824
2020-11-23,53.93931027919196
2020-11-24,51.62901955468802
2020-11-25,51.151160846543654
2020-11-26,48.87276664769686
2020-11-27,46.702268563405724
2020-11-30,41.9979652987745
2020-12-01,34.9265391860976
2020-12-02,30.036198930271773
2020-12-03,27.334867364234395
2020-12-04,24.327541839147703
2020-12-07,23.02479851169659
2020-12-08,24.435188308927813
2020-12-09,25.93099142216415
2020-12-10,27.91389843626654
2020-12-11,26.712619591542193
2020-12-14,26.137729481567096
2020-12-15,31.67993768571575
2020-12-16,34.822972252765794
2020-12-17,39.8048564999509
2020-12-18,46.2628463974685
2020-12-21,49.2876522473774
2020-12-22,48.957146721035414
2020-12-23,46.487511508097626
2020-12-24,42.259341375055136
2020-12-25,41.238164374531394
2020-12-28,40.65565621452328
2020-12-29,34.862378186599116
2020-12-30,29.615930122174255
2020-12-31,25.559917209732927
2021-01-04,19.613256253320273
2021-01-05,18.61209116436259
2021-01-06,19.927628239369092
2021-01-07,25.21419228898185
2021-01-08,30.38182823996707
2021-01-11,29.29931648163687
2021-01-12,27.3801344853174
2021-01-13,27.086541474745594
2021-01-14,25.937242307853467
2021-01-15,23.888924248237657
2021-01-18,24.206528740140545
2021-01-19,22.158183152264648
2021-01-20,18.939610972431318
2021-01-21,13.1474423569989
2021-01-22,10.550264574725114
2021-01-25,18.22260618360844
2021-01-26,27.69857622693912
2021-01-27,37.084929392503405
2021-01-28,47.058047672073286
2021-01-29,55.8106320966081
2021-02-01,59.743014341093
2021-02-02,63.10944123872322
2021-02-03,64.65925491124992
2021-02-04,65.62352979010213
2021-02-05,63.48809623203185
2021-02-08,56.994799971607165
2021-02-09,51.48938391542218
2021-02-10,46.512544413349204
2021-02-18,36.96109349650965
2021-02-19,29.08880606325895
2021-02-22,30.528731718755388
2021-02-23,32.24762891690137
2021-02-24,37.48444461061598
2021-02-25,44.06735113935703
2021-02-26,49.980556620186384
2021-03-01,53.8786520953503
2021-03-02,53.79854196049426
2021-03-03,53.46613246530652
2021-03-04,55.01409459631962
2021-03-05,53.21052399373914
2021-03-08,49.74343050660847
2021-03-09,46.2763370194778
2021-03-10,40.424854256075925
2021-03-11,35.898784197340966
2021-03-12,30.896234002599073
2021-03-15,27.17539622594424
2021-03-16,23.687591110614008
2021-03-17,20.42683939394601
2021-03-18,20.575239048087585
2021-03-19,23.441573274394962
2021-03-22,23.491827714927062
2021-03-23,23.600194185256964
2021-03-24,21.613575707690856
2021-03-25,20.639740347606693
2021-03-26,24.1501009051718
2021-03-29,24.85243306774351
2021-03-30,26.034910697393105
2021-03-31,28.007476282009833
2021-04-01,28.682192490500324
2021-04-02,26.446260985646735
2021-04-06,26.090421159872733
2021-04-07,25.633232306531625
2021-04-08,28.532705147551603
2021-04-09,29.669683133345558
2021-04-12,26.56823362727164
2021-04-13,25.50948341054294
2021-04-14,25.46716092684685
2021-04-15,25.839786383073356
2021-04-16,26.819907944726083
2021-04-19,28.831142726784094
2021-04-20,26.008114573298478
2021-04-21,23.228323417582178
2021-04-22,21.103212902806213
2021-04-23,17.325997812300077
2021-04-26,20.887581420892204
2021-04-27,25.67552686485029
2021-04-28,29.855831200193393
2021-04-29,33.23607274434163
2021-04-30,35.70196356078931
2021-05-06,40.51224404940099
2021-05-07,48.51438137987647
2021-05-10,55.68839702428547
2021-05-11,61.19723530259678
2021-05-12,67.99950190531361
2021-05-13,67.06718877119224
2021-05-14,64.942207139278
2021-05-17,64.50261944641852
2021-05-18,62.56172493294855
2021-05-19,60.90637263487433
2021-05-20,55.902898348363955
2021-05-21,49.900141381614986
2021-05-24,45.02601898712531
2021-05-25,40.3127490446487
2021-05-26,35.65616971225684
2021-05-27,31.085662850110264
2021-05-28,30.8052302249813
2021-05-31,29.481736703341547
2021-06-01,27.339808303415225
2021-06-02,25.166687940185863
2021-06-03,27.968732694819813
2021-06-04,28.548815435845647
2021-06-07,30.514095942954334
2021-06-08,33.03940088045239
2021-06-09,35.53136182304749
2021-06-10,40.01802576163031
2021-06-11,39.21561499925226
2021-06-15,35.57427871271445
2021-06-16,34.347899673779175
2021-06-17,32.2614046058941
2021-06-18,26.888600675473896
2021-06-21,24.151326912177932
2021-06-22,19.72118037337747
2021-06-23,17.413610518773748
2021-06-24,13.778864366179164
2021-06-25,10.889671987127759
2021-06-28,8.373293508056365
2021-06-29,10.553945005676326
2021-06-30,12.67471061374304
2021-07-01,16.971657935644714
2021-07-02,22.19611027815857
2021-07-05,31.504690310080047
2021-07-06,40.85357113782954
2021-07-07,46.02505511605041
2021-07-08,51.602978027854235
2021-07-09,56.781004973389805
2021-07-12,62.714481149883646
2021-07-13,67.36985249996744
2021-07-14,70.44263346019255
2021-07-15,72.8072487976347
2021-07-16,76.24038640674847
2021-07-19,75.6007014001402
2021-07-20,73.20234800629204
2021-07-21,72.80759173720506
2021-07-22,72.71108108215319
2021-07-23,73.27257188146856
2021-07-26,74.19389277879408
2021-07-27,74.6510613644779
2021-07-28,75.15984827539742
2021-07-29,74.60283560729891
2021-07-30,69.91029814916114
2021-08-02,65.82944125975126
2021-08-03,63.40480932500442
2021-08-04,60.66319955417684
2021-08-05,58.22148609935755
2021-08-06,51.4784405655642
2021-08-09,43.94146514732104
2021-08-10,37.91251033641755
2021-08-11,34.234730603349256
2021-08-12,32.59008157361124
2021-08-13,31.705319530214506
2021-08-16,29.539241820789293
2021-08-17,30.19029550539226
2021-08-18,33.018383469982126
2021-08-19,34.27032950870428
2021-08-20,33.61734273259846
2021-08-23,33.7132510795706
2021-08-24,32.71497625208783
2021-08-25,29.557943629823352
2021-08-26,25.285005351200837
2021-08-27,22.17761723619363
2021-08-30,21.140803257953046
2021-08-31,16.765391927603055
2021-09-01,10.853846427645317
2021-09-02,6.6263225766405345
2021-09-03,15.692352015642655
2021-09-06,23.573673946934328
2021-09-07,30.771016542202467
2021-09-08,36.30083242202646
2021-09-09,41.64878985060817
2021-09-10,48.22634661142648
2021-09-13,53.512756604883556
2021-09-14,57.44883779438767
2021-09-15,60.37799720254704
2021-09-16,64.15846579136753
2021-09-17,60.57562770231657
2021-09-22,60.18007803852023
2021-09-23,60.17438298996964
2021-09-24,63.28709995409527
2021-09-27,64.49792980851345
2021-09-28,64.16509966248795
2021-09-29,64.1548296745639
2021-09-30,65.97857743520841
2021-10-08,69.35023003005621
2021-10-11,71.40047267282114
2021-10-12,72.41095918063868
2021-10-13,68.6116969943678
2021-10-14,64.51234287170881
2021-10-15,58.12407322043898
2021-10-18,56.1446776876254
2021-10-19,55.37876555083763
2021-10-20,51.18514163702196
2021-10-21,47.981223333098946
2021-10-22,40.69488700969585
2021-10-25,33.93477401810431
2021-10-26,27.49142805340444
2021-10-27,25.267709961347816
2021-10-28,23.774184198901125
2021-10-29,24.770277111904296
2021-11-01,23.494926297986176
2021-11-02,21.56569019627982
2021-11-03,21.917388774663724
2021-11-04,21.365594745119306
2021-11-05,23.125745016946684
2021-11-08,25.920349374350735
2021-11-09,28.500958761245947
2021-11-10,29.883797894150348
2021-11-11,33.0309198483337
2021-11-12,36.96401259633344
2021-11-15,35.69944485941376
2021-11-16,33.91410304294304
2021-11-17,33.00760992608045
2021-11-18,32.54011264062281
2021-11-19,34.80626577686529
2021-11-22,35.43759876580647
2021-11-23,36.74329472001727
2021-11-24,37.63141073865104
2021-11-25,35.09535250242761
2021-11-26,29.020873342864594
2021-11-29,30.281104713199323
2021-11-30,32.51555007242819
2021-12-01,34.74999543165706
2021-12-02,35.4229064632255
2021-12-03,32.72622236822797
2021-12-06,31.46015978021803
2021-12-07,30.50701426022519
2021-12-08,27.9971957713614
2021-12-09,30.4735443710977
2021-12-10,33.30984677675832
2021-12-13,33.0012013271665
2021-12-14,31.5780782660246
2021-12-15,31.54964893052558
2021-12-16,34.11554126701183
2021-12-17,36.638967698545216
2021-12-20,35.25746614168262
2021-12-21,32.984238134114996
2021-12-22,32.67761014850966
2021-12-23,28.54778580476516
2021-12-24,25.500426060500338
2021-12-27,24.082400698636395
2021-12-28,22.683957229570506
2021-12-29,22.71447165130162
2021-12-30,26.296413106046792
2021-12-31,31.510940545537874
2022-01-04,35.99065869952678
2022-01-05,41.0554669587295
2022-01-06,45.44737124509851
2022-01-07,49.31411019168408
2022-01-10,52.543961310914504
2022-01-11,52.6189380442468
2022-01-12,57.30756415718842
2022-01-13,59.00318323584897
2022-01-14,54.3459735063402
2022-01-17,48.644255427908966
2022-01-18,49.38308883027962
2022-01-19,49.77054312589627
2022-01-20,51.859509559661774
2022-01-21,54.78143126727868
2022-01-24,58.416847889216584
2022-01-25,60.91443754656179
2022-01-26,57.77701137405129
2022-01-27,55.774195669063204
2022-01-28,55.40592515530773
2022-02-07,56.91472990986633
2022-02-08,54.364416217477256
2022-02-09,51.07170085936977
2022-02-10,43.745506488038586
2022-02-11,36.64933570093084
2022-02-14,29.714460056203496
2022-02-15,25.18544826491426
2022-02-16,22.33816168231007
2022-02-17,20.61627535860093
2022-02-18,17.415753192615064
2022-02-21,14.348112901048239
2022-02-22,12.063672358295694
2022-02-23,9.756072065987562
2022-02-24,10.167407872999203
2022-02-25,9.843366742238885
2022-02-28,10.016918867321152
2022-03-01,17.162222583787013
2022-03-02,24.392022855517265
2022-03-03,29.72749087954668
2022-03-04,35.776433936229964
2022-03-07,42.152364365764846
2022-03-08,49.52845778867139
2022-03-09,57.951752828419764
2022-03-10,61.37305850984884
2022-03-11,64.55357015936633
2022-03-14,65.99776825124768
2022-03-15,60.13292669420855
2022-03-16,54.35151161281376
2022-03-17,48.08448131956476
2022-03-18,43.065658287714186
2022-03-21,35.839404383842925
2022-03-22,30.725110075622343
2022-03-23,26.177891057720814
2022-03-24,25.189899819803365
2022-03-25,23.81683131579714
2022-03-28,25.457292406187673
2022-03-29,31.111850334568807
2022-03-30,36.19012277694408
2022-03-31,41.13867498347647
2022-04-01,43.69015139677272
2022-04-06,46.74934762259751
2022-04-07,46.19876996866287
2022-04-08,42.69060516295144
2022-04-11,45.03183646047414
2022-04-12,47.50451770917019
2022-04-13,48.61948945639403
2022-04-14,46.902824843799024
2022-04-15,45.74602618266564
2022-04-18,44.162062613355474
2022-04-19,41.29209900318028
2022-04-20,39.28350046738088
2022-04-21,38.18860960737744
2022-04-22,37.84604744160482
2022-04-25,35.63230854340851
2022-04-26,34.51250450299066
2022-04-27,30.102365768468662
2022-04-28,28.04573578816072
2022-04-29,24.956428728683317
2022-05-05,23.187425661433718
2022-05-06,25.963499114706575
2022-05-09,29.95481192964136
2022-05-10,34.306014589177536
2022-05-11,40.60156802661277
2022-05-12,44.49032316281256
2022-05-13,47.948400283056785
2022-05-16,55.19025654431332
2022-05-17,59.95906337399956
2022-05-18,66.83736887675154
2022-05-19,73.22033967044777
2022-05-20,76.92196321897664
2022-05-23,78.57532273315915
2022-05-24,79.2902474048444
2022-05-25,79.49694561673486
2022-05-26,79.69010006168584
2022-05-27,79.91198243112147
2022-05-30,74.46895180511385
2022-05-31,69.18565910998883
2022-06-01,61.455510140445654
2022-06-02,53.74656918272891
2022-06-06,49.32798098388942
2022-06-07,45.24060742372704
2022-06-08,41.271848774566365
2022-06-09,36.40875695519152
2022-06-10,29.059551637078567
2022-06-13,23.43738934954096
2022-06-14,27.801788467544565
2022-06-15,32.48289356694371
2022-06-16,36.05988005984383
2022-06-17,40.08810439410742
2022-06-20,41.76854231758197
2022-06-21,43.63287485588237
2022-06-22,46.39458021471946
2022-06-23,50.559687820676594
2022-06-24,57.88000409044139
2022-06-27,63.51238075653187
2022-06-28,62.031154298920896
2022-06-29,60.29102057583128
2022-06-30,63.50748087980653
2022-07-01,66.36404590347033
2022-07-04,69.20756224565433
2022-07-05,70.9011388702618
2022-07-06,72.02355026044975
2022-07-07,72.44902309295495
2022-07-08,70.0233179324967
2022-07-11,66.2999075883525
2022-07-12,63.14860586560919
2022-07-13,59.1469844727259
2022-07-14,52.60988403389439
2022-07-15,45.56617461731808
2022-07-18,37.38210048570029
2022-07-19,30.66717839427327
2022-07-20,26.18213401806407
2022-07-21,22.377558577589227
2022-07-22,19.61862087663003
2022-07-25,18.812426794819956
2022-07-26,17.367296314185033
2022-07-27,17.86474639682097
2022-07-28,17.812565102061846
2022-07-29,22.972841673569448
2022-08-01,30.076622969614526
2022-08-02,34.59546754879143
2022-08-03,36.17711989820241
2022-08-04,36.95044501419653
2022-08-05,39.96101001817784
2022-08-08,41.70339993780853
2022-08-09,42.870192327736234
2022-08-10,43.734471496139065
2022-08-11,46.810888955477296
2022-08-12,46.224370826984526
2022-08-15,40.54224505313006
2022-08-16,37.61182273695529
2022-08-17,36.32938100569146
2022-08-18,34.78044914898605
2022-08-19,30.99206551827715
2022-08-22,29.251335447850217
2022-08-23,30.993929598554814
2022-08-24,31.562931795331878
2022-08-25,28.632765394656598
2022-08-26,24.177072942669575
2022-08-29,24.68076139024464
2022-08-30,25.457935564185505
2022-08-31,23.256238510499504
2022-09-01,23.88280437009165
2022-09-02,27.34176912823086
2022-09-05,31.086507335880516
2022-09-06,32.224497571797215
2022-09-07,34.50015491817841
2022-09-08,38.61643272632432
2022-09-09,42.06492416391537
2022-09-13,44.939411702400825
2022-09-14,47.85525377641793
2022-09-15,52.443395263729585
2022-09-16,53.093904432301585
2022-09-19,48.67063236113433
2022-09-20,42.418684882496954
2022-09-21,37.3858328480069
2022-09-22,34.09898152892702
2022-09-23,31.25725554003119
2022-09-26,27.125313489361037
2022-09-27,22.957249579864886
2022-09-28,19.980117114755714
2022-09-29,17.296105996739037
2022-09-30,15.122783282049241
2022-10-10,15.91843018318898
2022-10-11,15.894207405482167
2022-10-12,17.603043873845472
2022-10-13,18.626113190037138
2022-10-14,18.898590474038436
2022-10-17,19.087250218088307
2022-10-18,21.96346908641086
2022-10-19,23.033073290539274
2022-10-20,24.219288319409603
2022-10-21,26.598854326664174
2022-10-24,28.53168042104651
2022-10-25,33.61766573932123
2022-10-26,35.13909884870533
2022-10-27,33.93338088844403
2022-10-28,36.18114593464048
2022-10-31,41.18986155504965
2022-11-01,43.68270370958304
2022-11-02,45.514926965932816
2022-11-03,47.6976762430456
2022-11-04,49.90068388762291
2022-11-07,47.84155580763824
2022-11-08,42.9847814730643
2022-11-09,39.84786273193211
2022-11-10,37.90046455207741
2022-11-11,37.75776447705606
2022-11-14,38.00763517963828
2022-11-15,39.44504884038611
2022-11-16,41.44326334928678
2022-11-17,42.650883145661105
2022-11-18,43.49406159811662
2022-11-21,46.79386817451893
2022-11-22,50.32313926652099
2022-11-23,54.48032170471365
2022-11-24,58.39244134142386
2022-11-25,54.39606379865588
2022-11-28,48.4515618322733
2022-11-29,41.30867227569053
2022-11-30,35.46319992015842
2022-12-01,28.74324676452908
2022-12-02,23.225854418423452
2022-12-05,24.927106114583914
2022-12-06,27.182196390403476
2022-12-07,28.58814777487687
2022-12-08,30.55673679313201
2022-12-09,35.67472290383985
2022-12-12,40.03209430531407
2022-12-13,43.797701380475495
2022-12-14,46.3986506466504
2022-12-15,48.30607316744698
2022-12-16,48.61254100811048
2022-12-19,43.883212213756075
2022-12-20,39.346629899616524
2022-12-21,35.80487115058507
2022-12-22,30.67523330943822
2022-12-23,26.577859286389685
2022-12-26,23.441691559368603
2022-12-27,21.73318110158926
2022-12-28,20.572727975859625
2022-12-29,22.621754148134332
2022-12-30,27.60708613866184
2023-01-03,33.501347803903414
2023-01-04,39.202118781851496
2023-01-05,42.139912308911754
2023-01-06,43.85739679359926
2023-01-09,44.90876896750298
2023-01-10,45.80113044026031
2023-01-11,47.030227525527906
2023-01-12,46.661420810079285
2023-01-13,46.51587388037654
2023-01-16,44.8593128045761
2023-01-17,42.985882851335724
2023-01-18,40.56760997742745
2023-01-19,42.60067934889635
2023-01-20,48.83868353444193
2023-01-30,54.62168598742802
2023-01-31,60.87496759513389
2023-02-01,64.79856409819216
2023-02-02,66.78056988309775
2023-02-03,66.09345314929297
2023-02-06,62.09285725652497
2023-02-07,58.41023029602705
2023-02-08,53.5670006431378
2023-02-09,48.211656040035315
2023-02-10,42.23931726499061
2023-02-13,38.93611054972658
2023-02-14,36.04763742355284
2023-02-15,34.69028225709374
2023-02-16,35.143085632060874
2023-02-17,35.37447171616424
2023-02-20,37.50654202411506
2023-02-21,36.152447055683844
2023-02-22,35.93909460662185
2023-02-23,34.97260007891533
2023-02-24,34.06922870075778
2023-02-27,30.807301543508878
2023-02-28,27.67413317648692
2023-03-01,24.11740757809583
2023-03-02,20.866825049616615
2023-03-03,20.828813416271885
2023-03-06,20.659905937731573
2023-03-07,25.97356051634561
2023-03-08,34.65820720128187
2023-03-09,42.5948563143198
2023-03-10,49.053266075111814
2023-03-13,55.01727541512393
2023-03-14,61.19052671954692
2023-03-15,67.09327119521015
2023-03-16,75.0292841872655
2023-03-17,81.07339338158583
2023-03-20,85.63798345763989
2023-03-21,87.61601182105139
2023-03-22,85.1923996850827
2023-03-23,80.72806144615515
2023-03-24,74.42112068343408
2023-03-27,69.40200407680632
2023-03-28,65.45957051996001
2023-03-29,62.14111936818246
2023-03-30,61.352112119650045
2023-03-31,60.608294441660675
2023-04-03,60.85681891202887
2023-04-04,60.43407083074866
2023-04-06,57.02424616990355
2023-04-07,55.186551630002064
2023-04-10,55.149413260902975
2023-04-11,55.70154703555119
2023-04-12,57.29219003368198
2023-04-13,58.75080648724902
2023-04-14,53.67719392747474
2023-04-17,46.38286446649952
2023-04-18,42.510556285870095
2023-04-19,38.94014419762625
2023-04-20,41.66297940888052
2023-04-21,43.55057016543977
2023-04-24,46.72835400657133
2023-04-25,48.77509640255308
2023-04-26,46.85452482490317
2023-04-27,44.51949112558124
2023-04-28,44.444528883577306
2023-05-04,42.77970071445767
2023-05-05,45.493780503327535
2023-05-08,48.116124356163
2023-05-09,44.56748120590542
2023-05-10,41.63856495794862
2023-05-11,38.218481983195055
2023-05-12,35.573093679260346
2023-05-15,33.33884849177575
2023-05-16,31.46962364204048
2023-05-17,31.138159109852182
2023-05-18,33.42777854304204
2023-05-19,29.52284505294882
2023-05-22,24.827326051939174
2023-05-23,27.889612680597942
2023-05-24,31.091199146732624
2023-05-25,31.349973577828138
2023-05-26,28.69100024682934
2023-05-29,30.093216230503742
2023-05-30,32.26143318531469
2023-05-31,33.60604536410183
2023-06-01,34.64866162921355
2023-06-02,37.23448389426309
2023-06-05,40.00702194137555
2023-06-06,41.09917361068811
2023-06-07,43.13338236492085
2023-06-08,45.36814029944818
2023-06-09,49.79218026696431
2023-06-12,50.39956978954491
2023-06-13,48.46974339102449
2023-06-14,47.84907541510153
2023-06-15,51.08418284097614
2023-06-16,52.61567314619244
2023-06-19,53.99929798062881
2023-06-20,53.51675077413175
2023-06-21,52.65836795794642
2023-06-26,52.256424723461556
2023-06-27,47.97724969527205
2023-06-28,45.14810316337607
2023-06-29,43.32088894667753
2023-06-30,41.0747397912317
2023-07-03,36.670822198223924
2023-07-04,31.539015273553986
2023-07-05,28.57806628496139
2023-07-06,27.469090093129285
2023-07-07,26.03565993965526
2023-07-10,26.562850698238595
2023-07-11,31.205200928106354
2023-07-12,35.46755705696414
2023-07-13,41.629397934945345
2023-07-14,45.176234226924706
2023-07-17,47.0148831029396
2023-07-18,49.02960307300314
2023-07-19,50.77052032168627
2023-07-20,48.07480208852137
2023-07-21,45.40795601530344
2023-07-24,43.68374557304467
2023-07-25,41.92452734958621
2023-07-26,39.91247340220633
2023-07-27,36.773519310654834
2023-07-28,34.50844902362781
2023-07-31,33.98627288713253
2023-08-01,30.37597822718673
2023-08-02,26.493416104849963
2023-08-03,25.969199084991907
2023-08-04,25.604562901498685
2023-08-07,23.21906800273003
2023-08-08,19.722508364669366
2023-08-09,16.409279759556533
2023-08-10,17.16115819914635
2023-08-11,17.922645414904558
2023-08-14,19.54848618671263
2023-08-15,24.131779302250305
2023-08-16,28.395717150595573
2023-08-17,36.38254423427399
2023-08-18,43.92371995530939
2023-08-21,50.098754783195986
2023-08-22,53.838702800372744
2023-08-23,56.99493597452913
2023-08-24,55.1131201741682
2023-08-25,54.21560294412867
2023-08-28,52.183495670575304
2023-08-29,49.25009165132299
2023-08-30,45.31900908262891
2023-08-31,36.67700603836351
2023-09-01,28.60935409076144
2023-09-04,23.01991389779716
2023-09-05,19.37096227727421
2023-09-06,16.418271064705873
2023-09-07,14.189619553337508
2023-09-08,11.392791052378447
2023-09-11,9.837823017191916
2023-09-12,10.181581887185713
2023-09-13,9.632654576592339
2023-09-14,9.416053104778248
2023-09-15,9.259074118731721
2023-09-18,8.473138633036669
2023-09-19,8.809340766573962
2023-09-20,8.358299215731044
2023-09-21,7.805662443229416
2023-09-22,7.417402910363352
2023-09-25,10.158745741474277
2023-09-26,12.142752702480376
2023-09-27,16.28575887831571
2023-09-28,19.195769539706458
2023-10-09,18.721149916493935
2023-10-10,20.35451624442788
2023-10-11,21.683988532664074
2023-10-12,24.64096615347745
2023-10-13,26.734694536497706
2023-10-16,27.543271683014325
2023-10-17,25.451243469445068
2023-10-18,23.09249856294631
2023-10-19,19.564631308068407
2023-10-20,17.48256411312715
2023-10-23,18.17875490769614
2023-10-24,17.95982332463729
2023-10-25,19.230581284617728
2023-10-26,17.983866301677374
2023-10-27,16.497491424733248
2023-10-30,18.3606222429436
2023-10-31,19.6574492795576
2023-11-01,24.060924748828434
2023-11-02,29.27230319149522
2023-11-03,32.88634314926614
2023-11-06,36.31909606700711
2023-11-07,37.733159633091695
2023-11-08,37.69069259470173
2023-11-09,38.86653034292906
2023-11-10,40.24859901194928
2023-11-13,37.53935340895334
2023-11-14,34.98918748196633
2023-11-15,35.57232513183875
2023-11-16,36.188927490022806
2023-11-17,36.70956170891911
2023-11-20,34.10124504508029
2023-11-21,30.907434942639316
2023-11-22,29.546934440439117
2023-11-23,30.526671934863863
2023-11-24,32.74534823955521
2023-11-27,42.37457483444176
2023-11-28,50.99698843569585
2023-11-29,54.038897515091755
2023-11-30,57.17615995899682
2023-12-01,59.95095347004428
2023-12-04,64.25266518636724
2023-12-05,69.09074679228789
2023-12-06,69.71343907340862
2023-12-07,65.83025619890296
2023-12-08,62.450728002561334
2023-12-11,54.08374450085405
2023-12-12,49.90877159041357
2023-12-13,46.17171698957135
2023-12-14,42.30584431590833
2023-12-15,42.50684203675299
2023-12-18,43.64831289260512
2023-12-19,44.62252212332603
2023-12-20,47.449783560028045
2023-12-21,51.18872881756433
2023-12-22,55.482206456540965
2023-12-25,58.408715123327646
2023-12-26,57.674323250708355
2023-12-27,57.68244782702446
2023-12-28,58.11892917346766
2023-12-29,54.062309651209546
2024-01-02,50.07849822278528
2024-01-03,47.65557763192571
2024-01-04,45.90635853922953
2024-01-05,44.222202977127594
2024-01-08,39.896990912939586
2024-01-09,36.45789695715497
2024-01-10,32.414700573797745
2024-01-11,29.21567988189072
2024-01-12,27.250703300976692
2024-01-15,23.83207012625592
2024-01-16,21.11980637116758
2024-01-17,20.26526039832256
2024-01-18,18.295427519887472
2024-01-19,20.597348916060064
2024-01-22,27.677777216836926
2024-01-23,36.64156135898217
2024-01-24,45.608659947038724
2024-01-25,52.54340379695494
2024-01-26,57.84631750098996
2024-01-29,65.14323213039853
2024-01-30,71.59352144543013
2024-01-31,73.26168622543395
2024-02-01,75.35815451840122
2024-02-02,72.90127877814106
2024-02-05,65.27905082546526
2024-02-06,59.14474385464373
2024-02-07,52.94161362874227
2024-02-08,43.56995095230816
2024-02-19,33.873072920513906
2024-02-20,25.77837947869802
2024-02-21,19.775782324859158
2024-02-22,16.475928066015587
2024-02-23,12.745410604606942
2024-02-26,12.13939939423444
2024-02-27,14.729562323638637
2024-02-28,16.578648217616685
2024-02-29,18.51375785173654
2024-03-01,20.560588192509094
2024-03-04,21.083680717762547
2024-03-05,22.00377622033779
2024-03-06,21.46787928957577
2024-03-07,23.97148544088218
2024-03-08,30.270304102778233
2024-03-11,32.52751142543825
2024-03-12,34.302873299065865
2024-03-13,31.3843030800487
2024-03-14,30.955642197753527
2024-03-15,33.604892902035644
2024-03-18,39.012867912745094
2024-03-19,44.23224657931512
2024-03-20,48.57477345333761
2024-03-21,49.2051713317349
2024-03-22,47.00908983631831
2024-03-25,49.072227214715745
2024-03-26,47.69198407388602
2024-03-27,48.73356155950106
2024-03-28,45.23160727845304
2024-03-29,43.54378777582906
2024-04-01,39.34548423505056
2024-04-02,34.3379404009002
2024-04-03,33.119477146868384
2024-04-08,34.275190688204205
2024-04-09,35.91866714160405
2024-04-10,37.67113147814911
2024-04-11,44.319836816032094
2024-04-12,49.86598144081257
2024-04-15,57.62182514313414
2024-04-16,63.4869949572388
2024-04-17,69.88947569610431
2024-04-18,77.18928765693173
2024-04-19,82.47613143786816
2024-04-22,86.05178661473971
2024-04-23,83.74747470826279
2024-04-24,77.99345706099166
2024-04-25,69.6724563266699
2024-04-26,62.63143988528689
2024-04-29,54.519449894157546
2024-04-30,46.596443873327885
2024-05-06,39.72671911787201
2024-05-07,31.967632976705158
2024-05-08,24.250905158437778
2024-05-09,19.92258854921937
2024-05-10,18.87246048792837
2024-05-13,20.778158763380226
2024-05-14,24.187859232426042
2024-05-15,26.88985184458478
2024-05-16,31.10572745064721
2024-05-17,34.858957569812205
2024-05-20,40.753494956255636
2024-05-21,45.494485583640945
2024-05-22,51.3784183053363
2024-05-23,51.5942231192926
2024-05-24,52.611173341007245
2024-05-27,53.433911782013524
2024-05-28,52.80601900651104
2024-05-29,51.59086096037173
2024-05-30,48.9400927405562
2024-05-31,45.55699457950318
2024-06-03,40.87991287955154
2024-06-04,37.2130248064871
2024-06-05,33.96711755415959
2024-06-06,31.920138637539345
2024-06-07,29.339063400575554
2024-06-11,25.970827048399382
2024-06-12,22.95400700015043
2024-06-13,19.490373821642443
2024-06-14,16.723524311177805
2024-06-17,15.365357027508603
2024-06-18,12.782041792992777
2024-06-19,10.944757507012776
2024-06-20,12.195205412628159
2024-06-21,14.835482084050287
2024-06-24,17.86978126435135
2024-06-25,21.0046086464367
2024-06-26,20.824414764613316
2024-06-27,23.566434200983675
2024-06-28,23.643391237036973
2024-07-01,25.05326666576321
2024-07-02,27.37670793983431
2024-07-03,29.27676278023249
2024-07-04,24.922569027392942
2024-07-05,20.023926241901872
2024-07-08,17.47903178850291
2024-07-09,14.672517288594292
2024-07-10,21.78704649044881
2024-07-11,27.372880198409625
2024-07-12,30.014353343277058
2024-07-15,30.109839530574426
2024-07-16,28.75815705451679
2024-07-17,28.219826150743803
2024-07-18,29.50812887826759
2024-07-19,32.693466940537775
2024-07-22,37.78902320960334
2024-07-23,43.561496167454855
2024-07-24,43.186325240981816
2024-07-25,44.07911323976689
2024-07-26,50.91015928616885
2024-07-29,58.60887969397152
2024-07-30,67.2304634248349
2024-07-31,74.11218483981713
2024-08-01,79.1287515401509
2024-08-02,82.08182245993063
2024-08-05,81.13145887134303
2024-08-06,79.62487709422498
2024-08-07,76.32656741274198
2024-08-08,70.28350408653986
2024-08-09,61.45921951691171
2024-08-12,52.640821937071735
2024-08-13,44.89181001809082
2024-08-14,38.81617897285936
2024-08-15,34.05711016992212
2024-08-16,32.101487141687805
2024-08-19,31.3269199965773
2024-08-20,34.49609375090878
2024-08-21,37.94692291022566
2024-08-22,42.72450857986712
2024-08-23,48.235504692929695
2024-08-26,54.08650962077066
2024-08-27,58.961486712269675
2024-08-28,64.1548699243754
2024-08-29,64.94357585808203
2024-08-30,61.38865065136965
2024-09-02,58.190269885291535
2024-09-03,52.335171653071356
2024-09-04,49.069060150706015
2024-09-05,47.24656619516951
2024-09-06,45.41493171213047
2024-09-09,44.188717289742705
2024-09-10,42.66604361341406
2024-09-11,40.99128660323812
2024-09-12,42.62132166727027
2024-09-13,44.536043274629144
2024-09-18,44.78298478956507
2024-09-19,42.97444665814881
2024-09-20,41.83809105131912
2024-09-23,40.02809593890472
2024-09-24,39.37662118934815
2024-09-25,35.83492701157808
2024-09-26,30.814115425031105
2024-09-27,26.073909417991068
2024-09-30,24.639560954202896
2024-10-08,25.301406588664133
2024-10-09,26.623062546089148
2024-10-10,28.26536583022329
2024-10-11,27.38090900562445
2024-10-14,26.205863637308152
2024-10-15,24.1245098774425
2024-10-16,25.522535487532387
2024-10-17,27.97079411216642
2024-10-18,27.85050469879539
2024-10-21,26.02334164929173
2024-10-22,26.852390565632042
2024-10-23,27.65214061540052
2024-10-24,27.559575594258725
2024-10-25,28.998332050009612
2024-10-28,29.489555589556186
2024-10-29,31.382086555159344
2024-10-30,33.37501101458592
2024-10-31,35.13508990648278
2024-11-01,36.22564652025201
2024-11-04,36.74048388627457
2024-11-05,37.08474698336296
2024-11-06,36.22882770183328
2024-11-07,33.667768684124034
2024-11-08,30.680921265579535
2024-11-11,27.641462996069084
2024-11-12,25.599466020370873
2024-11-13,24.29140594116174
2024-11-14,24.401712060365725
2024-11-15,27.39976688284738
2024-11-18,33.210829068458004
2024-11-19,36.085012397832365
2024-11-20,40.78604596427894
2024-11-21,48.24237834041843
2024-11-22,56.37642201082413
2024-11-25,64.53091189159223
2024-11-26,71.56322339261227
2024-11-27,76.05672730485563
2024-11-28,79.62368387217711
2024-11-29,79.02903364517627
2024-12-02,73.32003740823232
2024-12-03,66.64885829060826
2024-12-04,59.824358847165385
2024-12-05,52.985427373140375
2024-12-06,44.098890181286365
2024-12-09,35.901296275244846
2024-12-10,29.465249290124156
2024-12-11,27.802834218504167
2024-12-12,28.071150131010246
2024-12-13,31.918758510969248
2024-12-16,32.776113490140354
2024-12-17,33.70325188927906
2024-12-18,33.89031251757224
2024-12-19,34.76358295363487
2024-12-20,35.97074046259347
2024-12-23,36.23582858650295
2024-12-24,37.70294006415569
2024-12-25,33.52051979095101
2024-12-26,29.07904898157644
2024-12-27,24.67365868936522
2024-12-30,23.1944395585658
2024-12-31,22.287884720193386
