date,FCT_Demark_Ref_1@180
2013-10-09,
2013-10-10,
2013-10-11,
2013-10-14,
2013-10-15,
2013-10-16,
2013-10-17,
2013-10-18,
2013-10-21,
2013-10-22,
2013-10-23,
2013-10-24,
2013-10-25,
2013-10-28,
2013-10-29,
2013-10-30,
2013-10-31,
2013-11-01,
2013-11-04,
2013-11-05,
2013-11-06,
2013-11-07,
2013-11-08,
2013-11-11,
2013-11-12,
2013-11-13,
2013-11-14,
2013-11-15,
2013-11-18,
2013-11-19,
2013-11-20,
2013-11-21,
2013-11-22,
2013-11-25,
2013-11-26,
2013-11-27,
2013-11-28,
2013-11-29,
2013-12-02,
2013-12-03,
2013-12-04,
2013-12-05,
2013-12-06,
2013-12-09,
2013-12-10,
2013-12-11,
2013-12-12,
2013-12-13,
2013-12-16,
2013-12-17,
2013-12-18,
2013-12-19,
2013-12-20,
2013-12-23,
2013-12-24,
2013-12-25,
2013-12-26,
2013-12-27,
2013-12-30,
2013-12-31,
2014-01-02,
2014-01-03,
2014-01-06,
2014-01-07,
2014-01-08,
2014-01-09,
2014-01-10,
2014-01-13,
2014-01-14,
2014-01-15,
2014-01-16,
2014-01-17,
2014-01-20,
2014-01-21,
2014-01-22,
2014-01-23,
2014-01-24,
2014-01-27,
2014-01-28,
2014-01-29,
2014-01-30,
2014-02-07,
2014-02-10,
2014-02-11,
2014-02-12,
2014-02-13,
2014-02-14,
2014-02-17,
2014-02-18,
2014-02-19,
2014-02-20,
2014-02-21,
2014-02-24,
2014-02-25,
2014-02-26,
2014-02-27,
2014-02-28,
2014-03-03,
2014-03-04,
2014-03-05,
2014-03-06,
2014-03-07,
2014-03-10,
2014-03-11,
2014-03-12,
2014-03-13,
2014-03-14,
2014-03-17,
2014-03-18,
2014-03-19,
2014-03-20,
2014-03-21,
2014-03-24,
2014-03-25,
2014-03-26,
2014-03-27,
2014-03-28,
2014-03-31,
2014-04-01,
2014-04-02,
2014-04-03,
2014-04-04,
2014-04-08,
2014-04-09,
2014-04-10,
2014-04-11,
2014-04-14,
2014-04-15,
2014-04-16,
2014-04-17,
2014-04-18,
2014-04-21,
2014-04-22,
2014-04-23,
2014-04-24,
2014-04-25,
2014-04-28,
2014-04-29,
2014-04-30,
2014-05-05,
2014-05-06,
2014-05-07,
2014-05-08,
2014-05-09,
2014-05-12,
2014-05-13,
2014-05-14,
2014-05-15,
2014-05-16,
2014-05-19,
2014-05-20,
2014-05-21,
2014-05-22,
2014-05-23,
2014-05-26,
2014-05-27,
2014-05-28,
2014-05-29,
2014-05-30,
2014-06-03,
2014-06-04,
2014-06-05,
2014-06-06,
2014-06-09,
2014-06-10,
2014-06-11,
2014-06-12,
2014-06-13,
2014-06-16,
2014-06-17,
2014-06-18,
2014-06-19,
2014-06-20,
2014-06-23,
2014-06-24,
2014-06-25,
2014-06-26,
2014-06-27,
2014-06-30,
2014-07-01,
2014-07-02,
2014-07-03,0.4150113839656664
2014-07-04,0.41923739261580245
2014-07-07,0.4227480507518666
2014-07-08,0.42453211707326205
2014-07-09,0.42214916879657355
2014-07-10,0.42289412823474015
2014-07-11,0.42531291965616935
2014-07-14,0.4263387958476355
2014-07-15,0.4199281631064713
2014-07-16,0.42172716744707084
2014-07-17,0.42447054536436757
2014-07-18,0.41784627422949383
2014-07-21,0.42030674522518174
2014-07-22,0.43921636899303357
2014-07-23,0.4387609382271441
2014-07-24,0.4340037311950943
2014-07-25,0.4327925500922132
2014-07-28,0.435260242578542
2014-07-29,0.43748751053887674
2014-07-30,0.44135398528022973
2014-07-31,0.4393739442563061
2014-08-01,0.4400124525327859
2014-08-04,0.44098840308987025
2014-08-05,0.4428445298805808
2014-08-06,0.44150138507173237
2014-08-07,0.441403989426657
2014-08-08,0.4392861093808056
2014-08-11,0.4417986853811922
2014-08-12,0.43592443886065113
2014-08-13,0.4310815750073616
2014-08-14,0.4262335491110269
2014-08-15,0.42732065587821283
2014-08-18,0.4181188839787382
2014-08-19,0.414736719428768
2014-08-20,0.4035335726470596
2014-08-21,0.4059239592901944
2014-08-22,0.4116416198445511
2014-08-25,0.4104398201122887
2014-08-26,0.41136290415633153
2014-08-27,0.4071049699219775
2014-08-28,0.4070645533916851
2014-08-29,0.4099812594230976
2014-09-01,0.4049463612266324
2014-09-02,0.4025598018918108
2014-09-03,0.40434562612753144
2014-09-04,0.4078854366088997
2014-09-05,0.4058116858739258
2014-09-09,0.4233056396949074
2014-09-10,0.4233056396949074
2014-09-11,0.42451314774268495
2014-09-12,0.4522152951572921
2014-09-15,0.46327520779919673
2014-09-16,0.4650480014598945
2014-09-17,0.4735562004099418
2014-09-18,0.4729020288474424
2014-09-19,0.46616200755379567
2014-09-22,0.45541188022328594
2014-09-23,0.4667076466471477
2014-09-24,0.4648127489232726
2014-09-25,0.46758177305521237
2014-09-26,0.4667732194636432
2014-09-29,0.47573327597756654
2014-09-30,0.4932040801698297
2014-10-08,0.49299158600329634
2014-10-09,0.5198365585221946
2014-10-10,0.5151454643293506
2014-10-13,0.5162663113326125
2014-10-14,0.5146823894296617
2014-10-15,0.5135418263648749
2014-10-16,0.507074414627237
2014-10-17,0.4902690020871387
2014-10-20,0.49501383299460733
2014-10-21,0.4969893262772536
2014-10-22,0.5016563440058452
2014-10-23,0.5035161845206735
2014-10-24,0.5026970754513568
2014-10-27,0.5029090067421225
2014-10-28,0.499886395565571
2014-10-29,0.49263921448159587
2014-10-30,0.4997573544421525
2014-10-31,0.49732344338625406
2014-11-03,0.49490936909810634
2014-11-04,0.4951238335467893
2014-11-05,0.4935221425016484
2014-11-06,0.5062720980813944
2014-11-07,0.5186889434133457
2014-11-10,0.5216948611619846
2014-11-11,0.524018722906932
2014-11-12,0.5230735694481072
2014-11-13,0.5268371069420662
2014-11-14,0.5312638005234823
2014-11-17,0.5148316549067435
2014-11-18,0.5016573451710916
2014-11-19,0.48698034115392574
2014-11-20,0.507310718402088
2014-11-21,0.507310718402088
2014-11-24,0.5100150277701199
2014-11-25,0.5134593395316736
2014-11-26,0.514799652623643
2014-11-27,0.5061464258248276
2014-11-28,0.507837058462481
2014-12-01,0.4920296242610889
2014-12-02,0.5065465176810772
2014-12-03,0.5065465176810772
2014-12-04,0.5119981482379208
2014-12-05,0.5119981482379208
2014-12-08,0.5113534646468403
2014-12-09,0.48447857641602393
2014-12-10,0.4838233260987315
2014-12-11,0.48220259350346434
2014-12-12,0.4850346748107667
2014-12-15,0.48712638875390735
2014-12-16,0.48601811430192526
2014-12-17,0.4812801057463314
2014-12-18,0.4859118667922108
2014-12-19,0.47247347239797177
2014-12-22,0.48876952628776943
2014-12-23,0.48070966107011737
2014-12-24,0.48155321494152975
2014-12-25,0.4851654299620851
2014-12-26,0.4901457155380797
2014-12-29,0.4901457155380797
2014-12-30,0.48992188808783177
2014-12-31,0.4973915919232059
2015-01-05,0.49841302421563155
2015-01-06,0.49656163500218614
2015-01-07,0.5011106197861837
2015-01-08,0.5009119755047889
2015-01-09,0.5016717171407089
2015-01-12,0.4908341733250084
2015-01-13,0.47349227454165727
2015-01-14,0.4667174580183612
2015-01-15,0.45579963297408643
2015-01-16,0.45560488970430774
2015-01-19,0.4550328196770186
2015-01-20,0.44990163747460377
2015-01-21,0.44909863670348604
2015-01-22,0.44623484016776804
2015-01-23,0.4442779562859177
2015-01-26,0.4442779562859177
2015-01-27,0.43575558293897154
2015-01-28,0.4389505213159382
2015-01-29,0.4416960089063965
2015-01-30,0.4416960089063965
2015-02-02,0.43888040729686406
2015-02-03,0.4362942624502759
2015-02-04,0.44133027367788197
2015-02-05,0.4434654521775257
2015-02-06,0.44330605613179164
2015-02-09,0.44406863630755117
2015-02-10,0.44460038150426423
2015-02-11,0.4439576121788469
2015-02-12,0.4443389713329551
2015-02-13,0.44600522717180263
2015-02-16,0.4582205896828197
2015-02-17,0.46554123153883603
2015-02-25,0.46556445080821923
2015-02-26,0.4551950781568964
2015-02-27,0.46279118707705236
2015-03-02,0.46846714441985376
2015-03-03,0.47734979088611684
2015-03-04,0.48530194882261807
2015-03-05,0.4848502939433013
2015-03-06,0.47654501663002263
2015-03-09,0.47405924908027663
2015-03-10,0.4705885852256491
2015-03-11,0.4705885852256491
2015-03-12,0.4643212136801779
2015-03-13,0.46786432739868544
2015-03-16,0.47086337431359776
2015-03-17,0.46612294362633155
2015-03-18,0.4671825242148765
2015-03-19,0.46593213865383404
2015-03-20,0.4663819222427263
2015-03-23,0.4670424010707754
2015-03-24,0.4743508890349436
2015-03-25,0.4785920920892449
2015-03-26,0.47872481593185606
2015-03-27,0.47996188887795227
2015-03-30,0.48043448443325903
2015-03-31,0.478743393395848
2015-04-01,0.4777315975642254
2015-04-02,0.4754275137626963
2015-04-03,0.4856765805166893
2015-04-07,0.495256599231111
2015-04-08,0.4982130620405835
2015-04-09,0.49392990945052057
2015-04-10,0.49242951543123786
2015-04-13,0.4994785954167304
2015-04-14,0.500195859465686
2015-04-15,0.4984339460826829
2015-04-16,0.4985637190886229
2015-04-17,0.5019496381798464
2015-04-20,0.5027325148057997
2015-04-21,0.4969289394269482
2015-04-22,0.4911333969092578
2015-04-23,0.4917561862084058
2015-04-24,0.48813424623683516
2015-04-27,0.48722923312808225
2015-04-28,0.4900941623430818
2015-04-29,0.4929469088821463
2015-04-30,0.48882837395039147
2015-05-04,0.48943688528655815
2015-05-05,0.48858123064301656
2015-05-06,0.49061040336971207
2015-05-07,0.49371530359155724
2015-05-08,0.48892752460062006
2015-05-11,0.48337651512028723
2015-05-12,0.48620401276502695
2015-05-13,0.488409371000288
2015-05-14,0.48938691188951144
2015-05-15,0.4875410397679241
2015-05-18,0.4885997257771172
2015-05-19,0.48457004591403124
2015-05-20,0.47801226389811513
2015-05-21,0.47436161598621057
2015-05-22,0.472994231289877
2015-05-25,0.47335208008470864
2015-05-26,0.472025224483362
2015-05-27,0.47594326200558035
2015-05-28,0.4736222557065679
2015-05-29,0.47288590551300375
2015-06-01,0.4733336906558616
2015-06-02,0.47613992651165443
2015-06-03,0.4748410086553669
2015-06-04,0.4736207536245113
2015-06-05,0.46882476962735065
2015-06-08,0.4645472706019794
2015-06-09,0.463294115563218
2015-06-10,0.46317076675946733
2015-06-11,0.4574734954994665
2015-06-12,0.4522574214730691
2015-06-15,0.44682433671991917
2015-06-16,0.44278767920420514
2015-06-17,0.44291846176052535
2015-06-18,0.44415332117423467
2015-06-19,0.4529632927042161
2015-06-23,0.446569852576877
2015-06-24,0.4446876957774716
2015-06-25,0.4451031909609648
2015-06-26,0.4466762024347589
2015-06-29,0.4435832313447968
2015-06-30,0.4327828510994079
2015-07-01,0.42762841886967
2015-07-02,0.41456878972151917
2015-07-03,0.4128507207603405
2015-07-06,0.4176772808582134
2015-07-07,0.4124913295250057
2015-07-08,0.4067489244637694
2015-07-09,0.3995388613403164
2015-07-10,0.3935077973786034
2015-07-13,0.3915349441722475
2015-07-14,0.39013165386729937
2015-07-15,0.38753570247072616
2015-07-16,0.38731797827411724
2015-07-17,0.3876093577744771
2015-07-20,0.38804717109702325
2015-07-21,0.3890599115955822
2015-07-22,0.39206627139164263
2015-07-23,0.3952703317142491
2015-07-24,0.3916122419604118
2015-07-27,0.3936109567425469
2015-07-28,0.3883458664792387
2015-07-29,0.38552741723054235
2015-07-30,0.3869952302617984
2015-07-31,0.3882323912606535
2015-08-03,0.3889073787779915
2015-08-04,0.38612046663302846
2015-08-05,0.3860619013825999
2015-08-06,0.38405222098980474
2015-08-07,0.38509584755017084
2015-08-10,0.39382783390843495
2015-08-11,0.4011387829935649
2015-08-12,0.4104456664359251
2015-08-13,0.4045311086918058
2015-08-14,0.4067108607345126
2015-08-17,0.40502044787188185
2015-08-18,0.3983954215343004
2015-08-19,0.39830440354449914
2015-08-20,0.399073060416434
2015-08-21,0.4001363666369838
2015-08-24,0.40289958905109297
2015-08-25,0.39745455409635827
2015-08-26,0.39368754604745
2015-08-27,0.38931375747705144
2015-08-28,0.39270926401354483
2015-08-31,0.3938053307576785
2015-09-01,0.40552621457963234
2015-09-02,0.4071340148110912
2015-09-07,0.40341386121802636
2015-09-08,0.4000538200676541
2015-09-09,0.4000538200676541
2015-09-10,0.40597676072603955
2015-09-11,0.4133131116404604
2015-09-14,0.4118798332518912
2015-09-15,0.4240330458868648
2015-09-16,0.4222627856781603
2015-09-17,0.4222627856781603
2015-09-18,0.4232586171233303
2015-09-21,0.4186345795081628
2015-09-22,0.41716897140996323
2015-09-23,0.41789679263815344
2015-09-24,0.41254309840865694
2015-09-25,0.4073999452452579
2015-09-28,0.4075524032696061
2015-09-29,0.4069589723794607
2015-09-30,0.3963976120905804
2015-10-08,0.3963976120905804
2015-10-09,0.4030105835159919
2015-10-12,0.4122185215503695
2015-10-13,0.4240840137873201
2015-10-14,0.4275643658938998
2015-10-15,0.4368262441792201
2015-10-16,0.43714446498719567
2015-10-19,0.434873154236373
2015-10-20,0.44172235170526614
2015-10-21,0.43877738968772856
2015-10-22,0.43595243318110316
2015-10-23,0.4334051528972829
2015-10-26,0.4286346343943997
2015-10-27,0.4358492191620068
2015-10-28,0.4358492191620068
2015-10-29,0.43350730174157626
2015-10-30,0.43604258188135825
2015-11-02,0.43546483266361696
2015-11-03,0.43667585446669543
2015-11-04,0.4321422093174905
2015-11-05,0.4336656129286195
2015-11-06,0.43482487970709927
2015-11-09,0.4382680445096761
2015-11-10,0.43872169345994494
2015-11-11,0.43831098897477305
2015-11-12,0.43797951563821474
2015-11-13,0.43872896447696763
2015-11-16,0.43124413927218025
2015-11-17,0.4199292497165758
2015-11-18,0.4172383822585122
2015-11-19,0.4239579640617264
2015-11-20,0.41335661662913326
2015-11-23,0.4077660020186263
2015-11-24,0.39288665042763493
2015-11-25,0.3818809707901103
2015-11-26,0.3809399329919066
2015-11-27,0.3898232145504227
2015-11-30,0.3901224854698844
2015-12-01,0.393063697347878
2015-12-02,0.393063697347878
2015-12-03,0.39773794016322583
2015-12-04,0.3908850155194744
2015-12-07,0.3860639766744167
2015-12-08,0.39477393954301154
2015-12-09,0.39067146295466637
2015-12-10,0.3903728045408331
2015-12-11,0.3845607078383743
2015-12-14,0.3831973063211764
2015-12-15,0.3776834219854165
2015-12-16,0.3739242585194345
2015-12-17,0.3739242585194345
2015-12-18,0.37212602262456557
2015-12-21,0.3751812722019289
2015-12-22,0.3760064685410405
2015-12-23,0.3779409039219176
2015-12-24,0.3795014064501142
2015-12-25,0.36680134267755315
2015-12-28,0.35231250556160365
2015-12-29,0.3466011735500857
2015-12-30,0.35011691276990087
2015-12-31,0.355014889019174
2016-01-04,0.3453009576567562
2016-01-05,0.33881745920886774
2016-01-06,0.33916825107860654
2016-01-07,0.33916825107860654
2016-01-08,0.331258713857877
2016-01-11,0.33223167652849
2016-01-12,0.337033797925908
2016-01-13,0.33832869135113847
2016-01-14,0.33832869135113847
2016-01-15,0.3411840005130083
2016-01-18,0.34295107913512984
2016-01-19,0.33428450482458477
2016-01-20,0.3341222755220033
2016-01-21,0.3387198585963481
2016-01-22,0.3380064067507489
2016-01-25,0.343295315224456
2016-01-26,0.3381462199784668
2016-01-27,0.33309661935716806
2016-01-28,0.33911710554056945
2016-01-29,0.3459130510967273
2016-02-01,0.33895331726231814
2016-02-02,0.3380756065238688
2016-02-03,0.33706545845564917
2016-02-04,0.33831865826116675
2016-02-05,0.3395520412408211
2016-02-15,0.3419186706686084
2016-02-16,0.34657705821081175
2016-02-17,0.3537843729529397
2016-02-18,0.3537843729529397
2016-02-19,0.3544113654457636
2016-02-22,0.3564969205119983
2016-02-23,0.3512981961169037
2016-02-24,0.3537461680526287
2016-02-25,0.3514640966316246
2016-02-26,0.3514196875376877
2016-02-29,0.3520786388660934
2016-03-01,0.35389609923831433
2016-03-02,0.3557042822085153
2016-03-03,0.36700980793795596
2016-03-04,0.370334368738197
2016-03-07,0.3710196747743698
2016-03-08,0.3782879471527784
2016-03-09,0.3696478487452327
2016-03-10,0.3696478487452327
2016-03-11,0.3755980776761948
2016-03-14,0.3764944030705571
2016-03-15,0.37848290188336375
2016-03-16,0.3779960170912944
2016-03-17,0.3775024144511713
2016-03-18,0.383628380436219
2016-03-21,0.3914993473987371
2016-03-22,0.3908056541969341
2016-03-23,0.3895617191887839
2016-03-24,0.3883563560934231
2016-03-25,0.3845842332341683
2016-03-28,0.3912213038983284
2016-03-29,0.39279021594092817
2016-03-30,0.39354954403829984
2016-03-31,0.3862981147701144
2016-04-01,0.39597458318570145
2016-04-05,0.402029552254225
2016-04-06,0.40917245398951324
2016-04-07,0.4198567636725661
2016-04-08,0.422351295911467
2016-04-11,0.42478502987934996
2016-04-12,0.43235418108605267
2016-04-13,0.42999449647209104
2016-04-14,0.43832323749265095
2016-04-15,0.43580205672899347
2016-04-18,0.4352341928679291
2016-04-19,0.43163735235632494
2016-04-20,0.43224944737737575
2016-04-21,0.43581476033229677
2016-04-22,0.44117637463194226
2016-04-25,0.4514519653798933
2016-04-26,0.45846901974728066
2016-04-27,0.4578549337023719
2016-04-28,0.4591143979471766
2016-04-29,0.4577289765660868
2016-05-03,0.4652425399640611
2016-05-04,0.45995873991520114
2016-05-05,0.45856454404244085
2016-05-06,0.45825413887721095
2016-05-09,0.45105798468740654
2016-05-10,0.44360808028540166
2016-05-11,0.4359018330138735
2016-05-12,0.44491479990414506
2016-05-13,0.44511587208618697
2016-05-16,0.44572205830272016
2016-05-17,0.4527224165774929
2016-05-18,0.4562993157286078
2016-05-19,0.4577317967931589
2016-05-20,0.45341858497060056
2016-05-23,0.45605726318196904
2016-05-24,0.4559189373390428
2016-05-25,0.46339915274086546
2016-05-26,0.46189181611205715
2016-05-27,0.4588970012462231
2016-05-30,0.45220394380352363
2016-05-31,0.4517891332290694
2016-06-01,0.4522864093107638
2016-06-02,0.45307077367092785
2016-06-03,0.4547406752188749
2016-06-06,0.45611516238644484
2016-06-07,0.4503004626334381
2016-06-08,0.44228069111574303
2016-06-13,0.44081981420917626
2016-06-14,0.4303382665587806
2016-06-15,0.437297548798793
2016-06-16,0.4364795229325136
2016-06-17,0.4348004620674755
2016-06-20,0.4361023615925186
2016-06-21,0.44565108890811406
2016-06-22,0.4461333223192871
2016-06-23,0.44850308882187845
2016-06-24,0.4483096649221752
2016-06-27,0.4453736328786426
2016-06-28,0.44762762761422714
2016-06-29,0.4483747425760526
2016-06-30,0.45207336362145
2016-07-01,0.44608025965562575
2016-07-04,0.44205499650867414
2016-07-05,0.4489202836871511
2016-07-06,0.4493479681945223
2016-07-07,0.4436298073144126
2016-07-08,0.44217770425174463
2016-07-11,0.4400476031099667
2016-07-12,0.43532073527188336
2016-07-13,0.4465352276893191
2016-07-14,0.4589310768542857
2016-07-15,0.4653764883764322
2016-07-18,0.4734990544679625
2016-07-19,0.4674110458020571
2016-07-20,0.46546840597233446
2016-07-21,0.46546840597233446
2016-07-22,0.467049219311417
2016-07-25,0.4706189505724268
2016-07-26,0.4692048191046772
2016-07-27,0.4713379878103601
2016-07-28,0.4698480295160563
2016-07-29,0.4691350930934085
2016-08-01,0.45475446772732775
2016-08-02,0.4535870327387992
2016-08-03,0.45260776983402917
2016-08-04,0.45388872918757434
2016-08-05,0.4503130251316384
2016-08-08,0.4472332909547899
2016-08-09,0.45880248176388555
2016-08-10,0.46839295091711713
2016-08-11,0.4717394278397782
2016-08-12,0.4749126637103302
2016-08-15,0.4775817000870149
2016-08-16,0.4898392605108131
2016-08-17,0.49345127716325027
2016-08-18,0.4978518185679481
2016-08-19,0.4921686646368661
2016-08-22,0.4918484487998457
2016-08-23,0.4876110896818562
2016-08-24,0.4864585077219111
2016-08-25,0.4832095335056792
2016-08-26,0.48312065417575667
2016-08-29,0.48588756659383264
2016-08-30,0.48093583602356077
2016-08-31,0.4879873593358603
2016-09-01,0.4882992038912451
2016-09-02,0.49469168211907844
2016-09-05,0.49847432280594844
2016-09-06,0.4941251438268228
2016-09-07,0.4946368069306781
2016-09-08,0.4946368069306781
2016-09-09,0.49303453612320003
2016-09-12,0.4904961913266604
2016-09-13,0.48242587602068865
2016-09-14,0.4794357714704475
2016-09-19,0.4775688303740544
2016-09-20,0.4784108935468979
2016-09-21,0.48435622624015057
2016-09-22,0.4875460208623878
2016-09-23,0.4871588402471485
2016-09-26,0.48014287334088485
2016-09-27,0.4796137690199673
2016-09-28,0.4872601853865864
2016-09-29,0.47988364161911395
2016-09-30,0.47988364161911395
2016-10-10,0.48552940854827303
2016-10-11,0.4849757999536515
2016-10-12,0.4898022036055574
2016-10-13,0.49740521483997563
2016-10-14,0.49633754574422156
2016-10-17,0.49506237744658244
2016-10-18,0.49765611513822683
2016-10-19,0.5033406408995731
2016-10-20,0.5002032136696464
2016-10-21,0.5068643286006658
2016-10-24,0.5085547035768511
2016-10-25,0.502517136235918
2016-10-26,0.5007640883729997
2016-10-27,0.49551464028460906
2016-10-28,0.4935980505700424
2016-10-31,0.4956076340749556
2016-11-01,0.5010350924675052
2016-11-02,0.5063380354283078
2016-11-03,0.5117279694442128
2016-11-04,0.5114033077960146
2016-11-07,0.5060628312734229
2016-11-08,0.5094421735885464
2016-11-09,0.5153810672545809
2016-11-10,0.5123223450547668
2016-11-11,0.5187392984258407
2016-11-14,0.5212056668545466
2016-11-15,0.5149471519952113
2016-11-16,0.5084796457217435
2016-11-17,0.5137257542230016
2016-11-18,0.5193141828417418
2016-11-21,0.5205466429040927
2016-11-22,0.5188446304836759
2016-11-23,0.5245909175774242
2016-11-24,0.5284868325260078
2016-11-25,0.5224124959028913
2016-11-28,0.5171424234177515
2016-11-29,0.5188067285462908
2016-11-30,0.5124876067845499
2016-12-01,0.5104929041449806
2016-12-02,0.5176374558579045
2016-12-05,0.5190932050888547
2016-12-06,0.5246590469387485
2016-12-07,0.5233883606683226
2016-12-08,0.5267697525257027
2016-12-09,0.5235535337546057
2016-12-12,0.5220170572816027
2016-12-13,0.5218668950789291
2016-12-14,0.5218668950789291
2016-12-15,0.52216508010203
2016-12-16,0.5243434585654168
2016-12-19,0.5365124737231897
2016-12-20,0.5443398507046393
2016-12-21,0.5439663430435308
2016-12-22,0.5470329630975209
2016-12-23,0.5419212818782614
2016-12-26,0.5340572684942068
2016-12-27,0.5300269421261239
2016-12-28,0.5496755649711677
2016-12-29,0.554298320238755
2016-12-30,0.558305357022289
2017-01-03,0.5588075625598149
2017-01-04,0.5525279066677755
2017-01-05,0.5506098720597877
2017-01-06,0.5421565142242505
2017-01-09,0.54600999561037
2017-01-10,0.54600999561037
2017-01-11,0.5461952878570554
2017-01-12,0.5431607381261092
2017-01-13,0.5394249860073463
2017-01-16,0.534630738666434
2017-01-17,0.5337071640687683
2017-01-18,0.5285333646311291
2017-01-19,0.5275901557896233
2017-01-20,0.5205435614386075
2017-01-23,0.5201340660388195
2017-01-24,0.5201340660388195
2017-01-25,0.5301719433155088
2017-01-26,0.5313194896447505
2017-02-03,0.5357733083633877
2017-02-06,0.5424532999126879
2017-02-07,0.5483289488274805
2017-02-08,0.5489393584396989
2017-02-09,0.5454293015799992
2017-02-10,0.5424450283755494
2017-02-13,0.5464696633480797
2017-02-14,0.5588900294063356
2017-02-15,0.5554663558314282
2017-02-16,0.5507987890415229
2017-02-17,0.5505585708725598
2017-02-20,0.5547993646860057
2017-02-21,0.5663788877088629
2017-02-22,0.5673035690916622
2017-02-23,0.5680711297064728
2017-02-24,0.5592366539924448
2017-02-27,0.5617916633528193
2017-02-28,0.5683471086808014
2017-03-01,0.5659457137361162
2017-03-02,0.5710606320825753
2017-03-03,0.5710606320825753
2017-03-06,0.564768216602876
2017-03-07,0.5626297138916043
2017-03-08,0.5613209911226633
2017-03-09,0.5580662253061976
2017-03-10,0.5505236711289095
2017-03-13,0.5445166245647929
2017-03-14,0.5447480734161118
2017-03-15,0.5447480734161118
2017-03-16,0.5457818133164547
2017-03-17,0.5415665853756277
2017-03-20,0.5376114886478456
2017-03-21,0.5400906859632333
2017-03-22,0.538745221263864
2017-03-23,0.5343145253486826
2017-03-24,0.5317558775239787
2017-03-27,0.5311743430855892
2017-03-28,0.5213583926238305
2017-03-29,0.5173112179796658
2017-03-30,0.521132230790919
2017-03-31,0.516337211998819
2017-04-05,0.5211495671362938
2017-04-06,0.53943715362243
2017-04-07,0.5407841412639068
2017-04-10,0.5455192774481331
2017-04-11,0.5438407834334649
2017-04-12,0.5243714128347956
2017-04-13,0.5179873332693912
2017-04-14,0.5156622027005555
2017-04-17,0.5075534705698335
2017-04-18,0.5146420219934019
2017-04-19,0.516975908550715
2017-04-20,0.5120857245891267
2017-04-21,0.508193074300332
2017-04-24,0.508193074300332
2017-04-25,0.509502938913258
2017-04-26,0.5099900749759243
2017-04-27,0.5054197676140805
2017-04-28,0.5079003839188948
2017-05-02,0.5230151571823606
2017-05-03,0.5230151571823606
2017-05-04,0.5247628604578182
2017-05-05,0.5119185623436092
2017-05-08,0.5068147060431609
2017-05-09,0.5068147060431609
2017-05-10,0.5060937365749699
2017-05-11,0.5061346499292072
2017-05-12,0.5074069966423214
2017-05-15,0.505593723194047
2017-05-16,0.5061618359303098
2017-05-17,0.5064455822975886
2017-05-18,0.5072537264433217
2017-05-19,0.5056561540370215
2017-05-22,0.5116560960953539
2017-05-23,0.5164325575245505
2017-05-24,0.516336885267398
2017-05-25,0.5145070392396017
2017-05-26,0.5183717061772342
2017-05-31,0.5187483564762855
2017-06-01,0.5088714087050916
2017-06-02,0.5074358013577727
2017-06-05,0.5077786363027647
2017-06-06,0.5096443253207863
2017-06-07,0.5104633229399078
2017-06-08,0.5097226079128806
2017-06-09,0.5067662972924367
2017-06-12,0.5045269258604727
2017-06-13,0.5034040702135406
2017-06-14,0.5043011707597644
2017-06-15,0.5007878096245204
2017-06-16,0.5092237034436818
2017-06-19,0.5086318165191033
2017-06-20,0.5075232538824004
2017-06-21,0.5073756126243795
2017-06-22,0.50275847917554
2017-06-23,0.5023126147879615
2017-06-26,0.5026966096238018
2017-06-27,0.5055843503574514
2017-06-28,0.5056830688480694
2017-06-29,0.5095778072784253
2017-06-30,0.5216015447971988
2017-07-03,0.5217558522567617
2017-07-04,0.5234466876512458
2017-07-05,0.5196726537017943
2017-07-06,0.5161908015403854
2017-07-07,0.5175730595523154
2017-07-10,0.5213460715510747
2017-07-11,0.5213668479704533
2017-07-12,0.5230320640738022
2017-07-13,0.5247042077349782
2017-07-14,0.5236761091085183
2017-07-17,0.5221832533687638
2017-07-18,0.5259700467722865
2017-07-19,0.525979542568821
2017-07-20,0.5285970138556989
2017-07-21,0.5349010029276258
2017-07-24,0.53097316812569
2017-07-25,0.5272532542859875
2017-07-26,0.533512891428125
2017-07-27,0.5331406713926716
2017-07-28,0.5296914822694864
2017-07-31,0.5268819356318264
2017-08-01,0.5316307571603647
2017-08-02,0.5327312250412759
2017-08-03,0.5254554915550956
2017-08-04,0.5232072142978251
2017-08-07,0.5179511134961137
2017-08-08,0.5099740187394306
2017-08-09,0.5141932882325175
2017-08-10,0.5206953581737982
2017-08-11,0.5181413079971546
2017-08-14,0.5078223123701708
2017-08-15,0.5073339735415203
2017-08-16,0.5046188475392807
2017-08-17,0.49794032685422424
2017-08-18,0.49812854303699616
2017-08-21,0.4998760233200678
2017-08-22,0.5046759257428592
2017-08-23,0.5021229927933217
2017-08-24,0.503909977419568
2017-08-25,0.5129946654398113
2017-08-28,0.5104155261916299
2017-08-29,0.5104155261916299
2017-08-30,0.502378703793288
2017-08-31,0.501005673649133
2017-09-01,0.49262876999117156
2017-09-04,0.49562864285687425
2017-09-05,0.4878268019519913
2017-09-06,0.4810522000287616
2017-09-07,0.4810522000287616
2017-09-08,0.4743872532904576
2017-09-11,0.4717575008913266
2017-09-12,0.46814743834410905
2017-09-13,0.46352918357308837
2017-09-14,0.46201031520861696
2017-09-15,0.46171340506685576
2017-09-18,0.4640451418680323
2017-09-19,0.47028632335608295
2017-09-20,0.47247530284298944
2017-09-21,0.4609151656100619
2017-09-22,0.45229498119642414
2017-09-25,0.4442418769472089
2017-09-26,0.4457410762989477
2017-09-27,0.44293592782517316
2017-09-28,0.444947913435253
2017-09-29,0.43947120733306505
2017-10-09,0.4345497989532523
2017-10-10,0.42703805200871736
2017-10-11,0.4304424872056034
2017-10-12,0.42757982029678315
2017-10-13,0.4279740844045413
2017-10-16,0.4252133858720015
2017-10-17,0.4238341449437381
2017-10-18,0.42728624845081603
2017-10-19,0.4284691593039324
2017-10-20,0.429236042946199
2017-10-23,0.4299664835444395
2017-10-24,0.4321663277051123
2017-10-25,0.43010166786446224
2017-10-26,0.4370529564092418
2017-10-27,0.4320141849985422
2017-10-30,0.4289206934954255
2017-10-31,0.4307357378661954
2017-11-01,0.432181570704648
2017-11-02,0.42749999441603853
2017-11-03,0.42628293622997476
2017-11-06,0.42211691111899685
2017-11-07,0.4084175285009802
2017-11-08,0.4111909391988837
2017-11-09,0.41595754376279814
2017-11-10,0.42166200919616975
2017-11-13,0.42166200919616975
2017-11-14,0.42123518356370215
2017-11-15,0.4198603861275765
2017-11-16,0.4090712253603419
2017-11-17,0.4146963220633483
2017-11-20,0.4150410983266749
2017-11-21,0.4137871501395628
2017-11-22,0.4158934012263407
2017-11-23,0.41772117212451493
2017-11-24,0.42013114538590385
2017-11-27,0.4253056044953919
2017-11-28,0.4200238709539739
2017-11-29,0.41944391006443116
2017-11-30,0.42011106332174014
2017-12-01,0.42952874564105875
2017-12-04,0.43622773674413756
2017-12-05,0.4398275019554741
2017-12-06,0.43919772129953377
2017-12-07,0.44207189874214464
2017-12-08,0.42841541003618366
2017-12-11,0.4306426880212712
2017-12-12,0.42688466907408595
2017-12-13,0.42552567037132816
2017-12-14,0.4331405001435721
2017-12-15,0.43602296831795345
2017-12-18,0.435865250632795
2017-12-19,0.4458327876755612
2017-12-20,0.4453771880874655
2017-12-21,0.4440031346465161
2017-12-22,0.43618278739311694
2017-12-25,0.4352588647208096
2017-12-26,0.4162388344373889
2017-12-27,0.417548958450177
2017-12-28,0.41692383994909543
2017-12-29,0.4194074951147411
2018-01-02,0.4340340745214457
2018-01-03,0.44225388021732476
2018-01-04,0.4424483331513979
2018-01-05,0.45248599075370627
2018-01-08,0.45356780704884864
2018-01-09,0.45356780704884864
2018-01-10,0.4612340178038436
2018-01-11,0.462730687124197
2018-01-12,0.46337080897095495
2018-01-15,0.46589588424849326
2018-01-16,0.4672197293316041
2018-01-17,0.4695645904286052
2018-01-18,0.46553604034911555
2018-01-19,0.45837816990796676
2018-01-22,0.4559733082148062
2018-01-23,0.4583777375506698
2018-01-24,0.4728067438750303
2018-01-25,0.4875612854824156
2018-01-26,0.4959149293404114
2018-01-29,0.4959149293404114
2018-01-30,0.4976547399523706
2018-01-31,0.49201472073259334
2018-02-01,0.49518319606507344
2018-02-02,0.4932677246539682
2018-02-05,0.4916879080069104
2018-02-06,0.4861450673322758
2018-02-07,0.48538186800872196
2018-02-08,0.4809665953613891
2018-02-09,0.4745044187092683
2018-02-12,0.47990064156338347
2018-02-13,0.4798622752517548
2018-02-14,0.4712267873081325
2018-02-22,0.4758478643324929
2018-02-23,0.4911728967414041
2018-02-26,0.4966258227860666
2018-02-27,0.5003574837386401
2018-02-28,0.5015355324059686
2018-03-01,0.5032339615838158
2018-03-02,0.5010987308166498
2018-03-05,0.5040083627074058
2018-03-06,0.503327038347629
2018-03-07,0.5030519014601303
2018-03-08,0.5036440525490533
2018-03-09,0.5073246675742319
2018-03-12,0.5057159424340417
2018-03-13,0.5081783416506621
2018-03-14,0.5057782475266638
2018-03-15,0.5039894190763103
2018-03-16,0.5105088489539
2018-03-19,0.5145782111410873
2018-03-20,0.5186634357731529
2018-03-21,0.5198110849708265
2018-03-22,0.5219622208264725
2018-03-23,0.51863548320836
2018-03-26,0.5127940183902024
2018-03-27,0.5194703378446672
2018-03-28,0.5170354543986718
2018-03-29,0.5207981626870378
2018-03-30,0.5201378224662242
2018-04-02,0.5241600620745017
2018-04-03,0.5201770486779002
2018-04-04,0.516618841027914
2018-04-09,0.5069162928757317
2018-04-10,0.49965484288295703
2018-04-11,0.504797904805353
2018-04-12,0.502342480510155
2018-04-13,0.49647720540103535
2018-04-16,0.49314201871185415
2018-04-17,0.4917763339022814
2018-04-18,0.4912753889293155
2018-04-19,0.49945426261988896
2018-04-20,0.5021136461415677
2018-04-23,0.49166920099311445
2018-04-24,0.48781356441831947
2018-04-25,0.4873134618950751
2018-04-26,0.4882674037879801
2018-04-27,0.4865504700649503
2018-05-02,0.48551911203225806
2018-05-03,0.4954615910143889
2018-05-04,0.49788386259072576
2018-05-07,0.4997234694442373
2018-05-08,0.5069568523594586
2018-05-09,0.5086010473792808
2018-05-10,0.49957744475635296
2018-05-11,0.4968912882425132
2018-05-14,0.512755008567406
2018-05-15,0.5140165848294956
2018-05-16,0.511227845263166
2018-05-17,0.5131149274858237
2018-05-18,0.5052801824651001
2018-05-21,0.5195430697824652
2018-05-22,0.5279751126804055
2018-05-23,0.5319348693574547
2018-05-24,0.5191051491850979
2018-05-25,0.518019565929306
2018-05-28,0.5129394571633321
2018-05-29,0.5039927157553152
2018-05-30,0.5077476688069859
2018-05-31,0.5049761365506026
2018-06-01,0.5159784551648919
2018-06-04,0.5141646876901216
2018-06-05,0.5255424405518282
2018-06-06,0.5273512143424197
2018-06-07,0.5297598732126321
2018-06-08,0.5434759522006682
2018-06-11,0.5488693994491189
2018-06-12,0.5487660633072001
2018-06-13,0.5495644274323951
2018-06-14,0.5455247378208116
2018-06-15,0.5451086483654413
2018-06-19,0.5452185244662198
2018-06-20,0.5367873068133859
2018-06-21,0.5376854519809179
2018-06-22,0.5376854519809179
2018-06-25,0.5379523952982839
2018-06-26,0.5379523952982839
2018-06-27,0.5361735761992914
2018-06-28,0.5406074915085611
2018-06-29,0.5440778415073121
2018-07-02,0.5559992164164765
2018-07-03,0.5575212025731731
2018-07-04,0.5714190970334234
2018-07-05,0.5725454423134526
2018-07-06,0.5689314994267898
2018-07-09,0.5699367204810508
2018-07-10,0.5741528807034091
2018-07-11,0.5762329709816858
2018-07-12,0.5779928884620501
2018-07-13,0.5718524615153144
2018-07-16,0.5760010219919648
2018-07-17,0.5748367231921344
2018-07-18,0.5678633784104583
2018-07-19,0.5678633784104583
2018-07-20,0.5599849681150091
2018-07-23,0.5624669162058648
2018-07-24,0.5621813039733277
2018-07-25,0.5629866240911696
2018-07-26,0.5647014931495175
2018-07-27,0.5696775165453458
2018-07-30,0.5672108307945409
2018-07-31,0.5712147892731501
2018-08-01,0.5687155093022953
2018-08-02,0.5574065053089924
2018-08-03,0.5542896773854277
2018-08-06,0.5594033376251302
2018-08-07,0.5594033376251302
2018-08-08,0.5664234056569758
2018-08-09,0.5673285936357534
2018-08-10,0.5801967850422235
2018-08-13,0.5801967850422235
2018-08-14,0.5837731722543869
2018-08-15,0.5793250104780332
2018-08-16,0.5730098852683576
2018-08-17,0.5536701157862334
2018-08-20,0.551292335964503
2018-08-21,0.5524433137246313
2018-08-22,0.5588596338900232
2018-08-23,0.5592305144610337
2018-08-24,0.5588370103098952
2018-08-27,0.5601903505801414
2018-08-28,0.5588836770300031
2018-08-29,0.5553256975629446
2018-08-30,0.5570819266396739
2018-08-31,0.5619444157282408
2018-09-03,0.5845666090007315
2018-09-04,0.5845666090007315
2018-09-05,0.5879373272248092
2018-09-06,0.5880467493668543
2018-09-07,0.5911477878534073
2018-09-10,0.6004153087825521
2018-09-11,0.6132093613144115
2018-09-12,0.6121251704553279
2018-09-13,0.6108770458752587
2018-09-14,0.6093749101618063
2018-09-17,0.6181241324608365
2018-09-18,0.6154710748332886
2018-09-19,0.6140206533308109
2018-09-20,0.6158461343035756
2018-09-21,0.6202198107770519
2018-09-25,0.6195834072729639
2018-09-26,0.6246855851164026
2018-09-27,0.6164299128639197
2018-09-28,0.6115852635482986
2018-10-08,0.6122175492512387
2018-10-09,0.6168757589352801
2018-10-10,0.6207265757768257
2018-10-11,0.6193389265621694
2018-10-12,0.6073589613419599
2018-10-15,0.6068838130791798
2018-10-16,0.6059503512315195
2018-10-17,0.5970341228023793
2018-10-18,0.5970341228023793
2018-10-19,0.5930314813782693
2018-10-22,0.5925792646094923
2018-10-23,0.5981370812846754
2018-10-24,0.5927364049274257
2018-10-25,0.5830911428793901
2018-10-26,0.5705210607503812
2018-10-29,0.5630177970342553
2018-10-30,0.5577103140305386
2018-10-31,0.5552503488161551
2018-11-01,0.550007385212694
2018-11-02,0.5508745197326986
2018-11-05,0.5408462767137932
2018-11-06,0.5390548593292867
2018-11-07,0.5450887743262902
2018-11-08,0.5501241608619709
2018-11-09,0.5575817466887417
2018-11-12,0.5621380665096962
2018-11-13,0.5489923791670062
2018-11-14,0.5531969283206373
2018-11-15,0.5400756721541505
2018-11-16,0.542369447552236
2018-11-19,0.5426349795407704
2018-11-20,0.5311544662333382
2018-11-21,0.5262139907395821
2018-11-22,0.5118038089618393
2018-11-23,0.5084115100126285
2018-11-26,0.5015573113889682
2018-11-27,0.49315297602692565
2018-11-28,0.49452951230204834
2018-11-29,0.5015196304196836
2018-11-30,0.5013458320941998
2018-12-03,0.5050744329502233
2018-12-04,0.5128038772019392
2018-12-05,0.5119576197457203
2018-12-06,0.5099833912720482
2018-12-07,0.5073352634456834
2018-12-10,0.5023068001285881
2018-12-11,0.5031715209819257
2018-12-12,0.4906148012464828
2018-12-13,0.48871811057206943
2018-12-14,0.48804106284619053
2018-12-17,0.491157810282913
2018-12-18,0.4906286483848563
2018-12-19,0.48577806501331633
2018-12-20,0.4803566577604718
2018-12-21,0.48100434695444194
2018-12-24,0.4841144491905953
2018-12-25,0.478676718421357
2018-12-26,0.4676073879534213
2018-12-27,0.47132712423086204
2018-12-28,0.4792230218773763
2019-01-02,0.4826748051637926
2019-01-03,0.47626897690211645
2019-01-04,0.4723815522031867
2019-01-07,0.48330794583853237
2019-01-08,0.4868777481201231
2019-01-09,0.4867927815350761
2019-01-10,0.49093209255008796
2019-01-11,0.4897896978286425
2019-01-14,0.4888185090579484
2019-01-15,0.4868343034590563
2019-01-16,0.4882540897286866
2019-01-17,0.4917242133479105
2019-01-18,0.49621467920200907
2019-01-21,0.5013959519533818
2019-01-22,0.5112383637416579
2019-01-23,0.5083883150690848
2019-01-24,0.5074215411749505
2019-01-25,0.5060614502847302
2019-01-28,0.5138348667807119
2019-01-29,0.5126794898230421
2019-01-30,0.5123924585811903
2019-01-31,0.5118144567540183
2019-02-01,0.510973182150833
2019-02-11,0.5167633601191537
2019-02-12,0.5185563189531286
2019-02-13,0.5189308217917392
2019-02-14,0.5138905994544714
2019-02-15,0.4998146351147942
2019-02-18,0.4939829755035635
2019-02-19,0.49306078329972997
2019-02-20,0.4983640819216162
2019-02-21,0.49863853566763444
2019-02-22,0.5050550084336936
2019-02-25,0.5113936002775993
2019-02-26,0.5087507264498264
2019-02-27,0.5055336880243505
2019-02-28,0.5074447296877841
2019-03-01,0.5074447296877841
2019-03-04,0.5191691541549716
2019-03-05,0.5186182164914425
2019-03-06,0.5146222650827627
2019-03-07,0.512234876861711
2019-03-08,0.5091123292037658
2019-03-11,0.5055695319660971
2019-03-12,0.5034371913141018
2019-03-13,0.5124888732222813
2019-03-14,0.5149458773469427
2019-03-15,0.5178463332500943
2019-03-18,0.5193513739349094
2019-03-19,0.5222268524298135
2019-03-20,0.5226523894405052
2019-03-21,0.5240293780684513
2019-03-22,0.5235618299937916
2019-03-25,0.5216999511152215
2019-03-26,0.5145341749254709
2019-03-27,0.5117797524075737
2019-03-28,0.5136169571079001
2019-03-29,0.5133853016748722
2019-04-01,0.5148237142353996
2019-04-02,0.5145813265825365
2019-04-03,0.5187588834045159
2019-04-04,0.5203381008618219
2019-04-08,0.5167220677809751
2019-04-09,0.5180675857114888
2019-04-10,0.5128800084006915
2019-04-11,0.5157082386682177
2019-04-12,0.5159540980374822
2019-04-15,0.5158939479265473
2019-04-16,0.5172592785840909
2019-04-17,0.5172592785840909
2019-04-18,0.5179127276446729
2019-04-19,0.5122350335117395
2019-04-22,0.5138128374653851
2019-04-23,0.5185758496310668
2019-04-24,0.517803548700088
2019-04-25,0.517803548700088
2019-04-26,0.525154032043787
2019-04-29,0.5215084134398716
2019-04-30,0.517031690361429
2019-05-06,0.521245316134044
2019-05-07,0.5171916574175098
2019-05-08,0.5156218176731159
2019-05-09,0.5125530673916077
2019-05-10,0.5017226610719016
2019-05-13,0.5030327071294046
2019-05-14,0.5053780910173974
2019-05-15,0.5010545579276775
2019-05-16,0.4987699644251781
2019-05-17,0.5013208176036574
2019-05-20,0.5070797284733671
2019-05-21,0.516466822733546
2019-05-22,0.516466822733546
2019-05-23,0.5122740592562746
2019-05-24,0.5026825666444353
2019-05-27,0.4930152512391892
2019-05-28,0.49126207419922413
2019-05-29,0.4911649477509764
2019-05-30,0.48913691180627394
2019-05-31,0.4881020859587905
2019-06-03,0.4875671084936298
2019-06-04,0.4769750134626086
2019-06-05,0.4732867594228565
2019-06-06,0.4732867594228565
2019-06-10,0.4641198515605809
2019-06-11,0.46649738942094887
2019-06-12,0.46988271625117445
2019-06-13,0.46420158655216104
2019-06-14,0.44663417265189853
2019-06-17,0.4448993316779199
2019-06-18,0.4448731435774839
2019-06-19,0.44137858158180004
2019-06-20,0.4460302240560256
2019-06-21,0.4481472523660641
2019-06-24,0.45228647045897474
2019-06-25,0.45091856047092277
2019-06-26,0.44485717445024003
2019-06-27,0.44742244851680185
2019-06-28,0.44583570298067104
2019-07-01,0.44745394932874644
2019-07-02,0.4604924586350469
2019-07-03,0.4616664396603348
2019-07-04,0.45391699087152587
2019-07-05,0.4502238978316093
2019-07-08,0.4502238978316093
2019-07-09,0.461027543021764
2019-07-10,0.4624875944017895
2019-07-11,0.4604089440394294
2019-07-12,0.4677905552545197
2019-07-15,0.4669100403521817
2019-07-16,0.4680220181111517
2019-07-17,0.4728130143323743
2019-07-18,0.46863311501483823
2019-07-19,0.46767173217621666
2019-07-22,0.4724852914531822
2019-07-23,0.4807911263266658
2019-07-24,0.4811633587625386
2019-07-25,0.48448674709565015
2019-07-26,0.484904514706839
2019-07-29,0.4903489016737106
2019-07-30,0.49132156831234486
2019-07-31,0.49579033914693815
2019-08-01,0.4986867072861406
2019-08-02,0.49492145665129567
2019-08-05,0.4836541506809196
2019-08-06,0.4729990524545868
2019-08-07,0.4729990524545868
2019-08-08,0.4834193890570774
2019-08-09,0.4779275432428847
2019-08-12,0.488480864306189
2019-08-13,0.49323085040204656
2019-08-14,0.4921810980447213
2019-08-15,0.500024778568759
2019-08-16,0.49652301844723684
2019-08-19,0.5069881171355625
2019-08-20,0.5110777178485942
2019-08-21,0.5180129801710721
2019-08-22,0.5275380747449911
2019-08-23,0.5276647373090587
2019-08-26,0.5236618494256545
2019-08-27,0.5167389198354975
2019-08-28,0.5140865084958348
2019-08-29,0.5082500234576257
2019-08-30,0.5039703988322337
2019-09-02,0.5084260884537983
2019-09-03,0.5125756414037157
2019-09-04,0.514792899408284
2019-09-05,0.5074827678083826
2019-09-06,0.522066170904957
2019-09-09,0.522066170904957
2019-09-10,0.5215988185886395
2019-09-11,0.520080808093579
2019-09-12,0.5190566537998247
2019-09-16,0.5138344868404008
2019-09-17,0.5302327555734613
2019-09-18,0.5345102372253788
2019-09-19,0.5278811291814312
2019-09-20,0.5280386932794643
2019-09-23,0.5410401357135192
2019-09-24,0.5410401357135192
2019-09-25,0.5376723498795073
2019-09-26,0.536306929980699
2019-09-27,0.5420766752441377
2019-09-30,0.5410144393137662
2019-10-08,0.5285966402826741
2019-10-09,0.5268342412271533
2019-10-10,0.528449934390168
2019-10-11,0.5201274564209653
2019-10-14,0.5169502591096423
2019-10-15,0.514941169429349
2019-10-16,0.5111980291481145
2019-10-17,0.5104818476742619
2019-10-18,0.5074235579908375
2019-10-21,0.5043025391242586
2019-10-22,0.5027520184667804
2019-10-23,0.4933374821275621
2019-10-24,0.4933374821275621
2019-10-25,0.49668002242988396
2019-10-28,0.49594322275322217
2019-10-29,0.48712887857399084
2019-10-30,0.48371271321744486
2019-10-31,0.4853839257664341
2019-11-01,0.48296917007178375
2019-11-04,0.48462602567948126
2019-11-05,0.4768897146392961
2019-11-06,0.47533123183564063
2019-11-07,0.47379340976744216
2019-11-08,0.4808858012010443
2019-11-11,0.48336435823178786
2019-11-12,0.4750198763732543
2019-11-13,0.4738959768680713
2019-11-14,0.4745209979219565
2019-11-15,0.47603754481670374
2019-11-18,0.4669308590540531
2019-11-19,0.4633237223946293
2019-11-20,0.4652393164163094
2019-11-21,0.47505713162568575
2019-11-22,0.47344387840600616
2019-11-25,0.47786358457883743
2019-11-26,0.46442570623524904
2019-11-27,0.46442570623524904
2019-11-28,0.46986866684457335
2019-11-29,0.468754603587411
2019-12-02,0.47857081222415365
2019-12-03,0.48373203925745434
2019-12-04,0.48403293046878737
2019-12-05,0.4743803380248109
2019-12-06,0.4722296229673895
2019-12-09,0.46921917955266346
2019-12-10,0.4791935379896942
2019-12-11,0.4824991303229975
2019-12-12,0.4820194264811983
2019-12-13,0.4833684480101843
2019-12-16,0.4843180961388629
2019-12-17,0.4905866964510516
2019-12-18,0.4937770465473699
2019-12-19,0.49427955108844845
2019-12-20,0.48972121053160605
2019-12-23,0.4910863046587446
2019-12-24,0.48763290955534405
2019-12-25,0.4869908646444577
2019-12-26,0.48381610236840555
2019-12-27,0.48119958367479165
2019-12-30,0.4874830424020252
2019-12-31,0.4850953573066998
2020-01-02,0.49211728353448986
2020-01-03,0.49258173192842636
2020-01-06,0.49573800786130445
2020-01-07,0.5079789220069006
2020-01-08,0.5093878846465404
2020-01-09,0.5205156411438862
2020-01-10,0.5134594860327709
2020-01-13,0.517466136988712
2020-01-14,0.5190619269080821
2020-01-15,0.5100040506095398
2020-01-16,0.5016031438602021
2020-01-17,0.5016031438602021
2020-01-20,0.4932556501702088
2020-01-21,0.4932556501702088
2020-01-22,0.4972724667152173
2020-01-23,0.49645312333935704
2020-02-03,0.4962625859880202
2020-02-04,0.4756390541775311
2020-02-05,0.4768739072818183
2020-02-06,0.47995463032908703
2020-02-07,0.4837411128542341
2020-02-10,0.48453257790368276
2020-02-11,0.4886338561630592
2020-02-12,0.49261587423399433
2020-02-13,0.4892937389103582
2020-02-14,0.486268514138277
2020-02-17,0.4833643798273512
2020-02-18,0.4833643798273512
2020-02-19,0.48629136442693516
2020-02-20,0.5026272763020827
2020-02-21,0.5169049181553005
2020-02-24,0.5189689696730959
2020-02-25,0.5148045290461836
2020-02-26,0.515164310799149
2020-02-27,0.5125274530351795
2020-02-28,0.5031285584345064
2020-03-02,0.501908466735539
2020-03-03,0.507961057199496
2020-03-04,0.5141674320721235
2020-03-05,0.5230267186132264
2020-03-06,0.5217480280226564
2020-03-09,0.5098145707403536
2020-03-10,0.49422297837559304
2020-03-11,0.4822876885130068
2020-03-12,0.47407878991768404
2020-03-13,0.4701754608248708
2020-03-16,0.4607141231340968
2020-03-17,0.45614408503871945
2020-03-18,0.45253806309841466
2020-03-19,0.4435939553901648
2020-03-20,0.4341510539957068
2020-03-23,0.43854374671170915
2020-03-24,0.43065616924869293
2020-03-25,0.4352301355620427
2020-03-26,0.4400564566877553
2020-03-27,0.42276289974006326
2020-03-30,0.41940339163682583
2020-03-31,0.4173289569743771
2020-04-01,0.4233121266059251
2020-04-02,0.4233121266059251
2020-04-03,0.42964350177009675
2020-04-07,0.43139219683981295
2020-04-08,0.43973688150454343
2020-04-09,0.43472789759965363
2020-04-10,0.4374540493497923
2020-04-13,0.4342322014159184
2020-04-14,0.4356677213255074
2020-04-15,0.4354597224821538
2020-04-16,0.44162479109855957
2020-04-17,0.4437479693179379
2020-04-20,0.43907441634427374
2020-04-21,0.4359664120977242
2020-04-22,0.42640056296910206
2020-04-23,0.42055886898373035
2020-04-24,0.43080321947488703
2020-04-27,0.43396797704613116
2020-04-28,0.43569840788694986
2020-04-29,0.4305134017532375
2020-04-30,0.4367820846454462
2020-05-06,0.44795404684527224
2020-05-07,0.45963921398249463
2020-05-08,0.45746783489812204
2020-05-11,0.4586954097643221
2020-05-12,0.46327750282373503
2020-05-13,0.45995157174682977
2020-05-14,0.45367212889175706
2020-05-15,0.4536575155024363
2020-05-18,0.45179567952364225
2020-05-19,0.4548960860401924
2020-05-20,0.45807737092375345
2020-05-21,0.4571274611654543
2020-05-22,0.458702481034785
2020-05-25,0.45215160713372393
2020-05-26,0.4542089688680828
2020-05-27,0.45714908435452695
2020-05-28,0.4624723751613137
2020-05-29,0.46167925372104623
2020-06-01,0.46423126765925327
2020-06-02,0.4711946587211705
2020-06-03,0.4716719267695026
2020-06-04,0.4707970109006959
2020-06-05,0.4707543421556121
2020-06-08,0.47427124431949563
2020-06-09,0.47067577211387823
2020-06-10,0.46895795828019354
2020-06-11,0.4669107769820572
2020-06-12,0.46377601900099114
2020-06-15,0.4616805778915401
2020-06-16,0.4662530745252261
2020-06-17,0.4588346803159061
2020-06-18,0.456072637339816
2020-06-19,0.45969369043790775
2020-06-22,0.46158369551059475
2020-06-23,0.459403933867991
2020-06-24,0.4603492481868299
2020-06-29,0.457576345579774
2020-06-30,0.4568835402658182
2020-07-01,0.4593770787281726
2020-07-02,0.46512347846768176
2020-07-03,0.4692323016190194
2020-07-06,0.4731612190923085
2020-07-07,0.4731955680058052
2020-07-08,0.4770549213650608
2020-07-09,0.4782770283684614
2020-07-10,0.48055600190742037
2020-07-13,0.48352396589550195
2020-07-14,0.4841244636285186
2020-07-15,0.48279090666874896
2020-07-16,0.4857935861996442
2020-07-17,0.4831024516640517
2020-07-20,0.48140445086737654
2020-07-21,0.47949442226791733
2020-07-22,0.48142878504822134
2020-07-23,0.4845441190310655
2020-07-24,0.4836490011954175
2020-07-27,0.48365398336461607
2020-07-28,0.48365398336461607
2020-07-29,0.4884095111340153
2020-07-30,0.48678924326383727
2020-07-31,0.48785667115169273
2020-08-03,0.48329611944222756
2020-08-04,0.48350865519694114
2020-08-05,0.48121459382808435
2020-08-06,0.4827976021547442
2020-08-07,0.4865411190823142
2020-08-10,0.48820817527381255
2020-08-11,0.4852391220666982
2020-08-12,0.48081486975003657
2020-08-13,0.47959066360914426
2020-08-14,0.48262422120064336
2020-08-17,0.48196043423881796
2020-08-18,0.47832314676869964
2020-08-19,0.47666309244738564
2020-08-20,0.47415204753460083
2020-08-21,0.46970995574560576
2020-08-24,0.4722763155962099
2020-08-25,0.4692510893966875
2020-08-26,0.4694978511277058
2020-08-27,0.46588831673937897
2020-08-28,0.4665618742543956
2020-08-31,0.46601948801682486
2020-09-01,0.4694480417854782
2020-09-02,0.4711726003001171
2020-09-03,0.47276576706557266
2020-09-04,0.4614847739287665
2020-09-07,0.4532585970012545
2020-09-08,0.450312762531273
2020-09-09,0.45070331280296416
2020-09-10,0.4438654814339412
2020-09-11,0.4399897543002385
2020-09-14,0.4388736830658085
2020-09-15,0.43753559745723564
2020-09-16,0.43731623542590764
2020-09-17,0.43407151357691953
2020-09-18,0.43688999965224856
2020-09-21,0.43688999965224856
2020-09-22,0.4364956221169459
2020-09-23,0.4305350539786853
2020-09-24,0.42513027972283585
2020-09-25,0.42453982839774307
2020-09-28,0.4210691200172337
2020-09-29,0.4210691200172337
2020-09-30,0.4193985444768435
2020-10-09,0.408995550096447
2020-10-12,0.4131505346349296
2020-10-13,0.4011166396784988
2020-10-14,0.40426407622261495
2020-10-15,0.4048302565307561
2020-10-16,0.4043048501993934
2020-10-19,0.40748186400665326
2020-10-20,0.41340772535724174
2020-10-21,0.41354942802299594
2020-10-22,0.41731630919734547
2020-10-23,0.4152089649509439
2020-10-26,0.4155436517839136
2020-10-27,0.4149152653520713
2020-10-28,0.4193053135587839
2020-10-29,0.42982270135172207
2020-10-30,0.4288138806707163
2020-11-02,0.42354035331422507
2020-11-03,0.4162784299404224
2020-11-04,0.4154702213353403
2020-11-05,0.4160495617381806
2020-11-06,0.41116211553031523
2020-11-09,0.407207578340273
2020-11-10,0.4065539828259897
2020-11-11,0.4151956170943369
2020-11-12,0.4156261350224444
2020-11-13,0.4167378130877409
2020-11-16,0.41028747264250714
2020-11-17,0.41096872252918115
2020-11-18,0.41285668957334204
2020-11-19,0.41284772516508994
2020-11-20,0.41226578450518314
2020-11-23,0.41463447481027177
2020-11-24,0.42595630583201277
2020-11-25,0.4386118275972474
2020-11-26,0.43910295578613223
2020-11-27,0.43253000569459116
2020-11-30,0.432358191499392
2020-12-01,0.432358191499392
2020-12-02,0.43721608293661984
2020-12-03,0.44628592762962704
2020-12-04,0.4700466666184612
2020-12-07,0.47734270027411896
2020-12-08,0.483952676849384
2020-12-09,0.49910037868024115
2020-12-10,0.49805317012886674
2020-12-11,0.5020464524895815
2020-12-14,0.5086802518297479
2020-12-15,0.5228165206882064
2020-12-16,0.5204472196642062
2020-12-17,0.5280747425026217
2020-12-18,0.5187389658422132
2020-12-21,0.5145314024431888
2020-12-22,0.5155487800801517
2020-12-23,0.5146026751245159
2020-12-24,0.5153806216764844
2020-12-25,0.5106928362664253
2020-12-28,0.5116603163256951
2020-12-29,0.4999053757634536
2020-12-30,0.4961906541959581
2020-12-31,0.48662079964900273
2021-01-04,0.48488994221114357
2021-01-05,0.48222558267530125
2021-01-06,0.48986173397220456
2021-01-07,0.4847331217223652
2021-01-08,0.4923313909408898
2021-01-11,0.4900025632710313
2021-01-12,0.48270280572914254
2021-01-13,0.4803675073333999
2021-01-14,0.48782959679298354
2021-01-15,0.5034716455912372
2021-01-18,0.5161581798280526
2021-01-19,0.502605567091746
2021-01-20,0.49842875590826763
2021-01-21,0.49969739690577064
2021-01-22,0.5031883574341294
2021-01-25,0.4937645787302135
2021-01-26,0.4872483898619297
2021-01-27,0.4754543960158509
2021-01-28,0.4843050177217154
2021-01-29,0.4810107362969063
2021-02-01,0.4832728147550615
2021-02-02,0.48904712075403817
2021-02-03,0.4946401012038833
2021-02-04,0.4959678090837536
2021-02-05,0.49621641475129435
2021-02-08,0.5000869184172074
2021-02-09,0.5002046127543988
2021-02-10,0.49866829597581447
2021-02-18,0.49540965367638645
2021-02-19,0.5115834924160911
2021-02-22,0.5043323855002537
2021-02-23,0.4999657178787673
2021-02-24,0.5098258274208426
2021-02-25,0.5120367900722345
2021-02-26,0.5209665379641111
2021-03-01,0.5158131679240182
2021-03-02,0.5074166162824709
2021-03-03,0.4986018684013772
2021-03-04,0.4998808745720924
2021-03-05,0.4998808745720924
2021-03-08,0.5046727057089834
2021-03-09,0.5185606914431737
2021-03-10,0.514523357346145
2021-03-11,0.5102302336074404
2021-03-12,0.5169762354069553
2021-03-15,0.5174445292796889
2021-03-16,0.5150692486127536
2021-03-17,0.5051398303297411
2021-03-18,0.5040484162059091
2021-03-19,0.5032139288990415
2021-03-22,0.4857027054964066
2021-03-23,0.4844971876621201
2021-03-24,0.4865611183295045
2021-03-25,0.48559673341052884
2021-03-26,0.4793594254083778
2021-03-29,0.4735553248823891
2021-03-30,0.4740716865863536
2021-03-31,0.4684037741889784
2021-04-01,0.4647661788921071
2021-04-02,0.4609094587479148
2021-04-06,0.4693536045718196
2021-04-07,0.4681230725888808
2021-04-08,0.468049434636025
2021-04-09,0.4643413851161632
2021-04-12,0.46442075186907145
2021-04-13,0.46059486985302206
2021-04-14,0.46059486985302206
2021-04-15,0.4705162797090252
2021-04-16,0.4802574565647216
2021-04-19,0.4761784336699751
2021-04-20,0.4728180712863611
2021-04-21,0.4740717773815981
2021-04-22,0.473814435599205
2021-04-23,0.46964302739265457
2021-04-26,0.46546654866385645
2021-04-27,0.466775345462807
2021-04-28,0.4651446008599008
2021-04-29,0.47494441459747844
2021-04-30,0.4768251682590487
2021-05-06,0.4801574778280471
2021-05-07,0.48305712440979365
2021-05-10,0.48607573599609477
2021-05-11,0.4891765760671459
2021-05-12,0.4879907993465624
2021-05-13,0.49819653242483875
2021-05-14,0.5041348984024265
2021-05-17,0.49105464582869335
2021-05-18,0.5025817950934417
2021-05-19,0.511211154632558
2021-05-20,0.5077343267146165
2021-05-21,0.5009544636276866
2021-05-24,0.5030280401578567
2021-05-25,0.5024382084233608
2021-05-26,0.5055305195881582
2021-05-27,0.5066173699655452
2021-05-28,0.4957105810568835
2021-05-31,0.4930814962743017
2021-06-01,0.49382956472259704
2021-06-02,0.49915043856821767
2021-06-03,0.5000283586430958
2021-06-04,0.5008381989853563
2021-06-07,0.505323321629906
2021-06-08,0.5097784281502848
2021-06-09,0.5096440204585051
2021-06-10,0.5096440204585051
2021-06-11,0.5150936173035722
2021-06-15,0.5181541205461996
2021-06-16,0.5243463485677875
2021-06-17,0.5283262125797668
2021-06-18,0.5292832186575575
2021-06-21,0.5277229391174394
2021-06-22,0.5254507432249998
2021-06-23,0.5267449662502122
2021-06-24,0.5337784008675065
2021-06-25,0.5433756564598669
2021-06-28,0.5493606106157569
2021-06-29,0.5510337222366709
2021-06-30,0.5507696916117447
2021-07-01,0.5507696916117447
2021-07-02,0.5475154100261833
2021-07-05,0.5490677118288559
2021-07-06,0.545390528786302
2021-07-07,0.5500345800927803
2021-07-08,0.5433262198123578
2021-07-09,0.5387717555554471
2021-07-12,0.5358310999693984
2021-07-13,0.5379697189917428
2021-07-14,0.5367221056306067
2021-07-15,0.5365875950969442
2021-07-16,0.5212529945595719
2021-07-19,0.5230364004303766
2021-07-20,0.5225279236849278
2021-07-21,0.5225068578855442
2021-07-22,0.5182561822827522
2021-07-23,0.5246384298003087
2021-07-26,0.5287361826450824
2021-07-27,0.5324720517177598
2021-07-28,0.5358969570198103
2021-07-29,0.5393415361704195
2021-07-30,0.5408183301747226
2021-08-02,0.5446061608410634
2021-08-03,0.545469842061744
2021-08-04,0.545585564335241
2021-08-05,0.5376546558807916
2021-08-06,0.5372596115406229
2021-08-09,0.5403207814275389
2021-08-10,0.5323891411185587
2021-08-11,0.5272467506066089
2021-08-12,0.5277936786029215
2021-08-13,0.5326463554038058
2021-08-16,0.5322519023356276
2021-08-17,0.5300517103040147
2021-08-18,0.5233448174792551
2021-08-19,0.5161372379225856
2021-08-20,0.5067940528166724
2021-08-23,0.5038941299502342
2021-08-24,0.5022097002326293
2021-08-25,0.5060170120079642
2021-08-26,0.5063823730466982
2021-08-27,0.5090007719306785
2021-08-30,0.5056709089574888
2021-08-31,0.5077056810432281
2021-09-01,0.5060449757490085
2021-09-02,0.5035400777411895
2021-09-03,0.506418570493857
2021-09-06,0.5071550766533741
2021-09-07,0.5075335092559382
2021-09-08,0.5044820057701771
2021-09-09,0.49959348713358076
2021-09-10,0.5048437940653252
2021-09-13,0.5060153496746715
2021-09-14,0.5068404144788888
2021-09-15,0.5172560096282529
2021-09-16,0.5207491240201392
2021-09-17,0.5288643931983864
2021-09-22,0.5207106406672354
2021-09-23,0.5167587611980686
2021-09-24,0.5150243860619982
2021-09-27,0.5208513677052138
2021-09-28,0.5286586905586983
2021-09-29,0.532774035679982
2021-09-30,0.5357910144333503
2021-10-08,0.534098120138762
2021-10-11,0.5406131602977194
2021-10-12,0.5371414532041436
2021-10-13,0.5339506948409092
2021-10-14,0.5333728129519157
2021-10-15,0.5360827013471863
2021-10-18,0.5353156729315094
2021-10-19,0.5294376763181232
2021-10-20,0.5228613186671699
2021-10-21,0.5172603524353235
2021-10-22,0.5129844850227365
2021-10-25,0.5103129252320107
2021-10-26,0.5129222683115147
2021-10-27,0.5194061472793781
2021-10-28,0.5226537508017387
2021-10-29,0.520066988489839
2021-11-01,0.5165005165410572
2021-11-02,0.5124674483738226
2021-11-03,0.5159491547173981
2021-11-04,0.5156883810261144
2021-11-05,0.5021312941472054
2021-11-08,0.49717101258255825
2021-11-09,0.49621272944660383
2021-11-10,0.48951954027808037
2021-11-11,0.48833186136976364
2021-11-12,0.4877815327395805
2021-11-15,0.4923985160034485
2021-11-16,0.48876613052612666
2021-11-17,0.4934824582051615
2021-11-18,0.48913171027736796
2021-11-19,0.4772494291227911
2021-11-22,0.47714083489065784
2021-11-23,0.46338696044262306
2021-11-24,0.46338696044262306
2021-11-25,0.4697621160711598
2021-11-26,0.4795228856600786
2021-11-29,0.4803295634167126
2021-11-30,0.4715825277708708
2021-12-01,0.4626122575257208
2021-12-02,0.45316328548441126
2021-12-03,0.454494416964059
2021-12-06,0.4583453377755913
2021-12-07,0.4583453377755913
2021-12-08,0.4591887227540343
2021-12-09,0.45912784020723063
2021-12-10,0.46250557908770973
2021-12-13,0.46013897740494614
2021-12-14,0.46441745072918916
2021-12-15,0.4775332895105324
2021-12-16,0.475871351760725
2021-12-17,0.4828210603995538
2021-12-20,0.489006641774028
2021-12-21,0.4896395043911439
2021-12-22,0.49005170319273106
2021-12-23,0.48863491700755035
2021-12-24,0.4910930003212472
2021-12-27,0.4938168846529005
2021-12-28,0.4958854301637822
2021-12-29,0.49486246917639043
2021-12-30,0.49486246917639043
2021-12-31,0.4993878759564685
2022-01-04,0.5027523624198325
2022-01-05,0.5048396634560127
2022-01-06,0.5071142648732062
2022-01-07,0.5066372455012906
2022-01-10,0.5051566408909908
2022-01-11,0.49679435586140713
2022-01-12,0.49399655006669896
2022-01-13,0.49618758553352477
2022-01-14,0.4972418197216474
2022-01-17,0.4989130630620741
2022-01-18,0.5043427256904129
2022-01-19,0.5055823427077035
2022-01-20,0.5103326127108255
2022-01-21,0.5148515074544041
2022-01-24,0.5113575464037364
2022-01-25,0.5135732716865075
2022-01-26,0.5072749871905918
2022-01-27,0.5059464964173686
2022-01-28,0.507370371253061
2022-02-07,0.5084217777603638
2022-02-08,0.5221661705376277
2022-02-09,0.5178078605640338
2022-02-10,0.5080417339481015
2022-02-11,0.5167697177551942
2022-02-14,0.5100660610545031
2022-02-15,0.5071806707344455
2022-02-16,0.5084811081674583
2022-02-17,0.5089743571444699
2022-02-18,0.5077190975714161
2022-02-21,0.503506143482016
2022-02-22,0.5004599998282429
2022-02-23,0.5122065941642094
2022-02-24,0.5206767032385112
2022-02-25,0.5158218489253832
2022-02-28,0.5119377512633746
2022-03-01,0.5041908617773679
2022-03-02,0.49862301706285395
2022-03-03,0.5059488411438908
2022-03-04,0.5079534752489074
2022-03-07,0.5054992287151225
2022-03-08,0.5207002283492871
2022-03-09,0.5374011892502297
2022-03-10,0.5473273171594799
2022-03-11,0.5230454855586124
2022-03-14,0.5194920266551208
2022-03-15,0.5127072036389081
2022-03-16,0.4964116020080535
2022-03-17,0.49882999866481365
2022-03-18,0.4991493898180714
2022-03-21,0.5012356789531773
2022-03-22,0.4937587903728571
2022-03-23,0.49808482942250065
2022-03-24,0.49249727880528804
2022-03-25,0.49655607134248253
2022-03-28,0.5085530996517024
2022-03-29,0.5085530996517024
2022-03-30,0.5061759118337462
2022-03-31,0.5014427906400043
2022-04-01,0.5021583751800652
2022-04-06,0.49893999825313134
2022-04-07,0.5076034404058802
2022-04-08,0.508300679987992
2022-04-11,0.5046367541861585
2022-04-12,0.49981353194316297
2022-04-13,0.5001476025376914
2022-04-14,0.5065198403927639
2022-04-15,0.51667988550336
2022-04-18,0.5144210587742126
2022-04-19,0.5188066748473993
2022-04-20,0.5217249884255152
2022-04-21,0.5180543276354675
2022-04-22,0.5175449766618476
2022-04-25,0.5188632176449959
2022-04-26,0.5161195812051741
2022-04-27,0.5152527227242758
2022-04-28,0.5176931149202922
2022-04-29,0.5208213097343856
2022-05-05,0.5194063940388817
2022-05-06,0.5291783924475704
2022-05-09,0.5289818104783709
2022-05-10,0.5270140126341941
2022-05-11,0.5200693479585032
2022-05-12,0.5164990125544828
2022-05-13,0.5257872963494842
2022-05-16,0.5262292303867256
2022-05-17,0.5225844809343644
2022-05-18,0.5238923149079604
2022-05-19,0.5253533911315001
2022-05-20,0.5233854734674942
2022-05-23,0.5256243886748787
2022-05-24,0.5275347226048981
2022-05-25,0.5309520681439404
2022-05-26,0.5382100293421789
2022-05-27,0.5400186807668087
2022-05-30,0.5434537288122515
2022-05-31,0.5468459102161576
2022-06-01,0.5468459102161576
2022-06-02,0.542750309955914
2022-06-06,0.5421253751256077
2022-06-07,0.5460662363630803
2022-06-08,0.5497198397872534
2022-06-09,0.5504729928899572
2022-06-10,0.5492649195704823
2022-06-13,0.5474714319259069
2022-06-14,0.5471998298707439
2022-06-15,0.5500695160692746
2022-06-16,0.5415712402254181
2022-06-17,0.5404812683257886
2022-06-20,0.532761404701526
2022-06-21,0.5233091789732921
2022-06-22,0.5220933273882531
2022-06-23,0.5202808257575742
2022-06-24,0.5220516697308509
2022-06-27,0.5275224874109259
2022-06-28,0.5305169331050964
2022-06-29,0.5289364013256971
2022-06-30,0.525121172133503
2022-07-01,0.5255570612535331
2022-07-04,0.5177080983161431
2022-07-05,0.5171280523810721
2022-07-06,0.5107591944681013
2022-07-07,0.4977146804112125
2022-07-08,0.49567205713648704
2022-07-11,0.4998814061307912
2022-07-12,0.4992240142841405
2022-07-13,0.4981061468475306
2022-07-14,0.49203069177950126
2022-07-15,0.4942927256530895
2022-07-18,0.4922498845089886
2022-07-19,0.5017537921492673
2022-07-20,0.5063188646241162
2022-07-21,0.501693662345546
2022-07-22,0.4985433785798804
2022-07-25,0.4939048784695333
2022-07-26,0.4987947451785723
2022-07-27,0.5037450076598606
2022-07-28,0.508824166177432
2022-07-29,0.508365657781853
2022-08-01,0.5084252093890312
2022-08-02,0.5202163946556381
2022-08-03,0.5197125192880596
2022-08-04,0.5228514167042706
2022-08-05,0.5282487468110962
2022-08-08,0.5238856524728663
2022-08-09,0.5230507348281203
2022-08-10,0.5226476709269814
2022-08-11,0.52177869394499
2022-08-12,0.5224633590274437
2022-08-15,0.5270990805158056
2022-08-16,0.5297193610181108
2022-08-17,0.5248772327813437
2022-08-18,0.5278508192174002
2022-08-19,0.526769356656893
2022-08-22,0.5207451730323228
2022-08-23,0.5158817263368141
2022-08-24,0.5174102030591321
2022-08-25,0.5248284050986212
2022-08-26,0.5288448893752965
2022-08-29,0.5269223883804305
2022-08-30,0.5292889163415662
2022-08-31,0.5308477887653507
2022-09-01,0.5268475889242215
2022-09-02,0.5230958788022666
2022-09-05,0.519914076142866
2022-09-06,0.522266276413538
2022-09-07,0.525871869374585
2022-09-08,0.5194404841558266
2022-09-09,0.5179630479130322
2022-09-13,0.5201184232508733
2022-09-14,0.5189015749984996
2022-09-15,0.5108371526011513
2022-09-16,0.5097415768358102
2022-09-19,0.50666123945109
2022-09-20,0.5055526615471532
2022-09-21,0.5040668597256771
2022-09-22,0.5048915930132021
2022-09-23,0.5097014573300315
2022-09-26,0.5062576401215608
2022-09-27,0.503765793843932
2022-09-28,0.5025064527254851
2022-09-29,0.5035166039694193
2022-09-30,0.5088355585840588
2022-10-10,0.5104120503328654
2022-10-11,0.5180352702570723
2022-10-12,0.5129086959986219
2022-10-13,0.5138154328312088
2022-10-14,0.5141803772053837
2022-10-17,0.5129578954206301
2022-10-18,0.5103398338238051
2022-10-19,0.5117855128061566
2022-10-20,0.5075023420617633
2022-10-21,0.5047167510224
2022-10-24,0.500644078055843
2022-10-25,0.5002036243031083
2022-10-26,0.5005727947260737
2022-10-27,0.49840700402441424
2022-10-28,0.5035470583095928
2022-10-31,0.49700668302047424
2022-11-01,0.4940633526866646
2022-11-02,0.4952826878587344
2022-11-03,0.487723320432186
2022-11-04,0.48624679926897557
2022-11-07,0.48924953383833764
2022-11-08,0.4918087934626057
2022-11-09,0.4926090302898822
2022-11-10,0.48850744772249144
2022-11-11,0.48984279666426805
2022-11-14,0.4964619972742475
2022-11-15,0.4989377351864516
2022-11-16,0.4959277209715876
2022-11-17,0.49652270087560374
2022-11-18,0.48566586649767646
2022-11-21,0.48577712198695594
2022-11-22,0.48317709678623266
2022-11-23,0.48455368472805527
2022-11-24,0.4857312131566915
2022-11-25,0.4899595293249766
2022-11-28,0.48589943050708073
2022-11-29,0.4828856508975919
2022-11-30,0.48501484757442137
2022-12-01,0.4739693703416961
2022-12-02,0.4616266186293444
2022-12-05,0.46049140303843494
2022-12-06,0.47928999263562555
2022-12-07,0.47513508623296297
2022-12-08,0.47827400396924485
2022-12-09,0.49173138624211543
2022-12-12,0.49173138624211543
2022-12-13,0.49357043141340373
2022-12-14,0.493818070002292
2022-12-15,0.49565096284436433
2022-12-16,0.49647131785394605
2022-12-19,0.498692348195992
2022-12-20,0.49349038996127476
2022-12-21,0.4828787225413492
2022-12-22,0.4839999649231954
2022-12-23,0.49047501344596034
2022-12-26,0.4937882283679247
2022-12-27,0.4952165690944866
2022-12-28,0.49945615560865086
2022-12-29,0.49727608868944967
2022-12-30,0.5005310974455126
2023-01-03,0.5049151955991181
2023-01-04,0.5091842530741141
2023-01-05,0.5061305803167787
2023-01-06,0.49696574701244717
2023-01-09,0.4977429796084712
2023-01-10,0.5010295495316839
2023-01-11,0.49373682676703046
2023-01-12,0.49247559079495096
2023-01-13,0.5057220180245814
2023-01-16,0.5038948653177895
2023-01-17,0.5019291746667399
2023-01-18,0.5039862628927192
2023-01-19,0.5076460675202595
2023-01-20,0.5035920242282724
2023-01-30,0.4981510881497661
2023-01-31,0.5023051803307624
2023-02-01,0.4955565738655061
2023-02-02,0.499606705581055
2023-02-03,0.5012706765402998
2023-02-06,0.5040834936465859
2023-02-07,0.5019280030369356
2023-02-08,0.4982326913181924
2023-02-09,0.5005175015861553
2023-02-10,0.5030349196607156
2023-02-13,0.4985680749236011
2023-02-14,0.4968323247051842
2023-02-15,0.4986259117628917
2023-02-16,0.49841469367633473
2023-02-17,0.5002805751264591
2023-02-20,0.49901897078249546
2023-02-21,0.4892132406763679
2023-02-22,0.4892132406763679
2023-02-23,0.4803540901703558
2023-02-24,0.47810773302105136
2023-02-27,0.47799320911527926
2023-02-28,0.4802647597654418
2023-03-01,0.47939629776801634
2023-03-02,0.47646988080157565
2023-03-03,0.4801748498184457
2023-03-06,0.4812441160827157
2023-03-07,0.4808873673667814
2023-03-08,0.48265047762479196
2023-03-09,0.4827550172102559
2023-03-10,0.4827550172102559
2023-03-13,0.4891966617704718
2023-03-14,0.49007712692040617
2023-03-15,0.4939878005355649
2023-03-16,0.4983719940488569
2023-03-17,0.49216144162097647
2023-03-20,0.4895212673940583
2023-03-21,0.49337674868533343
2023-03-22,0.4893317449305338
2023-03-23,0.4863027259751143
2023-03-24,0.4808070617343292
2023-03-27,0.4793358971149419
2023-03-28,0.47431592137591727
2023-03-29,0.48649448451889904
2023-03-30,0.489721247054348
2023-03-31,0.4910084146264952
2023-04-03,0.5079526311877127
2023-04-04,0.5220304821320201
2023-04-06,0.5215361916919824
2023-04-07,0.52004326232701
2023-04-10,0.52016699758491
2023-04-11,0.5344428357325303
2023-04-12,0.5382120769634613
2023-04-13,0.5484699202517745
2023-04-14,0.5422043328151923
2023-04-17,0.5378887431961649
2023-04-18,0.5440826283189281
2023-04-19,0.5413498712584905
2023-04-20,0.5465426758129657
2023-04-21,0.537975799851691
2023-04-24,0.5225138201816852
2023-04-25,0.51766302093481
2023-04-26,0.5166743809446125
2023-04-27,0.5151632716563687
2023-04-28,0.5084700251544504
2023-05-04,0.511157629568015
2023-05-05,0.4979365698440613
2023-05-08,0.4966743797240542
2023-05-09,0.5068097076863565
2023-05-10,0.5076506422998839
2023-05-11,0.5017275843066242
2023-05-12,0.4991938924590849
2023-05-15,0.48974026278138
2023-05-16,0.48991217644129453
2023-05-17,0.4941796647833404
2023-05-18,0.5033231748309905
2023-05-19,0.5103726211743864
2023-05-22,0.5131755477352146
2023-05-23,0.515228164394777
2023-05-24,0.5183208464855793
2023-05-25,0.5168200205447033
2023-05-26,0.5104407836697903
2023-05-29,0.5051984906665833
2023-05-30,0.5112768039096883
2023-05-31,0.511729194061353
2023-06-01,0.507989561963879
2023-06-02,0.5112286849353282
2023-06-05,0.5179453671729038
2023-06-06,0.5223304074865883
2023-06-07,0.520453070942859
2023-06-08,0.5202018310759674
2023-06-09,0.5254956927350332
2023-06-12,0.5233498195508135
2023-06-13,0.5196879658474265
2023-06-14,0.5108354425943049
2023-06-15,0.5259757755493759
2023-06-16,0.5246733071037497
2023-06-19,0.5334396411246054
2023-06-20,0.53669690663065
2023-06-21,0.5363802630394806
2023-06-26,0.5307776346014715
2023-06-27,0.5195783548073043
2023-06-28,0.5195783548073043
2023-06-29,0.520908351338947
2023-06-30,0.5214137425249167
2023-07-03,0.5187212916751447
2023-07-04,0.5043129265049545
2023-07-05,0.5016656825736785
2023-07-06,0.4916746983042081
2023-07-07,0.49623426141628413
2023-07-10,0.498533395981478
2023-07-11,0.505008980466622
2023-07-12,0.5053605863582097
2023-07-13,0.5123257363280701
2023-07-14,0.5123257363280701
2023-07-17,0.5192480467787288
2023-07-18,0.5207040351926904
2023-07-19,0.5213592933300053
2023-07-20,0.5174184114635646
2023-07-21,0.5196893900291406
2023-07-24,0.5158983894685001
2023-07-25,0.5112197992203051
2023-07-26,0.5222154554324131
2023-07-27,0.5251089545372831
2023-07-28,0.5170672380524695
2023-07-31,0.5196906494292804
2023-08-01,0.5200884770214982
2023-08-02,0.5254459520519748
2023-08-03,0.5217967770125381
2023-08-04,0.5144784125231966
2023-08-07,0.5177601175110162
2023-08-08,0.516223796027535
2023-08-09,0.5081122889274945
2023-08-10,0.5058659771054093
2023-08-11,0.5141619346260015
2023-08-14,0.5113576676969538
2023-08-15,0.5157038464959476
2023-08-16,0.5189151171021126
2023-08-17,0.5307266374800168
2023-08-18,0.5402172815939086
2023-08-21,0.5416265358969653
2023-08-22,0.539819974333865
2023-08-23,0.536342146058075
2023-08-24,0.5427167760251574
2023-08-25,0.535152445545878
2023-08-28,0.5377186504795562
2023-08-29,0.5352425894790083
2023-08-30,0.5250355076480536
2023-08-31,0.524726855009185
2023-09-01,0.5326351859706207
2023-09-04,0.5357189900351889
2023-09-05,0.5400105589157735
2023-09-06,0.5476516670926288
2023-09-07,0.5454247024196551
2023-09-08,0.5404558188726252
2023-09-11,0.5378611176259522
2023-09-12,0.5294017162198373
2023-09-13,0.5263912771961884
2023-09-14,0.5267762615170548
2023-09-15,0.5261488780664932
2023-09-18,0.5349097585457555
2023-09-19,0.5335771733793305
2023-09-20,0.5337333482146467
2023-09-21,0.5265031574411404
2023-09-22,0.5159523212513307
2023-09-25,0.5154576917533259
2023-09-26,0.5173885925065038
2023-09-27,0.5126759844594384
2023-09-28,0.5132924872317236
2023-10-09,0.519493988376792
2023-10-10,0.5079452632404327
2023-10-11,0.5012828405151898
2023-10-12,0.5012828405151898
2023-10-13,0.5031926094036124
2023-10-16,0.5063104332028466
2023-10-17,0.5017061199849355
2023-10-18,0.5021241951700846
2023-10-19,0.49988901473874403
2023-10-20,0.5036796557848205
2023-10-23,0.5005914079943972
2023-10-24,0.48967543211080367
2023-10-25,0.4903591693613752
2023-10-26,0.48327702087626434
2023-10-27,0.48693606056479516
2023-10-30,0.4869390661052695
2023-10-31,0.49058274092638726
2023-11-01,0.4958960771630902
2023-11-02,0.5014414646641774
2023-11-03,0.5014414646641774
2023-11-06,0.49993942117928714
2023-11-07,0.49802246395190053
2023-11-08,0.4983367769060313
2023-11-09,0.4911880284421859
2023-11-10,0.49094222060317977
2023-11-13,0.49094222060317977
2023-11-14,0.4877848481099146
2023-11-15,0.48474369362124464
2023-11-16,0.4944243482302704
2023-11-17,0.4955314649734845
2023-11-20,0.49201287184460163
2023-11-21,0.48863389202666674
2023-11-22,0.4872377632827481
2023-11-23,0.4867235379956531
2023-11-24,0.4823129296248047
2023-11-27,0.483172990994809
2023-11-28,0.47492856351245666
2023-11-29,0.4719596919527646
2023-11-30,0.4754216557491049
2023-12-01,0.4787029516003056
2023-12-04,0.4768304418103507
2023-12-05,0.47402247403660064
2023-12-06,0.47014444207541956
2023-12-07,0.4696261576990981
2023-12-08,0.4733677077056384
2023-12-11,0.48472649023866404
2023-12-12,0.4950553557837192
2023-12-13,0.49815283593689896
2023-12-14,0.49554003189081897
2023-12-15,0.4984231774043202
2023-12-18,0.4994959745548737
2023-12-19,0.4978829470990873
2023-12-20,0.49859799753036527
2023-12-21,0.5052172184484349
2023-12-22,0.4986580686314718
2023-12-25,0.49576027043032384
2023-12-26,0.49519676576151805
2023-12-27,0.49395444389066473
2023-12-28,0.4802472932608337
2023-12-29,0.4802472932608337
2024-01-02,0.47820740071930684
2024-01-03,0.4798174439163153
2024-01-04,0.4802772358638831
2024-01-05,0.47571258362365415
2024-01-08,0.4748545967857694
2024-01-09,0.46901150061144464
2024-01-10,0.46523299797413653
2024-01-11,0.4652360098234862
2024-01-12,0.46748444591023636
2024-01-15,0.4706789133655586
2024-01-16,0.4798286367672255
2024-01-17,0.4879608932325509
2024-01-18,0.4913240019892326
2024-01-19,0.48732570205842535
2024-01-22,0.48885223685162466
2024-01-23,0.4922813753645194
2024-01-24,0.4962740559069977
2024-01-25,0.5064443185655084
2024-01-26,0.5096451391239017
2024-01-29,0.5020513207301919
2024-01-30,0.5000478099042395
2024-01-31,0.5024224391429388
2024-02-01,0.4980572472764618
2024-02-02,0.5036349848063054
2024-02-05,0.4995964813566209
2024-02-06,0.4951028868333863
2024-02-07,0.4916502344154066
2024-02-08,0.4823017727130718
2024-02-19,0.4807977533414231
2024-02-20,0.4933470251392058
2024-02-21,0.4912643010092949
2024-02-22,0.485743064540989
2024-02-23,0.4936093852480753
2024-02-26,0.4968867944402102
2024-02-27,0.49098558559284483
2024-02-28,0.4912790224401879
2024-02-29,0.498527141523133
2024-03-01,0.5009593963512238
2024-03-04,0.49548268193069284
2024-03-05,0.4931873298300814
2024-03-06,0.4938176623670624
2024-03-07,0.49132433274480886
2024-03-08,0.4899390031851757
2024-03-11,0.4949894373220667
2024-03-12,0.4954854850212143
2024-03-13,0.4998965822000383
2024-03-14,0.4909438021993484
2024-03-15,0.49362535561446574
2024-03-18,0.490210831505884
2024-03-19,0.4874432115131221
2024-03-20,0.4889604609291526
2024-03-21,0.49416553592237683
2024-03-22,0.500745326965554
2024-03-25,0.50181666087106
2024-03-26,0.5057681266697823
2024-03-27,0.5042874234265847
2024-03-28,0.5038287112434666
2024-03-29,0.5115403959295935
2024-04-01,0.514201262423194
2024-04-02,0.5143526593633475
2024-04-03,0.5145917813062185
2024-04-08,0.5190612929954541
2024-04-09,0.5126019440914222
2024-04-10,0.5111271840020393
2024-04-11,0.5044012308858561
2024-04-12,0.5056159427016803
2024-04-15,0.500536351104726
2024-04-16,0.5079310398543964
2024-04-17,0.5050520455411861
2024-04-18,0.5019231532842181
2024-04-19,0.4970082737573266
2024-04-22,0.5014785012911108
2024-04-23,0.49969051708557405
2024-04-24,0.4947558936487679
2024-04-25,0.4925527671277375
2024-04-26,0.49806723601168834
2024-04-29,0.4956614788155489
2024-04-30,0.49872183032688133
2024-05-06,0.49649053401052623
2024-05-07,0.4901760770849705
2024-05-08,0.4950201815333368
2024-05-09,0.4899016296093406
2024-05-10,0.4915283334355293
2024-05-13,0.4954908064492056
2024-05-14,0.4955908019742979
2024-05-15,0.49379141117915337
2024-05-16,0.49650094607573614
2024-05-17,0.4928728326670935
2024-05-20,0.4894976107456615
2024-05-21,0.4961497333579267
2024-05-22,0.4854555632938719
2024-05-23,0.48064267941661964
2024-05-24,0.4762862319207645
2024-05-27,0.4763959931209092
2024-05-28,0.4761465568756252
2024-05-29,0.4816612633198626
2024-05-30,0.4811049190396179
2024-05-31,0.4775856954537909
2024-06-03,0.48035261363281906
2024-06-04,0.4714299507480416
2024-06-05,0.4633117976115935
2024-06-06,0.45698886699778646
2024-06-07,0.45131105386486536
2024-06-11,0.4415609619467691
2024-06-12,0.4473312385986133
2024-06-13,0.44761720939150446
2024-06-14,0.4510973031937266
2024-06-17,0.45235431229278333
2024-06-18,0.45235431229278333
2024-06-19,0.45547078762038046
2024-06-20,0.4580872766778611
2024-06-21,0.4432665924205397
2024-06-24,0.439294882506935
2024-06-25,0.43694631420203184
2024-06-26,0.4421361088323781
2024-06-27,0.45014463765271057
2024-06-28,0.4525902857860815
2024-07-01,0.4484454876306934
2024-07-02,0.45573595843897746
2024-07-03,0.45114332882488234
2024-07-04,0.44977852111089595
2024-07-05,0.47174628012029113
2024-07-08,0.48262141585763707
2024-07-09,0.4788672189834177
2024-07-10,0.4800950144609417
2024-07-11,0.4737897883783047
2024-07-12,0.4670601789718357
2024-07-15,0.4677410199264141
2024-07-16,0.4668361054335641
2024-07-17,0.4692543400407089
2024-07-18,0.46187209841790955
2024-07-19,0.4808028133191024
2024-07-22,0.4782243329843292
2024-07-23,0.4726216165059504
2024-07-24,0.4650930864368498
2024-07-25,0.4547478127817573
2024-07-26,0.45471115050968597
2024-07-29,0.45787481560536175
2024-07-30,0.453095696475829
2024-07-31,0.4519822427842468
2024-08-01,0.4515453718665647
2024-08-02,0.4586353054859187
2024-08-05,0.4634479714469497
2024-08-06,0.4663657839837348
2024-08-07,0.46662795773815086
2024-08-08,0.4646979895751275
2024-08-09,0.4650303835576894
2024-08-12,0.4699153893868085
2024-08-13,0.46649132284242395
2024-08-14,0.4726528242774791
2024-08-15,0.48032675306395367
2024-08-16,0.47379757947564216
2024-08-19,0.4796843534186011
2024-08-20,0.479708694134139
2024-08-21,0.48645666430904627
2024-08-22,0.46985896100570873
2024-08-23,0.46778884062531073
2024-08-26,0.46168572532792046
2024-08-27,0.4576819348303228
2024-08-28,0.4610747853417203
2024-08-29,0.4573161436279206
2024-08-30,0.4599625478136765
2024-09-02,0.47064131232525025
2024-09-03,0.46804995188192755
2024-09-04,0.46908365521881856
2024-09-05,0.448292540631702
2024-09-06,0.44313879816669405
2024-09-09,0.44389848817882843
2024-09-10,0.4411486702510322
2024-09-11,0.4206086356108509
2024-09-12,0.40920384905505375
2024-09-13,0.423195752374127
2024-09-18,0.4263880670214485
2024-09-19,0.42414233401706647
2024-09-20,0.4220266402239391
2024-09-23,0.42660898908598494
2024-09-24,0.4233312555342358
2024-09-25,0.43232090398065076
2024-09-26,0.43924132481610967
2024-09-27,0.43198857667206714
2024-09-30,0.4389000723066496
2024-10-08,0.45032586189343554
2024-10-09,0.475244672566421
2024-10-10,0.4734264918596699
2024-10-11,0.4746064190518864
2024-10-14,0.4843135535504174
2024-10-15,0.4907815163374151
2024-10-16,0.48767019734709055
2024-10-17,0.4880937813230896
2024-10-18,0.47936342647178615
2024-10-21,0.4748128667940764
2024-10-22,0.4730838256427837
2024-10-23,0.47131695661959166
2024-10-24,0.48126710002947887
2024-10-25,0.4804084516938033
2024-10-28,0.48198685369388095
2024-10-29,0.4731409756662847
2024-10-30,0.47336197046650197
2024-10-31,0.46797685803956424
2024-11-01,0.4743722412097864
2024-11-04,0.47434829499580766
2024-11-05,0.4740458581610277
2024-11-06,0.48561147398923016
2024-11-07,0.49298643852389484
2024-11-08,0.49514835075956654
2024-11-11,0.49605269337848257
2024-11-12,0.49587890727027456
2024-11-13,0.49415921688076364
2024-11-14,0.4958734271274456
2024-11-15,0.4850262165559458
2024-11-18,0.4853717373367004
2024-11-19,0.4862492327789969
2024-11-20,0.4931147445928886
2024-11-21,0.49244239704509724
2024-11-22,0.49856238929170066
2024-11-25,0.4989864095895043
2024-11-26,0.4946236675362681
2024-11-27,0.4950494819407035
2024-11-28,0.4974284533824794
2024-11-29,0.49805103355245656
2024-12-02,0.508037121776686
2024-12-03,0.5208915596301736
2024-12-04,0.5224629672413296
2024-12-05,0.5274277095414763
2024-12-06,0.5267933280483319
2024-12-09,0.5233811886952576
2024-12-10,0.5219414026715357
2024-12-11,0.5162434995429773
2024-12-12,0.5124250868815964
2024-12-13,0.5156557342284389
2024-12-16,0.514228794822327
2024-12-17,0.513190422726381
2024-12-18,0.5141691610154945
2024-12-19,0.5108723649124364
2024-12-20,0.517191718821723
2024-12-23,0.5167389661819358
2024-12-24,0.5176584184471491
2024-12-25,0.5179827120947016
2024-12-26,0.5188552788962071
2024-12-27,0.5159291466647395
2024-12-30,0.5194247400956188
2024-12-31,0.517412642973492
