date,FCT_Close_1_1_1
2013-10-09,
2013-10-10,
2013-10-11,
2013-10-14,0.00580875781948168
2013-10-15,-0.007996446023989337
2013-10-16,-0.0049261083743842365
2013-10-17,-0.00045004500450045
2013-10-18,-0.0022512381809995496
2013-10-21,-0.004963898916967509
2013-10-22,-0.0013605442176870747
2013-10-23,0.010899182561307902
2013-10-24,-0.0026954177897574125
2013-10-25,-0.0009009009009009009
2013-10-28,0.004959422903516681
2013-10-29,-0.011664423508299685
2013-10-30,-0.031320926009986386
2013-10-31,0.00046860356138706655
2013-11-01,0.010772833723653397
2013-11-04,-0.005560704355885079
2013-11-05,0.004193849021435228
2013-11-06,0.0009280742459396752
2013-11-07,-0.0013908205841446453
2013-11-08,0.0
2013-11-11,-0.007892293407613741
2013-11-12,-0.003275620028076743
2013-11-13,0.004225352112676056
2013-11-14,0.006077606358111267
2013-11-15,-0.004182156133828996
2013-11-18,-0.004666355576294913
2013-11-19,0.0009376465072667605
2013-11-20,0.005152224824355972
2013-11-21,0.0009319664492078285
2013-11-22,0.0032588454376163874
2013-11-25,-0.0027842227378190253
2013-11-26,0.009306654257794323
2013-11-27,0.004149377593360996
2013-11-28,0.0032139577594123047
2013-11-29,-0.007780320366132723
2013-12-02,0.0023062730627306273
2013-12-03,0.0013805798435342844
2013-12-04,0.00045955882352941176
2013-12-05,0.006430868167202572
2013-12-06,0.0013692377909630307
2013-12-09,-0.0027347310847766638
2013-12-10,0.010968921389396709
2013-12-11,-0.006329113924050633
2013-12-12,-0.0018198362147406734
2013-12-13,0.00045578851412944393
2013-12-16,-0.00045558086560364467
2013-12-17,-0.004102096627164996
2013-12-18,-0.002288329519450801
2013-12-19,-0.006880733944954129
2013-12-20,0.0009237875288683603
2013-12-23,-0.0018458698661744347
2013-12-24,-0.002311604253351826
2013-12-25,0.003243744207599629
2013-12-26,-0.0009237875288683603
2013-12-27,0.0027739251040221915
2013-12-30,-0.012909174734900875
2013-12-31,0.007940214852872489
2014-01-02,0.004170528266913809
2014-01-03,-0.00692201199815413
2014-01-06,-0.0032527881040892194
2014-01-07,-0.002797202797202797
2014-01-08,0.001402524544179523
2014-01-09,-0.008403361344537815
2014-01-10,0.005649717514124294
2014-01-13,0.0023408239700374533
2014-01-14,0.0
2014-01-15,0.006071929005137786
2014-01-16,0.007892293407613741
2014-01-17,0.006448641179180101
2014-01-20,-0.0013729977116704805
2014-01-21,-0.00229147571035747
2014-01-22,0.0
2014-01-23,-0.0013780431786862655
2014-01-24,0.00045998160073597056
2014-01-27,0.001379310344827586
2014-01-28,0.0009182736455463728
2014-01-29,0.0027522935779816515
2014-01-30,0.0
2014-02-07,0.0
2014-02-10,0.004117108874656907
2014-02-11,0.008656036446469248
2014-02-12,-0.00045167118337850043
2014-02-13,-0.00045187528242205153
2014-02-14,-0.029837251356238697
2014-02-17,-0.010717614165890028
2014-02-18,-0.03626943005181347
2014-02-19,0.0022758306781976126
2014-02-20,-0.0009082652134423532
2014-02-21,-0.0027272727272727006
2014-02-24,-0.00410209662716501
2014-02-25,-0.0009153318077803486
2014-02-26,-0.003664681630783327
2014-02-27,0.0
2014-02-28,-0.017931034482758613
2014-03-03,0.0009363295880150101
2014-03-04,-0.00046772684752106213
2014-03-05,-0.0023397285914835745
2014-03-06,-0.0032833020637897414
2014-03-07,0.004705882352941207
2014-03-10,-0.0018735362997657514
2014-03-11,-0.004223369310183028
2014-03-12,-0.012252591894439125
2014-03-13,0.006679389312976839
2014-03-14,-0.007109004739336482
2014-03-17,0.0
2014-03-18,-0.0004773269689736453
2014-03-19,0.0
2014-03-20,0.0014326647564471523
2014-03-21,0.00476871721506906
2014-03-24,0.0009492168960605474
2014-03-25,0.0004741583688952257
2014-03-26,0.0018957345971565725
2014-03-27,0.0023651844843896245
2014-03-28,-0.0047192071731949345
2014-03-31,-0.0009483167377902199
2014-04-01,-0.010441385856668454
2014-04-02,0.0
2014-04-03,0.0019184652278179224
2014-04-04,-0.008616562948779353
2014-04-08,-0.006760019314340871
2014-04-09,0.0029168692270295075
2014-04-10,0.005332040717402007
2014-04-11,0.0009643201542911367
2014-04-14,-0.0014450867052021217
2014-04-15,0.002894356005788565
2014-04-16,0.012506012506012423
2014-04-17,0.00047505938242293355
2014-04-18,-0.00474833808167133
2014-04-21,-0.0033396946564886523
2014-04-22,-0.000957395883197615
2014-04-23,-0.004312410158121839
2014-04-24,0.0009624639076034946
2014-04-25,-0.0004807692307692456
2014-04-28,0.006734006734006707
2014-04-29,-0.0023889154323936505
2014-04-30,0.0028735632183907764
2014-05-05,-0.0019102196752625977
2014-05-06,0.006220095693779863
2014-05-07,-0.0023775558725629624
2014-05-08,-0.003813155386081984
2014-05-09,-0.010526315789473776
2014-05-12,0.003384912959381149
2014-05-13,0.0
2014-05-14,0.0019277108433734358
2014-05-15,0.00048100048100049587
2014-05-16,0.0009615384615383739
2014-05-19,-0.0024015369836693883
2014-05-20,-0.00048146364949459554
2014-05-21,-0.003371868978805382
2014-05-22,0.00048332527791204976
2014-05-23,0.0
2014-05-26,0.0
2014-05-27,-0.001861330851558866
2014-05-28,-0.0027972027972027994
2014-05-29,-0.007947639083683912
2014-05-30,-0.0037700282752120666
2014-06-03,0.0
2014-06-04,0.0009460737937559136
2014-06-05,-0.004253308128544487
2014-06-06,0.0018984337921215011
2014-06-09,0.0
2014-06-10,0.0
2014-06-11,0.0
2014-06-12,0.001421127427759417
2014-06-13,0.00047303689687789685
2014-06-16,-0.0014184397163118782
2014-06-17,0.009469696969696736
2014-06-18,-0.0014071294559098854
2014-06-19,-0.0009394081728511045
2014-06-20,-0.0004701457451809469
2014-06-23,-0.003292568203198676
2014-06-24,0.0
2014-06-25,0.0037753657385560455
2014-06-26,-0.0018805829807240259
2014-06-27,0.0
2014-06-30,-0.0014130946773433235
2014-07-01,0.0014150943396225826
2014-07-02,0.002355157795572365
2014-07-03,-0.002819548872180453
2014-07-04,0.004712535344014964
2014-07-07,0.003283302063789931
2014-07-08,0.0018700327255725805
2014-07-09,-0.0032664489034061467
2014-07-10,-0.003745318352060046
2014-07-11,-0.0009398496240601511
2014-07-14,0.001411100658513582
2014-07-15,0.0009394081728511045
2014-07-16,-0.0004692632566869423
2014-07-17,0.0032863849765258834
2014-07-18,-0.0018717828731868301
2014-07-21,0.0009376465072667611
2014-07-22,0.0
2014-07-23,-0.002810304449648714
2014-07-24,-0.001878816345702209
2014-07-25,-0.001882352941176472
2014-07-28,0.0009429514380009437
2014-07-29,0.001884126236457844
2014-07-30,0.0037611659614480517
2014-07-31,-0.000468384074941393
2014-08-01,-0.003748828491096535
2014-08-04,-0.0004703668861712735
2014-08-05,0.000941176470588236
2014-08-06,0.002820874471086039
2014-08-07,0.004219409282700366
2014-08-08,-0.00560224089635843
2014-08-11,-0.0014084507042254127
2014-08-12,0.001410437235543079
2014-08-13,-0.002347417840375648
2014-08-14,-0.005647058823529297
2014-08-15,-0.0023663038334123918
2014-08-18,-0.0009487666034154403
2014-08-19,-0.005223171889838621
2014-08-20,0.0019093078758949896
2014-08-21,0.0009528346831824686
2014-08-22,0.004283674440742567
2014-08-25,0.004739336492890999
2014-08-26,-0.0014150943396227023
2014-08-27,0.0037789324515824308
2014-08-28,0.004235294117647122
2014-08-29,0.0018744142455482675
2014-09-01,0.0028063610851262882
2014-09-02,-0.003731343283581974
2014-09-03,0.0014044943820222947
2014-09-04,0.002337540906965933
2014-09-05,-0.0009328358208956413
2014-09-09,0.0028011204481793923
2014-09-10,0.010242085661080199
2014-09-11,-0.005990783410138428
2014-09-12,0.006026889197960311
2014-09-15,0.03548387096774178
2014-09-16,0.0182465509568314
2014-09-17,-0.005244755244755359
2014-09-18,-0.006653992395437284
2014-09-19,0.003349282296650841
2014-09-22,-0.00619933237958991
2014-09-23,-0.019193857965451117
2014-09-24,-0.0063600782778865175
2014-09-25,0.0014771048744460905
2014-09-26,-0.007374631268436602
2014-09-29,0.004952947003467079
2014-09-30,-0.003942828979793014
2014-10-08,0.02671944581890162
2014-10-09,-0.007228915662650738
2014-10-10,0.0029126213592234242
2014-10-13,-0.011616650532429853
2014-10-14,-0.0024485798237022607
2014-10-15,0.004909180166912141
2014-10-16,0.003908158280410484
2014-10-17,-0.011678832116788471
2014-10-20,0.0
2014-10-21,0.004431314623338271
2014-10-22,-0.0019607843137254967
2014-10-23,0.002455795677799615
2014-10-24,0.0009799118079372889
2014-10-27,-0.0014684287812041163
2014-10-28,0.0024509803921568705
2014-10-29,-0.004400977995110039
2014-10-30,-0.005402750491159153
2014-10-31,0.005432098765432117
2014-11-03,-0.001473477406679769
2014-11-04,-0.0009837678307919363
2014-11-05,0.0004923682914820301
2014-11-06,0.0014763779527559103
2014-11-07,-0.01081081081081096
2014-11-10,0.0019870839542970756
2014-11-11,-0.0024789291026274408
2014-11-12,-0.001988071570576547
2014-11-13,-0.003984063745019933
2014-11-14,0.006499999999999786
2014-11-17,-0.008941877794336608
2014-11-18,-0.018546365914787144
2014-11-19,-0.031154239019407424
2014-11-20,-0.025830258302582985
2014-11-21,0.009199134199134228
2014-11-24,-0.0037533512064342025
2014-11-25,-0.0010764262648009905
2014-11-26,0.010237068965517147
2014-11-27,-0.013866666666666586
2014-11-28,-0.01135749053542459
2014-12-01,-0.009846827133479116
2014-12-02,-0.02762430939226528
2014-12-03,0.039772727272727265
2014-12-04,-0.0010928961748633914
2014-12-05,0.02680525164113781
2014-12-08,-0.03622802344166222
2014-12-09,-0.03593145384190159
2014-12-10,-0.06249999999999993
2014-12-11,-0.0006116207951070356
2014-12-12,0.028151774785801657
2014-12-15,-0.006896551724137785
2014-12-16,0.012152777777777695
2014-12-17,0.0005717552887364895
2014-12-18,-0.00742857142857149
2014-12-19,0.009786989061600521
2014-12-22,-0.0279361459521095
2014-12-23,-0.0005865102639296893
2014-12-24,0.0
2014-12-25,0.0
2014-12-26,0.028169014084507157
2014-12-29,-0.02682648401826488
2014-12-30,0.005865102639296182
2014-12-31,0.018658892128279862
2015-01-05,0.005724098454493411
2015-01-06,-0.0017074558907227522
2015-01-07,-0.007981755986316981
2015-01-08,-0.002298850574712641
2015-01-09,-0.00633640552995398
2015-01-12,-0.012753623188405784
2015-01-13,-0.04815032295948321
2015-01-14,-0.049352251696483745
2015-01-15,-0.042180402336145395
2015-01-16,-0.010162601626016168
2015-01-19,0.011635865845311335
2015-01-20,0.0013531799729365635
2015-01-21,-0.02432432432432446
2015-01-22,-0.0006925207756231839
2015-01-23,-0.013167013167013237
2015-01-26,0.011235955056179765
2015-01-27,-0.006249999999999909
2015-01-28,-0.04053109713487067
2015-01-29,0.008011653313911045
2015-01-30,0.007225433526011553
2015-02-02,-0.0028694404591104706
2015-02-03,-0.012230215827338029
2015-02-04,0.0087399854333576
2015-02-05,0.0231046931407942
2015-02-06,-0.007762879322512427
2015-02-09,-0.012091038406827782
2015-02-10,0.015838732901367874
2015-02-11,-0.0007087172218285757
2015-02-12,0.0
2015-02-13,0.002127659574468169
2015-02-16,0.008492569002123133
2015-02-17,0.040701754385964864
2015-02-25,0.0
2015-02-26,0.0013486176668914347
2015-02-27,-0.0148148148148148
2015-03-02,0.03280929596719067
2015-03-03,0.017868960953011312
2015-03-04,0.026657997399219657
2015-03-05,0.013932868904369995
2015-03-06,-0.010618363522798316
2015-03-09,-0.037247474747474786
2015-03-10,-0.01573770491803277
2015-03-11,0.006662225183211186
2015-03-12,-0.013236267372600913
2015-03-13,-0.008048289738430576
2015-03-16,0.02231237322515219
2015-03-17,0.008597883597883507
2015-03-18,-0.01901639344262285
2015-03-19,-0.0013368983957219235
2015-03-20,-0.006024096385542243
2015-03-23,0.008080808080808072
2015-03-24,-0.0006680026720106062
2015-03-25,0.03409090909090897
2015-03-26,0.008403361344537884
2015-03-27,-0.009615384615384682
2015-03-30,0.023948220064724975
2015-03-31,-0.01264222503160555
2015-04-01,-0.01472471190781056
2015-04-02,0.0019493177387914999
2015-04-03,0.006485084306095972
2015-04-07,0.04381443298969068
2015-04-08,0.011728395061728458
2015-04-09,0.02684563758389259
2015-04-10,-0.011289364230540761
2015-04-13,-0.009615384615384606
2015-04-14,0.02245145631067966
2015-04-15,0.004747774480712161
2015-04-16,-0.00708800945067926
2015-04-17,0.002974419988102245
2015-04-20,0.023131672597864816
2015-04-21,-0.012753623188405784
2015-04-22,-0.0287727539635937
2015-04-23,-0.02720677146311961
2015-04-24,0.011187072715972642
2015-04-27,-0.013521819299323746
2015-04-28,0.01433021806853558
2015-04-29,0.015356265356265416
2015-04-30,-0.0030248033877798646
2015-05-04,-0.017597087378640686
2015-05-05,0.0012353304508956131
2015-05-06,0.00431832202344224
2015-05-07,0.020884520884520863
2015-05-08,0.0
2015-05-11,-0.021660649819494563
2015-05-12,-0.026445264452644574
2015-05-13,0.019583070120025324
2015-05-14,-0.014250309789343307
2015-05-15,0.010056568196103222
2015-05-18,-0.006222775357809576
2015-05-19,-0.0018785222291797857
2015-05-20,-0.023212045169385246
2015-05-21,-0.01798330122029542
2015-05-22,-0.02681491170699809
2015-05-25,0.006720430107527038
2015-05-26,0.0006675567423230157
2015-05-27,0.0006671114076051503
2015-05-28,0.0033333333333332485
2015-05-29,0.0
2015-06-01,-0.0033222591362125405
2015-06-02,-0.0013333333333333318
2015-06-03,0.0033377837116154024
2015-06-04,-0.00532268795741849
2015-06-05,0.005639097744360892
2015-06-08,-0.031775700934579494
2015-06-09,-0.009009009009009087
2015-06-10,-0.003246753246753167
2015-06-11,-0.0032573289902281016
2015-06-12,0.01241830065359477
2015-06-15,0.0012911555842479371
2015-06-16,-0.037395228884590605
2015-06-17,0.0006697923643670645
2015-06-18,0.008032128514056271
2015-06-19,-0.00863213811420989
2015-06-23,0.003348961821835322
2015-06-24,-0.01268357810413885
2015-06-25,-0.01149425287356318
2015-06-26,0.017783857729138118
2015-06-29,-0.00873655913978501
2015-06-30,0.0033898305084746685
2015-07-01,-0.008108108108108154
2015-07-02,-0.04223433242506821
2015-07-03,0.004978662873399852
2015-07-06,-0.0035385704175514053
2015-07-07,0.01562500000000006
2015-07-08,-0.04685314685314686
2015-07-09,-0.0337490829053558
2015-07-10,-0.06454062262718298
2015-07-13,0.020292207792207712
2015-07-14,0.012728719172633188
2015-07-15,-0.022780832678711716
2015-07-16,0.004019292604501718
2015-07-17,0.02642113690952751
2015-07-20,-0.005460218408736297
2015-07-21,0.007843137254901971
2015-07-22,0.008560311284046725
2015-07-23,-0.0015432098765432519
2015-07-24,0.014683153013910355
2015-07-27,-0.004569687738004497
2015-07-28,-0.0045906656465188695
2015-07-29,-0.04304381245196001
2015-07-30,0.002409638554216933
2015-07-31,0.012019230769230681
2015-08-03,-0.0007917656373711546
2015-08-04,0.0031695721077655377
2015-08-05,-0.03870458135861002
2015-08-06,0.012325390304026417
2015-08-07,0.006493506493506459
2015-08-10,-0.012096774193548506
2015-08-11,0.03591836734693891
2015-08-12,0.019700551615445153
2015-08-13,-0.013137557959814486
2015-08-14,-0.006264682850430664
2015-08-17,0.0015760441292356614
2015-08-18,-0.014162077104642195
2015-08-19,-0.026336791699920082
2015-08-20,-0.004918032786885167
2015-08-21,0.009060955518945453
2015-08-24,-0.015510204081632653
2015-08-25,-0.0240464344941957
2015-08-26,-0.035683942225998286
2015-08-27,-0.00980392156862753
2015-08-28,0.0108010801080109
2015-08-31,0.04897595725734633
2015-09-01,0.0033955857385399653
2015-09-02,-0.007614213197969477
2015-09-07,0.016197783461210452
2015-09-08,-0.04697986577181204
2015-09-09,0.005281690140845062
2015-09-10,0.008756567425569125
2015-09-11,0.018229166666666807
2015-09-14,0.051150895140664655
2015-09-15,-0.006488240064882322
2015-09-16,0.019591836734694057
2015-09-17,-0.03362690152121702
2015-09-18,0.009113504556752246
2015-09-21,-0.009852216748768457
2015-09-22,-0.016583747927031413
2015-09-23,0.012647554806070643
2015-09-24,-0.023313905079100573
2015-09-25,0.005967604433077478
2015-09-28,0.005084745762711965
2015-09-29,-0.003372681281618953
2015-09-30,0.0008460236886632992
2015-10-08,-0.01606086221470847
2015-10-09,0.006872852233677112
2015-10-12,0.015358361774743891
2015-10-13,0.03445378151260508
2015-10-14,-0.010560519902518278
2015-10-15,-0.00738916256157629
2015-10-16,-0.0016542597187758803
2015-10-19,-0.0008285004142502235
2015-10-20,0.006633499170812522
2015-10-21,0.006589785831960592
2015-10-22,-0.026186579378068838
2015-10-23,-0.04033613445378145
2015-10-26,-0.01138353765323993
2015-10-27,-0.023029229406554472
2015-10-28,0.0036264732547597015
2015-10-29,0.005420054200541997
2015-10-30,-0.004492362982928995
2015-11-02,0.009927797833934984
2015-11-03,-0.025915996425379745
2015-11-04,0.0036697247706422745
2015-11-05,-0.010968921389396808
2015-11-06,0.028650646950092395
2015-11-09,0.008086253369272283
2015-11-10,0.02139037433155077
2015-11-11,-0.009598603839441614
2015-11-12,0.009691629955947216
2015-11-13,-0.010471204188481548
2015-11-16,0.015873015873015733
2015-11-17,-0.0034722222222220685
2015-11-18,-0.051393728222996635
2015-11-19,-0.032139577594123094
2015-11-20,-0.012333965844402278
2015-11-23,-0.02209414024975979
2015-11-24,0.010805500982318108
2015-11-25,-0.0651117589893098
2015-11-26,0.0155925155925155
2015-11-27,-0.003070624360286521
2015-11-30,0.0031185031185028923
2015-12-01,-0.027979274611398906
2015-12-02,-0.0042643923240937775
2015-12-03,0.00856531049250541
2015-12-04,0.004246284501061263
2015-12-07,-0.03488372093023245
2015-12-08,0.007667031763417305
2015-12-09,-0.009782608695652154
2015-12-10,-0.04500548847420425
2015-12-11,-0.004597701149425101
2015-12-14,-0.027713625866050844
2015-12-15,-0.008313539192399048
2015-12-16,0.019161676646706562
2015-12-17,0.0
2015-12-18,0.00470035252643944
2015-12-21,0.0011695906432749171
2015-12-22,0.018691588785046707
2015-12-23,-0.0011467889908257502
2015-12-24,0.01059322033898316
2015-12-25,0.006289308176100721
2015-12-28,-0.006250000000000091
2015-12-29,-0.02096436058700202
2015-12-30,-0.011777301927194934
2015-12-31,0.016251354279523383
2016-01-04,0.008528784648187513
2016-01-05,0.0010570824524314018
2016-01-06,-0.044350580781415065
2016-01-07,0.003314917127071872
2016-01-08,-0.007709251101321648
2016-01-11,-0.023307436182020014
2016-01-12,0.01818181818181824
2016-01-13,-0.01674107142857137
2016-01-14,-0.0374574347332579
2016-01-15,0.0023584905660379864
2016-01-18,0.008235294117646964
2016-01-19,-0.004667444574095698
2016-01-20,0.0011723329425556495
2016-01-21,0.028103044496487213
2016-01-22,-0.023917995444191383
2016-01-25,-0.005834305717619582
2016-01-26,0.03286384976525816
2016-01-27,-0.007954545454545364
2016-01-28,0.0
2016-01-29,0.010309278350515457
2016-02-01,-0.003401360544217892
2016-02-02,-0.02502844141069382
2016-02-03,-0.01633605600933486
2016-02-04,0.00711743772241987
2016-02-05,-0.008244994110718398
2016-02-15,0.008313539192398954
2016-02-16,-0.03415783274440509
2016-02-17,-0.0048780487804878205
2016-02-18,0.028186274509803884
2016-02-19,-0.010727056019070315
2016-02-22,0.0204819277108434
2016-02-23,0.01298701298701307
2016-02-24,0.01282051282051274
2016-02-25,-0.003452243958573123
2016-02-26,-0.02540415704387991
2016-02-29,0.0035545023696682988
2016-03-01,0.038961038961038884
2016-03-02,-0.00454545454545456
2016-03-03,0.026255707762557205
2016-03-04,0.024471635150166853
2016-03-07,-0.005428881650380002
2016-03-08,0.0065502183406113
2016-03-09,0.05639913232104125
2016-03-10,-0.045174537987679675
2016-03-11,-0.017204301075268873
2016-03-14,-0.026258205689277832
2016-03-15,0.011235955056179733
2016-03-16,0.003333333333333382
2016-03-17,-0.005537098560354506
2016-03-18,0.017817371937639256
2016-03-21,0.02188183807439832
2016-03-22,0.01820128479657375
2016-03-23,-0.005257623554153504
2016-03-24,-0.0031712473572937704
2016-03-25,-0.020148462354188858
2016-03-28,-0.04329004329004328
2016-03-29,0.007918552036199159
2016-03-30,-0.01683501683501693
2016-03-31,-0.009132420091324074
2016-04-01,0.012672811059907597
2016-04-05,-0.005688282138793753
2016-04-06,0.012585812356979326
2016-04-07,-0.040677966101695044
2016-04-08,0.009422850412249736
2016-04-11,0.0011668611435240444
2016-04-12,0.01631701631701629
2016-04-13,0.01834862385321091
2016-04-14,0.01594048884165805
2016-04-15,0.015690376569037434
2016-04-18,0.011328527291452362
2016-04-19,-0.003054989816700893
2016-04-20,-0.0051072522982635125
2016-04-21,0.029774127310061623
2016-04-22,0.022931206380857473
2016-04-25,0.05068226120857706
2016-04-26,-0.04081632653061247
2016-04-27,0.0058027079303676204
2016-04-28,-0.0028846153846152326
2016-04-29,0.011571841851494784
2016-05-03,-0.020019065776930595
2016-05-04,0.004863813229571963
2016-05-05,-0.033881897386253766
2016-05-06,-0.013026052104208216
2016-05-09,0.004060913705583738
2016-05-10,-0.02628918099089993
2016-05-11,-0.01765316718587739
2016-05-12,0.003171247357293855
2016-05-13,0.024236037934667963
2016-05-16,0.01337448559670791
2016-05-17,-0.019289340101522903
2016-05-18,0.02795031055900624
2016-05-19,0.01107754279959713
2016-05-20,-0.011952191235059709
2016-05-23,-0.02620967741935487
2016-05-24,0.006211180124223575
2016-05-25,-0.04320987654320984
2016-05-26,-0.01505376344086015
2016-05-27,0.02074235807860253
2016-05-30,0.007486631016042904
2016-05-31,-0.025477707006369466
2016-06-01,0.009803921568627407
2016-06-02,0.0032362459546925425
2016-06-03,-0.01720430107526874
2016-06-06,0.015317286652078706
2016-06-07,0.01077586206896547
2016-06-08,0.020255863539445695
2016-06-13,0.0041797283176593335
2016-06-14,-0.005202913631633541
2016-06-15,0.0031380753138073652
2016-06-16,0.009384775808133431
2016-06-17,-0.003099173553718995
2016-06-20,-0.0041450777202072355
2016-06-21,0.0010405827263265872
2016-06-22,0.03430353430353446
2016-06-23,-0.009045226130653226
2016-06-24,0.02738336713995946
2016-06-27,-0.00394866732477787
2016-06-28,-0.023785926660059502
2016-06-29,0.02944162436548225
2016-06-30,-0.0029585798816567917
2016-07-01,0.018793273986152242
2016-07-04,0.010679611650485532
2016-07-05,-0.020172910662824256
2016-07-06,0.0470588235294117
2016-07-07,-0.04868913857677895
2016-07-08,-0.03937007874015745
2016-07-11,0.0
2016-07-12,-0.010245901639344366
2016-07-13,0.016563146997929837
2016-07-14,0.03054989816700597
2016-07-15,-0.001976284584980372
2016-07-18,0.027722772277227747
2016-07-19,-0.0009633911368013973
2016-07-20,-0.04435872709739642
2016-07-21,-0.0010090817356205807
2016-07-22,0.005050505050505028
2016-07-25,0.025125628140703554
2016-07-26,-0.030392156862745105
2016-07-27,0.008088978766430702
2016-07-28,0.005015045135406197
2016-07-29,-0.0109780439121756
2016-08-01,-0.0030272452068617426
2016-08-02,-0.04757085020242923
2016-08-03,0.01487778958554738
2016-08-04,-0.012565445026177955
2016-08-05,-0.0030518819938965
2016-08-08,0.0020408163265309954
2016-08-09,0.0
2016-08-10,0.02036659877800388
2016-08-11,-0.0009980039920160042
2016-08-12,-0.0029970029970031054
2016-08-15,-0.008016032064128093
2016-08-16,0.025252525252525398
2016-08-17,0.003940886699507233
2016-08-18,-0.008832188420019649
2016-08-19,0.0009900990099010259
2016-08-22,-0.01285855588526228
2016-08-23,-0.016032064128256186
2016-08-24,-0.034623217922607086
2016-08-25,-0.0021097046413501275
2016-08-26,0.0021141649048624952
2016-08-29,-0.022151898734177215
2016-08-30,0.00862998921251347
2016-08-31,0.004278074866310153
2016-09-01,-0.010649627263045695
2016-09-02,-0.0032292787944027
2016-09-05,0.012958963282937342
2016-09-06,-0.00426439232409381
2016-09-07,0.006423982869379085
2016-09-08,0.01595744680851073
2016-09-09,-0.0031413612565446155
2016-09-12,-0.0010504201680672648
2016-09-13,-0.0021030494216613257
2016-09-14,-0.03898840885142252
2016-09-19,0.0
2016-09-20,-0.003289473684210645
2016-09-21,0.012101210121012205
2016-09-22,0.0
2016-09-23,-0.005434782608695683
2016-09-26,-0.004371584699453544
2016-09-27,0.004390779363336985
2016-09-28,-0.004371584699453544
2016-09-29,-0.007683863885839848
2016-09-30,-0.04977876106194703
2016-10-10,0.00931315483119923
2016-10-11,-0.0011534025374854496
2016-10-12,-0.001154734411085492
2016-10-13,0.02312138728323695
2016-10-14,-0.01920903954802278
2016-10-17,-0.0034562211981564585
2016-10-18,-0.005780346820809282
2016-10-19,0.032558139534883665
2016-10-20,-0.00337837837837833
2016-10-21,0.0
2016-10-24,0.03728813559322031
2016-10-25,-0.0032679738562091036
2016-10-26,0.0010928961748634274
2016-10-27,-0.016375545851528478
2016-10-28,-0.02330743618201998
2016-10-31,0.006818181818181721
2016-11-01,0.027088036117381618
2016-11-02,-0.004395604395604388
2016-11-03,0.008830022075055172
2016-11-04,-0.005470459518599594
2016-11-07,-0.0022002200220021134
2016-11-08,-0.03197353914002204
2016-11-09,0.009111617312072703
2016-11-10,0.025959367945824013
2016-11-11,0.00110011001100114
2016-11-14,0.039560439560439656
2016-11-15,0.024612579762989858
2016-11-16,-0.0729537366548045
2016-11-17,0.0172744721689061
2016-11-18,0.03207547169811317
2016-11-21,-0.002742230347349094
2016-11-22,-0.006416131989000989
2016-11-23,0.035977859778597826
2016-11-24,0.03561887800534279
2016-11-25,0.009458297506448905
2016-11-28,-0.015332197614991614
2016-11-29,-0.010380622837370079
2016-11-30,0.02360139860139865
2016-12-01,-0.016225448334756674
2016-12-02,-0.03298611111111107
2016-12-05,0.052064631956911966
2016-12-06,-0.00255972696245741
2016-12-07,0.03421727972626187
2016-12-08,-0.0033085194375516917
2016-12-09,0.014107883817427296
2016-12-12,-0.021276595744680826
2016-12-13,0.030936454849498512
2016-12-14,0.03163017031630159
2016-12-15,-0.002358490566037802
2016-12-16,-0.007092198581560206
2016-12-19,-0.003968253968254033
2016-12-20,-0.01035856573705185
2016-12-21,0.03703703703703714
2016-12-22,0.004658385093167696
2016-12-23,0.001545595054095825
2016-12-26,-0.03163580246913583
2016-12-27,-0.003984063745019846
2016-12-28,-0.012800000000000124
2016-12-29,0.06888168557536481
2016-12-30,0.0219863532979529
2017-01-03,0.020771513353115702
2017-01-04,-0.0050872093023255115
2017-01-05,-0.032870708546384374
2017-01-06,0.002265861027190529
2017-01-09,-0.003014318010550109
2017-01-10,0.01209372637944065
2017-01-11,0.012696041822255333
2017-01-12,-0.016961651917404046
2017-01-13,0.003000750187546883
2017-01-16,0.010471204188481662
2017-01-17,0.015544041450777119
2017-01-18,0.0007288629737609961
2017-01-19,-0.026948288419519333
2017-01-20,0.0014970059880239502
2017-01-23,-0.010463378176382779
2017-01-24,-0.029456193353474224
2017-01-25,0.007782101167315166
2017-01-26,0.016988416988417104
2017-02-03,0.0030372057706909606
2017-02-06,0.019682059046177248
2017-02-07,0.009651076466221023
2017-02-08,0.008088235294117702
2017-02-09,-0.009482129832239294
2017-02-10,0.015463917525773372
2017-02-13,-0.008701957940536737
2017-02-14,0.027066569129480647
2017-02-15,0.046296296296296176
2017-02-16,-0.0006807351940094698
2017-02-17,-0.037465940054495925
2017-02-20,-0.00707714083510261
2017-02-21,-0.0007127583749108418
2017-02-22,0.028530670470756154
2017-02-23,-0.014563106796116547
2017-02-24,0.02040816326530591
2017-02-27,-0.03310344827586191
2017-02-28,0.027104136947218225
2017-03-01,0.01736111111111115
2017-03-02,-0.015017064846416364
2017-03-03,0.018711018711018625
2017-03-06,-0.01768707482993195
2017-03-07,-0.008310249307479214
2017-03-08,-0.007681564245809985
2017-03-09,0.0035186488388458167
2017-03-10,-0.022440392706872342
2017-03-13,-0.03873744619799147
2017-03-14,-0.011194029850746058
2017-03-15,0.024150943396226383
2017-03-16,-0.031687546057479886
2017-03-17,0.019025875190258796
2017-03-20,0.005974607916355613
2017-03-21,-0.0022271714922050922
2017-03-22,0.0022321428571430504
2017-03-23,0.011135857461024289
2017-03-24,-0.049192364170337746
2017-03-27,-0.004633204633204628
2017-03-28,0.0007757951900698888
2017-03-29,-0.0224806201550388
2017-03-30,0.026169706582077755
2017-03-31,0.010819165378670776
2017-04-05,0.0
2017-04-06,0.0015290519877675822
2017-04-07,0.06030534351145038
2017-04-10,0.0007199424046076937
2017-04-11,-0.012949640287769895
2017-04-12,-0.0036443148688045965
2017-04-13,-0.06656912948061447
2017-04-14,-0.001567398119122255
2017-04-17,-0.0031397174254317074
2017-04-18,-0.0322834645669293
2017-04-19,0.01790073230268509
2017-04-20,-0.011990407673860688
2017-04-21,0.015372168284789553
2017-04-24,-0.005577689243027812
2017-04-25,-0.009615384615384604
2017-04-26,-0.0016181229773464183
2017-04-27,0.016207455429497693
2017-04-28,-0.014018691588784974
2017-05-02,0.021327014218009366
2017-05-03,0.020108275328693012
2017-05-04,-0.001516300227444996
2017-05-05,0.0
2017-05-08,-0.03796507213363705
2017-05-09,-0.04577742699289659
2017-05-10,0.015715467328370602
2017-05-11,0.0048859934853420425
2017-05-12,-0.004862236628849293
2017-05-15,0.012214983713355032
2017-05-16,-0.011263073209975868
2017-05-17,0.02441008950366148
2017-05-18,0.014297061159650726
2017-05-19,-0.0046985121378231845
2017-05-22,0.0031471282454759233
2017-05-23,0.018039215686274618
2017-05-24,0.0015408320493065866
2017-05-25,-0.03153846153846157
2017-05-26,-0.0007942811755362625
2017-05-31,0.021462639109698107
2017-06-01,-0.037354085603112874
2017-06-02,-0.05335489086499592
2017-06-05,0.005123825789923166
2017-06-06,-0.0169923534409516
2017-06-07,0.013828867761451992
2017-06-08,0.011082693947143948
2017-06-09,-0.0033726812816188023
2017-06-12,-0.005922165820642981
2017-06-13,-0.007659574468085066
2017-06-14,0.0034305317324187464
2017-06-15,-0.009401709401709623
2017-06-16,0.00345125107851603
2017-06-19,-0.01461736887360269
2017-06-20,0.0052356020942407044
2017-06-21,-0.0008680555555556897
2017-06-22,0.006081668114683044
2017-06-23,-0.021588946459412856
2017-06-26,-0.00706090026478374
2017-06-27,0.006222222222222225
2017-06-28,0.007067137809187259
2017-06-29,0.006140350877193143
2017-06-30,0.003487358326067758
2017-07-03,0.01737619461337986
2017-07-04,0.004269854824935844
2017-07-05,0.0059523809523809555
2017-07-06,-0.01521555367709206
2017-07-07,0.016309012875536377
2017-07-10,0.002533783783783872
2017-07-11,0.000842459983150779
2017-07-12,0.0
2017-07-13,0.030303030303030293
2017-07-14,0.0016339869281045338
2017-07-17,0.009787928221859752
2017-07-18,0.01534733441033916
2017-07-19,0.023866348448687465
2017-07-20,-0.0038850038850039266
2017-07-21,0.012480499219968905
2017-07-24,-0.008474576271186503
2017-07-25,-0.010101010101010124
2017-07-26,0.003924646781789681
2017-07-27,0.03362001563721657
2017-07-28,-0.006807866868381205
2017-07-31,0.009139375476009182
2017-08-01,-0.01962264150943401
2017-08-02,0.0277136258660508
2017-08-03,-0.005243445692884032
2017-08-04,-0.013554216867469809
2017-08-07,-0.016212232866617375
2017-08-08,0.0029962546816478712
2017-08-09,-0.011949215832710983
2017-08-10,0.012093726379440669
2017-08-11,0.014936519790888659
2017-08-14,0.0029433406916851324
2017-08-15,-0.052090975788701394
2017-08-16,0.0038699690402476256
2017-08-17,0.007710100231303189
2017-08-18,0.0045906656465185686
2017-08-21,0.021325209444021546
2017-08-22,0.012677106636838062
2017-08-23,0.0
2017-08-24,0.0022091310751103715
2017-08-25,-0.0124908155767818
2017-08-28,0.019345238095238138
2017-08-29,0.005839416058394163
2017-08-30,-0.005079825834542801
2017-08-31,-0.00875273522975937
2017-09-01,-0.0029433406916851324
2017-09-04,-0.014022140221402135
2017-09-05,0.011976047904191621
2017-09-06,-0.033284023668638876
2017-09-07,-0.0038255547054322353
2017-09-08,0.0015360983102914655
2017-09-11,-0.03067484662576646
2017-09-12,-0.023734177215190135
2017-09-13,0.008914100486223724
2017-09-14,0.0032128514056222668
2017-09-15,-0.010408326661328864
2017-09-18,0.0008090614886731583
2017-09-19,0.007275666936135834
2017-09-20,0.0048154093097912964
2017-09-21,-0.015175718849840317
2017-09-22,0.003244120032441277
2017-09-25,-0.014551333872271668
2017-09-26,0.01968826907301067
2017-09-27,-0.0008045052292840094
2017-09-28,0.007246376811594225
2017-09-29,0.0031974420463629855
2017-10-09,-0.030278884462151514
2017-10-10,-0.002465078060805164
2017-10-11,-0.030477759472817088
2017-10-12,0.010195412064570867
2017-10-13,0.010092514718250713
2017-10-16,0.007493755203996536
2017-10-17,0.0024793388429754193
2017-10-18,-0.00906842539159131
2017-10-19,0.004991680532446042
2017-10-20,-0.0016556291390728867
2017-10-23,-0.014925373134328401
2017-10-24,0.010101010101010183
2017-10-25,0.005833333333333315
2017-10-26,0.0
2017-10-27,0.031483015741507844
2017-10-30,-0.0008032128514057911
2017-10-31,-0.0024115755627008724
2017-11-01,0.020145044319097378
2017-11-02,-0.010268562401263627
2017-11-03,-0.011173184357541867
2017-11-06,0.0016142050040354003
2017-11-07,0.00966962127316688
2017-11-08,0.009577015163607271
2017-11-09,0.005533596837944795
2017-11-10,-0.0007861635220125972
2017-11-13,-0.0007867820613690193
2017-11-14,0.0
2017-11-15,0.016535433070866093
2017-11-16,-0.006971340046475621
2017-11-17,-0.04446177847113888
2017-11-20,0.003265306122449057
2017-11-21,0.0016273393002441394
2017-11-22,0.03249390739236394
2017-11-23,-0.0015735641227380387
2017-11-24,0.019287833827893088
2017-11-27,0.0036390101892285194
2017-11-28,0.0036258158085569147
2017-11-29,-0.02384393063583814
2017-11-30,0.00518134715025914
2017-12-01,-0.006627393225331379
2017-12-04,0.01704966641957006
2017-12-05,0.010932944606413962
2017-12-06,0.0007209805335254215
2017-12-07,-0.0036023054755041704
2017-12-08,0.002892263195950852
2017-12-11,-0.05767844268204756
2017-12-12,0.009946442234123979
2017-12-13,-0.0007575757575758752
2017-12-14,-0.011372251705837572
2017-12-15,0.006134969325153264
2017-12-18,-0.0030487804878048994
2017-12-19,0.00229357798165143
2017-12-20,0.009916094584286684
2017-12-21,-0.004531722054380622
2017-12-22,0.0022761760242792643
2017-12-25,-0.02043906131718413
2017-12-26,0.0
2017-12-27,0.0030911901081918285
2017-12-28,0.0030816640986132725
2017-12-29,0.009984639016897112
2018-01-02,-0.002281368821292829
2018-01-03,-0.0007621951219511871
2018-01-04,0.02288329519450779
2018-01-05,-0.0074571215510811145
2018-01-08,0.012772351615326874
2018-01-09,0.0007418397626112444
2018-01-10,-0.0029651593773165515
2018-01-11,0.008178438661709983
2018-01-12,0.01696165191740414
2018-01-15,-0.0029006526468455607
2018-01-16,0.0007272727272726964
2018-01-17,0.02034883720930247
2018-01-18,-0.014957264957265026
2018-01-19,0.0
2018-01-22,-0.0007230657989876772
2018-01-23,-0.006512301013024612
2018-01-24,0.013838310269482873
2018-01-25,-0.005028735632183978
2018-01-26,0.03321299638989172
2018-01-29,0.018867924528302053
2018-01-30,-0.000685871056241533
2018-01-31,0.004804392587508647
2018-02-01,-0.011612021857923543
2018-02-02,0.001382170006910928
2018-02-05,-0.007591442374051156
2018-02-06,0.004867872044506189
2018-02-07,-0.008996539792387435
2018-02-08,-0.01955307262569832
2018-02-09,0.002136752136752046
2018-02-12,-0.017057569296375245
2018-02-13,-0.008676789587852412
2018-02-14,-0.013129102844638968
2018-02-22,-0.0029563932002956597
2018-02-23,-0.005189028910303855
2018-02-26,0.01713859910581208
2018-02-27,0.017582417582417704
2018-02-28,0.0057595392368609485
2018-03-01,-0.00501073729420179
2018-03-02,0.005755395683453135
2018-03-05,-0.005722460658082874
2018-03-06,-0.003597122302158405
2018-03-07,-0.018772563176895223
2018-03-08,0.0036791758646063173
2018-03-09,-0.006598240469208221
2018-03-12,-0.0007380073800737694
2018-03-13,-0.004431314623338215
2018-03-14,0.012611275964391594
2018-03-15,-0.024175824175824163
2018-03-16,0.003753753753753743
2018-03-19,0.004487658937920824
2018-03-20,0.011169024571854024
2018-03-21,0.01620029455080991
2018-03-22,0.007246376811594325
2018-03-23,0.002158273381294872
2018-03-26,0.005025125628140774
2018-03-27,-0.005714285714285754
2018-03-28,0.021551724137931112
2018-03-29,-0.0007032348804501795
2018-03-30,-0.003518648838845873
2018-04-02,0.007062146892655207
2018-04-03,0.011921458625526135
2018-04-04,-0.014553014553014483
2018-04-09,-0.018284106891701884
2018-04-10,-0.0028653295128940027
2018-04-11,-0.01364942528735631
2018-04-12,0.024763292061179856
2018-04-13,0.0014214641080313524
2018-04-16,0.008516678495386718
2018-04-17,-0.002814919071076726
2018-04-18,-0.0155257586450246
2018-04-19,0.01218637992831532
2018-04-20,0.0077903682719546235
2018-04-23,0.005621925509487039
2018-04-24,-0.010482180293501018
2018-04-25,-0.0014124293785310134
2018-04-26,0.0007072135785006771
2018-04-27,-0.02261484098939931
2018-05-02,0.00650759219088938
2018-05-03,0.0
2018-05-04,0.024425287356321653
2018-05-07,-0.0014025245441791863
2018-05-08,0.0067024128686325605
2018-05-09,0.003994673768308889
2018-05-10,-0.001326259946949546
2018-05-11,0.0
2018-05-14,0.005976095617529901
2018-05-15,0.0059405940594059615
2018-05-16,-0.003937007874015852
2018-05-17,0.001317523056653572
2018-05-18,0.0019736842105262317
2018-05-21,0.002626395272488534
2018-05-22,0.05828421741977744
2018-05-23,0.012995049504950455
2018-05-24,-0.001221747098350716
2018-05-25,-0.017737003058103985
2018-05-28,-0.001867995018679871
2018-05-29,-0.004990642545227744
2018-05-30,-0.021943573667711574
2018-05-31,0.002564102564102588
2018-06-01,-0.0038363171355498414
2018-06-04,0.008344030808729051
2018-06-05,0.005728835136855527
2018-06-06,0.010126582278480976
2018-06-07,-0.005639097744360793
2018-06-08,0.017643352236924918
2018-06-11,0.011145510835913353
2018-06-12,-0.02265768524188615
2018-06-13,0.0006265664160402035
2018-06-14,0.013775829680651153
2018-06-15,-0.0277949351451513
2018-06-19,0.0012706480304954986
2018-06-20,0.0038071065989848728
2018-06-21,-0.032237673830594255
2018-06-22,0.007838014369692949
2018-06-25,-0.006480881399870376
2018-06-26,-0.01108936725375075
2018-06-27,0.01583113456464381
2018-06-28,0.0
2018-06-29,0.02012987012987008
2018-07-02,0.007638446849140746
2018-07-03,0.011370814908401678
2018-07-04,-0.005621486570893212
2018-07-05,0.011934673366834184
2018-07-06,-0.0031036623215394132
2018-07-09,0.0074719800747198705
2018-07-10,0.003708281829419006
2018-07-11,0.016009852216748725
2018-07-12,0.00606060606060618
2018-07-13,0.004819277108433655
2018-07-16,-0.020383693045563554
2018-07-17,-0.004895960832313387
2018-07-18,-0.0006150061500614745
2018-07-19,-0.008615384615384632
2018-07-20,-0.000620732464307857
2018-07-23,0.0012422360248447964
2018-07-24,0.0117866004962778
2018-07-25,-0.004291845493562177
2018-07-26,0.012931034482758709
2018-07-27,0.007902735562309946
2018-07-30,-0.009047044632086967
2018-07-31,-0.006086427267194025
2018-08-01,0.01653398652786289
2018-08-02,-0.00240963855421689
2018-08-03,-0.020531400966183576
2018-08-06,0.004315659679408082
2018-08-07,0.020257826887661298
2018-08-08,0.0012033694344161898
2018-08-09,0.027644230769230966
2018-08-10,-0.004678362573099579
2018-08-13,-0.009988249118683842
2018-08-14,-0.004154302670623214
2018-08-15,0.016090584028605665
2018-08-16,-0.011730205278592483
2018-08-17,-0.0023738872403562283
2018-08-20,-0.02676977989292073
2018-08-21,-0.0024449877750611472
2018-08-22,0.006740196078431212
2018-08-23,-0.006086427267194025
2018-08-24,-0.000612369871402301
2018-08-27,0.0006127450980391897
2018-08-28,0.02082057562767925
2018-08-29,0.007798440311937529
2018-08-30,-0.0017857142857144565
2018-08-31,0.003577817531305999
2018-09-03,0.01960784313725493
2018-09-04,0.013403263403263437
2018-09-05,-0.0017251293847038987
2018-09-06,-0.0046082949308756185
2018-09-07,-0.004050925925925874
2018-09-10,0.022080185938407805
2018-09-11,0.016486640136441404
2018-09-12,0.05816554809843384
2018-09-13,-0.03594080338266385
2018-09-14,0.004934210526315807
2018-09-17,-0.0016366612111294529
2018-09-18,0.0
2018-09-19,-0.014207650273223895
2018-09-20,-0.0038802660753878616
2018-09-21,0.01725097384529756
2018-09-25,0.008205689277899334
2018-09-26,0.001627780792186808
2018-09-27,0.005417118093174312
2018-09-28,-0.0059267241379311175
2018-10-08,0.009214092140921467
2018-10-09,-0.003222341568206204
2018-10-10,0.015624999999999894
2018-10-11,0.020689655172413796
2018-10-12,-0.010914760914760882
2018-10-15,-0.021019442984760772
2018-10-16,0.010198604401502852
2018-10-17,-0.006907545164718311
2018-10-18,-0.01605136436597109
2018-10-19,0.01413811854268609
2018-10-22,-0.021447721179624755
2018-10-23,-0.0021917808219177153
2018-10-24,0.00494233937397025
2018-10-25,-0.009836065573770415
2018-10-26,-0.02262693156732876
2018-10-29,-0.0163749294184078
2018-10-30,-0.004018369690011549
2018-10-31,-0.005763688760806791
2018-11-01,-0.001739130434782655
2018-11-02,0.004065040650406693
2018-11-05,-0.02024291497975742
2018-11-06,-0.022432113341204034
2018-11-07,0.008454106280193252
2018-11-08,0.001796407185628666
2018-11-09,0.013150029886431621
2018-11-12,0.02241887905604722
2018-11-13,-0.00692440854010393
2018-11-14,-0.010459035444509043
2018-11-15,-0.012918379330593132
2018-11-16,-0.047590719809637076
2018-11-19,0.01748906933166774
2018-11-20,-0.003069367710251685
2018-11-21,-0.022167487684729016
2018-11-22,-0.009445843828715356
2018-11-23,-0.028607755880483254
2018-11-26,-0.004581151832460538
2018-11-27,-0.038062283737024465
2018-11-28,-0.02661870503597123
2018-11-29,-0.0014781966001476549
2018-11-30,0.04441154700222043
2018-12-03,-0.004961020552799438
2018-12-04,0.0
2018-12-05,0.03703703703703726
2018-12-06,-0.0006868131868133806
2018-12-07,-0.013745704467353908
2018-12-10,-0.03135888501742167
2018-12-11,0.0
2018-12-12,0.004316546762590014
2018-12-13,-0.03008595988538685
2018-12-14,0.014032496307237848
2018-12-17,0.004369992716678748
2018-12-18,0.0123277737490936
2018-12-19,0.0007163323782232747
2018-12-20,-0.01932712956334986
2018-12-21,-0.01678832116788321
2018-12-24,0.011878247958426123
2018-12-25,0.008804108584005755
2018-12-26,-0.008727272727272615
2018-12-27,-0.05355832721936899
2018-12-28,-0.0031007751937985615
2019-01-02,0.026438569206843038
2019-01-03,-0.0030303030303031396
2019-01-04,-0.02051671732522792
2019-01-07,0.020170674941815403
2019-01-08,0.04030418250950585
2019-01-09,0.012426900584795085
2019-01-10,-0.005776173285198481
2019-01-11,0.021060275962236686
2019-01-14,0.005689900426742598
2019-01-15,0.008486562942008514
2019-01-16,-0.016830294530154333
2019-01-17,0.009985734664764632
2019-01-18,0.016949152542372937
2019-01-21,-0.003472222222222245
2019-01-22,0.03763066202090584
2019-01-23,0.035594358629952985
2019-01-24,-0.015564202334630276
2019-01-25,0.00329380764163375
2019-01-28,0.00525279054497695
2019-01-29,0.026126714565643416
2019-01-30,-0.012094207511139432
2019-01-31,0.00451030927835052
2019-02-01,0.006414368184733846
2019-02-11,0.012109623964308381
2019-02-12,0.030226700251889272
2019-02-13,0.0030562347188263055
2019-02-14,0.0042656916514321784
2019-02-15,-0.03155339805825237
2019-02-18,0.011278195488721532
2019-02-19,-0.024163568773234192
2019-02-20,0.019682539682539864
2019-02-21,-0.006226650062266419
2019-02-22,0.0031328320802003983
2019-02-25,0.02435977514053715
2019-02-26,0.0036585365853656856
2019-02-27,-0.023086269744835786
2019-02-28,-0.0018656716417910816
2019-03-01,0.009968847352024914
2019-03-04,0.004935225169648423
2019-03-05,0.05463474524248
2019-03-06,-0.011059371362048922
2019-03-07,-0.005885815185403102
2019-03-08,-0.0017761989342806744
2019-03-11,-0.023724792408066585
2019-03-12,-0.00911300121506677
2019-03-13,0.011649294911097638
2019-03-14,0.020606060606060694
2019-03-15,0.008907363420427377
2019-03-18,-0.002942907592701609
2019-03-19,0.002361275088547901
2019-03-20,-0.0005889281507656569
2019-03-21,0.010017678255745592
2019-03-22,-0.013418903150525312
2019-03-25,-0.008870490833825965
2019-03-26,0.007159904534606111
2019-03-27,-0.017772511848341232
2019-03-28,-0.0012062726176115645
2019-03-29,0.020531400966183545
2019-04-01,-0.0017751479289940014
2019-04-02,0.015411973918197782
2019-04-03,0.002918855808523194
2019-04-04,0.017462165308498256
2019-04-08,0.009153318077803084
2019-04-09,-0.005102040816326409
2019-04-10,0.005128205128205005
2019-04-11,-0.014172335600906902
2019-04-12,0.0
2019-04-15,-0.0017251293847037736
2019-04-16,-0.007488479262672769
2019-04-17,-0.004643064422519144
2019-04-18,0.005247813411078707
2019-04-19,0.006960556844547817
2019-04-22,-0.014976958525345538
2019-04-23,0.020467836257309843
2019-04-24,0.02349570200573063
2019-04-25,0.005599104143337103
2019-04-26,-0.006124721603563558
2019-04-29,0.02521008403361339
2019-04-30,-0.007650273224043724
2019-05-06,-0.0148678414096916
2019-05-07,0.008384572386808328
2019-05-08,-0.02586681342872869
2019-05-09,0.009604519774010938
2019-05-10,-0.014549524342473112
2019-05-13,-0.010221465076661081
2019-05-14,0.007458405048766563
2019-05-15,0.004555808656036488
2019-05-16,-0.033446712018140444
2019-05-17,0.008797653958944128
2019-05-20,0.012790697674418606
2019-05-21,-0.01148105625717565
2019-05-22,0.012195121951219393
2019-05-23,-0.005163511187607507
2019-05-24,-0.009227220299884745
2019-05-27,-0.0454016298020953
2019-05-28,-0.026219512195121825
2019-05-29,-0.016906700062617557
2019-05-30,0.013375796178344071
2019-05-31,-0.0006285355122565728
2019-06-03,0.010062893081760973
2019-06-04,-0.03735990037359897
2019-06-05,-0.03686934023285894
2019-06-06,0.006044325050369297
2019-06-10,-0.001335113484646207
2019-06-11,-0.028743315508021387
2019-06-12,0.02339986235375094
2019-06-13,0.02824478816408876
2019-06-14,-0.01373446697187704
2019-06-17,-0.0033156498673740354
2019-06-18,-0.01996007984031941
2019-06-19,-0.0061099796334010085
2019-06-20,-0.01502732240437172
2019-06-21,0.01803051317614427
2019-06-24,0.03133514986376023
2019-06-25,-0.0033025099075297526
2019-06-26,0.02253147779986727
2019-06-27,-0.013609850939727544
2019-06-28,0.02036793692509861
2019-07-01,0.0019317450096586145
2019-07-02,0.0032133676092544004
2019-07-03,0.05317104420243457
2019-07-04,-0.0006082725060828512
2019-07-05,-0.01643335362142437
2019-07-08,0.0
2019-07-09,0.004950495049504873
2019-07-10,0.02339901477832534
2019-07-11,-0.001805054151624565
2019-07-12,-0.004219409282700341
2019-07-15,0.021791767554479376
2019-07-16,-0.008293838862559435
2019-07-17,-0.0017921146953405183
2019-07-18,0.0005984440454818717
2019-07-19,-0.011363636363636348
2019-07-22,-0.009074410163339226
2019-07-23,0.004273504273504069
2019-07-24,0.01884498480243166
2019-07-25,-0.0011933174224344968
2019-07-26,0.011350059737156734
2019-07-29,-0.013585351447135385
2019-07-30,0.013772455089820486
2019-07-31,-0.00413467217956306
2019-08-01,-0.007710557532621543
2019-08-02,0.00956365809922292
2019-08-05,-0.019538188277086976
2019-08-06,-0.04045893719806764
2019-08-07,-0.020138451856513466
2019-08-08,-0.003211303789338628
2019-08-09,0.0038659793814433347
2019-08-12,-0.012195121951219497
2019-08-13,0.00649772579597134
2019-08-14,0.015493867010974965
2019-08-15,-0.0038143674507311216
2019-08-16,0.009572431397575071
2019-08-19,-0.029077117572692806
2019-08-20,0.0039062499999999063
2019-08-21,0.019455252918287858
2019-08-22,0.002544529262086664
2019-08-23,0.02918781725888326
2019-08-26,-0.011713933415536481
2019-08-27,-0.002495321272613748
2019-08-28,-0.014383989993746097
2019-08-29,-0.014593908629441505
2019-08-30,0.01287830006439136
2019-09-02,-0.03369357914812466
2019-09-03,0.01644736842105265
2019-09-04,0.0
2019-09-05,-0.015533980582524413
2019-09-06,0.003944773175542573
2019-09-09,0.014407334643090899
2019-09-10,0.0012911555842480419
2019-09-11,0.014184397163120569
2019-09-12,-0.0038143674507311216
2019-09-16,-0.013401403956604973
2019-09-17,-0.01487710219922381
2019-09-18,0.05712409717662495
2019-09-19,0.026086956521739372
2019-09-20,-0.03813559322033909
2019-09-23,-0.011327879169288839
2019-09-24,0.012730744748567908
2019-09-25,0.00502828409805146
2019-09-26,0.000625390869293438
2019-09-27,0.003124999999999904
2019-09-30,0.0006230529595014397
2019-10-08,-0.01556662515566627
2019-10-09,0.005060088551549698
2019-10-10,-0.005663939584644482
2019-10-11,-0.0031645569620250944
2019-10-14,-0.02603174603174614
2019-10-15,0.004563233376792611
2019-10-16,-0.0168721609344583
2019-10-17,-0.023102310231022924
2019-10-18,-0.0047297297297297725
2019-10-21,-0.0020366598778002913
2019-10-22,-0.0006802721088436785
2019-10-23,0.009530292716133511
2019-10-24,-0.0013486176668914486
2019-10-25,0.004726536124240421
2019-10-28,0.004704301075268726
2019-10-29,-0.004013377926421309
2019-10-30,-0.00268636668905308
2019-10-31,0.006060606060605982
2019-11-01,-0.010040160642570241
2019-11-04,0.004732927653820192
2019-11-05,0.0006729475100942187
2019-11-06,-0.01008742434431751
2019-11-07,0.010190217391304442
2019-11-08,-0.0026899798251513356
2019-11-11,0.006068779501011519
2019-11-12,-0.0033512064343163843
2019-11-13,-0.03362474781439143
2019-11-14,0.006263048016701519
2019-11-15,0.0013831258644536777
2019-11-18,0.004143646408839679
2019-11-19,-0.015130674002751034
2019-11-20,0.0083798882681565
2019-11-21,-0.00138504155124655
2019-11-22,0.007628294036060958
2019-11-25,0.020646937370956693
2019-11-26,0.016857720836142974
2019-11-27,0.007294429708222878
2019-11-28,0.002633311389071651
2019-11-29,-0.003282994090610797
2019-12-02,0.0
2019-12-03,0.029840388619014658
2019-12-04,-0.011455525606468902
2019-12-05,0.0
2019-12-06,-0.009543285616905307
2019-12-09,-0.0027529249827942174
2019-12-10,0.002070393374741167
2019-12-11,0.029614325068870604
2019-12-12,0.016722408026755623
2019-12-13,-0.005263157894736716
2019-12-16,0.008597883597883625
2019-12-17,-0.0032786885245903166
2019-12-18,0.017763157894737053
2019-12-19,-0.0019392372333547272
2019-12-20,-0.003238341968912067
2019-12-23,0.011046133853151544
2019-12-24,-0.0006426735218510505
2019-12-25,-0.00836012861736349
2019-12-26,0.005188067444876903
2019-12-27,0.006451612903225864
2019-12-30,-0.003846153846153904
2019-12-31,0.027670527670527627
2020-01-02,-0.0031308703819660968
2020-01-03,0.0012562814070349977
2020-01-06,0.004391468005018789
2020-01-07,0.013116801998750923
2020-01-08,0.04315659679408142
2020-01-09,-0.011820330969267132
2020-01-10,0.010765550239234275
2020-01-13,-0.04082840236686369
2020-01-14,0.013571869216532938
2020-01-15,0.008520998174071873
2020-01-16,-0.01388050694025366
2020-01-17,-0.03549571603427154
2020-01-20,0.005710659898477064
2020-01-21,-0.010725552050473092
2020-01-22,0.013392857142857045
2020-01-23,-0.00503461296412838
2020-02-03,-0.0031625553447184418
2020-02-04,-0.030456852791878392
2020-02-05,-0.08180628272251296
2020-02-06,0.015680684248039974
2020-02-07,0.004912280701754351
2020-02-10,0.030027932960893938
2020-02-11,0.005423728813559319
2020-02-12,-0.006068779501011492
2020-02-13,0.012890094979647052
2020-02-14,0.0020093770931012326
2020-02-17,-0.0013368983957218615
2020-02-18,0.0006693440428380498
2020-02-19,0.0006688963210701392
2020-02-20,-0.006016042780748566
2020-02-21,0.030934767989239997
2020-02-24,0.01108936725375084
2020-02-25,-0.0038709677419352996
2020-02-26,-0.014248704663212607
2020-02-27,0.014454664914586248
2020-02-28,-0.042098445595855044
2020-03-02,-0.03583502366463828
2020-03-03,-0.04067321178120621
2020-03-04,0.04532163742690063
2020-03-05,0.01608391608391604
2020-03-06,0.0
2020-03-09,-0.0013764624913971736
2020-03-10,-0.02756719503790488
2020-03-11,-0.06874557051736357
2020-03-12,-0.09969558599695577
2020-03-13,-0.04311073541842782
2020-03-16,-0.037102473498232945
2020-03-17,-0.028440366972477343
2020-03-18,-0.03210576015108583
2020-03-19,0.0009756097560976063
2020-03-20,-0.06432748538011701
2020-03-23,-0.0520833333333334
2020-03-24,0.0659340659340659
2020-03-25,-0.026804123711340097
2020-03-26,0.05190677966101697
2020-03-27,0.005035246727089482
2020-03-30,-0.05811623246492974
2020-03-31,-0.004255319148936168
2020-04-01,-0.05128205128205125
2020-04-02,0.04729729729729716
2020-04-03,0.009677419354838755
2020-04-07,0.07987220447284335
2020-04-08,0.004930966469428052
2020-04-09,0.05495583905789987
2020-04-10,-0.010232558139534834
2020-04-13,0.023496240601503793
2020-04-14,-0.00826446280991722
2020-04-15,-0.0018518518518519378
2020-04-16,0.0037105751391465656
2020-04-17,0.011090573012938995
2020-04-20,-0.015539305301645372
2020-04-21,-0.004642525533890478
2020-04-22,-0.010261194029850696
2020-04-23,-0.08576814326107454
2020-04-24,-0.05463917525773198
2020-04-27,0.10141766630316248
2020-04-28,-0.0019801980198020726
2020-04-29,0.0029761904761906152
2020-04-30,-0.01681503461918896
2020-05-06,0.0291750503018109
2020-05-07,0.0029325513196482304
2020-05-08,0.037037037037036924
2020-05-11,-0.007518796992481199
2020-05-12,0.00848176420695505
2020-05-13,-0.01682085786375088
2020-05-14,-0.019674935842600733
2020-05-15,0.02879581151832466
2020-05-18,-0.014418999151823727
2020-05-19,0.014629948364888278
2020-05-20,-0.004240882103477525
2020-05-21,0.015332197614991345
2020-05-22,0.026845637583892773
2020-05-25,0.00980392156862725
2020-05-26,-0.03236245954692542
2020-05-27,0.04849498327759186
2020-05-28,0.022328548644338163
2020-05-29,-0.006240249609984599
2020-06-01,-0.007064364207221124
2020-06-02,0.011067193675889432
2020-06-03,0.03596559812353393
2020-06-04,-0.006037735849056638
2020-06-05,0.0037965072133637075
2020-06-08,-0.012859304084720096
2020-06-09,0.009961685823754826
2020-06-10,0.00758725341426404
2020-06-11,-0.018825301204819286
2020-06-12,0.00153491941673059
2020-06-15,-0.02145593869731805
2020-06-16,-0.01096319498825366
2020-06-17,-0.004750593824227931
2020-06-18,0.04057279236276824
2020-06-19,-0.0007645259938836961
2020-06-22,-0.0015302218821728838
2020-06-23,0.006130268199233751
2020-06-24,-0.005331302361005302
2020-06-29,0.0038284839203675362
2020-06-30,0.0015255530129671692
2020-07-01,-0.009139375476009112
2020-07-02,0.029208301306687046
2020-07-03,0.03136669156086615
2020-07-06,0.0043446777697321425
2020-07-07,0.019466474405191347
2020-07-08,0.017680339462517538
2020-07-09,-0.013898540653231418
2020-07-10,-0.00211416490486261
2020-07-13,0.010593220338982908
2020-07-14,-0.029350104821802777
2020-07-15,0.023038156947444186
2020-07-16,-0.016185784658690954
2020-07-17,0.020028612303290304
2020-07-20,-0.015427769985974733
2020-07-21,-0.005698005698005731
2020-07-22,-0.0050143266475644425
2020-07-23,0.02879769618430527
2020-07-24,0.004198740377886695
2020-07-27,0.004878048780487778
2020-07-28,-0.020110957004160983
2020-07-29,-0.0014154281670204947
2020-07-30,-0.00921332388377026
2020-07-31,0.017167381974248875
2020-08-03,0.003516174402250353
2020-08-04,-0.004905395935528908
2020-08-05,-0.015492957746478997
2020-08-06,0.008583690987124437
2020-08-07,-0.004964539007092171
2020-08-10,0.0021382751247325965
2020-08-11,-0.008534850640113773
2020-08-12,-0.005738880918220829
2020-08-13,-0.034632034632034674
2020-08-14,0.002989536621823556
2020-08-17,-0.008196721311475476
2020-08-18,0.0
2020-08-19,0.008264462809917423
2020-08-20,-0.005216095380029777
2020-08-21,-0.0022471910112359878
2020-08-24,0.009009009009008981
2020-08-25,0.003720238095238097
2020-08-26,-0.011119347664936996
2020-08-27,0.004497751124437847
2020-08-28,0.005970149253731534
2020-08-31,0.0
2020-09-01,-0.006676557863501735
2020-09-02,0.01269604182225539
2020-09-03,0.006637168141592862
2020-09-04,0.0029304029304030245
2020-09-07,-0.037983929875821755
2020-09-08,-0.018223234624145733
2020-09-09,-0.01314771848414521
2020-09-10,0.0
2020-09-11,-0.0501567398119125
2020-09-14,0.010726072607260767
2020-09-15,-0.0073469387755101395
2020-09-16,0.009046052631578847
2020-09-17,-0.01955990220048894
2020-09-18,0.014131338320864478
2020-09-21,-0.008196721311475414
2020-09-22,0.0016528925619834372
2020-09-23,-0.004950495049504849
2020-09-24,-0.02736318407960204
2020-09-25,0.0008525149190111548
2020-09-28,-0.022146507666098887
2020-09-29,0.008710801393728228
2020-09-30,0.003454231433505974
2020-10-09,0.0008605851979348493
2020-10-12,0.005159071367153986
2020-10-13,0.005132591958938978
2020-10-14,-0.006808510638297912
2020-10-15,-0.0025706940874036365
2020-10-16,0.006872852233677017
2020-10-19,0.015358361774744072
2020-10-20,0.0218487394957984
2020-10-21,0.0016447368421052292
2020-10-22,0.0016420361247947118
2020-10-23,0.009836065573770463
2020-10-26,-0.017857142857142832
2020-10-27,0.0033057851239670483
2020-10-28,0.0
2020-10-29,0.0032948929159801626
2020-10-30,-0.018883415435139616
2020-11-02,-0.035146443514644334
2020-11-03,-0.037294015611448454
2020-11-04,-0.012612612612612545
2020-11-05,0.01551094890510965
2020-11-06,0.002695417789757262
2020-11-09,-0.01702508960573451
2020-11-10,-0.02917046490428457
2020-11-11,0.015023474178403643
2020-11-12,0.040703052728954615
2020-11-13,0.003555555555555483
2020-11-16,0.01062887511071779
2020-11-17,-0.007011393514461222
2020-11-18,0.031774051191527194
2020-11-19,-0.01796407185628768
2020-11-20,-0.010452961672473835
2020-11-23,-0.007922535211267536
2020-11-24,-0.008873114463176578
2020-11-25,0.04386750223813781
2020-11-26,0.030017152658662106
2020-11-27,0.020815986677768537
2020-11-30,-0.013050570962479684
2020-12-01,0.01063022019741842
2020-12-02,-0.018782870022539425
2020-12-03,0.010719754977028966
2020-12-04,-0.002272727272727208
2020-12-07,0.02277904328018228
2020-12-08,-0.001484780994803564
2020-12-09,0.01338289962825326
2020-12-10,-0.022743947175348684
2020-12-11,0.013513513513513471
2020-12-14,-0.0059259259259259265
2020-12-15,0.003725782414307069
2020-12-16,0.03934669636228646
2020-12-17,-0.005714285714285552
2020-12-18,-0.002155172413793206
2020-12-21,0.007919366450683885
2020-12-22,-0.013571428571428512
2020-12-23,-0.03548153511947862
2020-12-24,-0.030780780780780764
2020-12-25,-0.006196746707978312
2020-12-28,0.026500389711613365
2020-12-29,0.0022779043280181585
2020-12-30,0.0015151515151516455
2020-12-31,-0.009077155824508408
2021-01-04,-0.014503816793893067
2021-01-05,-0.014717273431448602
2021-01-06,0.029874213836478036
2021-01-07,-0.02519083969465647
2021-01-08,0.03288958496476112
2021-01-11,0.02198635329795306
2021-01-12,0.009643916913946482
2021-01-13,-0.04996326230712704
2021-01-14,0.02165506573859251
2021-01-15,0.01741105223315655
2021-01-18,0.002976190476190562
2021-01-19,0.011127596439169331
2021-01-20,0.0
2021-01-21,0.0007336757153336335
2021-01-22,0.0014662756598238375
2021-01-25,0.0014641288433383398
2021-01-26,-0.019736842105263098
2021-01-27,-0.000745712155108107
2021-01-28,-0.005223880597014947
2021-01-29,0.03000750187546887
2021-02-01,-0.005098324836125461
2021-02-02,0.0014641288433383398
2021-02-03,0.012426900584795304
2021-02-04,0.012996389891696877
2021-02-05,-0.0021382751247328176
2021-02-08,0.017142857142857147
2021-02-09,0.006320224719100944
2021-02-10,0.006280530355897021
2021-02-18,0.01872399445214973
2021-02-19,-0.014295439074200196
2021-02-22,0.04972375690607735
2021-02-23,-0.014473684210526205
2021-02-24,0.017356475300400496
2021-02-25,0.03083989501312338
2021-02-26,0.00891152132399749
2021-03-01,0.04794952681388005
2021-03-02,-0.02227573750752564
2021-03-03,-0.027093596059113375
2021-03-04,-0.03354430379746827
2021-03-05,-0.0006548788474132099
2021-03-08,0.008519003931848027
2021-03-09,0.0467836257309943
2021-03-10,0.026691495965238784
2021-03-11,-0.04534461910519947
2021-03-12,-0.02406586447118433
2021-03-15,0.014925373134328379
2021-03-16,-0.0019181585677750276
2021-03-17,0.0038436899423446884
2021-03-18,-0.03573707721761328
2021-03-19,0.015221707478491086
2021-03-22,-0.008474576271186647
2021-03-23,-0.07297830374753426
2021-03-24,0.010638297872340285
2021-03-25,0.0
2021-03-26,-0.009122807017543762
2021-03-29,-0.010623229461756234
2021-03-30,0.016463851109520256
2021-03-31,-0.004225352112676097
2021-04-01,0.014851485148514913
2021-04-02,-0.01254355400696876
2021-04-06,0.009880028228652124
2021-04-07,0.028651292802236182
2021-04-08,-0.026494565217391484
2021-04-09,-0.011863224005582677
2021-04-12,-0.01553672316384153
2021-04-13,0.004304160688665588
2021-04-14,-0.023571428571428556
2021-04-15,0.02048280907095839
2021-04-16,0.039426523297491065
2021-04-19,0.018620689655172357
2021-04-20,0.018957345971563906
2021-04-21,-0.007973421926910224
2021-04-22,0.0013395847287340542
2021-04-23,-0.012709030100334393
2021-04-26,-0.028455284552845492
2021-04-27,0.00488145048814491
2021-04-28,-0.008327550312283058
2021-04-29,0.01959412176347088
2021-04-30,0.013040494166094816
2021-05-06,0.008807588075880663
2021-05-07,0.014775016789791847
2021-05-10,0.021178027796161486
2021-05-11,0.0012961762799740396
2021-05-12,0.0038834951456311055
2021-05-13,-0.014184397163120607
2021-05-14,0.037933289731851
2021-05-17,-0.016383112791430482
2021-05-18,-0.05060858424087112
2021-05-19,0.09784075573549256
2021-05-20,0.007990165949600544
2021-05-21,-0.017073170731707388
2021-05-24,-0.01923076923076925
2021-05-25,-0.012422360248447218
2021-05-26,0.015094339622641438
2021-05-27,0.017348203221809307
2021-05-28,-0.0036540803897687347
2021-05-31,-0.050733496332518335
2021-06-01,0.011590470057952409
2021-06-02,0.007001909611712197
2021-06-03,0.036030341340076114
2021-06-04,-0.0018303843807201733
2021-06-07,0.012224938875305638
2021-06-08,-0.0054347826086956095
2021-06-09,-0.024286581663630732
2021-06-10,-0.016179215930305094
2021-06-11,0.012650221378874145
2021-06-15,-0.02685821361648966
2021-06-16,0.03979460847240052
2021-06-17,0.017901234567901204
2021-06-18,0.015767131594905896
2021-06-21,-0.0005970149253728361
2021-06-22,-0.026284348864994245
2021-06-23,-0.0012269938650306335
2021-06-24,0.0245700245700246
2021-06-25,0.0251798561151079
2021-06-28,0.0011695906432748144
2021-06-29,0.03154205607476638
2021-06-30,-0.006228765571913851
2021-07-01,-0.009686609686609757
2021-07-02,0.005178365937859568
2021-07-05,-0.012020606754436171
2021-07-06,0.010428736964078847
2021-07-07,0.017775229357797965
2021-07-08,0.009577464788732466
2021-07-09,-0.046874999999999854
2021-07-12,-0.016978922716627744
2021-07-13,0.016676593210244187
2021-07-14,0.005858230814294159
2021-07-15,0.0011648223645893607
2021-07-16,-0.006980802792321153
2021-07-19,-0.05741066198008199
2021-07-20,0.0018645121193288576
2021-07-21,0.008064516129032275
2021-07-22,-0.03200000000000021
2021-07-23,-0.010807374443737866
2021-07-26,0.01992287917737782
2021-07-27,-0.003780718336483951
2021-07-28,-0.01834282099936746
2021-07-29,0.02319587628865976
2021-07-30,0.01952141057934516
2021-08-02,0.013588634959851733
2021-08-03,0.0
2021-08-04,0.0030469226081657917
2021-08-05,-0.02065613608748482
2021-08-06,0.006203473945409364
2021-08-09,-0.008631319358816416
2021-08-10,0.030472636815920533
2021-08-11,-0.05853952926976449
2021-08-12,0.006410256410256342
2021-08-13,0.01464968152866237
2021-08-16,-0.0012254901960783722
2021-08-17,-0.004294478527607228
2021-08-18,-0.023413431916204895
2021-08-19,-0.011356466876971514
2021-08-20,0.007019783024888364
2021-08-23,-0.032319391634981015
2021-08-24,-0.013097576948264565
2021-08-25,0.0013271400132714945
2021-08-26,0.017892644135188714
2021-08-27,-0.009114583333333206
2021-08-30,-0.0013140604467804884
2021-08-31,0.03355263157894724
2021-09-01,-0.005728835136855457
2021-09-02,0.003201024327784813
2021-09-03,-0.0019144862795149806
2021-09-06,0.012787723785166388
2021-09-07,0.018308080808080752
2021-09-08,-0.022318660880347285
2021-09-09,0.008877615726062169
2021-09-10,-0.016341923318667465
2021-09-13,0.034504792332268386
2021-09-14,-0.012353304508956138
2021-09-15,0.00437773608505332
2021-09-16,0.016811955168119407
2021-09-17,0.0030618493570115602
2021-09-22,0.0012210012210013077
2021-09-23,-0.03597560975609764
2021-09-24,-0.012017710309930372
2021-09-27,0.00704225352112665
2021-09-28,0.03432930705657965
2021-09-29,0.01966810079901697
2021-09-30,0.02109704641350188
2021-10-08,-0.014167650531286635
2021-10-11,0.001796407185628584
2021-10-12,0.04004781829049625
2021-10-13,-0.0005747126436783388
2021-10-14,-0.011500862564692346
2021-10-15,-0.025014543339150503
2021-10-18,-0.0005966587112173685
2021-10-19,-0.006567164179104517
2021-10-20,-0.028245192307692308
2021-10-21,-0.009894867037724
2021-10-22,-0.03810118675827625
2021-10-25,-0.012987012987012827
2021-10-26,-0.001315789473684304
2021-10-27,0.022397891963109373
2021-10-28,0.02319587628865975
2021-10-29,0.001889168765743057
2021-11-01,0.005656819610307935
2021-11-02,-0.0006249999999998953
2021-11-03,-0.0018761726078800583
2021-11-04,0.033208020050125284
2021-11-05,-0.01516070345664031
2021-11-08,-0.064655172413793
2021-11-09,-0.01777485187623437
2021-11-10,0.010053619302948976
2021-11-11,-0.01128069011280691
2021-11-12,0.01744966442953016
2021-11-15,0.009234828496042244
2021-11-16,0.023529411764705997
2021-11-17,0.012771392081736901
2021-11-18,-0.004413619167717541
2021-11-19,-0.015199493350221681
2021-11-22,-0.032154340836012846
2021-11-23,0.009302325581395375
2021-11-24,-0.021066491112574144
2021-11-25,-0.011432414256893083
2021-11-26,0.022280471821756194
2021-11-29,0.014743589743589799
2021-11-30,-0.025268477574226192
2021-12-01,-0.04731043421905374
2021-12-02,-0.02517006802721089
2021-12-03,0.012561060711793666
2021-12-06,-0.025499655410062196
2021-12-07,0.014144271570013989
2021-12-08,-0.007670850767084986
2021-12-09,0.033028812368236134
2021-12-10,0.0
2021-12-13,-0.0006802721088436059
2021-12-14,-0.016337644656228684
2021-12-15,0.026297577854671354
2021-12-16,-0.01078894133513174
2021-12-17,-0.0068166325835037605
2021-12-20,0.04186684969114633
2021-12-21,0.021080368906455864
2021-12-22,-0.00903225806451608
2021-12-23,0.013020833333333353
2021-12-24,0.0019280205655527341
2021-12-27,0.021808851828094902
2021-12-28,0.0037664783427494414
2021-12-29,-0.005628517823639722
2021-12-30,0.02012578616352201
2021-12-31,0.013563501849568425
2022-01-04,0.005474452554744474
2022-01-05,0.011494252873563328
2022-01-06,-0.007177033492822948
2022-01-07,0.0
2022-01-10,0.0024096385542168113
2022-01-11,0.026442307692307675
2022-01-12,-0.016978922716627605
2022-01-13,0.001191185229303129
2022-01-14,0.010707911957168399
2022-01-17,-0.008828722778104781
2022-01-18,0.013064133016627068
2022-01-19,0.000586166471277902
2022-01-20,0.02401874633860569
2022-01-21,0.016590389016018274
2022-01-24,0.025886325267304403
2022-01-25,-0.014262205156335651
2022-01-26,-0.006121313299944554
2022-01-27,-0.007278835386337949
2022-01-28,0.014664410603496837
2022-02-07,0.00555864369093942
2022-02-08,0.013819789939192946
2022-02-09,0.046892039258451465
2022-02-10,-0.015104166666666639
2022-02-11,-0.0449497620306718
2022-02-14,0.002768549280177192
2022-02-15,-0.011043622308117082
2022-02-16,0.022333891680625387
2022-02-17,-0.007099945385035404
2022-02-18,-0.024752475247524656
2022-02-21,-0.019740552735476622
2022-02-22,0.0017261219792865674
2022-02-23,0.008615738081562333
2022-02-24,0.05068337129840535
2022-02-25,-0.013008130081300915
2022-02-28,-0.021965952773201576
2022-03-01,-0.02077484559236357
2022-03-02,-0.003440366972477126
2022-03-03,0.033371691599539496
2022-03-04,0.04008908685968838
2022-03-07,-0.009100642398287059
2022-03-08,0.0037817396002162128
2022-03-09,0.06404736275565129
2022-03-10,0.08244815376833589
2022-03-11,0.029906542056074882
2022-03-14,-0.08938294010889303
2022-03-15,-0.00896860986547089
2022-03-16,-0.040723981900452476
2022-03-17,-0.07232704402515724
2022-03-18,0.028248587570621653
2022-03-21,-0.019505494505494762
2022-03-22,0.03474362566545267
2022-03-23,-0.010018954779312347
2022-03-24,0.0314551422319476
2022-03-25,-0.004773269689737424
2022-03-28,0.029043431921129712
2022-03-29,0.04220611082340751
2022-03-30,-0.010683229813664624
2022-03-31,-0.0010045203415368928
2022-04-01,-0.000754147812971356
2022-04-06,-0.014339622641509444
2022-04-07,-0.021184277692700277
2022-04-08,0.04250325945241194
2022-04-11,-0.04502251125562788
2022-04-12,-0.019119958093242448
2022-04-13,-0.008811748998665046
2022-04-14,0.016971982758620864
2022-04-15,0.02198675496688733
2022-04-18,-0.00622083981337479
2022-04-19,0.008346374543557708
2022-04-20,0.021727884117951377
2022-04-21,0.0017721518987342927
2022-04-22,-0.016426585797321414
2022-04-25,0.01952723535457354
2022-04-26,0.0007560483870969127
2022-04-27,-0.04004029211785454
2022-04-28,0.04721930745015734
2022-04-29,0.031062124248497018
2022-05-05,0.029397473275024184
2022-05-06,-0.0035402407363699035
2022-05-09,0.024632875414495513
2022-05-10,-0.010864539990753702
2022-05-11,0.0039017672710581087
2022-05-12,-0.04343850022862363
2022-05-13,0.028441682600382344
2022-05-16,-0.0013943760167325475
2022-05-17,0.006050733069583467
2022-05-18,-0.007170946102243819
2022-05-19,0.02423112767940357
2022-05-20,-0.007279344858962534
2022-05-23,0.005041246562786099
2022-05-24,0.0006839945280439657
2022-05-25,0.005923900660742686
2022-05-26,0.004530011325028314
2022-05-27,0.008342728297632624
2022-05-30,0.004472271914132266
2022-05-31,0.02560106856634008
2022-06-01,0.012806598654221889
2022-06-02,0.004072010287183933
2022-06-06,-0.01771611526147275
2022-06-07,0.007605388961321083
2022-06-08,0.026957084321759844
2022-06-09,0.012179756404871893
2022-06-10,0.010373443983402439
2022-06-13,-0.00800821355236134
2022-06-14,0.005588904988615074
2022-06-15,-0.01337999176615889
2022-06-16,0.01627373252660139
2022-06-17,-0.03880106754259906
2022-06-20,-0.001922255446390534
2022-06-21,-0.009201797560453634
2022-06-22,-0.04708423326133909
2022-06-23,0.018585675430643715
2022-06-24,-0.030485091232754828
2022-06-27,0.01170530181317421
2022-06-28,-0.012477313974591682
2022-06-29,0.03560762692396052
2022-06-30,0.021739130434782712
2022-07-01,-0.005210594876248503
2022-07-04,0.005674378000873015
2022-07-05,-0.03428819444444444
2022-07-06,0.006516853932584378
2022-07-07,-0.0022326412145567643
2022-07-08,-0.05638845379279499
2022-07-11,-0.02916765473085128
2022-07-12,0.022960429897410813
2022-07-13,-0.00692454632282712
2022-07-14,-0.01755229622505412
2022-07-15,-0.040137053352912296
2022-07-18,-0.005864354920958778
2022-07-19,-0.05488586817132595
2022-07-20,0.09742198100407064
2022-07-21,-0.00544015825914937
2022-07-22,-0.021133764296370063
2022-07-25,-0.007112014224028373
2022-07-26,0.012279355333844897
2022-07-27,0.01238311852413457
2022-07-28,0.03869196205691454
2022-07-29,0.0012016342225426278
2022-08-01,0.030484877580412975
2022-08-02,-0.010249242953645495
2022-08-03,-0.0014120969639916819
2022-08-04,-0.0017322444939371461
2022-08-05,0.012394645513138338
2022-08-08,-0.029872673849167513
2022-08-09,-0.004795557799091494
2022-08-10,0.02713669794572676
2022-08-11,0.010370370370370382
2022-08-12,0.005620723362658735
2022-08-15,0.031834750911300155
2022-08-16,0.006123410268488109
2022-08-17,-0.01310861423220975
2022-08-18,-0.017077798861480094
2022-08-19,-0.01061776061776063
2022-08-22,0.005365853658536591
2022-08-23,-0.03930131004366828
2022-08-24,-0.0070707070707069575
2022-08-25,0.011444557477110897
2022-08-26,-0.017349761126477264
2022-08-29,0.028147389969293665
2022-08-30,-0.031607765057242325
2022-08-31,0.011565150346954524
2022-09-01,0.005843495934959356
2022-09-02,-0.030058095478656018
2022-09-05,-0.008593750000000133
2022-09-06,0.00026267402153927005
2022-09-07,0.005777310924369628
2022-09-08,0.0005221932114883767
2022-09-09,-0.027139874739039692
2022-09-13,-0.007778969957081553
2022-09-14,0.016220600162206018
2022-09-15,0.0031923383878691173
2022-09-16,-0.025722619994696393
2022-09-19,0.004082743603701692
2022-09-20,-0.011114123068582284
2022-09-21,-0.010964912280701766
2022-09-22,0.012195121951219525
2022-09-23,0.013143483023001109
2022-09-26,0.017297297297297447
2022-09-27,-0.010361317747077714
2022-09-28,-0.007516778523489941
2022-09-29,0.005950770895320537
2022-09-30,0.009142242538316761
2022-10-10,0.03650413002930979
2022-10-11,0.012082262210796928
2022-10-12,0.03124206248412488
2022-10-13,-0.012315270935960606
2022-10-14,-0.0007481296758103549
2022-10-17,-0.006738208135762543
2022-10-18,0.0075376884422110645
2022-10-19,-0.013715710723191797
2022-10-20,-0.0025284450063212363
2022-10-21,-0.023574144486691796
2022-10-24,-0.001817237798546336
2022-10-25,-0.006241872561768537
2022-10-26,0.004710808688824794
2022-10-27,0.0015629070070332085
2022-10-28,-0.0005201560468139197
2022-10-31,0.0057246942492842935
2022-11-01,-0.027166882276843492
2022-11-02,-0.009840425531914904
2022-11-03,0.029546065001343033
2022-11-04,-0.011479259066005752
2022-11-07,-0.016120218579235106
2022-11-08,-0.0024993057484030985
2022-11-09,0.008630289532293906
2022-11-10,0.0198730333977366
2022-11-11,-0.018673883626522163
2022-11-14,0.017650303364589063
2022-11-15,0.024661246612466124
2022-11-16,-0.012166093626024834
2022-11-17,-0.021151271753681426
2022-11-18,-0.0032822757111599563
2022-11-21,-0.007958287596048079
2022-11-22,0.006915629322268328
2022-11-23,-0.05192307692307691
2022-11-24,0.0014488554042306312
2022-11-25,0.006365740740740651
2022-11-28,0.01150086256469241
2022-11-29,0.011654349061966893
2022-11-30,-0.03568418094970487
2022-12-01,0.01544289044289054
2022-12-02,-0.011176470588235392
2022-12-05,0.01725163593099349
2022-12-06,0.03304093567251483
2022-12-07,-0.013020096235494133
2022-12-08,-0.025236593059936904
2022-12-09,0.0041188584877904924
2022-12-12,-0.006152944623498272
2022-12-13,-0.004716981132075471
2022-12-14,0.0032582938388625417
2022-12-15,0.03218187186300562
2022-12-16,0.0022883295194508005
2022-12-19,0.028253424657534224
2022-12-20,0.013322231473771854
2022-12-21,-0.010955902492467815
2022-12-22,0.01052340072002212
2022-12-23,0.0043847629487530826
2022-12-26,0.006548431105047748
2022-12-27,0.008674437516942258
2022-12-28,0.003762429454447698
2022-12-29,0.02061579651941099
2022-12-30,0.008132214060860603
2023-01-03,-0.002341920374707215
2023-01-04,0.008085550339071271
2023-01-05,0.00543337645536859
2023-01-06,-0.024961399897066115
2023-01-09,-0.008181578252837322
2023-01-10,0.005321979776476788
2023-01-11,-0.008734780307040717
2023-01-12,-0.015487316421895889
2023-01-13,0.013561160835367536
2023-01-16,0.018464008563018355
2023-01-17,0.0021019442984760903
2023-01-18,-0.0065547981122178614
2023-01-19,-0.003694906307733119
2023-01-20,0.024105960264900764
2023-01-30,0.0028453181583031405
2023-01-31,-0.009285530049007137
2023-02-01,0.0036448841447541762
2023-02-02,0.015564202334630288
2023-02-03,0.004597701149425315
2023-02-06,-0.007119247393846992
2023-02-07,-0.014084507042253445
2023-02-08,-0.004675324675324821
2023-02-09,0.008611691022964583
2023-02-10,-0.007503234152652019
2023-02-13,0.011470281543274301
2023-02-14,-0.023453608247422545
2023-02-15,0.008973343890208286
2023-02-16,-0.003138896154852032
2023-02-17,-0.0005247966413016441
2023-02-20,0.016014702021527973
2023-02-21,-0.022739018087855292
2023-02-22,-0.01057641459545214
2023-02-23,0.006948156066274627
2023-02-24,-0.0013269639065816357
2023-02-27,-0.0034546904065905007
2023-02-28,0.0058666666666666355
2023-03-01,-0.008748674443266125
2023-03-02,0.001069804760631124
2023-03-03,0.010152284263959602
2023-03-06,0.02459666754826754
2023-03-07,0.016004130098089795
2023-03-08,-0.004827235772357708
2023-03-09,-0.000765892264488114
2023-03-10,-0.000255493101686211
2023-03-13,0.0015333503705596435
2023-03-14,-0.007655014034192365
2023-03-15,0.002828490614553738
2023-03-16,-0.015641025641025652
2023-03-17,-0.02552748111487369
2023-03-20,-0.03635391606522308
2023-03-21,0.0027739251040219707
2023-03-22,-0.016597510373443668
2023-03-23,0.006188466947960458
2023-03-24,0.002795638803466623
2023-03-27,-0.0016727069974909075
2023-03-28,-0.0005585032113933705
2023-03-29,-0.010058675607711964
2023-03-30,0.024555461473327864
2023-03-31,0.005509641873278298
2023-04-03,0.002465753424657487
2023-04-04,0.003552883301448498
2023-04-06,0.0443899782135076
2023-04-07,-0.0013037809647979284
2023-04-10,-0.006005221932114926
2023-04-11,0.0018387181507748137
2023-04-12,0.002359727320398606
2023-04-13,0.006539366989275393
2023-04-14,0.010135135135135295
2023-04-17,0.00926164136866472
2023-04-18,0.002294162630639657
2023-04-19,0.0078840284842321
2023-04-20,-0.013373706787787041
2023-04-21,-0.002046035805626714
2023-04-24,-0.00973859559200407
2023-04-25,-0.03639648941662372
2023-04-26,-0.001875167425662857
2023-04-27,0.014492753623188404
2023-04-28,-0.005820105820105752
2023-05-04,-0.02501330494944124
2023-05-05,0.009552401746724875
2023-05-08,-0.04082184374155174
2023-05-09,-0.0025438100621820994
2023-05-10,0.030036837631056922
2023-05-11,-0.0033012379642363547
2023-05-12,-0.005796301407673537
2023-05-15,-0.00027762354247629854
2023-05-16,-0.01444043321299629
2023-05-17,0.009298393913778508
2023-05-18,0.0025125628140703
2023-05-19,0.019214703425229768
2023-05-22,0.034153005464480884
2023-05-23,0.0026420079260237503
2023-05-24,-0.03530961791831341
2023-05-25,0.021851953018300903
2023-05-26,-0.008553862603581888
2023-05-29,-0.01860339714208684
2023-05-30,0.004120879120879202
2023-05-31,0.010943912448700294
2023-06-01,0.0
2023-06-02,-0.01867388362652235
2023-06-05,0.0074462217319359895
2023-06-06,0.015603613468382162
2023-06-07,-0.0024258760107816212
2023-06-08,-0.0013509862199405423
2023-06-09,0.009199134199134323
2023-06-12,-0.002144772117962759
2023-06-13,-0.0185384202041912
2023-06-14,-0.013191131069323516
2023-06-15,-0.00028441410693961675
2023-06-16,0.016216216216216127
2023-06-19,-0.008958566629339394
2023-06-20,0.031073446327683545
2023-06-21,-0.001369863013698451
2023-06-26,0.003566529492455412
2023-06-27,-0.0013668671405138839
2023-06-28,-0.019436079934300642
2023-06-29,0.0030709101060859044
2023-06-30,-0.00862788755914283
2023-07-03,0.0028074115665357832
2023-07-04,-0.007558790593505064
2023-07-05,-0.019181946403385008
2023-07-06,0.016393442622950987
2023-07-07,0.0042444821731746915
2023-07-10,0.004790081713158657
2023-07-11,0.012058328659562542
2023-07-12,0.021058464948739274
2023-07-13,0.007869742198100264
2023-07-14,0.0064620355411956305
2023-07-17,0.005082932049224157
2023-07-18,0.004524886877828191
2023-07-19,-0.008214096449390614
2023-07-20,0.005343307507346938
2023-07-21,0.0018602179112409286
2023-07-24,0.0010610079575599414
2023-07-25,-0.003974562798092392
2023-07-26,-0.006384676775738262
2023-07-27,0.013922356091030885
2023-07-28,0.000528122524425621
2023-07-31,-0.000527843758247513
2023-08-01,0.005017163982043807
2023-08-02,-0.013137151865475587
2023-08-03,0.010649627263045693
2023-08-04,-0.011064278187565715
2023-08-07,-0.010655301012253732
2023-08-08,0.0121163166397416
2023-08-09,-0.011439212556531117
2023-08-10,-0.008611410118406737
2023-08-11,0.0008143322475569927
2023-08-14,0.002169785733658853
2023-08-15,-0.003284072249589556
2023-08-16,0.0002745744096649847
2023-08-17,0.01427395004117486
2023-08-18,-0.0002706359945872461
2023-08-21,0.02490525175961012
2023-08-22,0.0036978341257264723
2023-08-23,-0.0007894736842105419
2023-08-24,0.0
2023-08-25,-0.0023702923360548267
2023-08-28,-0.019271383315734008
2023-08-29,0.003768506056527823
2023-08-30,-0.0002681684097614135
2023-08-31,-0.0034871244635194605
2023-09-01,0.01103633916554523
2023-09-04,-0.003194888178913685
2023-09-05,0.004807692307692285
2023-09-06,0.01063264221158952
2023-09-07,0.0207785376117833
2023-09-08,0.0056686421025507385
2023-09-11,-0.00563668972585176
2023-09-12,-0.005926307652666768
2023-09-13,0.0
2023-09-14,-0.003628823224468859
2023-09-15,-0.00026014568158142583
2023-09-18,0.001561280249804757
2023-09-19,0.03689269940244209
2023-09-20,0.004510147832623492
2023-09-21,-0.009728111748565702
2023-09-22,-0.011335012594458443
2023-09-25,-0.014267515923566974
2023-09-26,0.003876970793486879
2023-09-27,0.006694129763130625
2023-09-28,-0.015345268542199458
2023-10-09,0.021038961038961003
2023-10-10,0.007377257695242901
2023-10-11,-0.052525252525252426
2023-10-12,-0.018306010928961763
2023-10-13,0.006679654884497659
2023-10-16,-0.0019353055017969636
2023-10-17,-0.003878116343490564
2023-10-18,0.021690767519466244
2023-10-19,-0.00408274360370163
2023-10-20,-0.005739273025416816
2023-10-23,0.004947773501924064
2023-10-24,-0.00464989059080964
2023-10-25,-0.006870019236053804
2023-10-26,0.00027670171555055394
2023-10-27,0.0019363762102352613
2023-10-30,0.01490889011595794
2023-10-31,0.019042437431991414
2023-11-01,-0.0016017084890551968
2023-11-02,0.0
2023-11-03,0.0008021390374332578
2023-11-06,0.003740315255142957
2023-11-07,-0.002927867979771015
2023-11-08,-0.006406833956220105
2023-11-09,-0.008866200967221799
2023-11-10,-0.022228246137164613
2023-11-13,-0.017466038258940938
2023-11-14,0.00648984198645597
2023-11-15,-0.0028034763106251754
2023-11-16,0.001124543154343572
2023-11-17,0.013760179724796491
2023-11-20,-0.0011080332409974896
2023-11-21,-0.020965517241379312
2023-11-22,0.0036630036630037463
2023-11-23,-0.0025266704098820254
2023-11-24,0.004503236701379097
2023-11-27,-0.004202857943401488
2023-11-28,0.005346088913899831
2023-11-29,0.0025188916876573678
2023-11-30,0.006700167504187637
2023-12-01,0.020798668885191343
2023-12-04,0.0024449877750611798
2023-12-05,-0.007797795106211431
2023-12-06,-0.015176151761517603
2023-12-07,-0.0019262520638415547
2023-12-08,0.002481389578163897
2023-12-11,-0.003300330033003348
2023-12-12,0.02207505518763805
2023-12-13,-0.0037796976241901777
2023-12-14,0.0010840108401082998
2023-12-15,-0.00703844071467237
2023-12-18,0.007088331515812359
2023-12-19,0.004602057390362906
2023-12-20,-0.009700889248180992
2023-12-21,0.007891156462585001
2023-12-22,0.0062095032397408234
2023-12-25,0.0021464985242822957
2023-12-26,0.0002677376171350669
2023-12-27,-0.005620985010706576
2023-12-28,0.0
2023-12-29,0.012113055181695741
2024-01-02,-0.0061170212765957474
2024-01-03,-0.021139951833021132
2024-01-04,0.022416621104428682
2024-01-05,-0.014438502673796944
2024-01-08,0.0062398263700489546
2024-01-09,-0.004044216770018961
2024-01-10,-0.008121277747698915
2024-01-11,-0.010371179039301286
2024-01-12,0.0019305019305018694
2024-01-15,0.00137627305257374
2024-01-16,0.011269928532160543
2024-01-17,0.0065235118238651585
2024-01-18,0.00027005130974894366
2024-01-19,0.0018898488120949724
2024-01-22,0.005389382915656003
2024-01-23,0.0024122219244171687
2024-01-24,-0.007219251336898529
2024-01-25,0.003501211957985595
2024-01-26,0.003488996242619569
2024-01-29,0.00534902380315577
2024-01-30,0.0029263101888799777
2024-01-31,0.0013164823591364026
2024-02-01,-0.0028924533263211525
2024-02-02,-0.014504219409282863
2024-02-05,-0.0018731602890018247
2024-02-06,-0.006166219839142231
2024-02-07,-0.0013487995683841535
2024-02-08,-0.0016207455429497989
2024-02-19,-0.00432900432900405
2024-02-20,0.002445652173912811
2024-02-21,0.013011656275413492
2024-02-22,-0.0045491035590044145
2024-02-23,-0.010483870967742146
2024-02-26,0.002444987775061247
2024-02-27,-0.0024390243902440243
2024-02-28,-0.0013583265417005223
2024-02-29,0.0038084874863982786
2024-03-01,-0.00027100271002724474
2024-03-04,0.0002710761724045902
2024-03-05,-0.0010840108401082718
2024-03-06,-0.0024416711882801
2024-03-07,-0.0032635300516726433
2024-03-08,-0.0013642564802181778
2024-03-11,-0.007377049180328
2024-03-12,0.00027525461051475323
2024-03-13,-0.001375894331315251
2024-03-14,-0.001653348029760307
2024-03-15,-0.00027601435274649
2024-03-18,0.005521811154058714
2024-03-19,0.010433827567270801
2024-03-20,-0.0008152173913044279
2024-03-21,0.005167255915148017
2024-03-22,0.0013528138528141036
2024-03-25,0.0005403944879761582
2024-03-26,0.000810153929246519
2024-03-27,0.0016189962223421897
2024-03-28,-0.000808189655172376
2024-03-29,-0.006201132380695511
2024-04-01,0.00027129679869756606
2024-04-02,0.00786547328451322
2024-04-03,0.007534983853606066
2024-04-08,0.0061431623931623
2024-04-09,0.012476771967082632
2024-04-10,-0.000524383848977503
2024-04-11,0.0007869884575027007
2024-04-12,-0.00026212319790304016
2024-04-15,0.001573151546932281
2024-04-16,0.0020942408376964272
2024-04-17,-0.002351097178683503
2024-04-18,-0.004975124378109259
2024-04-19,-0.008421052631579088
2024-04-22,-0.005838641188959657
2024-04-23,0.0034703683929524754
2024-04-24,-0.007448789571694522
2024-04-25,-0.0016081479496114057
2024-04-26,0.005906040268456489
2024-04-29,0.0074726447824925825
2024-04-30,0.0
2024-05-06,-0.003973509933774995
2024-05-07,-0.008244680851063831
2024-05-08,-0.021508231545406358
2024-05-09,0.0029850746268656244
2024-05-10,-0.002976190476190429
2024-05-13,-0.00027137042062405013
2024-05-14,0.0013572204125949729
2024-05-15,-0.004608294930875632
2024-05-16,-0.0013616557734204469
2024-05-17,-0.0032724297791109597
2024-05-20,0.00027359781121752777
2024-05-21,0.005196936542669556
2024-05-22,0.01578231292517012
2024-05-23,-0.007500669702652031
2024-05-24,-0.004318488529014884
2024-05-27,-0.005421523448088902
2024-05-28,0.0005451076587626404
2024-05-29,0.0008172160174339939
2024-05-30,-0.012248230811105008
2024-05-31,0.014604574262882178
2024-06-03,-0.002715915263443835
2024-06-04,-0.003812636165577227
2024-06-05,-0.015035538545653242
2024-06-06,-0.0174854288093257
2024-06-07,-0.009887005649717525
2024-06-11,0.0008559201141228619
2024-06-12,0.005701254275940569
2024-06-13,0.0022675736961450207
2024-06-14,0.006221719457013476
2024-06-17,0.000281056773468382
2024-06-18,-0.0011239112110142783
2024-06-19,-0.0030942334739803836
2024-06-20,0.008747178329571045
2024-06-21,0.007272727272727247
2024-06-24,0.00666481532907544
2024-06-25,-0.0055172413793104546
2024-06-26,0.0
2024-06-27,-0.0011095700416089475
2024-06-28,0.0069425159677868045
2024-07-01,0.004136789851075588
2024-07-02,0.0021971985718209483
2024-07-03,0.005480953685941343
2024-07-04,0.0005451076587626404
2024-07-05,0.003541269408880401
2024-07-08,0.0029858849077089643
2024-07-09,0.00027063599458717854
2024-07-10,-0.008116883116882924
2024-07-11,0.000272776868521447
2024-07-12,-0.01118080174529588
2024-07-15,0.007446221731935888
2024-07-16,0.004106214070627145
2024-07-17,-0.014176663031624811
2024-07-18,-0.0011061946902655572
2024-07-19,-0.0008305647840530875
2024-07-22,0.013854253255749304
2024-07-23,-0.013118338343809544
2024-07-24,-0.01329271669897547
2024-07-25,-0.0019646365422396877
2024-07-26,0.003937007874015876
2024-07-29,-0.0022408963585435603
2024-07-30,0.00786075238629984
2024-07-31,0.003342618384401083
2024-08-01,-0.010549694614103341
2024-08-02,0.011503928170594833
2024-08-05,0.007766990291262145
2024-08-06,0.007506255212677136
2024-08-07,-0.0339403973509933
2024-08-08,-0.007426449585832659
2024-08-09,-0.002877697841726615
2024-08-12,-0.004906204906204812
2024-08-13,0.0037703016241298873
2024-08-14,0.013868824039295133
2024-08-15,0.012824166429181898
2024-08-16,-0.004501969611705041
2024-08-19,-0.011871113623516193
2024-08-20,0.011155606407322653
2024-08-21,-0.005940594059405921
2024-08-22,-0.010244735344336973
2024-08-23,-0.012938470385278816
2024-08-26,-0.009612583745994833
2024-08-27,-0.008529411764705884
2024-08-28,0.01898546425393051
2024-08-29,0.012227074235807947
2024-08-30,-0.01912889935256018
2024-09-02,0.0
2024-09-03,0.0162016201620164
2024-09-04,-0.018600531443755716
2024-09-05,0.0009025270758122711
2024-09-06,-0.021039975954313204
2024-09-09,-0.01627264353699722
2024-09-10,0.012796504369538076
2024-09-11,-0.01818181818181816
2024-09-12,-0.043314500941619566
2024-09-13,-0.002296587926509271
2024-09-18,0.021045708648470916
2024-09-19,0.0016103059581319482
2024-09-20,-0.00032154340836008195
2024-09-23,0.00707623029913162
2024-09-24,-0.005110188438198595
2024-09-25,-0.012199036918138043
2024-09-26,0.03152421189470261
2024-09-27,-0.006301197227473241
2024-09-30,-0.009828788839568855
2024-10-08,0.0006404098623119227
2024-10-09,0.02079999999999997
2024-10-10,0.047005795235029006
2024-10-11,-0.0012300123001229165
2024-10-14,-0.0003078817733990254
2024-10-15,0.012319063751154956
2024-10-16,0.009431092181320301
2024-10-17,-0.012055455093429819
2024-10-18,-0.0073215375228799316
2024-10-21,-0.012292562999385163
2024-10-22,0.01835718730553826
2024-10-23,-0.01833180568285976
2024-10-24,0.003734827264239029
2024-10-25,0.026976744186046415
2024-10-28,0.0
2024-10-29,-0.008454106280193155
2024-10-30,-0.007003654080389758
2024-10-31,-0.009199632014719348
2024-11-01,0.009904054472299554
2024-11-04,0.0024714241581710933
2024-11-05,0.0018489984591680694
2024-11-06,0.0027683789603198264
2024-11-07,0.012576687116564511
2024-11-08,0.0003029385034837708
2024-11-11,0.019079345850999373
2024-11-12,-0.005943536404160287
2024-11-13,0.0056801195814647045
2024-11-14,-0.013971462544589612
2024-11-15,0.0036177268616218077
2024-11-18,-0.010513667768098627
2024-11-19,-0.00971463266545213
2024-11-20,0.011955855303494672
2024-11-21,0.01181460163586793
2024-11-22,0.005988023952095864
2024-11-25,0.002083333333333426
2024-11-26,0.007722007722007524
2024-11-27,0.0011788977306219038
2024-11-28,-0.0014718869590815563
2024-11-29,0.0029481132075470763
2024-12-02,0.010288065843621377
2024-12-03,0.021821355833576
2024-12-04,0.006264236902050009
2024-12-05,0.005942275042444854
2024-12-06,0.006148686416992691
2024-12-09,-0.014722222222222199
2024-12-10,-0.00253735551170009
2024-12-11,-0.004239683436970026
2024-12-12,-0.013340902639795682
2024-12-13,-0.0008630609896432893
2024-12-16,0.010653613590555779
2024-12-17,0.0005698005698005445
2024-12-18,0.0028473804100227706
2024-12-19,0.0
2024-12-20,-0.007382169222032843
2024-12-23,0.009153318077803152
2024-12-24,0.001700680272108885
2024-12-25,0.0011318619128465825
2024-12-26,-0.0048049745618993405
2024-12-27,0.0031241124680487695
2024-12-30,0.0033975084937713177
2024-12-31,0.003950338600451291
