date,Amihud@80
2013-03-22,
2013-03-25,
2013-03-26,
2013-03-27,
2013-03-28,
2013-03-29,
2013-04-01,
2013-04-02,
2013-04-03,
2013-04-08,
2013-04-09,
2013-04-10,
2013-04-11,
2013-04-12,
2013-04-15,
2013-04-16,
2013-04-17,
2013-04-18,
2013-04-19,
2013-04-22,
2013-04-23,
2013-04-24,
2013-04-25,
2013-04-26,
2013-05-02,
2013-05-03,
2013-05-06,
2013-05-07,
2013-05-08,
2013-05-09,
2013-05-10,
2013-05-13,
2013-05-14,
2013-05-15,
2013-05-16,
2013-05-17,
2013-05-20,
2013-05-21,
2013-05-22,
2013-05-23,
2013-05-24,
2013-05-27,
2013-05-28,
2013-05-29,
2013-05-30,
2013-05-31,
2013-06-03,
2013-06-04,
2013-06-05,
2013-06-06,
2013-06-07,
2013-06-13,
2013-06-14,
2013-06-17,
2013-06-18,
2013-06-19,
2013-06-20,
2013-06-21,
2013-06-24,
2013-06-25,
2013-06-26,
2013-06-27,
2013-06-28,
2013-07-01,
2013-07-02,
2013-07-03,
2013-07-04,
2013-07-05,
2013-07-08,
2013-07-09,
2013-07-10,
2013-07-11,
2013-07-12,
2013-07-15,
2013-07-16,
2013-07-17,
2013-07-18,
2013-07-19,
2013-07-22,
2013-07-23,
2013-07-24,0.03696430954322613
2013-07-25,0.036966000691070484
2013-07-26,0.03715785047946686
2013-07-29,0.03799886127622693
2013-07-30,0.03796818422484342
2013-07-31,0.03811412191953642
2013-08-01,0.03820204158460098
2013-08-02,0.038640405659988775
2013-08-05,0.038782242440431075
2013-08-06,0.03892061456788724
2013-08-07,0.039034857712705116
2013-08-08,0.039779361098222686
2013-08-09,0.040104679798934194
2013-08-12,0.04067499410559181
2013-08-13,0.04014843138025464
2013-08-14,0.040159165302180964
2013-08-15,0.04002322407373915
2013-08-16,0.040080604588067587
2013-08-19,0.040073722632528924
2013-08-20,0.03952768998640939
2013-08-21,0.039000417614928624
2013-08-22,0.03875442029542226
2013-08-23,0.038776185258090935
2013-08-26,0.0386434032955634
2013-08-27,0.03702931844876912
2013-08-28,0.03699393223510336
2013-08-29,0.036039702322499166
2013-08-30,0.03547322314812723
2013-09-02,0.0343907688685507
2013-09-03,0.03380088150960064
2013-09-04,0.032950711789841984
2013-09-05,0.03228031374174045
2013-09-06,0.03236518639749333
2013-09-09,0.031548592273232035
2013-09-10,0.03185565437826637
2013-09-11,0.03138659576851672
2013-09-12,0.031751653352821985
2013-09-13,0.03225427593265673
2013-09-16,0.03186723130479261
2013-09-17,0.03058589527977282
2013-09-18,0.031103528829537992
2013-09-23,0.030020889506402613
2013-09-24,0.030033666988993228
2013-09-25,0.029109377947009383
2013-09-26,0.029105271422607746
2013-09-27,0.028875361340491366
2013-09-30,0.0291714504503984
2013-10-08,0.028876194400220007
2013-10-09,0.029033016827200404
2013-10-10,0.027474225072021793
2013-10-11,0.02713928498670105
2013-10-14,0.027741896402325772
2013-10-15,0.027768615265341075
2013-10-16,0.027876858012777672
2013-10-17,0.0280265642950391
2013-10-18,0.027833704733685773
2013-10-21,0.027803605610454033
2013-10-22,0.028743918815493315
2013-10-23,0.028778867207037304
2013-10-24,0.028706662716087506
2013-10-25,0.02860538138256211
2013-10-28,0.028292392180603226
2013-10-29,0.027209205417931766
2013-10-30,0.026253762646731103
2013-10-31,0.027579481291664758
2013-11-01,0.02797726555496818
2013-11-04,0.028738507167102578
2013-11-05,0.02892650370939426
2013-11-06,0.02853818523099966
2013-11-07,0.02834257093145526
2013-11-08,0.02831901810500285
2013-11-11,0.028411140211383256
2013-11-12,0.02846237234156428
2013-11-13,0.028100150049741472
2013-11-14,0.02806182780602505
2013-11-15,0.02808360364394818
2013-11-18,0.028011469112937556
2013-11-19,0.028663731991648102
2013-11-20,0.02905587937772883
2013-11-21,0.029616844893293734
2013-11-22,0.02950214612971859
2013-11-25,0.02968019440556812
2013-11-26,0.02932181119437267
2013-11-27,0.028601539363158186
2013-11-28,0.028760601811522884
2013-11-29,0.028424573608369117
2013-12-02,0.02817473116234496
2013-12-03,0.027894027722877284
2013-12-04,0.028047832971444964
2013-12-05,0.027888004470676415
2013-12-06,0.0282044734170343
2013-12-09,0.02745575335776398
2013-12-10,0.02725995762158718
2013-12-11,0.027147684350610598
2013-12-12,0.0269462623269004
2013-12-13,0.027416427865200425
2013-12-16,0.027503608825673754
2013-12-17,0.02745829049982134
2013-12-18,0.027313918004183854
2013-12-19,0.02748186224994103
2013-12-20,0.028718784701009328
2013-12-23,0.02884246317283669
2013-12-24,0.028956413267652168
2013-12-25,0.028920485911168112
2013-12-26,0.028815342650430342
2013-12-27,0.028697083114251423
2013-12-30,0.029648311379879968
2013-12-31,0.030228741315231806
2014-01-02,0.02990829961518111
2014-01-03,0.030540584736946683
2014-01-06,0.030386307529101042
2014-01-07,0.030649860989394886
2014-01-08,0.030818689777976305
2014-01-09,0.03098930111098044
2014-01-10,0.030970963898518316
2014-01-13,0.031056213594462773
2014-01-14,0.031256728785711556
2014-01-15,0.03121039218060829
2014-01-16,0.03176016222373886
2014-01-17,0.03175812651132605
2014-01-20,0.032169349372727654
2014-01-21,0.03185806301597625
2014-01-22,0.0319044604605404
2014-01-23,0.032633626508937086
2014-01-24,0.03272117962564384
2014-01-27,0.03291042343487403
2014-01-28,0.0335571277719789
2014-01-29,0.034313790589111576
2014-01-30,0.03416924915192159
2014-02-07,0.03563239673073738
2014-02-10,0.036467567683973315
2014-02-11,0.036246340263087796
2014-02-12,0.03649812387505624
2014-02-13,0.03620996240368541
2014-02-14,0.03650119269553808
2014-02-17,0.03696362974654768
2014-02-18,0.03689769974660427
2014-02-19,0.03617298630207178
2014-02-20,0.036392565099069504
2014-02-21,0.03557152333255404
2014-02-24,0.03569560835920306
2014-02-25,0.03581918988271527
2014-02-26,0.035754375571072416
2014-02-27,0.035972325201675495
2014-02-28,0.034667551372873445
2014-03-03,0.034619622585453924
2014-03-04,0.033962317014557625
2014-03-05,0.03373148253647063
2014-03-06,0.034414732816632786
2014-03-07,0.0353337302242024
2014-03-10,0.036943637916599416
2014-03-11,0.03710251363450666
2014-03-12,0.03727803742214191
2014-03-13,0.03736429301234715
2014-03-14,0.037587003553743545
2014-03-17,0.0372399002388237
2014-03-18,0.037501597699333276
2014-03-19,0.036902715415946266
2014-03-20,0.03696534271227901
2014-03-21,0.03637380061013679
2014-03-24,0.036440504348691054
2014-03-25,0.0367648319014761
2014-03-26,0.03678265650043507
2014-03-27,0.03654353685338172
2014-03-28,0.03688118873527992
2014-03-31,0.036928163078003604
2014-04-01,0.036596476374322603
2014-04-02,0.03637092102388515
2014-04-03,0.03621481900535798
2014-04-04,0.03644778538596394
2014-04-08,0.03617034598206498
2014-04-09,0.03613224758327827
2014-04-10,0.03580046602500078
2014-04-11,0.035452155745556636
2014-04-14,0.03544017784994323
2014-04-15,0.035074050444899675
2014-04-16,0.03518471522898494
2014-04-17,0.03519129314833418
2014-04-18,0.03581446852124044
2014-04-21,0.03570796473090038
2014-04-22,0.03459766431379424
2014-04-23,0.034558059060048996
2014-04-24,0.034277515633546744
2014-04-25,0.034242513314307825
2014-04-28,0.0342939141007687
2014-04-29,0.03400131541554002
2014-04-30,0.03345971416226329
2014-05-05,0.03325253983849035
2014-05-06,0.032923943462883534
2014-05-07,0.03220853494539694
2014-05-08,0.03225795119519133
2014-05-09,0.031782905096091295
2014-05-12,0.031888468410025725
2014-05-13,0.031583362589173845
2014-05-14,0.03138062674558095
2014-05-15,0.03162590464692163
2014-05-16,0.031358285043042854
2014-05-19,0.03093391306550657
2014-05-20,0.030354117372467567
2014-05-21,0.03027119767101424
2014-05-22,0.02944642154886764
2014-05-23,0.029504520217147983
2014-05-26,0.029678818220670183
2014-05-27,0.02895208624038042
2014-05-28,0.02905385404464769
2014-05-29,0.028281943698998068
2014-05-30,0.027178233819846628
2014-06-03,0.026596720398141985
2014-06-04,0.026715121111094663
2014-06-05,0.025434445999470198
2014-06-06,0.024431998966888163
2014-06-09,0.023771355280287024
2014-06-10,0.02321869782114935
2014-06-11,0.0230698665517195
2014-06-12,0.022982050692023116
2014-06-13,0.022526907877532937
2014-06-16,0.02206582377554196
2014-06-17,0.0220459302436819
2014-06-18,0.021538056589684895
2014-06-19,0.021733896747385344
2014-06-20,0.021032565796047193
2014-06-23,0.020817957840861243
2014-06-24,0.020394578127352105
2014-06-25,0.020305790539811484
2014-06-26,0.02039539169756046
2014-06-27,0.02020883675940003
2014-06-30,0.0202660692074204
2014-07-01,0.02040434494328592
2014-07-02,0.020028243578589778
2014-07-03,0.01939277502475942
2014-07-04,0.017741587022862056
2014-07-07,0.017571337031845793
2014-07-08,0.0174788416383741
2014-07-09,0.01785901134841936
2014-07-10,0.01777480952583087
2014-07-11,0.018139256169355352
2014-07-14,0.017873766387103553
2014-07-15,0.01807346187312148
2014-07-16,0.018002285338621297
2014-07-17,0.017972736013427474
2014-07-18,0.018583823666549558
2014-07-21,0.019024621389241665
2014-07-22,0.019660871729471223
2014-07-23,0.02097604117010792
2014-07-24,0.020543980414200552
2014-07-25,0.02066439271547094
2014-07-28,0.020952938961073607
2014-07-29,0.020974765872265686
2014-07-30,0.020912809953642718
2014-07-31,0.02097406833251749
2014-08-01,0.021005542807103494
2014-08-04,0.02162076711072233
2014-08-05,0.021647166914227526
2014-08-06,0.02154182926103589
2014-08-07,0.02163486386797006
2014-08-08,0.021637195880994112
2014-08-11,0.021454404658897922
2014-08-12,0.021726265215340414
2014-08-13,0.021134569159658872
2014-08-14,0.021559205132578446
2014-08-15,0.021961484270436142
2014-08-18,0.022033303074951514
2014-08-19,0.022102564724637317
2014-08-20,0.02235752223973592
2014-08-21,0.022271142261267463
2014-08-22,0.0222425747603947
2014-08-25,0.021961269100797536
2014-08-26,0.021838693327316888
2014-08-27,0.022027915083513393
2014-08-28,0.02206423866605532
2014-08-29,0.022053018716557408
2014-09-01,0.02209176467911832
2014-09-02,0.021925505914991292
2014-09-03,0.02200813104924081
2014-09-04,0.021965301938752912
2014-09-05,0.021695937373395983
2014-09-09,0.021812107813020006
2014-09-10,0.021796915570406753
2014-09-11,0.022121491568534504
2014-09-12,0.02255766364868726
2014-09-15,0.023040058287806593
2014-09-16,0.023222483245231372
2014-09-17,0.023313634825695175
2014-09-18,0.02373065831966916
2014-09-19,0.023817825224545314
2014-09-22,0.023868743048861562
2014-09-23,0.024184219767623943
2014-09-24,0.02415225656073217
2014-09-25,0.024317201546391252
2014-09-26,0.024280281432996296
2014-09-29,0.024336817641833562
2014-09-30,0.024169188311533356
2014-10-08,0.024169188311533356
2014-10-09,0.024706710697654212
2014-10-10,0.024576416453121912
2014-10-13,0.024616186252272663
2014-10-14,0.024556672426346543
2014-10-15,0.024664879951253136
2014-10-16,0.024789270160167808
2014-10-17,0.024924215907844605
2014-10-20,0.02480252549934779
2014-10-21,0.025187636877257877
2014-10-22,0.025113492135817796
2014-10-23,0.02486411627372611
2014-10-24,0.025115268244386244
2014-10-27,0.025713980492232752
2014-10-28,0.025371897839224066
2014-10-29,0.025233622103358548
2014-10-30,0.02529253412250882
2014-10-31,0.024809564485355044
2014-11-03,0.024618756815705498
2014-11-04,0.02528318722774136
2014-11-05,0.024958345803569086
2014-11-06,0.024741068489311773
2014-11-07,0.025556835171455506
2014-11-10,0.026209312714512732
2014-11-11,0.02637190910421881
2014-11-12,0.02613557805046355
2014-11-13,0.026163176499047678
2014-11-14,0.026278896958475045
2014-11-17,0.025969773379094806
2014-11-18,0.026003992380025643
2014-11-19,0.025692849268365108
2014-11-20,0.024768641970254288
2014-11-21,0.02481192753549358
2014-11-24,0.025452782270030075
2014-11-25,0.026238589564794617
2014-11-26,0.02649220782975035
2014-11-27,0.027472131520310455
2014-11-28,0.02814026604110381
2014-12-01,0.02821497597938092
2014-12-02,0.027852105390106113
2014-12-03,0.02859423951596265
2014-12-04,0.028878930361685887
2014-12-05,0.02886202764641317
2014-12-08,0.029499600703941028
2014-12-09,0.029409084158603004
2014-12-10,0.02942393942306448
2014-12-11,0.02981779947050521
2014-12-12,0.03014433415163458
2014-12-15,0.030875458726669264
2014-12-16,0.031373265213972185
2014-12-17,0.03193307486056333
2014-12-18,0.03190098912560782
2014-12-19,0.032599954421268076
2014-12-22,0.03440889676086461
2014-12-23,0.03517374857148485
2014-12-24,0.03560750325198088
2014-12-25,0.036135684757675035
2014-12-26,0.037768427203146084
2014-12-29,0.03905316414640847
2014-12-30,0.04037555159048971
2014-12-31,0.04117861737569222
2015-01-05,0.04215441127135455
2015-01-06,0.04284135460615144
2015-01-07,0.04328290654850753
2015-01-08,0.04320578589665257
2015-01-09,0.044135176174765735
2015-01-12,0.04542691043776995
2015-01-13,0.04538029818663901
2015-01-14,0.04529860702139323
2015-01-15,0.045506214063416865
2015-01-16,0.0459974921983932
2015-01-19,0.04613793073703894
2015-01-20,0.046703397399722714
2015-01-21,0.04704103121191914
2015-01-22,0.04702265399847132
2015-01-23,0.04739738749972572
2015-01-26,0.04788908218468559
2015-01-27,0.049428112490684635
2015-01-28,0.0503207173650173
2015-01-29,0.0512456369783872
2015-01-30,0.05193984030284893
2015-02-02,0.05322065203054867
2015-02-03,0.05427323841688265
2015-02-04,0.05506228158730888
2015-02-05,0.05522763187706348
2015-02-06,0.05753752080264513
2015-02-09,0.060505468105591986
2015-02-10,0.06201047860576527
2015-02-11,0.061965732275290245
2015-02-12,0.06298499788865457
2015-02-13,0.0654647295162243
2015-02-16,0.06680660197718714
2015-02-17,0.07111500087038122
2015-02-25,0.07492428758977661
2015-02-26,0.07986888472988328
2015-02-27,0.08330537382926267
2015-03-02,0.08434630669133109
2015-03-03,0.08476314297744732
2015-03-04,0.08767419854361663
2015-03-05,0.08854375007325326
2015-03-06,0.08843625024357633
2015-03-09,0.08965398348374852
2015-03-10,0.08921813372229068
2015-03-11,0.09049459468293018
2015-03-12,0.09148191431101545
2015-03-13,0.09213767193601848
2015-03-16,0.09164943614026741
2015-03-17,0.0947884026096071
2015-03-18,0.09712392472439492
2015-03-19,0.0978870094509072
2015-03-20,0.09939942577565238
2015-03-23,0.0997446113995005
2015-03-24,0.10095866480085729
2015-03-25,0.10380820667659314
2015-03-26,0.10622201724802945
2015-03-27,0.1082103768381886
2015-03-30,0.10744885452607791
2015-03-31,0.1067717115727175
2015-04-01,0.10764480426755516
2015-04-02,0.10889524027650974
2015-04-03,0.10809949704023811
2015-04-07,0.10845657537660584
2015-04-08,0.10844195732371176
2015-04-09,0.10868021619795933
2015-04-10,0.11006076351317
2015-04-13,0.11099023622075892
2015-04-14,0.11056489685609347
2015-04-15,0.11054564676259525
2015-04-16,0.11049615720832498
2015-04-17,0.11072458639322548
2015-04-20,0.11083554806240227
2015-04-21,0.1108224019977069
2015-04-22,0.11058959691359341
2015-04-23,0.10916811516200392
2015-04-24,0.10903591195243763
2015-04-27,0.10863736919911669
2015-04-28,0.1081443703356375
2015-04-29,0.10726412610898829
2015-04-30,0.10633822658241308
2015-05-04,0.10526013186706303
2015-05-05,0.10467685855539245
2015-05-06,0.10346168974530498
2015-05-07,0.10303179609706614
2015-05-08,0.10270630556484729
2015-05-11,0.10254373832048132
2015-05-12,0.10211651205607902
2015-05-13,0.10059990637454405
2015-05-14,0.10023506015491618
2015-05-15,0.09979885311285812
2015-05-18,0.09962552555617331
2015-05-19,0.09895253415053981
2015-05-20,0.09876869763089972
2015-05-21,0.09879960418661642
2015-05-22,0.09859249110885937
2015-05-25,0.09832690078931097
2015-05-26,0.09796126282060637
2015-05-27,0.0975500764193287
2015-05-28,0.09581987653301373
2015-05-29,0.09526886169271535
2015-06-01,0.0946965238869394
2015-06-02,0.09416910610275687
2015-06-03,0.09333006121415258
2015-06-04,0.09250511335312446
2015-06-05,0.0932691259377309
2015-06-08,0.09342308548168891
2015-06-09,0.09120642804534942
2015-06-10,0.08933780817833357
2015-06-11,0.08818953868475009
2015-06-12,0.08862495262093247
2015-06-15,0.08735882157044822
2015-06-16,0.08485996619812554
2015-06-17,0.08449683540110431
2015-06-18,0.08020233469464409
2015-06-19,0.07707657780051208
2015-06-23,0.07304788374145599
2015-06-24,0.07071322931726343
2015-06-25,0.07104764328126224
2015-06-26,0.07073355616471827
2015-06-29,0.0676797782068027
2015-06-30,0.06643401053930797
2015-07-01,0.06705097602217193
2015-07-02,0.06600663944736458
2015-07-03,0.06729105434121582
2015-07-06,0.06771160294363353
2015-07-07,0.0681851326450714
2015-07-08,0.0701379242469753
2015-07-09,0.07222919329905339
2015-07-10,0.07064854236033657
2015-07-13,0.06857372961089926
2015-07-14,0.06945021742552103
2015-07-15,0.070230138548644
2015-07-16,0.06998496730839
2015-07-17,0.06866297476743836
2015-07-20,0.06678925086413649
2015-07-21,0.06559068277796466
2015-07-22,0.06481736926097338
2015-07-23,0.06529556588668074
2015-07-24,0.066308656522367
2015-07-27,0.06512039199774028
2015-07-28,0.06407846374733821
2015-07-29,0.06688107350992478
2015-07-30,0.07050909810072128
2015-07-31,0.07299316870038221
2015-08-03,0.07371113889634093
2015-08-04,0.0758077075219859
2015-08-05,0.07522222032323488
2015-08-06,0.07564615665001588
2015-08-07,0.07554681410534642
2015-08-10,0.07565773642936217
2015-08-11,0.07781165527418796
2015-08-12,0.08343021774521726
2015-08-13,0.08372873551189114
2015-08-14,0.08364965935057898
2015-08-17,0.08678755569536845
2015-08-18,0.0883488145744963
2015-08-19,0.08873953286964754
2015-08-20,0.09294418510739069
2015-08-21,0.09338041212506758
2015-08-24,0.0986530032774577
2015-08-25,0.09907801713569396
2015-08-26,0.10069252587639223
2015-08-27,0.10325382235551146
2015-08-28,0.10318922107993735
2015-08-31,0.10396380939226207
2015-09-01,0.10543449220282762
2015-09-02,0.10486300342732635
2015-09-07,0.10608026943208566
2015-09-08,0.10718471301557997
2015-09-09,0.10785497129090081
2015-09-10,0.10758016817985684
2015-09-11,0.1085827878217827
2015-09-14,0.10999590073209564
2015-09-15,0.10918751316801353
2015-09-16,0.1110199426348473
2015-09-17,0.11172670304038379
2015-09-18,0.11201173967474114
2015-09-21,0.11333015407464095
2015-09-22,0.11455282647829741
2015-09-23,0.115641926125746
2015-09-24,0.11571741662907713
2015-09-25,0.116240749354354
2015-09-28,0.1193372669524104
2015-09-29,0.12017889899554178
2015-09-30,0.11870065093136621
2015-10-08,0.11880298362003368
2015-10-09,0.12078795698976404
2015-10-12,0.12231700837853142
2015-10-13,0.12154148381786213
2015-10-14,0.12177752816056306
2015-10-15,0.12206540952749702
2015-10-16,0.12256588463028543
2015-10-19,0.12169916268181262
2015-10-20,0.12259002252249086
2015-10-21,0.12153319215564888
2015-10-22,0.1213844299067593
2015-10-23,0.12040063483289423
2015-10-26,0.12120058844788835
2015-10-27,0.12138744350174277
2015-10-28,0.12223667258862028
2015-10-29,0.12217199664521854
2015-10-30,0.12180204281537092
2015-11-02,0.12132509059652466
2015-11-03,0.11985865999273582
2015-11-04,0.11801544947972153
2015-11-05,0.11681023830492275
2015-11-06,0.11437122460391572
2015-11-09,0.11360105549963453
2015-11-10,0.11343885464535973
2015-11-11,0.11334201430473044
2015-11-12,0.11060038061537461
2015-11-13,0.11019969324323882
2015-11-16,0.11040638758192411
2015-11-17,0.11183134538985294
2015-11-18,0.11177269633385055
2015-11-19,0.11230649363031803
2015-11-20,0.11092533267056026
2015-11-23,0.11178069911409996
2015-11-24,0.11452991363086866
2015-11-25,0.11583003538543622
2015-11-26,0.11605145733901234
2015-11-27,0.11348869468291246
2015-11-30,0.10977521183346352
2015-12-01,0.10837489548654496
2015-12-02,0.10734539746331005
2015-12-03,0.10552000219348066
2015-12-04,0.10477220468910899
2015-12-07,0.10595679874502423
2015-12-08,0.10575015954651365
2015-12-09,0.10533234862808305
2015-12-10,0.10274977036440947
2015-12-11,0.09671246811589523
2015-12-14,0.0968837687993527
2015-12-15,0.09685079837876506
2015-12-16,0.09391957330920349
2015-12-17,0.09194944289530048
2015-12-18,0.09293012353501148
2015-12-21,0.08932626796543468
2015-12-22,0.08811023346006329
2015-12-23,0.08275026747046543
2015-12-24,0.08227927748078535
2015-12-25,0.08072924801288822
2015-12-28,0.07822474728681207
2015-12-29,0.07926648178539225
2015-12-30,0.07847535333732873
2015-12-31,0.07740729124128522
2016-01-04,0.07890160370870657
2016-01-05,0.07872487499714757
2016-01-06,0.07877167396032193
2016-01-07,0.07811462739466862
2016-01-08,0.07824039811765841
2016-01-11,0.07698146686997807
2016-01-12,0.0767191961151019
2016-01-13,0.07694689876735686
2016-01-14,0.07495457638404586
2016-01-15,0.07452402190725549
2016-01-18,0.07534121491805308
2016-01-19,0.07357680800381815
2016-01-20,0.0729835023914701
2016-01-21,0.07214261200524955
2016-01-22,0.0730228380092415
2016-01-25,0.07238619093241624
2016-01-26,0.06896466766170799
2016-01-27,0.06859977704044734
2016-01-28,0.06953907388697954
2016-01-29,0.06925424506860409
2016-02-01,0.06726050588624309
2016-02-02,0.06448142668676733
2016-02-03,0.06460363580925661
2016-02-04,0.0651055206359226
2016-02-05,0.06655469499353259
2016-02-15,0.06615338029358658
2016-02-16,0.0670077309192327
2016-02-17,0.06611905121083322
2016-02-18,0.06711948087021938
2016-02-19,0.0665906111541751
2016-02-22,0.06810063892237773
2016-02-23,0.06593732445697621
2016-02-24,0.06602651730504357
2016-02-25,0.0652356551148195
2016-02-26,0.06497058538711613
2016-02-29,0.06510248616791008
2016-03-01,0.06513721519123258
2016-03-02,0.06501678166952918
2016-03-03,0.06447433998741585
2016-03-04,0.0644868416433171
2016-03-07,0.06570943034218359
2016-03-08,0.06453328660673867
2016-03-09,0.0638380842331536
2016-03-10,0.06324943171728038
2016-03-11,0.06391505765213569
2016-03-14,0.061730516198238466
2016-03-15,0.06103177400010515
2016-03-16,0.05966218759867583
2016-03-17,0.05847447584400196
2016-03-18,0.056325311553496626
2016-03-21,0.0566644536740459
2016-03-22,0.05514843248468626
2016-03-23,0.051420002243682844
2016-03-24,0.05157806491937654
2016-03-25,0.05208019113653382
2016-03-28,0.05255100086656318
2016-03-29,0.052034021946676175
2016-03-30,0.05110429909092738
2016-03-31,0.05199910893564058
2016-04-01,0.050775792697639925
2016-04-05,0.050785297069973916
2016-04-06,0.04926519150636703
2016-04-07,0.048688453790484955
2016-04-08,0.04781931214003751
2016-04-11,0.04772352404450482
2016-04-12,0.0479417510437856
2016-04-13,0.04743712282800602
2016-04-14,0.04696616565233661
2016-04-15,0.0467745599731521
2016-04-18,0.047042851081248456
2016-04-19,0.04535171302354308
2016-04-20,0.044941124608862
2016-04-21,0.04513392249855892
2016-04-22,0.04492092436450939
2016-04-25,0.045348086208385055
2016-04-26,0.04501229478563243
2016-04-27,0.04566733824575142
2016-04-28,0.045187402812244246
2016-04-29,0.04640941311520419
2016-05-03,0.04805464406545514
2016-05-04,0.04678236907379724
2016-05-05,0.04696718100484826
2016-05-06,0.04625649788294099
2016-05-09,0.04709140940548487
2016-05-10,0.047977210014757514
2016-05-11,0.04793754094820043
2016-05-12,0.046625018110111945
2016-05-13,0.04696599717544852
2016-05-16,0.04813620877922962
2016-05-17,0.04976470462125361
2016-05-18,0.04956691289291727
2016-05-19,0.04975758670301194
2016-05-20,0.050074200799220155
2016-05-23,0.05063750770890305
2016-05-24,0.05079768039847681
2016-05-25,0.05100526938975548
2016-05-26,0.0521988215070006
2016-05-27,0.05133578106186723
2016-05-30,0.05054434502047855
2016-05-31,0.0506933517044436
2016-06-01,0.050621190832834756
2016-06-02,0.05089811139869332
2016-06-03,0.05202747393401063
2016-06-06,0.051386493327287106
2016-06-07,0.050792267471764733
2016-06-08,0.052699896816259556
2016-06-13,0.05348501016928065
2016-06-14,0.0541601286172551
2016-06-15,0.053911914780793546
2016-06-16,0.05406418475255242
2016-06-17,0.054864708431722406
2016-06-20,0.055766829735629055
2016-06-21,0.05729399852009016
2016-06-22,0.06046755134521563
2016-06-23,0.06147777542870591
2016-06-24,0.06134576082049946
2016-06-27,0.06377914435448719
2016-06-28,0.064407775123879
2016-06-29,0.06511862430414118
2016-06-30,0.06506546402902148
2016-07-01,0.06388060052211669
2016-07-04,0.06502189660364759
2016-07-05,0.0657288857245793
2016-07-06,0.06624201417663972
2016-07-07,0.06568745613613032
2016-07-08,0.06736466235103332
2016-07-11,0.06833278335556198
2016-07-12,0.07087079304298352
2016-07-13,0.0721228338651432
2016-07-14,0.07352317874146769
2016-07-15,0.07431144634158467
2016-07-18,0.07839802181570422
2016-07-19,0.07933696250981731
2016-07-20,0.07853598750261226
2016-07-21,0.0818427898073831
2016-07-22,0.08420880546871559
2016-07-25,0.08733023048918978
2016-07-26,0.09037428834354767
2016-07-27,0.0911053993310142
2016-07-28,0.09450212241326336
2016-07-29,0.09610389193985042
2016-08-01,0.09879140403174182
2016-08-02,0.10039611436271843
2016-08-03,0.10218001154143846
2016-08-04,0.10439930000583349
2016-08-05,0.10837944543011155
2016-08-08,0.11392759386320113
2016-08-09,0.11575249049599642
2016-08-10,0.11544048465498749
2016-08-11,0.11593540643751354
2016-08-12,0.11644426607490628
2016-08-15,0.12315104164779762
2016-08-16,0.12391580198544666
2016-08-17,0.12507073376604075
2016-08-18,0.1259636876816026
2016-08-19,0.12618776092200934
2016-08-22,0.12653679109488872
2016-08-23,0.12705651500612297
2016-08-24,0.1258806000441494
2016-08-25,0.1242901193264566
2016-08-26,0.12437139609997665
2016-08-29,0.12399951252568549
2016-08-30,0.12398614675227673
2016-08-31,0.12411583738883565
2016-09-01,0.12397988678204214
2016-09-02,0.12491324459396437
2016-09-05,0.12622691027907157
2016-09-06,0.12604964607042726
2016-09-07,0.12600810671522344
2016-09-08,0.12424108546632387
2016-09-09,0.12350183752298907
2016-09-12,0.1248836743700206
2016-09-13,0.12442396283048571
2016-09-14,0.1240074721247356
2016-09-19,0.12462977690449421
2016-09-20,0.12578108155600107
2016-09-21,0.123982965110136
2016-09-22,0.12422931126595829
2016-09-23,0.12458983828163411
2016-09-26,0.1247467219569929
2016-09-27,0.12449205085025164
2016-09-28,0.12453569380093447
2016-09-29,0.12412676614055378
2016-09-30,0.12410586848593959
2016-10-10,0.12341798767425734
2016-10-11,0.12219617472090132
2016-10-12,0.1214540871835902
2016-10-13,0.12041528387808793
2016-10-14,0.12064731419484612
2016-10-17,0.12138994931175612
2016-10-18,0.11950490872209299
2016-10-19,0.1188297551703756
2016-10-20,0.11708212033581969
2016-10-21,0.11408451437771686
2016-10-24,0.11313104751243008
2016-10-25,0.11384916723435527
2016-10-26,0.11170680459098865
2016-10-27,0.11123329649875671
2016-10-28,0.11126487817119858
2016-10-31,0.1108378640629183
2016-11-01,0.11055597484234371
2016-11-02,0.10941899346239314
2016-11-03,0.1083370213480186
2016-11-04,0.1087973030527541
2016-11-07,0.11026929280045984
2016-11-08,0.1095229773536899
2016-11-09,0.11027391536524106
2016-11-10,0.10842775823380547
2016-11-11,0.10788619273828837
2016-11-14,0.10694388877702336
2016-11-15,0.10759419286950686
2016-11-16,0.10450169612402103
2016-11-17,0.10348150381321299
2016-11-18,0.10442907397915407
2016-11-21,0.09981382558490343
2016-11-22,0.0996181794438708
2016-11-23,0.09752727700861008
2016-11-24,0.09477949430641369
2016-11-25,0.09432662068903741
2016-11-28,0.09090593327196478
2016-11-29,0.09467619917181581
2016-11-30,0.09471401122605387
2016-12-01,0.09363963238795021
2016-12-02,0.09289942485797473
2016-12-05,0.09112942517168665
2016-12-06,0.08726590951788536
2016-12-07,0.08449576326371218
2016-12-08,0.08459549481777867
2016-12-09,0.0856071104963678
2016-12-12,0.08626664936275068
2016-12-13,0.08656804943295322
2016-12-14,0.07998890034198758
2016-12-15,0.0797591530692741
2016-12-16,0.08054321213058371
2016-12-19,0.08048554560481101
2016-12-20,0.08130689953496412
2016-12-21,0.08019450376356728
2016-12-22,0.08282923666483842
2016-12-23,0.08307450272184509
2016-12-26,0.08614832682369383
2016-12-27,0.08607013507076314
2016-12-28,0.08563338472535834
2016-12-29,0.08534842073693522
2016-12-30,0.08452923173284128
2017-01-03,0.08817760128327524
2017-01-04,0.08820488541442267
2017-01-05,0.08753023397155282
2017-01-06,0.08833083508022824
2017-01-09,0.09035740626604984
2017-01-10,0.09378822696599265
2017-01-11,0.09493538714097863
2017-01-12,0.09348683644500036
2017-01-13,0.09475180150151477
2017-01-16,0.09771696913151494
2017-01-17,0.10163900648551771
2017-01-18,0.10047167363643585
2017-01-19,0.10123325220505595
2017-01-20,0.10667775289012237
2017-01-23,0.1061192674491415
2017-01-24,0.10887334140165726
2017-01-25,0.11062905579432115
2017-01-26,0.11740632420049346
2017-02-03,0.1277267095487023
2017-02-06,0.12919172306691534
2017-02-07,0.13005871766800509
2017-02-08,0.130645057104106
2017-02-09,0.13346828610652578
2017-02-10,0.134883721418356
2017-02-13,0.1369888717023054
2017-02-14,0.13733371695734065
2017-02-15,0.13751015821453239
2017-02-16,0.1373188849552657
2017-02-17,0.13809510791015034
2017-02-20,0.14120659958236348
2017-02-21,0.14210798796886373
2017-02-22,0.14496965062594278
2017-02-23,0.1450879115948318
2017-02-24,0.14758686824367628
2017-02-27,0.14701499346925848
2017-02-28,0.14866207499647335
2017-03-01,0.15322112299973964
2017-03-02,0.15388273116618267
2017-03-03,0.15393893757279192
2017-03-06,0.15302397089747216
2017-03-07,0.1519993112802764
2017-03-08,0.1519853985987766
2017-03-09,0.15104206354899719
2017-03-10,0.15290020978360744
2017-03-13,0.154554261468543
2017-03-14,0.15392980041906665
2017-03-15,0.1526146085423223
2017-03-16,0.15191763389817228
2017-03-17,0.15418163211536182
2017-03-20,0.15611588207669488
2017-03-21,0.15681577740005892
2017-03-22,0.1574727996254272
2017-03-23,0.16023727520299988
2017-03-24,0.16174049440701466
2017-03-27,0.1646605593743599
2017-03-28,0.16502710718180838
2017-03-29,0.16600080786229912
2017-03-30,0.163914346730769
2017-03-31,0.16690484448538842
2017-04-05,0.1732161557760047
2017-04-06,0.17356847212423085
2017-04-07,0.1756719413814826
2017-04-10,0.17365711203166834
2017-04-11,0.1746041487160311
2017-04-12,0.17638530730972357
2017-04-13,0.1752257891941646
2017-04-14,0.17595234069794347
2017-04-17,0.1763422838597299
2017-04-18,0.17715504177867836
2017-04-19,0.17601217971629804
2017-04-20,0.17666785424649167
2017-04-21,0.17601532808728784
2017-04-24,0.17796385547221172
2017-04-25,0.17434669871468153
2017-04-26,0.17404144856907622
2017-04-27,0.1722090807663414
2017-04-28,0.17263575171702397
2017-05-02,0.17372386505184145
2017-05-03,0.17561741619381868
2017-05-04,0.17815124629813692
2017-05-05,0.17525889802753683
2017-05-08,0.1754844887509671
2017-05-09,0.17517831795023528
2017-05-10,0.17488654427840333
2017-05-11,0.17267085347311564
2017-05-12,0.169424101830043
2017-05-15,0.16821497176168032
2017-05-16,0.16863228036258865
2017-05-17,0.16786073734072424
2017-05-18,0.16526614742481968
2017-05-19,0.1603489075395701
2017-05-22,0.160130158864978
2017-05-23,0.16048658021818304
2017-05-24,0.15649434012745192
2017-05-25,0.15721032482512598
2017-05-26,0.15471842210017941
2017-05-31,0.15666111625985035
2017-06-01,0.14953905902669815
2017-06-02,0.13896863449581945
2017-06-05,0.13806551970997033
2017-06-06,0.13715273389546256
2017-06-07,0.1359244070464794
2017-06-08,0.13227950512620765
2017-06-09,0.1318120753343271
2017-06-12,0.12916314227399642
2017-06-13,0.12843961617085903
2017-06-14,0.12884417867553552
2017-06-15,0.12926785138303146
2017-06-16,0.12848101121575514
2017-06-19,0.126440336097818
2017-06-20,0.1260647213141756
2017-06-21,0.12278678788343977
2017-06-22,0.12245416913046285
2017-06-23,0.11986502918462284
2017-06-26,0.12017092297258045
2017-06-27,0.11985230341291894
2017-06-28,0.1165386951743594
2017-06-29,0.11722439469013635
2017-06-30,0.11703844108278177
2017-07-03,0.11813749328248671
2017-07-04,0.11945363171707657
2017-07-05,0.11928839047591154
2017-07-06,0.1184659152079449
2017-07-07,0.11612198474930881
2017-07-10,0.11317598515928816
2017-07-11,0.11352448728445282
2017-07-12,0.1133531883630265
2017-07-13,0.11417723790467327
2017-07-14,0.11223210452539359
2017-07-17,0.11093730075908516
2017-07-18,0.11102406829390078
2017-07-19,0.1078451654932055
2017-07-20,0.10442133788757262
2017-07-21,0.10294992198230972
2017-07-24,0.09864206746361094
2017-07-25,0.09855031877571452
2017-07-26,0.09243075783107842
2017-07-27,0.09239046337666307
2017-07-28,0.08932384969294
2017-07-31,0.08460590550526981
2017-08-01,0.08476226803157835
2017-08-02,0.08288253558137114
2017-08-03,0.08441517184352161
2017-08-04,0.08176237125650714
2017-08-07,0.07907498544511436
2017-08-08,0.07916598786864003
2017-08-09,0.07885137509114225
2017-08-10,0.07794861943585592
2017-08-11,0.07647910907505912
2017-08-14,0.07620248208461183
2017-08-15,0.07467271288139965
2017-08-16,0.07451880581820926
2017-08-17,0.07392570233103861
2017-08-18,0.0740525600670225
2017-08-21,0.07396353040268064
2017-08-22,0.07226144052885318
2017-08-23,0.07204672170009124
2017-08-24,0.07081041732476125
2017-08-25,0.06908842462868009
2017-08-28,0.06690464391317429
2017-08-29,0.06631739981072157
2017-08-30,0.06526871221051778
2017-08-31,0.06503112120044993
2017-09-01,0.0643144466108923
2017-09-04,0.06390965336053024
2017-09-05,0.06399763652078909
2017-09-06,0.06431529868568465
2017-09-07,0.06374837306952529
2017-09-08,0.06286276705554453
2017-09-11,0.06206962042153302
2017-09-12,0.06143587226161467
2017-09-13,0.06213763495831347
2017-09-14,0.06132183616652003
2017-09-15,0.060805901541764566
2017-09-18,0.060461097119852314
2017-09-19,0.059628015935195906
2017-09-20,0.05645595976816688
2017-09-21,0.05767093865361528
2017-09-22,0.05725592617432068
2017-09-25,0.05671051239881869
2017-09-26,0.056385379049242096
2017-09-27,0.05642122864394855
2017-09-28,0.05699613789919766
2017-09-29,0.0561042301159077
2017-10-09,0.05641040587588392
2017-10-10,0.05592595167920863
2017-10-11,0.054934189532563966
2017-10-12,0.054948194776579216
2017-10-13,0.055628673283248276
2017-10-16,0.05445835116068602
2017-10-17,0.05403213537559998
2017-10-18,0.05349427559825732
2017-10-19,0.054552306983784916
2017-10-20,0.05529402000332097
2017-10-23,0.055016102598317296
2017-10-24,0.05421661409797856
2017-10-25,0.053219916768448075
2017-10-26,0.05176952684237594
2017-10-27,0.05142343216881384
2017-10-30,0.050270225431920286
2017-10-31,0.049012652366841776
2017-11-01,0.04865329506952653
2017-11-02,0.04987720293857083
2017-11-03,0.04982866445121918
2017-11-06,0.05065019486444649
2017-11-07,0.05023053736293434
2017-11-08,0.04965340348025447
2017-11-09,0.04860871507485351
2017-11-10,0.04813639736016089
2017-11-13,0.04598360180940323
2017-11-14,0.045226323621469215
2017-11-15,0.04585878416750652
2017-11-16,0.045444759548442744
2017-11-17,0.04512505825888467
2017-11-20,0.04556288329356048
2017-11-21,0.045467438294741855
2017-11-22,0.04709943103897779
2017-11-23,0.04642338715095218
2017-11-24,0.0469012265514088
2017-11-27,0.04489389578653249
2017-11-28,0.04396651218512421
2017-11-29,0.04304901396849618
2017-11-30,0.04174909377790679
2017-12-01,0.042123783736828596
2017-12-04,0.042197936746304274
2017-12-05,0.04192938199897642
2017-12-06,0.04091374203977724
2017-12-07,0.042392696587558586
2017-12-08,0.04237017834801747
2017-12-11,0.0419438166215558
2017-12-12,0.04143885705246042
2017-12-13,0.040997167760937175
2017-12-14,0.04065283828368019
2017-12-15,0.04106429969952788
2017-12-18,0.042506946235411715
2017-12-19,0.042692012475464905
2017-12-20,0.04228102772350914
2017-12-21,0.04193815028000621
2017-12-22,0.04177358065766373
2017-12-25,0.04231321491046466
2017-12-26,0.04148510222060583
2017-12-27,0.04190724464618352
2017-12-28,0.04174256381476377
2017-12-29,0.04151723651714647
2018-01-02,0.04155898636297045
2018-01-03,0.04137011128098789
2018-01-04,0.041066620929914796
2018-01-05,0.041150387844011094
2018-01-08,0.0416036384537768
2018-01-09,0.04134696518539162
2018-01-10,0.04150747583677513
2018-01-11,0.04123575170968207
2018-01-12,0.041371942674291
2018-01-15,0.04059443350910109
2018-01-16,0.041052728075168174
2018-01-17,0.04105082129783062
2018-01-18,0.04064695516149799
2018-01-19,0.03963036657384797
2018-01-22,0.03976450625733236
2018-01-23,0.03953353238455538
2018-01-24,0.03940768012084782
2018-01-25,0.039915760759927144
2018-01-26,0.03970686382237269
2018-01-29,0.03990121933014749
2018-01-30,0.038955068764375815
2018-01-31,0.038639205435161215
2018-02-01,0.03865051582130585
2018-02-02,0.038762119852391426
2018-02-05,0.03862755480955962
2018-02-06,0.03861944602639101
2018-02-07,0.03871811240218255
2018-02-08,0.03883621405456892
2018-02-09,0.03787185373318137
2018-02-12,0.03703875933192182
2018-02-13,0.03644790294411208
2018-02-14,0.03640991277490381
2018-02-22,0.03634078062629908
2018-02-23,0.037063252563754125
2018-02-26,0.03727632720463549
2018-02-27,0.03779967405162743
2018-02-28,0.037669871141993806
2018-03-01,0.03753843065747087
2018-03-02,0.03648491791527685
2018-03-05,0.03691597005516087
2018-03-06,0.036196004377203654
2018-03-07,0.03675646546055695
2018-03-08,0.03746817234150224
2018-03-09,0.0377043955690386
2018-03-12,0.038407966544443006
2018-03-13,0.038731721436968
2018-03-14,0.03961884729366558
2018-03-15,0.0388594161190898
2018-03-16,0.03890044939319341
2018-03-19,0.0386483140399796
2018-03-20,0.03763709428503216
2018-03-21,0.03712521445373233
2018-03-22,0.03555200828088156
2018-03-23,0.03618456885311539
2018-03-26,0.03552727122018367
2018-03-27,0.03506747826524433
2018-03-28,0.035127538983883884
2018-03-29,0.03542451828619961
2018-03-30,0.03475623746799663
2018-04-02,0.03416319889990825
2018-04-03,0.03393256750440039
2018-04-04,0.033804749675673415
2018-04-09,0.03403905063838798
2018-04-10,0.03288494940768515
2018-04-11,0.03435903415179351
2018-04-12,0.034916053104105525
2018-04-13,0.03501816830971031
2018-04-16,0.035758004719257545
2018-04-17,0.03532910737538546
2018-04-18,0.03498279030349991
2018-04-19,0.03394721793822392
2018-04-20,0.034607141249738405
2018-04-23,0.035502152484513855
2018-04-24,0.03556829034392507
2018-04-25,0.03564420070286531
2018-04-26,0.03451653479492345
2018-04-27,0.03459951466914793
2018-05-02,0.03553675038192978
2018-05-03,0.03546021984993845
2018-05-04,0.0357054712516138
2018-05-07,0.03552945079131041
2018-05-08,0.03527076802004564
2018-05-09,0.03550144921663275
2018-05-10,0.03577158667176755
2018-05-11,0.03568155668912545
2018-05-14,0.03550450250488699
2018-05-15,0.03507164021809096
2018-05-16,0.034641756790777065
2018-05-17,0.03461055245789647
2018-05-18,0.03459059413112176
2018-05-21,0.03364864268130198
2018-05-22,0.03383674660883812
2018-05-23,0.034666025444602164
2018-05-24,0.03486107467111049
2018-05-25,0.034993384879415494
2018-05-28,0.03520820341240326
2018-05-29,0.035638013981966456
2018-05-30,0.03523102422102563
2018-05-31,0.03556848585557507
2018-06-01,0.035579211716938196
2018-06-04,0.035701540290002255
2018-06-05,0.03581669802541418
2018-06-06,0.0357155661068861
2018-06-07,0.035088308707578834
2018-06-08,0.034437809717022254
2018-06-11,0.03454241472001342
2018-06-12,0.03519431979382791
2018-06-13,0.03573475931799444
2018-06-14,0.03560486220230589
2018-06-15,0.035581229906797594
2018-06-19,0.037521026756410836
2018-06-20,0.03739550518910531
2018-06-21,0.03810664516111093
2018-06-22,0.037337984553575676
2018-06-25,0.03725236653674706
2018-06-26,0.03726866208786889
2018-06-27,0.03698928569134278
2018-06-28,0.037119300937145785
2018-06-29,0.03746941932521031
2018-07-02,0.03774969658955889
2018-07-03,0.0376953970181554
2018-07-04,0.03694467157174038
2018-07-05,0.0363512247483335
2018-07-06,0.03576055910503543
2018-07-09,0.03518892436834935
2018-07-10,0.03541421181088687
2018-07-11,0.03455949982579067
2018-07-12,0.03456780831568853
2018-07-13,0.0353883541594514
2018-07-16,0.03574127949618155
2018-07-17,0.03606550632476077
2018-07-18,0.03647372694647767
2018-07-19,0.036888880137013684
2018-07-20,0.036566158481445364
2018-07-23,0.03633990925403434
2018-07-24,0.03660569323241559
2018-07-25,0.03665926064750612
2018-07-26,0.036391667273346695
2018-07-27,0.035844573580725826
2018-07-30,0.035864274481558205
2018-07-31,0.03574151074489107
2018-08-01,0.03582771955536674
2018-08-02,0.035624147937210304
2018-08-03,0.03568135219223227
2018-08-06,0.03498608397804377
2018-08-07,0.035131248235317235
2018-08-08,0.03492261542002568
2018-08-09,0.03428069892099701
2018-08-10,0.03494369548184337
2018-08-13,0.03529938651834849
2018-08-14,0.035176138269084535
2018-08-15,0.03479529745755393
2018-08-16,0.03405819239568797
2018-08-17,0.034407143807582204
2018-08-20,0.034758654671700175
2018-08-21,0.03563604953202565
2018-08-22,0.036163809113558675
2018-08-23,0.035472732331697954
2018-08-24,0.035461414010789165
2018-08-27,0.03577648658293063
2018-08-28,0.03561861814884108
2018-08-29,0.03641009833072979
2018-08-30,0.03612451194857062
2018-08-31,0.035892441744335535
2018-09-03,0.036132555424101945
2018-09-04,0.03634023384846756
2018-09-05,0.03670095746698485
2018-09-06,0.03774653083621562
2018-09-07,0.03740326992231845
2018-09-10,0.03810724320029385
2018-09-11,0.0387279711091848
2018-09-12,0.03875437396163038
2018-09-13,0.03816328152595969
2018-09-14,0.03801809713011568
2018-09-17,0.03775981838172001
2018-09-18,0.03744886790649766
2018-09-19,0.037142929213067985
2018-09-20,0.03760903093339856
2018-09-21,0.03709358010446384
2018-09-25,0.037166294012043924
2018-09-26,0.03709981625540349
2018-09-27,0.03760890375451695
2018-09-28,0.037720667228847676
2018-10-08,0.03955916243336171
2018-10-09,0.03954492196691722
2018-10-10,0.03970464693633875
2018-10-11,0.038781056886617093
2018-10-12,0.03837166217214298
2018-10-15,0.03908540543714257
2018-10-16,0.03922054562098375
2018-10-17,0.037738053571563936
2018-10-18,0.037655315781916755
2018-10-19,0.03730608080638925
2018-10-22,0.03745143800240517
2018-10-23,0.03779630181420327
2018-10-24,0.037375685731735296
2018-10-25,0.03758376919989056
2018-10-26,0.03727091744294328
2018-10-29,0.03717376349629519
2018-10-30,0.036413181760449706
2018-10-31,0.03636842457176471
2018-11-01,0.03622346385819383
2018-11-02,0.036494391527146695
2018-11-05,0.03700016158833798
2018-11-06,0.03701001736233433
2018-11-07,0.03655493176566329
2018-11-08,0.03649850847505885
2018-11-09,0.036732919995269724
2018-11-12,0.03610515485766198
2018-11-13,0.03636912385901644
2018-11-14,0.036633422834753286
2018-11-15,0.036739997248319195
2018-11-16,0.03605936126247061
2018-11-19,0.035815208353586765
2018-11-20,0.0360072678236233
2018-11-21,0.03564544249122595
2018-11-22,0.03551127919481869
2018-11-23,0.035988789587769
2018-11-26,0.036653459846020926
2018-11-27,0.036813154801642226
2018-11-28,0.03737527151508426
2018-11-29,0.037106108898843214
2018-11-30,0.03711692150913695
2018-12-03,0.03783849523463366
2018-12-04,0.03734738096553063
2018-12-05,0.037094097536517795
2018-12-06,0.03754385394480379
2018-12-07,0.03830549869397591
2018-12-10,0.037543074694453796
2018-12-11,0.03714097516152328
2018-12-12,0.03685867742929936
2018-12-13,0.03745473852394708
2018-12-14,0.03762770174427052
2018-12-17,0.03768933177700493
2018-12-18,0.03791117953693825
2018-12-19,0.03760808840007325
2018-12-20,0.036926722108392505
2018-12-21,0.03633593339513654
2018-12-24,0.03621180861215429
2018-12-25,0.036479144650757814
2018-12-26,0.036254120438863544
2018-12-27,0.03543878532088312
2018-12-28,0.035691387810717914
2019-01-02,0.037773082563295736
2019-01-03,0.03839169629018745
2019-01-04,0.03857269336063425
2019-01-07,0.0385598878078905
2019-01-08,0.038228448566922445
2019-01-09,0.038151976372107925
2019-01-10,0.03721165639146743
2019-01-11,0.03767276469231411
2019-01-14,0.037713175852203795
2019-01-15,0.037562388074302525
2019-01-16,0.03745738721159413
2019-01-17,0.03727162373273898
2019-01-18,0.03731102084359318
2019-01-21,0.03766019431226207
2019-01-22,0.036897799546234615
2019-01-23,0.03717317850213305
2019-01-24,0.037483257402736066
2019-01-25,0.037243567343652105
2019-01-28,0.03695175375620037
2019-01-29,0.03733089931043225
2019-01-30,0.03531673572310848
2019-01-31,0.03636634392203458
2019-02-01,0.036373218352477844
2019-02-11,0.037078649087969415
2019-02-12,0.03759988775522929
2019-02-13,0.03720856023201416
2019-02-14,0.03704203036088895
2019-02-15,0.03655933680729111
2019-02-18,0.03665364419033221
2019-02-19,0.036158050038726276
2019-02-20,0.03639780024678016
2019-02-21,0.03643256530106236
2019-02-22,0.036720460822975316
2019-02-25,0.0364382197586521
2019-02-26,0.03646260620325282
2019-02-27,0.0360045313012351
2019-02-28,0.03586407189215893
2019-03-01,0.03651631515017752
2019-03-04,0.037297206170732525
2019-03-05,0.03706638333157502
2019-03-06,0.03721339198349075
2019-03-07,0.037390622909669775
2019-03-08,0.038768077039083214
2019-03-11,0.039360699431714365
2019-03-12,0.03901260141533316
2019-03-13,0.03894958936450198
2019-03-14,0.03840518891288523
2019-03-15,0.037857578918720824
2019-03-18,0.03760698887335676
2019-03-19,0.037706609287629374
2019-03-20,0.03775528017775763
2019-03-21,0.03811565302851471
2019-03-22,0.03881362875700313
2019-03-25,0.03949694456993561
2019-03-26,0.039201361811111654
2019-03-27,0.03854873018025727
2019-03-28,0.038429273195745
2019-03-29,0.03791479065350613
2019-04-01,0.03861602706949852
2019-04-02,0.03927019018062075
2019-04-03,0.038863684230396975
2019-04-04,0.038536096034750535
2019-04-08,0.039106748538667364
2019-04-09,0.041282410053468145
2019-04-10,0.04118223806825979
2019-04-11,0.04110165570098346
2019-04-12,0.04083964388965556
2019-04-15,0.041183801364086114
2019-04-16,0.04027479418481866
2019-04-17,0.04032284233579858
2019-04-18,0.04014369422562788
2019-04-19,0.040143638088475014
2019-04-22,0.039860058768689616
2019-04-23,0.04030579937809092
2019-04-24,0.04087665145819367
2019-04-25,0.041230021357818045
2019-04-26,0.04030513109635364
2019-04-29,0.04061613073345159
2019-04-30,0.040763280418246346
2019-05-06,0.041027373221794824
2019-05-07,0.039225086176005966
2019-05-08,0.03818980976612197
2019-05-09,0.03860219023434277
2019-05-10,0.038479461989980396
2019-05-13,0.03865025407247158
2019-05-14,0.03926560527314214
2019-05-15,0.04132573870197501
2019-05-16,0.04025157696919656
2019-05-17,0.04080878687273937
2019-05-20,0.04066382495807074
2019-05-21,0.04100647122306048
2019-05-22,0.04133165684157162
2019-05-23,0.04127539655962588
2019-05-24,0.04155174933304352
2019-05-27,0.042475601699280906
2019-05-28,0.042060310849783414
2019-05-29,0.04189361815221396
2019-05-30,0.04197125236399618
2019-05-31,0.041981743690489015
2019-06-03,0.04205196227417081
2019-06-04,0.042447454829065104
2019-06-05,0.041476177642070663
2019-06-06,0.04130142399210896
2019-06-10,0.04187395653186346
2019-06-11,0.04168622055559324
2019-06-12,0.042588286277102545
2019-06-13,0.04267372530408898
2019-06-14,0.04354569036086501
2019-06-17,0.04329776375899967
2019-06-18,0.04354991226222944
2019-06-19,0.04338986844514838
2019-06-20,0.04306562240076976
2019-06-21,0.04286650088446225
2019-06-24,0.04348322251621676
2019-06-25,0.043697210549156255
2019-06-26,0.043870438432634745
2019-06-27,0.043986295562828535
2019-06-28,0.04428452056738095
2019-07-01,0.04384596214606886
2019-07-02,0.043892686637568096
2019-07-03,0.04442068057983217
2019-07-04,0.04404747030201613
2019-07-05,0.042964227032455594
2019-07-08,0.042745679902820494
2019-07-09,0.04321908631829775
2019-07-10,0.04373770981170207
2019-07-11,0.04456977120033423
2019-07-12,0.04459834386920758
2019-07-15,0.04434062970994263
2019-07-16,0.045376870225063946
2019-07-17,0.045729275314242625
2019-07-18,0.04522347049208121
2019-07-19,0.04459123128087748
2019-07-22,0.04517032694895331
2019-07-23,0.045143170930899645
2019-07-24,0.04605827499419608
2019-07-25,0.045988763614154875
2019-07-26,0.0463543186801749
2019-07-29,0.046336942940677306
2019-07-30,0.0457514960124499
2019-07-31,0.04527931053107117
2019-08-01,0.04580673547397021
2019-08-02,0.04506115132815349
2019-08-05,0.042467483556325035
2019-08-06,0.042150979839185775
2019-08-07,0.042395758248160775
2019-08-08,0.04346413398828447
2019-08-09,0.0433256215153563
2019-08-12,0.04336685405734053
2019-08-13,0.043552463664495014
2019-08-14,0.04468124572901168
2019-08-15,0.04418443744355557
2019-08-16,0.04677534993400216
2019-08-19,0.0480199461115151
2019-08-20,0.04731802820865066
2019-08-21,0.04778894049561892
2019-08-22,0.048570189714092694
2019-08-23,0.048802727906446346
2019-08-26,0.05040971063038697
2019-08-27,0.04990129025922032
2019-08-28,0.049805958792475784
2019-08-29,0.05131098853475757
2019-08-30,0.05227043216310115
2019-09-02,0.05258940019608068
2019-09-03,0.05268121231514892
2019-09-04,0.053091553073141874
2019-09-05,0.05144925729149817
2019-09-06,0.05198678524068956
2019-09-09,0.05302268331419031
2019-09-10,0.053709573065642044
2019-09-11,0.05412251038144765
2019-09-12,0.05464402108089855
2019-09-16,0.05452038795823932
2019-09-17,0.0549551746118389
2019-09-18,0.05505999842540225
2019-09-19,0.056043283432809815
2019-09-20,0.056341928071423644
2019-09-23,0.05639098717954941
2019-09-24,0.05783867566242101
2019-09-25,0.05765705822720887
2019-09-26,0.05720138846198838
2019-09-27,0.05807258943547604
2019-09-30,0.0580638605240853
2019-10-08,0.05789184253244284
2019-10-09,0.05778365506510116
2019-10-10,0.05671435697563193
2019-10-11,0.05667332071989369
2019-10-14,0.056908241797082766
2019-10-15,0.05723025715390843
2019-10-16,0.05811778459511919
2019-10-17,0.059131204760537
2019-10-18,0.05896914326039886
2019-10-21,0.05900103141311186
2019-10-22,0.05862358206014232
2019-10-23,0.05900401880022322
2019-10-24,0.059236362898829435
2019-10-25,0.059191555478036985
2019-10-28,0.05876263865869535
2019-10-29,0.0591580668248095
2019-10-30,0.05906090319355309
2019-10-31,0.05913257347133368
2019-11-01,0.05911169403331684
2019-11-04,0.05916055218148036
2019-11-05,0.05983552498964156
2019-11-06,0.060014269365855945
2019-11-07,0.05966677028559407
2019-11-08,0.05877207764296341
2019-11-11,0.05938326768883178
2019-11-12,0.05964713629180937
2019-11-13,0.058430428151949744
2019-11-14,0.05847828020034255
2019-11-15,0.05917575312111503
2019-11-18,0.058982354741289426
2019-11-19,0.05843453045476387
2019-11-20,0.05869047327705817
2019-11-21,0.058449392931699484
2019-11-22,0.05906898079300192
2019-11-25,0.05901373015298753
2019-11-26,0.05941968441494678
2019-11-27,0.05909604512828142
2019-11-28,0.059388136627255415
2019-11-29,0.05905471401396674
2019-12-02,0.059521151992166565
2019-12-03,0.05959215341780974
2019-12-04,0.05998263858573766
2019-12-05,0.060154909155586224
2019-12-06,0.05897359047914594
2019-12-09,0.05918669618247398
2019-12-10,0.058982317049066806
2019-12-11,0.05911561424380644
2019-12-12,0.05788804658789073
2019-12-13,0.057402220656608834
2019-12-16,0.05565745035443913
2019-12-17,0.053821455190456884
2019-12-18,0.05380522520381235
2019-12-19,0.05370477495945572
2019-12-20,0.05287371377562617
2019-12-23,0.053533066208040624
2019-12-24,0.05293455041866843
2019-12-25,0.05284334593817902
2019-12-26,0.05332713887195408
2019-12-27,0.0519187266865657
2019-12-30,0.05095212206824348
2019-12-31,0.0510173676059616
2020-01-02,0.052186853439137225
2020-01-03,0.0514278442146893
2020-01-06,0.05093389635314679
2020-01-07,0.05269550145746986
2020-01-08,0.05337772825157846
2020-01-09,0.053186584809905
2020-01-10,0.05340332352856473
2020-01-13,0.052744677988762305
2020-01-14,0.05341986194753754
2020-01-15,0.052430090680305706
2020-01-16,0.05373862098719388
2020-01-17,0.05385807360706883
2020-01-20,0.05539690608692448
2020-01-21,0.055565686399041546
2020-01-22,0.0550906638318621
2020-01-23,0.056820753029684326
2020-02-03,0.06373646249165717
2020-02-04,0.0681235002537002
2020-02-05,0.06774754930080462
2020-02-06,0.07141898178885286
2020-02-07,0.07108397308240662
2020-02-10,0.07246086890826664
2020-02-11,0.07731694374854797
2020-02-12,0.07842784229604685
2020-02-13,0.08018519406382975
2020-02-14,0.0808010421208462
2020-02-17,0.08068685894439845
2020-02-18,0.0817368250262382
2020-02-19,0.08301770950897773
2020-02-20,0.08333106886656391
2020-02-21,0.08490356367669602
2020-02-24,0.08644385473661602
2020-02-25,0.08675383003717325
2020-02-26,0.08773669237172131
2020-02-27,0.08748636816673747
2020-02-28,0.08975024506059112
2020-03-02,0.09273975385697959
2020-03-03,0.09379272662744091
2020-03-04,0.09382072036111955
2020-03-05,0.09496952898925234
2020-03-06,0.09489559014200433
2020-03-09,0.09484368131031397
2020-03-10,0.09571785717252812
2020-03-11,0.09520938256022539
2020-03-12,0.09698229902611345
2020-03-13,0.09901911984939818
2020-03-16,0.10122104547059511
2020-03-17,0.10114765747182625
2020-03-18,0.10273063392401936
2020-03-19,0.10181951636893337
2020-03-20,0.10490487190155776
2020-03-23,0.10590187321159963
2020-03-24,0.11008154706669519
2020-03-25,0.11160202823753729
2020-03-26,0.11232816752079085
2020-03-27,0.11312438976924251
2020-03-30,0.1150915851751323
2020-03-31,0.11919744288354703
2020-04-01,0.12110062635610196
2020-04-02,0.12261868352149763
2020-04-03,0.1262261837622557
2020-04-07,0.12716030755228272
2020-04-08,0.12812194358826812
2020-04-09,0.12848420249472753
2020-04-10,0.13114472296408727
2020-04-13,0.13057087414595758
2020-04-14,0.1306109327901861
2020-04-15,0.13178812070238408
2020-04-16,0.13345423445252436
2020-04-17,0.1335221950099123
2020-04-20,0.134355709892549
2020-04-21,0.13691645933173957
2020-04-22,0.13827771022361626
2020-04-23,0.13911267399468674
2020-04-24,0.13906344733776874
2020-04-27,0.14236837503191582
2020-04-28,0.14548049224530762
2020-04-29,0.14560329999224117
2020-04-30,0.14837607927424937
2020-05-06,0.15042046911113113
2020-05-07,0.14942628286593682
2020-05-08,0.14917929584134992
2020-05-11,0.15037873652873332
2020-05-12,0.15111546376712778
2020-05-13,0.14866758387941562
2020-05-14,0.14964970376165315
2020-05-15,0.14880477962586813
2020-05-18,0.15054063278408905
2020-05-19,0.15363737557601684
2020-05-20,0.15491621789268026
2020-05-21,0.15337505255503964
2020-05-22,0.15379982744398513
2020-05-25,0.1517426912031893
2020-05-26,0.15171849178661045
2020-05-27,0.15139347031720018
2020-05-28,0.1500111749087687
2020-05-29,0.14351658485022747
2020-06-01,0.13895885480060363
2020-06-02,0.13978270142238558
2020-06-03,0.13542155818229254
2020-06-04,0.13583744663951344
2020-06-05,0.13542650411606555
2020-06-08,0.13255837707683263
2020-06-09,0.1304051561282817
2020-06-10,0.12893288241424808
2020-06-11,0.12705146534752967
2020-06-12,0.1262496874978879
2020-06-15,0.1286858603086675
2020-06-16,0.1310026680228396
2020-06-17,0.13271832728877228
2020-06-18,0.1329679295024018
2020-06-19,0.13100645842321193
2020-06-22,0.13325523733439934
2020-06-23,0.13438589953900507
2020-06-24,0.13375121681944444
2020-06-29,0.13448915122613878
2020-06-30,0.13273978998849784
2020-07-01,0.13390488832336653
2020-07-02,0.13623698802113307
2020-07-03,0.1342029051581151
2020-07-06,0.1339073147492268
2020-07-07,0.13452828744885495
2020-07-08,0.13514199313424285
2020-07-09,0.13778184478572475
2020-07-10,0.13895985990443446
2020-07-13,0.13920861001581328
2020-07-14,0.13851017219014394
2020-07-15,0.13823274991104753
2020-07-16,0.13775592725379038
2020-07-17,0.13903309170610548
2020-07-20,0.13624536678204419
2020-07-21,0.1377074093751434
2020-07-22,0.13444462488519843
2020-07-23,0.1336488049894285
2020-07-24,0.1327479400528506
2020-07-27,0.13401275217270447
2020-07-28,0.13359720556417568
2020-07-29,0.1311543741693613
2020-07-30,0.13067264478962987
2020-07-31,0.13196400199251476
2020-08-03,0.12901175981058963
2020-08-04,0.13139981259164177
2020-08-05,0.13089853332698045
2020-08-06,0.13161910490915738
2020-08-07,0.12941981122703386
2020-08-10,0.13088068573848455
2020-08-11,0.13407023422091172
2020-08-12,0.1332386343857073
2020-08-13,0.13506652867670912
2020-08-14,0.13804837350790625
2020-08-17,0.13712002334262535
2020-08-18,0.13709800598685418
2020-08-19,0.13904335633197873
2020-08-20,0.14171651184881576
2020-08-21,0.14117207119456124
2020-08-24,0.14226067564133696
2020-08-25,0.13839589169117367
2020-08-26,0.1379857546886904
2020-08-27,0.13586739059164404
2020-08-28,0.13411715042433697
2020-08-31,0.13482539759038142
2020-09-01,0.13793874325408456
2020-09-02,0.13824334937803892
2020-09-03,0.1360043779975094
2020-09-04,0.13605069536445846
2020-09-07,0.135137879813542
2020-09-08,0.13758458879789603
2020-09-09,0.13618951263113258
2020-09-10,0.13391669797251513
2020-09-11,0.13427412130761304
2020-09-14,0.13432799743397875
2020-09-15,0.13381371280291865
2020-09-16,0.13464846880434433
2020-09-17,0.1364873877884399
2020-09-18,0.1380720396023744
2020-09-21,0.13851320140952478
2020-09-22,0.13819003714771755
2020-09-23,0.13732262541949042
2020-09-24,0.13813980922806196
2020-09-25,0.13999882311697243
2020-09-28,0.14298829353737574
2020-09-29,0.14371864275681928
2020-09-30,0.1423834914282818
2020-10-09,0.14997190652124634
2020-10-12,0.1522009689769244
2020-10-13,0.15272940992740444
2020-10-14,0.1524714575525507
2020-10-15,0.1500395567108415
2020-10-16,0.14709478819445646
2020-10-19,0.1455149625223896
2020-10-20,0.146241491411004
2020-10-21,0.14642280648897085
2020-10-22,0.14430942480847261
2020-10-23,0.14273255011539238
2020-10-26,0.14308841949058232
2020-10-27,0.14056740760859437
2020-10-28,0.13892329579588963
2020-10-29,0.13880143220217223
2020-10-30,0.13618857037449278
2020-11-02,0.13691712477660822
2020-11-03,0.1394545693470096
2020-11-04,0.14099608909354447
2020-11-05,0.13989914782411644
2020-11-06,0.13732750553811993
2020-11-09,0.13471027405074865
2020-11-10,0.13282438619617418
2020-11-11,0.1349067735136869
2020-11-12,0.13585544874889488
2020-11-13,0.13474929495395888
2020-11-16,0.13680835487790746
2020-11-17,0.13780782484667253
2020-11-18,0.13542847729316532
2020-11-19,0.13510777027406617
2020-11-20,0.13531968386892895
2020-11-23,0.13755230611874292
2020-11-24,0.13821532695897476
2020-11-25,0.1376330124672205
2020-11-26,0.1358265990119163
2020-11-27,0.13406790507140837
2020-11-30,0.13173916618815618
2020-12-01,0.13375514025421867
2020-12-02,0.1336459971861506
2020-12-03,0.13377277342675034
2020-12-04,0.13225636744687802
2020-12-07,0.13226957462204003
2020-12-08,0.1313139435804727
2020-12-09,0.1325331121197856
2020-12-10,0.1331041463953885
2020-12-11,0.13199704620516448
2020-12-14,0.13031350068015446
2020-12-15,0.1309895978581355
2020-12-16,0.1285530365215819
2020-12-17,0.1260763665467594
2020-12-18,0.12354736562601996
2020-12-21,0.12517661609233388
2020-12-22,0.1224833824106033
2020-12-23,0.1227763156705528
2020-12-24,0.1226759395664064
2020-12-25,0.12435961253761152
2020-12-28,0.12397557014833331
2020-12-29,0.12368821526434623
2020-12-30,0.12091250921025982
2020-12-31,0.11971599964442958
2021-01-04,0.12224199912433635
2021-01-05,0.12296040912990808
2021-01-06,0.12264399752456755
2021-01-07,0.12141182107732845
2021-01-08,0.12187118245336818
2021-01-11,0.12055245531553832
2021-01-12,0.1199218130276662
2021-01-13,0.12109000903932754
2021-01-14,0.12043271793983237
2021-01-15,0.12074080708651613
2021-01-18,0.11918092197760599
2021-01-19,0.11799429223075247
2021-01-20,0.1176090608128691
2021-01-21,0.11829508859166131
2021-01-22,0.11959184750287327
2021-01-25,0.11827851166855669
2021-01-26,0.11823794982902161
2021-01-27,0.1155085940333512
2021-01-28,0.1152477781894842
2021-01-29,0.11629390335843132
2021-02-01,0.10917345729366161
2021-02-02,0.10813843081484677
2021-02-03,0.10824856611581603
2021-02-04,0.11055025945962176
2021-02-05,0.10948974337770373
2021-02-08,0.10948680859049065
2021-02-09,0.11064412648733993
2021-02-10,0.10788924516587733
2021-02-18,0.11205875564534898
2021-02-19,0.11437856730795656
2021-02-22,0.1158269908476033
2021-02-23,0.11780686846823567
2021-02-24,0.11845860724250656
2021-02-25,0.11963693593194649
2021-02-26,0.12007516417293086
2021-03-01,0.12248450469554986
2021-03-02,0.1250899299035968
2021-03-03,0.12341045436547471
2021-03-04,0.12179752985587325
2021-03-05,0.12210114432033498
2021-03-08,0.12286652234786767
2021-03-09,0.12424332178364132
2021-03-10,0.12583469381244397
2021-03-11,0.12291669108420493
2021-03-12,0.12325466657476551
2021-03-15,0.12424563026652063
2021-03-16,0.12305073005421575
2021-03-17,0.12415689345837884
2021-03-18,0.12421820301598957
2021-03-19,0.12331980790740232
2021-03-22,0.12347219412948333
2021-03-23,0.12016257917261404
2021-03-24,0.11782295854962614
2021-03-25,0.11683201490259025
2021-03-26,0.11740245853539394
2021-03-29,0.12001431979599911
2021-03-30,0.11950567407897875
2021-03-31,0.11649715131864673
2021-04-01,0.11495033132943365
2021-04-02,0.11523621071951164
2021-04-06,0.11679682991488186
2021-04-07,0.11657221690909077
2021-04-08,0.11764324127024282
2021-04-09,0.11407257853854992
2021-04-12,0.11465053138612159
2021-04-13,0.11121958986660996
2021-04-14,0.10991561296000875
2021-04-15,0.10944311150266116
2021-04-16,0.11237651915952887
2021-04-19,0.11199935113819867
2021-04-20,0.11027519850087295
2021-04-21,0.10959476485600674
2021-04-22,0.10943814614422906
2021-04-23,0.1094695014225236
2021-04-26,0.1113072753378082
2021-04-27,0.1084319479162991
2021-04-28,0.10892430758268866
2021-04-29,0.10765974581478548
2021-04-30,0.10731282850504206
2021-05-06,0.11419093185169929
2021-05-07,0.11179885288520049
2021-05-10,0.11351642415849615
2021-05-11,0.11381822401107261
2021-05-12,0.11387096583104066
2021-05-13,0.11466763904772011
2021-05-14,0.1155719778929739
2021-05-17,0.11509759643611657
2021-05-18,0.11304785396532811
2021-05-19,0.11346982173828819
2021-05-20,0.11438115647872792
2021-05-21,0.11500766520026728
2021-05-24,0.11406793079787823
2021-05-25,0.1140133664592562
2021-05-26,0.1133827146880879
2021-05-27,0.11292887902645429
2021-05-28,0.11294815411796195
2021-05-31,0.11130409317978618
2021-06-01,0.1125567422327238
2021-06-02,0.11117954309683188
2021-06-03,0.10958702285991265
2021-06-04,0.10956834397356902
2021-06-07,0.10871618547528171
2021-06-08,0.1095835025785393
2021-06-09,0.10786295258024989
2021-06-10,0.10791288020407472
2021-06-11,0.109993137794619
2021-06-15,0.10878065266077026
2021-06-16,0.10830682048156513
2021-06-17,0.10513568022663557
2021-06-18,0.10307931036950058
2021-06-21,0.1008745203191605
2021-06-22,0.09919824732687078
2021-06-23,0.0992049917480813
2021-06-24,0.09732510086327971
2021-06-25,0.09473966646559093
2021-06-28,0.09328087684997352
2021-06-29,0.09058676696630055
2021-06-30,0.08934595013725714
2021-07-01,0.08929462993740771
2021-07-02,0.08923758925740698
2021-07-05,0.08901264431205222
2021-07-06,0.08751325816323861
2021-07-07,0.08599127756457481
2021-07-08,0.08662826523396062
2021-07-09,0.08559619679607547
2021-07-12,0.0852696148279976
2021-07-13,0.08469102830877621
2021-07-14,0.08277246418092196
2021-07-15,0.08212758369646964
2021-07-16,0.08281945162406132
2021-07-19,0.08143550822293447
2021-07-20,0.08209953286850998
2021-07-21,0.08209717824519601
2021-07-22,0.08167812299273328
2021-07-23,0.08164312000749852
2021-07-26,0.0792124213152785
2021-07-27,0.07955683097072228
2021-07-28,0.08043010134740922
2021-07-29,0.07917636151799284
2021-07-30,0.07884166155909368
2021-08-02,0.07750768655841553
2021-08-03,0.07824690694802787
2021-08-04,0.07843513351848139
2021-08-05,0.07755523412626401
2021-08-06,0.0770822922349146
2021-08-09,0.07697696554964903
2021-08-10,0.07751593966317488
2021-08-11,0.07815142649843303
2021-08-12,0.07530785654541569
2021-08-13,0.07508643790186145
2021-08-16,0.07448905968673591
2021-08-17,0.07380257131649703
2021-08-18,0.07266732845465669
2021-08-19,0.07298062241475474
2021-08-20,0.07173990746289215
2021-08-23,0.07455659750414884
2021-08-24,0.07393375560406575
2021-08-25,0.07552286521021473
2021-08-26,0.07599373335942237
2021-08-27,0.06885435175211523
2021-08-30,0.06821631695008723
2021-08-31,0.06611053629229474
2021-09-01,0.06618146579465828
2021-09-02,0.06649394212287973
2021-09-03,0.06540613560206611
2021-09-06,0.06689213925386536
2021-09-07,0.0685410836095734
2021-09-08,0.06970664454287027
2021-09-09,0.07405824644809644
2021-09-10,0.07596617100690399
2021-09-13,0.07632409517979015
2021-09-14,0.07754571215554959
2021-09-15,0.07805983097976607
2021-09-16,0.07968783212774248
2021-09-17,0.07934619358220668
2021-09-22,0.09204274978294773
2021-09-23,0.09453472793601159
2021-09-24,0.10036733581188285
2021-09-27,0.10234884561373274
2021-09-28,0.10901944149779129
2021-09-29,0.10943442274310183
2021-09-30,0.11827875862952955
2021-10-08,0.12359488025700414
2021-10-11,0.1355671885273365
2021-10-12,0.13828568000310534
2021-10-13,0.1355638459318103
2021-10-14,0.1349614634063763
2021-10-15,0.1413892897805211
2021-10-18,0.14801547560152223
2021-10-19,0.15161418599140306
2021-10-20,0.164523918836599
2021-10-21,0.1726525981287509
2021-10-22,0.17710740955498838
2021-10-25,0.18118640011674572
2021-10-26,0.18204368981742358
2021-10-27,0.198423198723068
2021-10-28,0.2108668121836404
2021-10-29,0.220549135306695
2021-11-01,0.22821076797898576
2021-11-02,0.23040149729582785
2021-11-03,0.25096975820426687
2021-11-04,0.2585153932375956
2021-11-05,0.2596199302276168
2021-11-08,0.2590156238454276
2021-11-09,0.26921367316787337
2021-11-10,0.27939990457378067
2021-11-11,0.2965915274230362
2021-11-12,0.3209496751350561
2021-11-15,0.3508635775309188
2021-11-16,0.3629834219096562
2021-11-17,0.3674036391564039
2021-11-18,0.3780541521307315
2021-11-19,0.37961154821185006
2021-11-22,0.37950575480045073
2021-11-23,0.39277609552545034
2021-11-24,0.4279510032728623
2021-11-25,0.43240629064566544
2021-11-26,0.45751707954495363
2021-11-29,0.46622251124512293
2021-11-30,0.48293973041817156
2021-12-01,0.48278601409777155
2021-12-02,0.5061433771836956
2021-12-03,0.5180944201574743
2021-12-06,0.5256541780666583
2021-12-07,0.5392519987746252
2021-12-08,0.5409290322679385
2021-12-09,0.5418407519092
2021-12-10,0.5525952091235866
2021-12-13,0.5613973749989661
2021-12-14,0.5635740608170782
2021-12-15,0.5667176471577023
2021-12-16,0.5784701571489987
2021-12-17,0.581332228491183
2021-12-20,0.5810540340720456
2021-12-21,0.585848722019544
2021-12-22,0.583798240979103
2021-12-23,0.5875515479508635
2021-12-24,0.5949908590277596
2021-12-27,0.6067816132899778
2021-12-28,0.6089638393530427
2021-12-29,0.611257206433572
2021-12-30,0.6116493130026391
2021-12-31,0.6155932010433824
2022-01-04,0.6299198118089565
2022-01-05,0.6317846284736125
2022-01-06,0.6317870794788087
2022-01-07,0.6341181763876855
2022-01-10,0.6339453807375616
2022-01-11,0.6297982526502263
2022-01-12,0.6327003182043147
2022-01-13,0.6362612104949642
2022-01-14,0.6351153806874922
2022-01-17,0.6448721981969308
2022-01-18,0.6588096686621491
2022-01-19,0.6638934782763124
2022-01-20,0.6568953189819707
2022-01-21,0.6660219307161337
2022-01-24,0.6631482244975715
2022-01-25,0.6684562180280607
2022-01-26,0.6625906301200811
2022-01-27,0.6720194324640756
2022-01-28,0.6626045864912911
2022-02-07,0.6626883968514914
2022-02-08,0.6653601125967812
2022-02-09,0.6767344007572222
2022-02-10,0.679042568425497
2022-02-11,0.679993769447363
2022-02-14,0.6814640255681543
2022-02-15,0.674782346315082
2022-02-16,0.6734759532368085
2022-02-17,0.660351324227659
2022-02-18,0.6623302108554755
2022-02-21,0.664671559118312
2022-02-22,0.6644281953649822
2022-02-23,0.6724883659592313
2022-02-24,0.6583455777379222
2022-02-25,0.6508019873000522
2022-02-28,0.6498490174476523
2022-03-01,0.6534585349176556
2022-03-02,0.6548767463790608
2022-03-03,0.6425933676258733
2022-03-04,0.6355090905475259
2022-03-07,0.6507022889699112
2022-03-08,0.6542435002643091
2022-03-09,0.6476918439221371
2022-03-10,0.638479242502345
2022-03-11,0.6217758353777664
2022-03-14,0.6107745399690696
2022-03-15,0.5822528506177131
2022-03-16,0.5807509270822186
2022-03-17,0.578435515211578
2022-03-18,0.5802860612490822
2022-03-21,0.5811634331931913
2022-03-22,0.5916218221828515
2022-03-23,0.5793768571827105
2022-03-24,0.549445315275382
2022-03-25,0.5557497087249117
2022-03-28,0.5299809388564429
2022-03-29,0.5291127041555569
2022-03-30,0.5140008686142425
2022-03-31,0.515186046630112
2022-04-01,0.49859797782759074
2022-04-06,0.48521088898428694
2022-04-07,0.48252656018747575
2022-04-08,0.46983679918403054
2022-04-11,0.48159201851793876
2022-04-12,0.5001716485979336
2022-04-13,0.4954989876792554
2022-04-14,0.49507673071041997
2022-04-15,0.49324898026364294
2022-04-18,0.5039208052297396
2022-04-19,0.5005269017323443
2022-04-20,0.49771924652234556
2022-04-21,0.502269349170867
2022-04-22,0.5032545867438233
2022-04-25,0.511818473545761
2022-04-26,0.5113033507140249
2022-04-27,0.5069193814398205
2022-04-28,0.4947590769481076
2022-04-29,0.4929729379032124
2022-05-05,0.4986648480661145
2022-05-06,0.5029429422296703
2022-05-09,0.5046471741296761
2022-05-10,0.4926116697377562
2022-05-11,0.49605153315994677
2022-05-12,0.5034614721022195
2022-05-13,0.5014131249650244
2022-05-16,0.5112268759683495
2022-05-17,0.511087830868955
2022-05-18,0.5163013625154423
2022-05-19,0.5139518488360415
2022-05-20,0.5183708605129584
2022-05-23,0.5146512458190365
2022-05-24,0.5059983306613728
2022-05-25,0.5014647341672185
2022-05-26,0.49711353924736207
2022-05-27,0.4916466494456681
2022-05-30,0.49428518127001486
2022-05-31,0.4914249571094778
2022-06-01,0.49776342123214534
2022-06-02,0.4902591055949163
2022-06-06,0.4969103215563608
2022-06-07,0.4921624920724135
2022-06-08,0.4841847574830949
2022-06-09,0.47684001547115
2022-06-10,0.47515648303034275
2022-06-13,0.47456513037067277
2022-06-14,0.4687417731718089
2022-06-15,0.4792676884423501
2022-06-16,0.4810118388911373
2022-06-17,0.4835058099191101
2022-06-20,0.4869017867794149
2022-06-21,0.47977942759076847
2022-06-22,0.47845170758345673
2022-06-23,0.47531905395376833
2022-06-24,0.4787516400302499
2022-06-27,0.48039679835943727
2022-06-28,0.4809013407528938
2022-06-29,0.4706001485257212
2022-06-30,0.4752924129078363
2022-07-01,0.47068289163367283
2022-07-04,0.47565428638456253
2022-07-05,0.46281392430998364
2022-07-06,0.4588049216867414
2022-07-07,0.45449096505723324
2022-07-08,0.4573013714254502
2022-07-11,0.4560454311312202
2022-07-12,0.4489665436357817
2022-07-13,0.4488477660010071
2022-07-14,0.4396548931408642
2022-07-15,0.44647897255634217
2022-07-18,0.4438224616583563
2022-07-19,0.45018197148893496
2022-07-20,0.442804223198576
2022-07-21,0.44518976959684053
2022-07-22,0.4443320799556072
2022-07-25,0.43583205111244183
2022-07-26,0.43686514947703564
2022-07-27,0.4287023763552295
2022-07-28,0.43776240111830866
2022-07-29,0.43863112530685155
2022-08-01,0.43249917731572163
2022-08-02,0.43899441138275175
2022-08-03,0.4371142124373791
2022-08-04,0.44219376426297274
2022-08-05,0.4325836046817285
2022-08-08,0.4208336370419799
2022-08-09,0.41401915898285796
2022-08-10,0.4107917754255755
2022-08-11,0.41104508395979467
2022-08-12,0.4047522903598302
2022-08-15,0.4011026175742136
2022-08-16,0.40873201046100144
2022-08-17,0.41255717496941463
2022-08-18,0.4106721688088645
2022-08-19,0.4034832515203152
2022-08-22,0.41077054110150485
2022-08-23,0.40611647559213077
2022-08-24,0.4070159689936493
2022-08-25,0.40778496574478607
2022-08-26,0.40806773472876445
2022-08-29,0.4108079187909133
2022-08-30,0.41326402595800843
2022-08-31,0.4091574969925348
2022-09-01,0.4085196782330841
2022-09-02,0.40202415396498153
2022-09-05,0.4018229062431574
2022-09-06,0.39314154380589295
2022-09-07,0.3960729635896765
2022-09-08,0.3892788565696812
2022-09-09,0.3912817596114132
2022-09-13,0.39651919498166144
2022-09-14,0.3909389739816585
2022-09-15,0.38789271210984966
2022-09-16,0.3868889551362395
2022-09-19,0.3872237307745323
2022-09-20,0.38210026804895436
2022-09-21,0.37812519922588056
2022-09-22,0.3759857641626443
2022-09-23,0.3686207853749491
2022-09-26,0.3660820227752584
2022-09-27,0.3640702811573626
2022-09-28,0.3658754050768864
2022-09-29,0.35959867923396793
2022-09-30,0.35278651868586897
2022-10-10,0.36935014869849986
2022-10-11,0.37401277049636256
2022-10-12,0.3751702512393157
2022-10-13,0.3665668479900071
2022-10-14,0.36847809648352303
2022-10-17,0.3744180676602697
2022-10-18,0.36276100782524007
2022-10-19,0.36245814405363436
2022-10-20,0.36392918132442625
2022-10-21,0.3611119295080943
2022-10-24,0.35637215489694596
2022-10-25,0.3566462768956518
2022-10-26,0.3484398905013418
2022-10-27,0.3487176572054795
2022-10-28,0.341878557729801
2022-10-31,0.3440550540017971
2022-11-01,0.34677659855698556
2022-11-02,0.34531481560922256
2022-11-03,0.34632428061555715
2022-11-04,0.355510290176562
2022-11-07,0.35131101882085386
2022-11-08,0.35313125439341464
2022-11-09,0.3464873427201744
2022-11-10,0.351694142284172
2022-11-11,0.3577931702062079
2022-11-14,0.3492095677864072
2022-11-15,0.3439596335320949
2022-11-16,0.33575272144368246
2022-11-17,0.3330280927176167
2022-11-18,0.33219880437922616
2022-11-21,0.33425418521495937
2022-11-22,0.337296449225753
2022-11-23,0.34230702158159365
2022-11-24,0.3440319444794134
2022-11-25,0.3392880011153453
2022-11-28,0.33959239419533827
2022-11-29,0.34607838148114933
2022-11-30,0.34102676217589845
2022-12-01,0.3457927923815902
2022-12-02,0.343277685337829
2022-12-05,0.34313037070616786
2022-12-06,0.33560892221490696
2022-12-07,0.3385930153830186
2022-12-08,0.3380535976779434
2022-12-09,0.3431033338667427
2022-12-12,0.3412243810141992
2022-12-13,0.3366079081844574
2022-12-14,0.3334407726173604
2022-12-15,0.32600780147527614
2022-12-16,0.3238791575336686
2022-12-19,0.33029035337494045
2022-12-20,0.320618201061162
2022-12-21,0.3276000823298543
2022-12-22,0.3338662535664342
2022-12-23,0.3330051050028627
2022-12-26,0.3305541266606866
2022-12-27,0.3261940940858998
2022-12-28,0.3218093073953153
2022-12-29,0.32333854305630055
2022-12-30,0.3186712806626051
2023-01-03,0.3200239840498402
2023-01-04,0.3232381679280938
2023-01-05,0.32376975545817804
2023-01-06,0.32349137355353014
2023-01-09,0.32141586906697295
2023-01-10,0.31851794214121715
2023-01-11,0.3135578267232124
2023-01-12,0.31483102252523193
2023-01-13,0.31460334396329204
2023-01-16,0.3168101705417656
2023-01-17,0.31622635512227687
2023-01-18,0.3208046205254906
2023-01-19,0.3177112016745456
2023-01-20,0.3169204604177409
2023-01-30,0.3195442080962372
2023-01-31,0.3238109681791125
2023-02-01,0.32356322271661325
2023-02-02,0.32103932393090806
2023-02-03,0.32148625093213756
2023-02-06,0.3244936071270987
2023-02-07,0.3078955313525113
2023-02-08,0.30450389817136125
2023-02-09,0.3015340278324445
2023-02-10,0.2990773454337672
2023-02-13,0.2988772920403681
2023-02-14,0.29429451082471036
2023-02-15,0.2936038908300261
2023-02-16,0.2988299075978667
2023-02-17,0.29945663831746816
2023-02-20,0.3006835266370355
2023-02-21,0.3057620546749153
2023-02-22,0.30009635094586395
2023-02-23,0.30239887659077935
2023-02-24,0.30305104955568224
2023-02-27,0.30198157795304326
2023-02-28,0.29936846231204917
2023-03-01,0.29256720683345183
2023-03-02,0.29182427661365384
2023-03-03,0.2913414478681884
2023-03-06,0.2846137090703445
2023-03-07,0.28526976062599624
2023-03-08,0.28365112025366224
2023-03-09,0.2849350956765274
2023-03-10,0.2792100046431338
2023-03-13,0.27821810976765704
2023-03-14,0.28287983242960335
2023-03-15,0.2828617833822419
2023-03-16,0.28838608663222154
2023-03-17,0.2909539542278572
2023-03-20,0.2895064948178926
2023-03-21,0.28947924210003523
2023-03-22,0.2879688766779343
2023-03-23,0.2839015725402146
2023-03-24,0.2875228779486286
2023-03-27,0.2830623146574463
2023-03-28,0.2839578723711046
2023-03-29,0.2780218798004045
2023-03-30,0.27626546906584143
2023-03-31,0.27191667638910116
2023-04-03,0.27627925197812775
2023-04-04,0.27601749240245693
2023-04-06,0.27967867612339115
2023-04-07,0.2821748902667251
2023-04-10,0.28850364843668824
2023-04-11,0.2891368164111729
2023-04-12,0.2837248264672735
2023-04-13,0.2881225461345662
2023-04-14,0.2849605994047545
2023-04-17,0.28655525688160016
2023-04-18,0.2865942621364988
2023-04-19,0.27960260602922377
2023-04-20,0.2849029290951865
2023-04-21,0.2828593421312802
2023-04-24,0.27544145628266753
2023-04-25,0.2770157362528791
2023-04-26,0.27461612445080663
2023-04-27,0.2742877351066756
2023-04-28,0.2726391895833935
2023-05-04,0.27791021506993574
2023-05-05,0.2788266772766725
2023-05-08,0.27611543243734527
2023-05-09,0.273259912870589
2023-05-10,0.27058938518046954
2023-05-11,0.2677084714694356
2023-05-12,0.2649712592518446
2023-05-15,0.2652681037058994
2023-05-16,0.26039283879499076
2023-05-17,0.26034487061993833
2023-05-18,0.25783527195891975
2023-05-19,0.25877471993852724
2023-05-22,0.25889802710398896
2023-05-23,0.2536289960737752
2023-05-24,0.2542978333730499
2023-05-25,0.25457098131170947
2023-05-26,0.25195814597684424
2023-05-29,0.2480541932214985
2023-05-30,0.2452246746479688
2023-05-31,0.24420701753543744
2023-06-01,0.2446994385539492
2023-06-02,0.242467741242923
2023-06-05,0.24248242406158152
2023-06-06,0.24148376236098512
2023-06-07,0.2413861677539311
2023-06-08,0.24096709308273073
2023-06-09,0.2357217156283364
2023-06-12,0.23232871518310663
2023-06-13,0.2330367442693999
2023-06-14,0.22791349345502096
2023-06-15,0.2254535110221606
2023-06-16,0.22256490491272954
2023-06-19,0.2169329382583079
2023-06-20,0.2156429307476838
2023-06-21,0.21271561114740076
2023-06-26,0.21450699765873923
2023-06-27,0.21676905047137687
2023-06-28,0.21330792551015762
2023-06-29,0.21165914937573213
2023-06-30,0.21164923874443337
2023-07-03,0.21150378455126573
2023-07-04,0.21005605913759168
2023-07-05,0.2097674543379813
2023-07-06,0.21100494754229204
2023-07-07,0.21114610348534343
2023-07-10,0.21065874238046498
2023-07-11,0.2058366225798213
2023-07-12,0.20320896110632947
2023-07-13,0.1982507844126827
2023-07-14,0.19371203742334284
2023-07-17,0.19305645632449878
2023-07-18,0.19513686135242805
2023-07-19,0.1887387970577734
2023-07-20,0.18712714405124578
2023-07-21,0.1860297777119204
2023-07-24,0.18139541417502744
2023-07-25,0.17988913332613135
2023-07-26,0.17890925653487175
2023-07-27,0.17854945859599403
2023-07-28,0.17881621290167027
2023-07-31,0.1763992917826486
2023-08-01,0.17027264538374712
2023-08-02,0.1676538265593004
2023-08-03,0.16669653056431966
2023-08-04,0.16312399740581332
2023-08-07,0.15235672185452143
2023-08-08,0.14797873505136244
2023-08-09,0.15076478879524335
2023-08-10,0.14845523854470055
2023-08-11,0.1496200508491188
2023-08-14,0.1487070805742193
2023-08-15,0.14788419550631837
2023-08-16,0.14869589470171266
2023-08-17,0.14447784017585252
2023-08-18,0.13998152657484114
2023-08-21,0.14136332006695035
2023-08-22,0.1416021249593696
2023-08-23,0.13913382751219389
2023-08-24,0.13701448385718232
2023-08-25,0.13478892082274013
2023-08-28,0.12845370388139168
2023-08-29,0.12886437845717938
2023-08-30,0.12988098708820925
2023-08-31,0.1279409431551259
2023-09-01,0.1311680494053313
2023-09-04,0.13187362890875723
2023-09-05,0.1321115860817078
2023-09-06,0.1303795964349197
2023-09-07,0.1305691636843658
2023-09-08,0.12963035895047487
2023-09-11,0.13187978917628143
2023-09-12,0.13023434134398246
2023-09-13,0.12951724874598178
2023-09-14,0.1301720661783994
2023-09-15,0.12948676470586665
2023-09-18,0.12933689385740604
2023-09-19,0.12949894275113114
2023-09-20,0.13037894631360372
2023-09-21,0.13026183677921843
2023-09-22,0.1303269019888217
2023-09-25,0.12912573502941446
2023-09-26,0.13023751444217418
2023-09-27,0.13009233842166854
2023-09-28,0.1317446955678182
2023-10-09,0.1322439734806441
2023-10-10,0.13657113215237862
2023-10-11,0.13628125230420743
2023-10-12,0.13743503964734827
2023-10-13,0.13563920258072037
2023-10-16,0.13766225252458802
2023-10-17,0.1355359552092373
2023-10-18,0.13644865789646127
2023-10-19,0.13543994138693502
2023-10-20,0.135643611394522
2023-10-23,0.13702577693756918
2023-10-24,0.13573287278275395
2023-10-25,0.13524777097069485
2023-10-26,0.13514572520706541
2023-10-27,0.13655503939181474
2023-10-30,0.13604525136083107
2023-10-31,0.13631329262193528
2023-11-01,0.13527082393650683
2023-11-02,0.13514804234232258
2023-11-03,0.1353950770113006
2023-11-06,0.134443376326576
2023-11-07,0.13482921342386295
2023-11-08,0.13415395270924418
2023-11-09,0.13197073558934938
2023-11-10,0.13332199260625813
2023-11-13,0.13194273525711656
2023-11-14,0.13016346405837625
2023-11-15,0.12682327875949956
2023-11-16,0.1287372315680212
2023-11-17,0.12727112474654895
2023-11-20,0.1266216258315524
2023-11-21,0.1274190379340563
2023-11-22,0.12786753844862161
2023-11-23,0.12581371967489838
2023-11-24,0.12695069828659852
2023-11-27,0.129264480477457
2023-11-28,0.13002581006997105
2023-11-29,0.12905473096065428
2023-11-30,0.12843546018381533
2023-12-01,0.12622483499270973
2023-12-04,0.1293992830721819
2023-12-05,0.12860580156075066
2023-12-06,0.12836481532894303
2023-12-07,0.1306954266349745
2023-12-08,0.12946334270033028
2023-12-11,0.12774100627651963
2023-12-12,0.1288847089904786
2023-12-13,0.1308643942654347
2023-12-14,0.12897528851641837
2023-12-15,0.12746104982915166
2023-12-18,0.1274918911499486
2023-12-19,0.1260933169796649
2023-12-20,0.12481769969124465
2023-12-21,0.12547184974248904
2023-12-22,0.1248600079761086
2023-12-25,0.12523184905082205
2023-12-26,0.12507100387445386
2023-12-27,0.12455822794093065
2023-12-28,0.12305710935725826
2023-12-29,0.12260015674464259
2024-01-02,0.12220943180309622
2024-01-03,0.12331282144073628
2024-01-04,0.12650433353611953
2024-01-05,0.1281034817452875
2024-01-08,0.1303225961772913
2024-01-09,0.12829343208554544
2024-01-10,0.12642653290120426
2024-01-11,0.12735428373001312
2024-01-12,0.1275956442553346
2024-01-15,0.12640230204085018
2024-01-16,0.12596271050073218
2024-01-17,0.1253455157421818
2024-01-18,0.127289035574668
2024-01-19,0.12618524228636832
2024-01-22,0.12475346096300606
2024-01-23,0.12549919206790283
2024-01-24,0.12677764059055555
2024-01-25,0.12604869674414468
2024-01-26,0.12836984792694484
2024-01-29,0.12603637847790894
2024-01-30,0.12761874392154274
2024-01-31,0.12596911927133936
2024-02-01,0.127013008817946
2024-02-02,0.12657861819607433
2024-02-05,0.12589549538509612
2024-02-06,0.12371816170604431
2024-02-07,0.12511846947215036
2024-02-08,0.12746887473309007
2024-02-19,0.13495306558988585
2024-02-20,0.13408303934050805
2024-02-21,0.13503316042685662
2024-02-22,0.13360987475349312
2024-02-23,0.13282919176577093
2024-02-26,0.13475166992095755
2024-02-27,0.13698502723366018
2024-02-28,0.13595580011882633
2024-02-29,0.13584494740021003
2024-03-01,0.13631208132397185
2024-03-04,0.13632426356768676
2024-03-05,0.13663376422104775
2024-03-06,0.1369444590809822
2024-03-07,0.1368774814700548
2024-03-08,0.13486590109753685
2024-03-11,0.13812593872017853
2024-03-12,0.13833996668170429
2024-03-13,0.14109794297450762
2024-03-14,0.14301925876701632
2024-03-15,0.14480921644416267
2024-03-18,0.1436859446353612
2024-03-19,0.14481692481172662
2024-03-20,0.14438255426706378
2024-03-21,0.14311359330029988
2024-03-22,0.1425835131373639
2024-03-25,0.1433917684450393
2024-03-26,0.14291980791388714
2024-03-27,0.14277715140709787
2024-03-28,0.14087823183400391
2024-03-29,0.14384878553327926
2024-04-01,0.144512434101162
2024-04-02,0.1450956575875816
2024-04-03,0.1417001498846978
2024-04-08,0.14347486073673343
2024-04-09,0.1426639340127658
2024-04-10,0.1383872120295379
2024-04-11,0.1393263654111343
2024-04-12,0.14049077324223305
2024-04-15,0.13872964018137923
2024-04-16,0.13537471824232689
2024-04-17,0.13650842591867582
2024-04-18,0.1356998987629064
2024-04-19,0.13540579255034868
2024-04-22,0.1359065055241252
2024-04-23,0.13726366275290497
2024-04-24,0.13795132083534692
2024-04-25,0.13799127666049252
2024-04-26,0.13769754886478575
2024-04-29,0.13763653274485224
2024-04-30,0.13625617407905388
2024-05-06,0.1385906916783248
2024-05-07,0.1391918741158176
2024-05-08,0.13949544230424138
2024-05-09,0.1372007615729727
2024-05-10,0.1337653059979441
2024-05-13,0.13249387648653851
2024-05-14,0.1326061116492239
2024-05-15,0.1326061116492239
2024-05-16,0.13287805458426247
2024-05-17,0.13063544388402606
2024-05-20,0.13046851315803615
2024-05-21,0.130280822379219
2024-05-22,0.1326255732386696
2024-05-23,0.13184637917141362
2024-05-24,0.1309347757823113
2024-05-27,0.1330346261839003
2024-05-28,0.13440554339602453
2024-05-29,0.1345083386872197
2024-05-30,0.1340897365312984
2024-05-31,0.13337986872226854
2024-06-03,0.13146655352889774
2024-06-04,0.13252838441992112
2024-06-05,0.13151330129881844
2024-06-06,0.1293222088672442
2024-06-07,0.12729753280081557
2024-06-11,0.12878100852281862
2024-06-12,0.13053298405841893
2024-06-13,0.13049996961609905
2024-06-14,0.13073572016844395
2024-06-17,0.1278630563023705
2024-06-18,0.12062154420655789
2024-06-19,0.12063821824503455
2024-06-20,0.11905900288591387
2024-06-21,0.1192164309714331
2024-06-24,0.11846704088308113
2024-06-25,0.11633901009660996
2024-06-26,0.11481437032394834
2024-06-27,0.11684838919652012
2024-06-28,0.11706605444739993
2024-07-01,0.1188476152167235
2024-07-02,0.11909549256060463
2024-07-03,0.11764494188093993
2024-07-04,0.11786108711931054
2024-07-05,0.1205733431888609
2024-07-08,0.12063491857510611
2024-07-09,0.11772947115874471
2024-07-10,0.11807930975479744
2024-07-11,0.11686537136425658
2024-07-12,0.1154795665503739
2024-07-15,0.1137442677276437
2024-07-16,0.11313629354398509
2024-07-17,0.11212406081225315
2024-07-18,0.11218303620710757
2024-07-19,0.11259110472971241
2024-07-22,0.11502514938093261
2024-07-23,0.11634138375563051
2024-07-24,0.11452275670747547
2024-07-25,0.11328981368852947
2024-07-26,0.11462336987815788
2024-07-29,0.11087630549468229
2024-07-30,0.11289624937505979
2024-07-31,0.1124781151915499
2024-08-01,0.11306506636705688
2024-08-02,0.11146275712033371
2024-08-05,0.1106245591064684
2024-08-06,0.11179790368871675
2024-08-07,0.1101859099254257
2024-08-08,0.11119986886296597
2024-08-09,0.11109857070187489
2024-08-12,0.11476656674838916
2024-08-13,0.1157376912770785
2024-08-14,0.11827631255759724
2024-08-15,0.12296211446623793
2024-08-16,0.12263602222348084
2024-08-19,0.12053749194333092
2024-08-20,0.11940990657437872
2024-08-21,0.12211167564105115
2024-08-22,0.12362268776483944
2024-08-23,0.1256012272748307
2024-08-26,0.12805910977756588
2024-08-27,0.12557290968998855
2024-08-28,0.12454784174972829
2024-08-29,0.12173455130562766
2024-08-30,0.12242521483802618
2024-09-02,0.12454293770323623
2024-09-03,0.12498185661589357
2024-09-04,0.12548675901576115
2024-09-05,0.12693844246901947
2024-09-06,0.12532544849450103
2024-09-09,0.12516375832402685
2024-09-10,0.12450072155703686
2024-09-11,0.1261886803281833
2024-09-12,0.125118215573883
2024-09-13,0.12571870108910932
2024-09-18,0.12493950111035415
2024-09-19,0.12434426045457678
2024-09-20,0.12399714180725506
2024-09-23,0.12554678076264061
2024-09-24,0.12778594422855477
2024-09-25,0.1284128909236053
2024-09-26,0.12996241342455386
2024-09-27,0.1309154695302849
2024-09-30,0.13597767813209344
2024-10-08,0.13826323248262545
2024-10-09,0.13918596077814463
2024-10-10,0.13803998991009966
2024-10-11,0.13897549019954428
2024-10-14,0.13912601291667842
2024-10-15,0.13892103037814024
2024-10-16,0.13945850263228107
2024-10-17,0.14290279674204995
2024-10-18,0.14344376210305307
2024-10-21,0.14340899999367898
2024-10-22,0.14301355683931224
2024-10-23,0.14259957911550442
2024-10-24,0.14297074702904053
2024-10-25,0.1419244713218273
2024-10-28,0.14289951512155016
2024-10-29,0.1439482216807111
2024-10-30,0.14258049146896817
2024-10-31,0.14293978020085144
2024-11-01,0.1436691090646893
2024-11-04,0.1440366422929181
2024-11-05,0.1412049813949694
2024-11-06,0.14329152923209407
2024-11-07,0.14487879406587925
2024-11-08,0.14381369153131698
2024-11-11,0.14320778176017657
2024-11-12,0.14428199942342987
2024-11-13,0.14442256278303753
2024-11-14,0.14553379936575792
2024-11-15,0.14496546637151378
2024-11-18,0.14587064134390057
2024-11-19,0.14616623758089398
2024-11-20,0.14434039128417714
2024-11-21,0.14459855476382802
2024-11-22,0.14596472343189515
2024-11-25,0.14552229952180532
2024-11-26,0.14408724435303016
2024-11-27,0.1440819440102919
2024-11-28,0.14302629421698368
2024-11-29,0.14193192287374617
2024-12-02,0.14063885092308004
2024-12-03,0.1408965363267774
2024-12-04,0.14252627346400518
2024-12-05,0.14205731607189218
2024-12-06,0.14098765056008247
2024-12-09,0.13909096614429178
2024-12-10,0.13820914191400102
2024-12-11,0.13696014076947396
2024-12-12,0.13546729515329775
2024-12-13,0.13633066674221736
2024-12-16,0.13360131877264464
2024-12-17,0.13473753268395097
2024-12-18,0.13681282990076252
2024-12-19,0.1367612234318442
2024-12-20,0.1342967201303385
2024-12-23,0.13243985748132087
2024-12-24,0.13025438082277127
2024-12-25,0.12766584136161027
2024-12-26,0.12694680390867102
2024-12-27,0.12690674190369028
2024-12-30,0.12758274233910677
2024-12-31,0.12668505980663544
