date,FCT_Bias_1@10
2013-03-22,
2013-03-25,
2013-03-26,
2013-03-27,
2013-03-28,
2013-03-29,
2013-04-01,
2013-04-02,
2013-04-03,
2013-04-08,
2013-04-09,-0.5209790209790164
2013-04-10,-0.6966292134831396
2013-04-11,-0.7984790874524701
2013-04-12,-0.4904214559386986
2013-04-15,-1.3985765124555236
2013-04-16,-1.0329670329670397
2013-04-17,-1.4051094890511033
2013-04-18,-1.4223826714801566
2013-04-19,-1.014440433212999
2013-04-22,-1.401486988847598
2013-04-23,-1.4890510948905187
2013-04-24,-0.7944250871080123
2013-04-25,-0.7054545454545386
2013-04-26,-0.5884476534296006
2013-05-02,-1.1119402985074585
2013-05-03,-0.5736434108527113
2013-05-06,-0.05485232067510702
2013-05-07,-0.23584905660377176
2013-05-08,0.5000000000000067
2013-05-09,0.24019607843137694
2013-05-10,0.5765306122448942
2013-05-13,1.7307692307692133
2013-05-14,1.54751131221719
2013-05-15,-0.06276150627615988
2013-05-16,-0.1361702127659544
2013-05-17,0.4351464435146468
2013-05-20,0.31034482758621273
2013-05-21,0.22553191489361787
2013-05-22,0.4297872340425464
2013-05-23,-0.612903225806458
2013-05-24,-0.6367346938775631
2013-05-27,-1.2387387387387387
2013-05-28,-1.142857142857154
2013-05-29,-1.7743589743589834
2013-05-30,-1.909604519774019
2013-05-31,-2.3238636363636473
2013-06-03,-1.6576086956521738
2013-06-04,-1.1590909090909154
2013-06-05,-0.8953488372092921
2013-06-06,-2.6439790575916224
2013-06-07,-2.688118811881184
2013-06-13,-2.592039800995022
2013-06-14,-2.321951219512199
2013-06-17,-1.3962264150943342
2013-06-18,-1.100961538461526
2013-06-19,-1.2156862745098143
2013-06-20,-1.9954128440367003
2013-06-21,-1.4181034482758652
2013-06-24,-1.2738589211618279
2013-06-25,-0.6168224299065372
2013-06-26,-0.7846889952153091
2013-06-27,-0.5637254901960822
2013-06-28,-0.6903553299492472
2013-07-01,-0.7540106951871564
2013-07-02,-0.7457765350110805
2013-07-03,-0.6761887722646378
2013-07-04,0.04133728239329066
2013-07-05,0.13207997327862023
2013-07-08,-0.3836906283803693
2013-07-09,-0.7223625315695938
2013-07-10,1.0244704870444035
2013-07-11,1.0325097788776172
2013-07-12,0.43302674292780524
2013-07-15,-0.10784313725490387
2013-07-16,0.030769230769229602
2013-07-17,0.7826086956521725
2013-07-18,0.9898989898989878
2013-07-19,1.0536585365853668
2013-07-22,0.9902912621359198
2013-07-23,0.9949999999999971
2013-07-24,0.6384180790960623
2013-07-25,0.4478527607361945
2013-07-26,-0.012658227848108503
2013-07-29,-1.01875000000001
2013-07-30,-1.055900621118021
2013-07-31,-0.707482993197272
2013-08-01,0.04729729729730396
2013-08-02,0.6573426573426452
2013-08-05,1.029629629629642
2013-08-06,0.8175182481751837
2013-08-07,1.0546875000000144
2013-08-08,2.520547945205483
2013-08-09,3.1341463414634116
2013-08-12,4.005681818181814
2013-08-13,3.7999999999999994
2013-08-14,2.5369458128078697
2013-08-15,2.1697247706421954
2013-08-16,0.8636363636363587
2013-08-19,0.8339622641509364
2013-08-20,0.8505338078291819
2013-08-21,0.5658362989323875
2013-08-22,0.25555555555554543
2013-08-23,0.6541353383458566
2013-08-26,0.8487084870848725
2013-08-27,0.35769230769231164
2013-08-28,-1.0747330960853934
2013-08-29,-1.144927536231875
2013-08-30,-1.209923664122139
2013-09-02,-0.03773584905660246
2013-09-03,-0.21132075471698272
2013-09-04,-0.34926470588235803
2013-09-05,0.04779411764705703
2013-09-06,-0.09665427509294226
2013-09-09,0.4520000000000032
2013-09-10,0.11952191235059333
2013-09-11,0.15348837209302885
2013-09-12,-0.5170731707317239
2013-09-13,-1.1363636363636314
2013-09-16,-1.0395480225988576
2013-09-17,-0.5028901734104151
2013-09-18,0.4858757062146732
2013-09-23,0.9889502762431172
2013-09-24,0.5762711864406742
2013-09-25,0.8114285714285733
2013-09-26,0.5757575757575866
2013-09-27,-0.3600000000000019
2013-09-30,-0.8011049723756906
2013-10-08,-0.7487437185929626
2013-10-09,-1.228426395939104
2013-10-10,-1.0416666666666663
2013-10-11,-1.155913978494606
2013-10-14,0.10270270270269878
2013-10-15,-0.1827411167512746
2013-10-16,-0.40512820512820247
2013-10-17,-0.32323232323231094
2013-10-18,-0.19680851063829
2013-10-21,0.4680851063829735
2013-10-22,-0.19653179190750697
2013-10-23,-0.7258064516129018
2013-10-24,-1.4921465968586454
2013-10-25,-1.7853403141361257
2013-10-28,-1.5388888888888868
2013-10-29,-1.8857142857142786
2013-10-30,-1.563218390804597
2013-10-31,-1.977528089887648
2013-11-01,-1.432584269662931
2013-11-04,-1.4335260115607056
2013-11-05,-1.3987235796770303
2013-11-06,-1.1006677824174738
2013-11-07,-0.48494708360448024
2013-11-08,-1.1714196473888783
2013-11-11,-0.8186095820128937
2013-11-12,-0.3393431391308048
2013-11-13,-0.11544335915848526
2013-11-14,0.06362372075908873
2013-11-15,-0.3356113174203876
2013-11-18,-0.3356643356643414
2013-11-19,0.34532374100719987
2013-11-20,1.1489361702127687
2013-11-21,0.0
2013-11-22,0.008196721311478632
2013-11-25,-0.3414634146341443
2013-11-26,-0.32500000000000995
2013-11-27,-1.134920634920651
2013-11-28,-0.620155038759693
2013-11-29,-0.5322580645161396
2013-12-02,-0.14634146341462848
2013-12-03,-0.6033057851239791
2013-12-04,0.5714285714285595
2013-12-05,0.658333333333333
2013-12-06,-0.3030303030303039
2013-12-09,-0.44776119402986164
2013-12-10,-0.10769230769229998
2013-12-11,-0.7479674796747836
2013-12-12,-0.8373983739837509
2013-12-13,-2.167741935483879
2013-12-16,-1.7806451612903222
2013-12-17,-1.7058823529411706
2013-12-18,-1.4589041095890287
2013-12-19,-1.3312101910828122
2013-12-20,-2.3414634146341604
2013-12-23,-2.1677018633540404
2013-12-24,-1.3905325443787184
2013-12-25,-1.1129943502824946
2013-12-26,-0.9298245614035084
2013-12-27,-1.4729729729729775
2013-12-30,-1.8717948717948607
2013-12-31,-2.3273809523809397
2014-01-02,-2.1871345029239655
2014-01-03,-2.5089820359281356
2014-01-06,-2.324675324675324
2014-01-07,-1.2108433734939676
2014-01-08,-1.1757575757575736
2014-01-09,-1.531791907514451
2014-01-10,-0.82285714285715
2014-01-13,-0.6416184971098264
2014-01-14,0.005813953488366817
2014-01-15,-0.28834355828220753
2014-01-16,-0.9880952380952305
2014-01-17,-1.1913580246913587
2014-01-20,-2.6276595744680806
2014-01-21,-2.39548022598869
2014-01-22,-1.7554347826086862
2014-01-23,-0.9824561403508683
2014-01-24,-0.3005464480874269
2014-01-27,-0.5769230769230713
2014-01-28,-1.4029850746268715
2014-01-29,-0.5167464114832544
2014-01-30,-0.3959390862944173
2014-02-07,-0.9333333333333281
2014-02-10,-0.14136125654450263
2014-02-11,-0.6614583333333309
2014-02-12,-0.12299465240641584
2014-02-13,-0.3279569892473121
2014-02-14,0.08235294117647154
2014-02-17,1.1587301587301555
2014-02-18,0.5892857142857156
2014-02-19,0.8734939759036129
2014-02-20,0.23529411764706515
2014-02-21,0.05769230769231314
2014-02-24,-1.363095238095244
2014-02-25,-1.0236686390532566
2014-02-26,-0.4523809523809568
2014-02-27,-0.6219512195121979
2014-02-28,-0.6491228070175447
2014-03-03,-0.9869281045751727
2014-03-04,-1.4301675977653667
2014-03-05,-1.1581920903954823
2014-03-06,-1.7157894736842139
2014-03-07,-2.669767441860463
2014-03-10,-3.3781094527363202
2014-03-11,-2.8270042194092797
2014-03-12,-1.8294573643410854
2014-03-13,-1.4903474903474871
2014-03-14,-1.5200876205753115
2014-03-17,-1.207434893384175
2014-03-18,-0.6141903339223574
2014-03-19,-0.4567283942067516
2014-03-20,-1.08201803584204
2014-03-21,-1.3184303558802746
2014-03-24,-1.4044628114680273
2014-03-25,-0.26981780903041896
2014-03-26,-0.12153317472905278
2014-03-27,-0.18699186991869685
2014-03-28,0.6680497925311207
2014-03-31,0.41295546558704593
2014-04-01,0.3909465020576153
2014-04-02,0.20161290322580214
2014-04-03,1.1507936507936516
2014-04-04,1.687258687258689
2014-04-08,1.8518518518518503
2014-04-09,1.4246031746031733
2014-04-10,1.0933852140077835
2014-04-11,0.6008230452674943
2014-04-14,0.640816326530619
2014-04-15,1.081632653061223
2014-04-16,0.18972332015810464
2014-04-17,-0.3080000000000005
2014-04-18,-1.8669354838709662
2014-04-21,-2.0128205128205128
2014-04-22,-1.6082949308755805
2014-04-23,-0.868644067796608
2014-04-24,-0.5570175438596503
2014-04-25,-0.5414847161572055
2014-04-28,-0.8660714285714304
2014-04-29,-0.33486238532109747
2014-04-30,-0.8160377358490551
2014-05-05,0.18385650224214964
2014-05-06,0.17435897435897232
2014-05-07,-0.07281553398058285
2014-05-08,0.0
2014-05-09,-0.020942408376967647
2014-05-12,1.2326732673267284
2014-05-13,0.6714975845410629
2014-05-14,0.3134328358208981
2014-05-15,-0.4019607843137323
2014-05-16,-1.336492890995258
2014-05-19,-1.048076923076922
2014-05-20,-0.9759615384615372
2014-05-21,-1.2766990291262126
2014-05-22,-0.5565610859728478
2014-05-23,-0.5754716981132025
2014-05-26,0.9074074074074076
2014-05-27,0.7962085308056852
2014-05-28,0.09722222222221887
2014-05-29,-0.1184834123222754
2014-05-30,-0.07253886010362448
2014-06-03,-0.4338624338624342
2014-06-04,0.09424083769632993
2014-06-05,0.7089947089947102
2014-06-06,0.5059523809523838
2014-06-09,0.005952380952376198
2014-06-10,0.11643835616438226
2014-06-11,-0.11034482758620187
2014-06-12,-0.9708029197080359
2014-06-13,-0.7173913043478249
2014-06-16,-1.5510204081632637
2014-06-17,-0.8378378378378365
2014-06-18,-0.9577464788732356
2014-06-19,-1.268115942028977
2014-06-20,-0.30128205128205005
2014-06-23,-0.10759493670885077
2014-06-24,-0.156862745098036
2014-06-25,0.315789473684204
2014-06-26,0.7828947368421024
2014-06-27,0.2679738562091543
2014-06-30,-0.243055555555556
2014-07-01,-0.3684210526315757
2014-07-02,0.1223021582733796
2014-07-03,-0.6159420289855084
2014-07-04,-1.5275590551181093
2014-07-07,-1.6377952755905463
2014-07-08,-0.6142857142857199
2014-07-09,-1.1678321678321608
2014-07-10,-1.1608391608391595
2014-07-11,-1.5067567567567626
2014-07-14,-1.3243243243243226
2014-07-15,-0.8169934640522897
2014-07-16,-0.946308724832212
2014-07-17,-0.8680555555555673
2014-07-18,-1.3241379310344754
2014-07-21,-0.7785714285714278
2014-07-22,-0.7846153846153755
2014-07-23,-1.2265625000000018
2014-07-24,-1.1061219766230803
2014-07-25,-0.6202436267738325
2014-07-28,0.34405708937762836
2014-07-29,0.7375516152538293
2014-07-30,0.3718536887786791
2014-07-31,-0.27317589002467435
2014-08-01,-0.6026745531696069
2014-08-04,1.169041599632262
2014-08-05,1.186557518311068
2014-08-06,1.1417910447761286
2014-08-07,1.246478873239432
2014-08-08,0.5724137931034458
2014-08-11,0.38518518518518374
2014-08-12,-0.32846715328467707
2014-08-13,-0.39436619718310495
2014-08-14,-1.8800000000000054
2014-08-15,-0.21839080459770283
2014-08-18,-0.5182926829268217
2014-08-19,-0.20886075949366423
2014-08-20,-0.5582822085889502
2014-08-21,-0.22929936305732293
2014-08-22,0.11612903225806813
2014-08-25,0.42038216560509056
2014-08-26,0.7032258064516177
2014-08-27,0.18012422360248845
2014-08-28,-0.1527777777777793
2014-08-29,-0.21487603305785033
2014-09-01,-0.30172413793102976
2014-09-02,0.6239999999999969
2014-09-03,-0.21951219512195252
2014-09-04,-0.48507462686567504
2014-09-05,-0.7591240875912375
2014-09-09,-1.3239436619718272
2014-09-10,-0.9144736842105194
2014-09-11,-1.1159420289855175
2014-09-12,-0.49640287769784125
2014-09-15,0.6013513513513487
2014-09-16,0.20512820512819624
2014-09-17,0.7986577181207993
2014-09-18,0.4305555555555519
2014-09-19,-0.014598540145979024
2014-09-22,-0.7124183006535989
2014-09-23,0.06172839506173596
2014-09-24,0.18543046357615214
2014-09-25,-0.6826347305389259
2014-09-26,-0.3124999999999948
2014-09-29,-0.3431952662721884
2014-09-30,-0.28658536585365707
2014-10-08,-0.16867469879518293
2014-10-09,1.5927835051546402
2014-10-10,1.1134020618556604
2014-10-13,1.3936170212765908
2014-10-14,0.9545454545454521
2014-10-15,0.21428571428571697
2014-10-16,-0.220930232558141
2014-10-17,-0.8554913294797686
2014-10-20,-0.8150289017341099
2014-10-21,-1.0924855491329466
2014-10-22,-1.2130177514792884
2014-10-23,-1.1870503597122324
2014-10-24,-0.36690647482014
2014-10-27,-0.8048780487804841
2014-10-28,-0.4700854700854622
2014-10-29,-0.2920353982300912
2014-10-30,-0.5486725663716775
2014-10-31,-0.5809523809523736
2014-11-03,-1.110091743119263
2014-11-04,-1.8636363636363584
2014-11-05,-1.7767857142857078
2014-11-06,-1.2268907563025164
2014-11-07,-0.12711864406780665
2014-11-10,0.8000000000000019
2014-11-11,0.94308943089432
2014-11-12,1.0416666666666625
2014-11-13,1.2478632478632428
2014-11-14,1.1339285714285607
2014-11-17,0.8598130841121554
2014-11-18,-0.1351351351351331
2014-11-19,-0.5896600854875027
2014-11-20,-0.9527585877992727
2014-11-21,-1.0550615078001562
2014-11-24,-1.4006557107191047
2014-11-25,-0.3298364543193431
2014-11-26,-0.4837406146825361
2014-11-27,0.9170411985018699
2014-11-28,0.11161794410779631
2014-12-01,0.4504146474989436
2014-12-02,0.06976744186045829
2014-12-03,0.4621212121212142
2014-12-04,0.7394366197183082
2014-12-05,0.5724637681159506
2014-12-08,0.0298507462686526
2014-12-09,-0.015151515151507842
2014-12-10,0.05263157894736892
2014-12-11,0.3615384615384621
2014-12-12,0.9769230769230774
2014-12-15,0.1735537190082549
2014-12-16,-0.23008849557522015
2014-12-17,-0.648648648648659
2014-12-18,-0.6893203883495237
2014-12-19,-0.2403846153846124
2014-12-22,-2.2880000000000003
2014-12-23,-2.9921874999999942
2014-12-24,-1.5646258503401413
2014-12-25,-1.5602836879432633
2014-12-26,-1.6642857142857153
2014-12-29,-0.8085106382978737
2014-12-30,0.9687499999999943
2014-12-31,0.29824561403508554
2015-01-05,-0.0824175824175845
2015-01-06,0.640394088669949
2015-01-07,0.4395604395604409
2015-01-08,0.46892655367232156
2015-01-09,0.08917197452229422
2015-01-12,-0.5950920245398758
2015-01-13,-0.5437500000000023
2015-01-14,-0.743589743589741
2015-01-15,-0.43971631205673223
2015-01-16,-0.6666666666666673
2015-01-19,-0.12698412698413164
2015-01-20,-0.4615384615384654
2015-01-21,-0.5148514851485132
2015-01-22,-0.5151515151515114
2015-01-23,-0.18749999999999598
2015-01-26,-0.7777777777777701
2015-01-27,0.12765957446809684
2015-01-28,0.4175824175824134
2015-01-29,0.11764705882352139
2015-01-30,0.20987654320986907
2015-02-02,0.9041095890410948
2015-02-03,1.3150684931506913
2015-02-04,0.7499999999999918
2015-02-05,0.5000000000000093
2015-02-06,1.210526315789452
2015-02-09,-0.23750000000001506
2015-02-10,0.18666666666666867
2015-02-11,0.13888888888887932
2015-02-12,-0.08571428571428374
2015-02-13,0.6933333333333302
2015-02-16,0.9863013698630128
2015-02-17,-0.19480519480520014
2015-02-25,-0.9999999999999806
2015-02-26,0.11111111111111753
2015-02-27,-0.8192771084337237
2015-03-02,-0.38157894736840997
2015-03-03,-0.47297297297297936
2015-03-04,-1.1898734177215085
2015-03-05,-1.8709677419354924
2015-03-06,-1.633333333333339
2015-03-09,-0.649484536082481
2015-03-10,-0.6804123711340196
2015-03-11,-0.30851063829787795
2015-03-12,-0.044943820224728426
2015-03-13,0.13095238095239162
2015-03-16,0.23529411764704278
2015-03-17,-0.2921348314606728
2015-03-18,-0.9999999999999956
2015-03-19,-1.3950617283950622
2015-03-20,-1.0874999999999837
2015-03-23,-1.2236842105262966
2015-03-24,-0.8630136986301258
2015-03-25,-1.9268292682926746
2015-03-26,-0.25806451612902614
2015-03-27,-0.8571428571428632
2015-03-30,-0.5327102803738385
2015-03-31,-0.5447443181818223
2015-04-01,-0.012811691528589911
2015-04-02,-0.7338581635353181
2015-04-03,-0.5892423053672594
2015-04-07,-0.6609183269560671
2015-04-08,-0.5810599456437969
2015-04-09,-0.9388050067355219
2015-04-10,-1.5849196646873829
2015-04-13,-0.26783963162456265
2015-04-14,-0.1734693877550997
2015-04-15,-0.4639175257731866
2015-04-16,0.17346938775511347
2015-04-17,-0.16842105263158325
2015-04-20,-1.423255813953483
2015-04-21,-1.0555555555555596
2015-04-22,-0.33936651583709204
2015-04-23,-0.6238938053097367
2015-04-24,0.49159663865546144
2015-04-27,1.1286307053941882
2015-04-28,0.7837837837837768
2015-04-29,-0.2999999999999894
2015-04-30,0.07220216606498403
2015-05-04,0.3161290322580608
2015-05-05,0.9003215434083602
2015-05-06,0.6218749999999946
2015-05-07,0.2834394904458488
2015-05-08,0.6686046511627906
2015-05-11,0.357575757575764
2015-05-12,-0.1550632911392429
2015-05-13,-0.0498338870431841
2015-05-14,-0.3466666666666677
2015-05-15,-0.2949152542372898
2015-05-18,-0.5310077519379864
2015-05-19,-0.6651785714285756
2015-05-20,-0.9318181818181818
2015-05-21,0.16299559471365818
2015-05-22,0.696517412935331
2015-05-25,0.6596858638743445
2015-05-26,0.3749999999999932
2015-05-27,0.740540540540531
2015-05-28,0.7743902439024344
2015-05-29,1.2386363636363806
2015-06-01,1.5215053763440802
2015-06-02,1.3124999999999984
2015-06-03,0.3968253968254131
2015-06-04,0.663101604278082
2015-06-05,-0.36125654450262573
2015-06-08,-0.19895287958115082
2015-06-09,-0.43406593406593647
2015-06-10,0.7755102040816296
2015-06-11,0.21938775510203742
2015-06-12,-0.09574468085105968
2015-06-15,0.056179775280893005
2015-06-16,0.06145251396648611
2015-06-17,-1.1970443349753672
2015-06-18,-1.3626943005181336
2015-06-19,-0.5721925133689892
2015-06-23,-0.7553191489361704
2015-06-24,-0.2525773195876324
2015-06-25,-0.8378378378378349
2015-06-26,-0.7087912087912102
2015-06-29,-0.5142857142857058
2015-06-30,0.02030456852791938
2015-07-01,0.6086956521739244
2015-07-02,0.8817204301075234
2015-07-03,-0.40201005025125497
2015-07-06,-1.9866666666666681
2015-07-07,-2.5680000000000156
2015-07-08,-3.0624999999999996
2015-07-09,-1.0152671755725153
2015-07-10,-1.344497607655498
2015-07-13,-1.2097902097902073
2015-07-14,-1.5641025641025652
2015-07-15,-0.803278688524589
2015-07-16,-0.6082949308755747
2015-07-17,-0.3749999999999996
2015-07-20,0.09535452322738171
2015-07-21,-0.2463768115942005
2015-07-22,-0.6461538461538451
2015-07-23,-0.5160142348754494
2015-07-24,-0.6076923076922915
2015-07-27,-0.4772727272727168
2015-07-28,-0.6680000000000027
2015-07-29,0.3745173745173738
2015-07-30,-0.479553903345728
2015-07-31,-0.09056603773585196
2015-08-03,-0.2608695652173942
2015-08-04,0.2649572649572673
2015-08-05,0.1612903225806533
2015-08-06,0.1981132075471821
2015-08-07,0.2396313364055368
2015-08-10,0.37681159420290283
2015-08-11,1.2348605210405244
2015-08-12,2.480132126873629
2015-08-13,2.4957131899232476
2015-08-14,2.0099508058435744
2015-08-17,0.6961389286837476
2015-08-18,0.12655928259430252
2015-08-19,0.09225476192202316
2015-08-20,-0.8712145657263453
2015-08-21,-0.7584999013278512
2015-08-24,-2.3007518796992525
2015-08-25,-2.3478260869565215
2015-08-26,-2.8072289156626473
2015-08-27,-1.713709677419352
2015-08-28,-1.1249999999999984
2015-08-31,-1.1889763779527482
2015-09-01,-0.520912547528513
2015-09-02,-0.2527472527472493
2015-09-07,0.11808118081180648
2015-09-08,0.6939501779359353
2015-09-09,1.0503875968992227
2015-09-10,0.9455252918287964
2015-09-11,0.4765957446808484
2015-09-14,-0.38016528925620136
2015-09-15,-0.38009049773755293
2015-09-16,0.6043478260869526
2015-09-17,0.26605504587155426
2015-09-18,0.3348623853210956
2015-09-21,1.1101321585903103
2015-09-22,0.5656108597285049
2015-09-23,-0.11981566820276691
2015-09-24,-0.16203703703703648
2015-09-25,0.014492753623183361
2015-09-28,-1.0348258706467577
2015-09-29,-1.2970297029703044
2015-09-30,-1.1945945945945855
2015-10-08,-1.1693989071038235
2015-10-09,0.07812500000001303
2015-10-12,-1.0969387755102056
2015-10-13,-0.8783068783068848
2015-10-14,-0.9780219780219761
2015-10-15,-0.9039548022598831
2015-10-16,-0.5260115606936347
2015-10-19,-0.37869822485206595
2015-10-20,0.10982658959537962
2015-10-21,-0.02325581395349275
2015-10-22,0.3422459893048153
2015-10-23,0.42372881355931985
2015-10-26,-0.316455696202538
2015-10-27,-0.39873417721518895
2015-10-28,-1.2173913043478206
2015-10-29,-1.2437499999999877
2015-10-30,-1.0691823899371062
2015-11-02,-1.0067114093959721
2015-11-03,-0.58503401360544
2015-11-04,0.10884353741495108
2015-11-05,0.5378787878787779
2015-11-06,0.4677419354838593
2015-11-09,-0.08474576271185291
2015-11-10,0.6101694915254079
2015-11-11,0.3867924528302048
2015-11-12,0.2616822429906566
2015-11-13,1.2583333333333282
2015-11-16,0.6370967741935559
2015-11-17,1.1269841269841272
2015-11-18,-0.01503759398496048
2015-11-19,-2.32934131736528
2015-11-20,-1.6432432432432382
2015-11-23,-0.7783505154639192
2015-11-24,1.0669642857142918
2015-11-25,1.8446039555765235
2015-11-26,2.004945572188119
2015-11-27,1.5809084423898303
2015-11-30,1.068337565659022
2015-12-01,1.3252267152411912
2015-12-02,1.4771990293347128
2015-12-03,0.8037198885357727
2015-12-04,0.4508878194490473
2015-12-07,0.7258556091059054
2015-12-08,0.3235294117647036
2015-12-09,-0.5830508474576308
2015-12-10,-0.34558823529412525
2015-12-11,-0.17647058823529982
2015-12-14,0.2177419354838707
2015-12-15,-0.02904564315352726
2015-12-16,0.19090909090909258
2015-12-17,0.37272727272727274
2015-12-18,1.608490566037736
2015-12-21,2.2897196261682207
2015-12-22,2.009302325581386
2015-12-23,1.6461538461538452
2015-12-24,1.5025641025641006
2015-12-25,0.9788359788359802
2015-12-28,0.6722222222222192
2015-12-29,1.564102564102561
2015-12-30,1.3474178403755872
2015-12-31,1.5044247787610614
2016-01-04,0.45777777777777884
2016-01-05,0.8935185185185219
2016-01-06,-0.08219178082192438
2016-01-07,-0.22972972972973488
2016-01-08,-0.18502202643172982
2016-01-11,-0.28755364806866823
2016-01-12,-1.3992094861660085
2016-01-13,-1.7142857142857093
2016-01-14,-1.3629032258064493
2016-01-15,-1.3613445378151228
2016-01-18,-0.07287449392712231
2016-01-19,0.1484375000000052
2016-01-20,-0.1771653543307054
2016-01-21,-0.5119999999999986
2016-01-22,0.6197718631178706
2016-01-25,0.6259541984732838
2016-01-26,1.048000000000006
2016-01-27,1.5726141078838172
2016-01-28,0.7457627118644071
2016-01-29,0.7319148936170251
2016-02-01,0.9389671361502399
2016-02-02,0.8950000000000036
2016-02-03,0.7643979057591562
2016-02-04,0.974358974358974
2016-02-05,0.1966292134831477
2016-02-15,0.09523809523809097
2016-02-16,0.7748691099476396
2016-02-17,0.38829787234042173
2016-02-18,0.7675675675675643
2016-02-19,0.8673469387754976
2016-02-22,2.4581497797356913
2016-02-23,2.418699186991875
2016-02-24,2.784905660377355
2016-02-25,2.077777777777782
2016-02-26,1.5121951219512182
2016-02-29,1.5273972602739692
2016-03-01,1.2431506849315104
2016-03-02,0.5904436860068298
2016-03-03,-0.01986754966887333
2016-03-04,-0.8557692307692334
2016-03-07,0.6006389776357877
2016-03-08,0.7013333333333375
2016-03-09,-0.3923076923076896
2016-03-10,-0.30424528301887294
2016-03-11,0.20697674418604187
2016-03-14,0.2566371681415934
2016-03-15,0.21621621621621692
2016-03-16,0.2154195011337817
2016-03-17,0.5224839400428258
2016-03-18,0.7872340425531934
2016-03-21,0.3758099352051818
2016-03-22,0.5512820512820492
2016-03-23,0.21038961038960985
2016-03-24,-0.5490196078431362
2016-03-25,-0.1899109792284893
2016-03-28,-0.5654952076677318
2016-03-29,-0.5241157556270093
2016-03-30,-0.5817610062893093
2016-03-31,-0.11034482758620459
2016-04-01,0.8838975614848323
2016-04-05,0.9459942154523333
2016-04-06,0.7189863322221997
2016-04-07,0.6302663584975841
2016-04-08,0.6060048983445976
2016-04-11,1.5730361294528703
2016-04-12,2.5273843405015706
2016-04-13,2.570156052925531
2016-04-14,2.0207802635091405
2016-04-15,0.5630841121495341
2016-04-18,1.4326923076923053
2016-04-19,1.1270125223613616
2016-04-20,1.8403908794788264
2016-04-21,1.8497023809523814
2016-04-22,1.186827956989248
2016-04-25,2.049566294919453
2016-04-26,1.162162162162161
2016-04-27,0.22706935123042496
2016-04-28,-0.5104510451045117
2016-04-29,0.2592592592592594
2016-05-03,-0.7284079084287193
2016-05-04,-0.691817215727949
2016-05-05,-1.1047008547008546
2016-05-06,-1.2034445640473634
2016-05-09,-1.5624999999999987
2016-05-10,-0.8149316508937959
2016-05-11,-0.6475972540045729
2016-05-12,-0.5836298932384331
2016-05-13,-0.8487584650112863
2016-05-16,-0.18181818181818127
2016-05-17,0.6782178217821802
2016-05-18,0.3422655298416562
2016-05-19,0.4636251541307043
2016-05-20,0.8662420382165587
2016-05-23,-0.12258064516129205
2016-05-24,-0.8586118251928014
2016-05-25,-0.8860103626943014
2016-05-26,-0.15816326530612212
2016-05-27,-0.19754768392370392
2016-05-30,-0.1123439667129005
2016-05-31,-0.17180616740088228
2016-06-01,-0.045523520485585986
2016-06-02,0.0984126984127037
2016-06-03,0.5040387722132457
2016-06-06,0.7745454545454559
2016-06-07,0.33001988071570565
2016-06-08,-0.33064516129032046
2016-06-13,-0.9780876494023878
2016-06-14,-1.438563327032136
2016-06-15,-0.922053231939164
2016-06-16,-0.7181996086105698
2016-06-17,-0.10433070866141954
2016-06-20,-0.24550898203592647
2016-06-21,0.21314741035856663
2016-06-22,1.108411214953273
2016-06-23,1.3378119001919382
2016-06-24,1.1053604436229223
2016-06-27,1.887661141804784
2016-06-28,1.4448897795591185
2016-06-29,0.763052208835338
2016-06-30,0.6464646464646479
2016-07-01,0.40124740124740493
2016-07-04,0.6027944111776417
2016-07-05,-0.013307984790872382
2016-07-06,0.0699588477366272
2016-07-07,0.050682261208579826
2016-07-08,0.39761431411530496
2016-07-11,0.6263048016701507
2016-07-12,1.6368821292775686
2016-07-13,0.8628571428571433
2016-07-14,0.18246869409660146
2016-07-15,0.25520833333333276
2016-07-18,-0.6764227642276429
2016-07-19,-0.4784110535405912
2016-07-20,-0.5798165137614699
2016-07-21,0.14690265486725246
2016-07-22,-0.25818181818182134
2016-07-25,0.40344827586207166
2016-07-26,0.21320754716980903
2016-07-27,0.6565464895635713
2016-07-28,1.231517509727626
2016-07-29,0.8524904214559357
2016-08-01,1.3326446280991768
2016-08-02,1.3279352226720658
2016-08-03,0.8087649402390484
2016-08-04,0.2778947368421083
2016-08-05,0.6646216768916129
2016-08-08,1.7562380038387684
2016-08-09,0.9268292682926882
2016-08-10,0.7520938023450563
2016-08-11,0.7696160267111817
2016-08-12,0.5609756097560972
2016-08-15,-0.938610662358647
2016-08-16,-0.5343213998080901
2016-08-17,-0.770926024669067
2016-08-18,-1.1795402012373335
2016-08-19,-1.0256490611602962
2016-08-22,-0.68738193788858
2016-08-23,-0.27021224418463763
2016-08-24,-0.1897577341042759
2016-08-25,-0.2425485520123712
2016-08-26,0.0
2016-08-29,0.360808709175737
2016-08-30,0.6802721088435374
2016-08-31,-0.09283387622149666
2016-09-01,0.3747870528109029
2016-09-02,0.957278481012662
2016-09-05,1.7217261904761922
2016-09-06,1.8860759493670944
2016-09-07,0.38156028368794376
2016-09-08,0.40967283072546334
2016-09-09,0.07949790794978921
2016-09-12,-0.897400820793435
2016-09-13,-1.0602094240837678
2016-09-14,-0.8204419889502754
2016-09-19,-0.16986301369863413
2016-09-20,0.6990679094540635
2016-09-21,0.8722527472527493
2016-09-22,0.6111111111111108
2016-09-23,1.1030383091149292
2016-09-26,1.4980079681274865
2016-09-27,1.3004059539918829
2016-09-28,1.3300699300699326
2016-09-29,1.658210947930575
2016-09-30,1.5643044619422581
2016-10-10,1.5412234042553221
2016-10-11,1.83760683760684
2016-10-12,2.0691114245416093
2016-10-13,1.673134328358211
2016-10-14,2.4135638297872384
2016-10-17,2.9668789808917255
2016-10-18,2.8220640569395004
2016-10-19,3.115894039735098
2016-10-20,2.2973568281938332
2016-10-21,2.2
2016-10-24,1.8892371995820285
2016-10-25,2.2916666666666696
2016-10-26,1.3637168141592857
2016-10-27,0.41282894736841913
2016-10-28,1.1284779050736489
2016-10-31,0.8594638505280241
2016-11-01,0.6950301204819342
2016-11-02,0.46088957055214713
2016-11-03,0.7641582622187711
2016-11-04,1.5224550898203557
2016-11-07,2.5146159075458794
2016-11-08,0.9777777777777733
2016-11-09,2.0735212824765044
2016-11-10,1.0096988259315984
2016-11-11,1.4084999999999965
2016-11-14,1.703033046627432
2016-11-15,0.2858947368421061
2016-11-16,0.5480572597137005
2016-11-17,0.2690011937922805
2016-11-18,-0.36019862490450727
2016-11-21,-0.3562548562548554
2016-11-22,0.412767644726406
2016-11-23,0.16341569137407838
2016-11-24,-0.07252946509519491
2016-11-25,0.2631086142322092
2016-11-28,0.41670991177996947
2016-11-29,-0.5363321799307962
2016-11-30,-1.063675888760908
2016-12-01,-0.7784706893269321
2016-12-02,-1.1193192378269858
2016-12-05,-0.854125549201483
2016-12-06,-0.8755949414948401
2016-12-07,0.0997886481468673
2016-12-08,-0.17814926372000423
2016-12-09,-0.37514983238709443
2016-12-12,-0.7151581637679949
2016-12-13,-0.4173742651861535
2016-12-14,-0.21323057161207506
2016-12-15,0.030020013342227102
2016-12-16,-0.35204081632652845
2016-12-19,0.13261648745519805
2016-12-20,0.5576786978060855
2016-12-21,0.6349693251533733
2016-12-22,-0.39285714285714285
2016-12-23,-0.4639746634996037
2016-12-26,-1.4869631901840443
2016-12-27,-1.3181467181467186
2016-12-28,-1.344799999999999
2016-12-29,-1.1111111111111112
2016-12-30,-0.9034369885433705
2017-01-03,-1.502088554720133
2017-01-04,-1.0069565217391268
2017-01-05,-0.5533216783216751
2017-01-06,-0.13431462741490163
2017-01-09,0.6393442622950812
2017-01-10,1.8450292397660781
2017-01-11,1.3221674876847314
2017-01-12,1.1624106230847853
2017-01-13,1.3712512926577067
2017-01-16,2.0816513761467883
2017-01-17,-0.002548853016142649
2017-01-18,-0.10607356715141326
2017-01-19,-0.08243130724396448
2017-01-20,-0.9879903923138489
2017-01-23,-0.9441747572815594
2017-01-24,-0.3241666666666661
2017-01-25,-0.4807370184254614
2017-01-26,0.4741447891805899
2017-02-03,-0.7083032490974757
2017-02-06,-0.7744714173844998
2017-02-07,-0.6096256684491937
2017-02-08,-0.3327272727272698
2017-02-09,-0.9240506329113933
2017-02-10,-0.41628959276017674
2017-02-13,0.37279151943463146
2017-02-14,0.7328453796889304
2017-02-15,0.50584007187781
2017-02-16,0.7347122302158288
2017-02-17,0.9670781893004133
2017-02-20,1.5837512537612866
2017-02-21,1.1517311608961265
2017-02-22,0.13913043478260817
2017-02-23,-0.11881188118811448
2017-02-24,0.45786802030456275
2017-02-27,0.5242105263157902
2017-02-28,0.12742980561554273
2017-03-01,1.4448897795591162
2017-03-02,1.194475138121547
2017-03-03,0.8176033934252399
2017-03-06,0.7353878852284789
2017-03-07,0.5307203389830487
2017-03-08,0.19252548131370598
2017-03-09,0.23351955307262692
2017-03-10,-0.509195402298849
2017-03-13,0.3614330874604896
2017-03-14,0.12379935965848382
2017-03-15,-0.010765550239234102
2017-03-16,-0.11187214611872139
2017-03-17,-0.5506912442396253
2017-03-20,0.1815028901734114
2017-03-21,0.060212514757972735
2017-03-22,-0.5722543352601119
2017-03-23,0.21954022988505897
2017-03-24,-0.18311533888228407
2017-03-27,-1.3648484848484905
2017-03-28,-1.2763157894736943
2017-03-29,-0.04794520547945572
2017-03-30,0.08470588235293817
2017-03-31,0.5875119225058958
2017-04-05,2.345883375474079
2017-04-06,2.5215025893031897
2017-04-07,0.8939397892409949
2017-04-10,0.4257220535430775
2017-04-11,-0.47088897580599925
2017-04-12,-1.5452068190104493
2017-04-13,-1.6984994990031945
2017-04-14,-2.0506605160824316
2017-04-17,-1.497545008183305
2017-04-18,-1.7642799678197882
2017-04-19,-1.7891097666378553
2017-04-20,-0.5592680986475709
2017-04-21,-0.11475409836065123
2017-04-24,-0.6316246741963528
2017-04-25,-0.5279503105590092
2017-04-26,-0.4981751824817526
2017-04-27,0.21493624772313566
2017-04-28,0.40436075322100945
2017-05-02,0.6942408376963347
2017-05-03,-0.05900948366702502
2017-05-04,-1.111220472440944
2017-05-05,-1.5878023133543648
2017-05-08,-0.9820675105485257
2017-05-09,-0.8034883720930239
2017-05-10,-0.30229885057471484
2017-05-11,-1.0524017467248952
2017-05-12,-1.082429501084605
2017-05-15,-0.6849173553719066
2017-05-16,-0.25776397515527727
2017-05-17,0.2534611288604898
2017-05-18,-0.10807600950118354
2017-05-19,0.28271028037382906
2017-05-22,0.24883720930232373
2017-05-23,0.7840269966254183
2017-05-24,0.004469273743014456
2017-05-25,0.2826362484157154
2017-05-26,-0.22946544980443032
2017-05-31,-2.031990521327012
2017-06-01,-1.7871345029239798
2017-06-02,-1.802366863905327
2017-06-05,-1.180863477246206
2017-06-06,-0.784146341463416
2017-06-07,-0.5534591194968556
2017-06-08,-0.36530880420499506
2017-06-09,-0.6283783783783773
2017-06-12,0.01915184678522497
2017-06-13,-0.11158798283262092
2017-06-14,0.7401574803149675
2017-06-15,0.1493710691823844
2017-06-16,-0.05156249999999596
2017-06-19,0.8497790868924944
2017-06-20,1.1958456973293758
2017-06-21,1.396332863187586
2017-06-22,1.2855153203342597
2017-06-23,1.3133903133903169
2017-06-26,0.6039325842696666
2017-06-27,1.044235924932978
2017-06-28,1.598337950138507
2017-06-29,2.4501278772378496
2017-06-30,1.721728081321471
2017-07-03,2.1641991924629833
2017-07-04,0.6939281288723668
2017-07-05,0.9240196078431373
2017-07-06,0.7363184079601957
2017-07-07,0.6370463078848462
2017-07-10,0.38374999999999543
2017-07-11,0.6783132530120447
2017-07-12,0.23514851485148774
2017-07-13,1.2273869346733666
2017-07-14,0.760509554140127
2017-07-17,1.7611764705882313
2017-07-18,2.048507462686564
2017-07-19,1.9515738498789337
2017-07-20,1.2784958871915426
2017-07-21,1.3691128148959497
2017-07-24,0.6574358974359061
2017-07-25,0.829875518672201
2017-07-26,0.7214659685863893
2017-07-27,0.8342480790340282
2017-07-28,0.3395833333333368
2017-07-31,1.5381526104417653
2017-08-01,0.9328585961342876
2017-08-02,1.2112676056338019
2017-08-03,-0.016511867905057417
2017-08-04,-0.20958625578271484
2017-08-07,-0.6236269204503876
2017-08-08,0.10441953171880929
2017-08-09,0.9436338093750701
2017-08-10,0.7813289903765307
2017-08-11,0.49244711652796125
2017-08-14,0.04645813732316994
2017-08-15,0.5922007790821663
2017-08-16,0.9234124567863815
2017-08-17,2.1276083467094695
2017-08-18,2.193136472466084
2017-08-21,1.6571428571428577
2017-08-22,1.5862632869991835
2017-08-23,0.8949958982772741
2017-08-24,1.0470397404703988
2017-08-25,1.220637583892621
2017-08-28,0.3395012067578459
2017-08-29,-0.8213740458015254
2017-08-30,-0.9894259818731107
2017-08-31,-0.6174551386623165
2017-09-01,-0.16533546325878462
2017-09-04,-0.7681498829039799
2017-09-05,-0.22409823484267155
2017-09-06,-0.6098514464425312
2017-09-07,-0.40743550834597914
2017-09-08,-0.10015060240964112
2017-09-11,0.4019316493313498
2017-09-12,0.7751623376623359
2017-09-13,0.11246943765281084
2017-09-14,-0.3079443079443079
2017-09-15,-1.4027565084226665
2017-09-18,-1.8969497114591907
2017-09-19,-1.8005093378607806
2017-09-20,-1.0390041493776039
2017-09-21,-2.0832049306625633
2017-09-22,-1.9697933227344984
2017-09-25,-2.1027667984189735
2017-09-26,-1.8289992119779321
2017-09-27,-1.2517928286852609
2017-09-28,-1.5239179954441964
2017-09-29,-1.1909836065573804
2017-10-09,-1.5197472353870507
2017-10-10,-1.4457831325301225
2017-10-11,-0.9901071723000826
2017-10-12,0.08179419525065555
2017-10-13,1.0133891213389081
2017-10-16,0.6761904761904803
2017-10-17,0.4147386461011134
2017-10-18,0.4513888888888945
2017-10-19,-0.612137203166232
2017-10-20,0.3224699828473446
2017-10-23,-0.3168578993821726
2017-10-24,-0.8363171355498747
2017-10-25,-0.6394019349164458
2017-10-26,-0.6563106796116476
2017-10-27,-0.6222910216718276
2017-10-30,-0.5060373216245947
2017-10-31,-0.9810055865921723
2017-11-01,-0.44850498338870376
2017-11-02,0.7944134078212249
2017-11-03,0.6973365617433464
2017-11-06,1.5239294710327504
2017-11-07,1.829815303430084
2017-11-08,1.6693766937669423
2017-11-09,1.782661782661783
2017-11-10,1.6476997578692523
2017-11-13,1.267230955259979
2017-11-14,1.0139593908629465
2017-11-15,-0.3525345622119781
2017-11-16,-0.41401273885350026
2017-11-17,-0.3176020408163211
2017-11-20,0.4312736443883985
2017-11-21,0.7374371859296468
2017-11-22,1.9922480620155012
2017-11-23,1.8587962962962954
2017-11-24,2.4255319148936176
2017-11-27,1.61538461538461
2017-11-28,1.6452304394426556
2017-11-29,1.453333333333334
2017-11-30,1.634420697412822
2017-12-01,1.5947283615112644
2017-12-04,0.7567301321785014
2017-12-05,-0.026323903189388972
2017-12-06,0.07445791724944355
2017-12-07,-1.8234524885441545
2017-12-08,-1.4971426641989067
2017-12-11,-1.0949589660380414
2017-12-12,-0.8097592551083309
2017-12-13,-0.6962089646772375
2017-12-14,-1.2745936698032503
2017-12-15,-0.48497495826377646
2017-12-18,0.9142857142857105
2017-12-19,1.3535684987694836
2017-12-20,1.3192371475953604
2017-12-21,1.1936978683966621
2017-12-22,1.3481624758220485
2017-12-25,-0.1832706766917289
2017-12-26,-0.0956175298804744
2017-12-27,-0.7381852551984868
2017-12-28,-0.7209072978303765
2017-12-29,-0.57899901864573
2018-01-02,-0.07049891540129818
2018-01-03,0.2970297029702979
2018-01-04,0.6455834242093791
2018-01-05,0.5493273542600886
2018-01-08,1.2061742006615226
2018-01-09,1.0924479166666605
2018-01-10,0.2906530089628684
2018-01-11,0.6222826086956518
2018-01-12,-0.3475935828877025
2018-01-15,-0.9138888888888935
2018-01-16,-1.9452229299363084
2018-01-17,-1.618741976893447
2018-01-18,-1.6367239101717288
2018-01-19,-1.1805745554035598
2018-01-22,-1.2701612903225805
2018-01-23,-0.6209987195902738
2018-01-24,-0.3403416557161628
2018-01-25,0.5851472471190802
2018-01-26,0.247669773635154
2018-01-29,-0.03022339027594891
2018-01-30,0.1671641791044723
2018-01-31,0.09210526315789426
2018-02-01,-0.07875185735513313
2018-02-02,0.9957865168539334
2018-02-05,1.7579972183588282
2018-02-06,1.309012875536482
2018-02-07,1.340486409155933
2018-02-08,1.170992366412215
2018-02-09,0.7161383285302596
2018-02-12,0.7548872180451119
2018-02-13,0.5677321156773174
2018-02-14,0.6338709677419371
2018-02-22,0.45185185185185617
2018-02-23,0.892355694227764
2018-02-26,1.2536824877250403
2018-02-27,1.5662847790507368
2018-02-28,0.8998357963875186
2018-03-01,0.3973941368078189
2018-03-02,0.048027444253854065
2018-03-05,-0.6447811447811418
2018-03-06,-0.551948051948055
2018-03-07,-1.344311377245496
2018-03-08,-1.9485981308411224
2018-03-09,-2.3097744360902244
2018-03-12,-2.856720827178729
2018-03-13,-2.81203007518797
2018-03-14,-1.0617283950617376
2018-03-15,-0.9865229110512166
2018-03-16,-0.6212121212121234
2018-03-19,-0.41914618369986645
2018-03-20,-0.11889862327910439
2018-03-21,0.10026041666667007
2018-03-22,-0.18929503916448764
2018-03-23,-1.0791027154663417
2018-03-26,-0.7251815980629509
2018-03-27,-0.5195266272189353
2018-03-28,-0.8846153846153846
2018-03-29,-0.2884615384615349
2018-03-30,0.39549839228295763
2018-04-02,0.4037199124726473
2018-04-03,0.5488636363636389
2018-04-04,0.8204845814977983
2018-04-09,0.5874439461883422
2018-04-10,0.37254901960784303
2018-04-11,-0.20549738219895147
2018-04-12,-0.8707037835192922
2018-04-13,-0.6862483123312342
2018-04-16,-1.5310797489022212
2018-04-17,-0.6662684904411629
2018-04-18,0.03862912504353873
2018-04-19,0.7465988914406549
2018-04-20,-0.35130476341494354
2018-04-23,0.8553563037710622
2018-04-24,0.9131871816803434
2018-04-25,0.46577017114914204
2018-04-26,0.44235588972430745
2018-04-27,0.1027227722772255
2018-05-02,1.0172201722017264
2018-05-03,0.7444589308996048
2018-05-04,1.0352020860495403
2018-05-07,1.589108910891089
2018-05-08,1.3677852348993265
2018-05-09,0.7853949329359122
2018-05-10,1.007645259938838
2018-05-11,1.3297213622291
2018-05-14,1.0629921259842525
2018-05-15,0.9938744257274159
2018-05-16,0.8589743589743544
2018-05-17,-0.06279434850863742
2018-05-18,-0.6494522691705852
2018-05-21,-0.569514237855948
2018-05-22,-0.818770226537213
2018-05-23,-1.923641703377386
2018-05-24,-1.3323657474600794
2018-05-25,-1.4913793103448283
2018-05-28,-0.6380208333333359
2018-05-29,0.07012987012987307
2018-05-30,-0.1293213828425101
2018-05-31,0.763522012578613
2018-06-01,1.0994832041343658
2018-06-04,0.7182175622542574
2018-06-05,0.8031496062992116
2018-06-06,0.7191977077363895
2018-06-07,0.8954802259886998
2018-06-08,0.5779685264663778
2018-06-11,0.12305295950155865
2018-06-12,1.0144694533762022
2018-06-13,0.15953947368421514
2018-06-14,0.029565217391309084
2018-06-15,0.348047538200339
2018-06-19,-1.4918518518518578
2018-06-20,-1.084179970972427
2018-06-21,-1.587570621468925
2018-06-22,-1.3914285714285666
2018-06-25,-0.914325842696632
2018-06-26,-1.2085635359116007
2018-06-27,-1.0920679886685607
2018-06-28,-0.5191489361702162
2018-06-29,0.11379800853484473
2018-07-02,-0.5570839064649253
2018-07-03,-0.6029654036243791
2018-07-04,-0.7680921052631554
2018-07-05,-0.8275862068965508
2018-07-06,-0.6706281833616277
2018-07-09,-0.36928702010969067
2018-07-10,-0.8349328214971284
2018-07-11,-0.5851851851851886
2018-07-12,-0.20229007633588877
2018-07-13,-0.816135084427768
2018-07-16,-0.44468085106382277
2018-07-17,0.031185031185038993
2018-07-18,-0.2648401826484016
2018-07-19,0.595652173913045
2018-07-20,0.8387096774193619
2018-07-23,0.8515981735159869
2018-07-24,1.1640091116173175
2018-07-25,1.811627906976759
2018-07-26,1.608591885441529
2018-07-27,1.25411764705882
2018-07-30,0.9219409282700413
2018-07-31,0.7598343685300168
2018-08-01,0.08445297504799197
2018-08-02,0.17878192534381523
2018-08-03,0.42723880597016034
2018-08-06,1.1160862354892156
2018-08-07,0.268330733229325
2018-08-08,0.22063492063491982
2018-08-09,0.23372902372283927
2018-08-10,-0.8052281458543467
2018-08-13,-0.17935586879073828
2018-08-14,-0.43609785762132397
2018-08-15,0.1511650773999328
2018-08-16,-0.057956401783114044
2018-08-17,0.5332132773071867
2018-08-20,1.313092208935059
2018-08-21,0.36216338481977206
2018-08-22,1.1151832460732962
2018-08-23,0.2750000000000026
2018-08-24,0.06139438085327473
2018-08-27,-0.5075075075075084
2018-08-28,-0.35817805383022605
2018-08-29,-0.8912133891213408
2018-08-30,-0.707290533188242
2018-08-31,-0.805988023952094
2018-09-03,-1.1691176470588258
2018-09-04,-1.0133511348464588
2018-09-05,-0.44901065449010935
2018-09-06,0.8746223564954712
2018-09-07,0.6060150375939922
2018-09-10,1.8819018404907948
2018-09-11,0.7870503597122309
2018-09-12,0.14925373134328618
2018-09-13,0.5762942779291558
2018-09-14,0.7459459459459462
2018-09-17,0.40830945558739046
2018-09-18,0.3693820224719038
2018-09-19,0.41797432239658083
2018-09-20,-0.41014492753623066
2018-09-21,-0.16344725111441577
2018-09-25,-0.333333333333326
2018-09-26,-0.04028021015761883
2018-09-27,-0.7500000000000048
2018-09-28,-0.5268199233716436
2018-10-08,1.3624161073825474
2018-10-09,1.343537414965985
2018-10-10,1.8634361233480192
2018-10-11,1.7134751773049668
2018-10-12,1.7448680351906183
2018-10-15,0.8063127690100439
2018-10-16,1.0083798882681527
2018-10-17,1.4830287206266362
2018-10-18,0.7793548387096814
2018-10-19,-0.1698595146870932
2018-10-22,-0.11813186813186813
2018-10-23,0.4543046357615816
2018-10-24,0.614692653673164
2018-10-25,1.053175775480058
2018-10-26,0.7735294117647049
2018-10-29,0.04454022988505902
2018-10-30,0.1410071942446088
2018-10-31,0.14086687306501533
2018-11-01,-0.1078582434514616
2018-11-02,-0.839233038348081
2018-11-05,-0.21301775147928917
2018-11-06,-0.5810810810810799
2018-11-07,-0.7327459618208453
2018-11-08,-0.6631892697466507
2018-11-09,-0.9235474006116167
2018-11-12,-0.3185975609756127
2018-11-13,-0.956456456456458
2018-11-14,-0.044222539229673306
2018-11-15,0.5945558739255064
2018-11-16,0.6698113207547183
2018-11-19,0.6243822075782575
2018-11-20,0.26262626262625927
2018-11-21,0.4123222748815095
2018-11-22,-0.06612903225806571
2018-11-23,-0.8080000000000079
2018-11-26,-1.8682634730538887
2018-11-27,-1.4955357142857117
2018-11-28,-0.7318952234206495
2018-11-29,-0.35524256651016894
2018-11-30,-0.43932411674347044
2018-12-03,0.9542168674698774
2018-12-04,1.1392857142857131
2018-12-05,1.5683814303638606
2018-12-06,1.715736040609141
2018-12-07,2.0790094339622645
2018-12-10,1.6220779220779227
2018-12-11,0.9790849673202596
2018-12-12,0.7801608579088458
2018-12-13,1.5361318630743845
2018-12-14,1.464220860475218
2018-12-17,1.0168251600239353
2018-12-18,-0.07350726143511278
2018-12-19,-0.7786682802025645
2018-12-20,-0.8965993691065671
2018-12-21,-0.6095385063397527
2018-12-24,-0.540958153614399
2018-12-25,-1.3906736456168254
2018-12-26,-1.1778846153846148
2018-12-27,-1.0034662045060723
2018-12-28,-0.4742268041237115
2019-01-02,-1.2632450331125828
2019-01-03,-0.1375838926174495
2019-01-04,0.24253075571178095
2019-01-07,0.5734767025089585
2019-01-08,0.24112149532710986
2019-01-09,0.4261036468330165
2019-01-10,0.5701943844492409
2019-01-11,1.8660194174757188
2019-01-14,2.080867850098611
2019-01-15,1.590725806451611
2019-01-16,1.082788671023961
2019-01-17,0.9254807692307649
2019-01-18,1.0123456790123355
2019-01-21,-0.2368421052631494
2019-01-22,-0.3025751072961391
2019-01-23,0.20325203252032337
2019-01-24,-0.5338645418326676
2019-01-25,-0.6153846153846162
2019-01-28,-0.1341991341991311
2019-01-29,-0.5364372469635585
2019-01-30,-0.6126482213438736
2019-01-31,1.4208074534161523
2019-02-01,1.8214826021179988
2019-02-11,0.9713055954088888
2019-02-12,1.3692098092643086
2019-02-13,0.8848728246318639
2019-02-14,0.5558510638297828
2019-02-15,0.4056987788331007
2019-02-18,-0.06923076923077144
2019-02-19,-0.2647058823529416
2019-02-20,-0.17489986648864495
2019-02-21,0.34923076923077107
2019-02-22,0.6468750000000112
2019-02-25,0.5134168157423937
2019-02-26,0.6844106463878429
2019-02-27,0.6569200779727079
2019-02-28,0.5917159763313635
2019-03-01,1.0777988614800764
2019-03-04,-0.2060491493383721
2019-03-05,-0.41635687732342
2019-03-06,-0.8726591760299689
2019-03-07,-0.6331360946745676
2019-03-08,-1.663636363636363
2019-03-11,-1.8140794223826708
2019-03-12,-1.5620300751879705
2019-03-13,-1.230769230769232
2019-03-14,-0.9090909090909027
2019-03-15,-0.4999999999999971
2019-03-18,-0.6235294117647008
2019-03-19,-0.5393518518518505
2019-03-20,-0.45662100456621385
2019-03-21,0.10983981693362886
2019-03-22,0.8397932816537398
2019-03-25,0.0026954177897551643
2019-03-26,-0.1711956521739164
2019-03-27,-0.17480719794344637
2019-03-28,-0.20263157894736925
2019-03-29,-0.06504065040650814
2019-04-01,0.7468982630272955
2019-04-02,0.15762273901808613
2019-04-03,0.5921052631578915
2019-04-04,0.5151515151515198
2019-04-08,1.0870786516853932
2019-04-09,-0.4744897959183653
2019-04-10,-1.032237858333546
2019-04-11,-1.3382625528456733
2019-04-12,-1.0169441978496896
2019-04-15,-0.5776265456110697
2019-04-16,-0.7527928563213215
2019-04-17,-0.4350145913323411
2019-04-18,-0.566823894044296
2019-04-19,0.3762623216455837
2019-04-22,0.2780413565955383
2019-04-23,0.6574307304785982
2019-04-24,1.1666666666666645
2019-04-25,0.8285714285714336
2019-04-26,0.7720797720797604
2019-04-29,1.0833333333333268
2019-04-30,0.7614678899082625
2019-05-06,1.0942857142857014
2019-05-07,1.364406779661012
2019-05-08,0.9815950920245321
2019-05-09,0.14373088685015553
2019-05-10,0.2969696969696917
2019-05-13,-0.40303030303030946
2019-05-14,-1.0573770491803212
2019-05-15,0.5805626598465478
2019-05-16,0.4529262086513975
2019-05-17,1.2167832167832178
2019-05-20,0.9833333333333362
2019-05-21,1.5860465116279105
2019-05-22,0.6296296296296197
2019-05-23,0.6340110905730147
2019-05-24,1.285958904109597
2019-05-27,0.1200631911532388
2019-05-28,-0.18619582664525916
2019-05-29,0.01883561643835812
2019-05-30,0.09240924092408917
2019-05-31,-0.2417218543046352
2019-06-03,-0.732899022801303
2019-06-04,-0.2924369747899204
2019-06-05,-0.4003906250000037
2019-06-06,0.023032629558543672
2019-06-10,1.0766208251473381
2019-06-11,1.7979797979797894
2019-06-12,0.1859582542694472
2019-06-13,0.36801541425818995
2019-06-14,-0.32495164410057664
2019-06-17,-0.4338085539714842
2019-06-18,-0.3029661016949055
2019-06-19,-0.18219461697722864
2019-06-20,-0.038076152304597585
2019-06-21,-0.26931106471816624
2019-06-24,-0.8477801268498917
2019-06-25,-0.413793103448274
2019-06-26,-0.5182291666666696
2019-06-27,-0.49292452830189293
2019-06-28,0.3062200956937749
2019-07-01,0.7139639639639608
2019-07-02,0.4799107142857134
2019-07-03,-0.5754310344827523
2019-07-04,-0.39055793991416343
2019-07-05,-0.6395604395604401
2019-07-08,-0.389277389277386
2019-07-09,0.06392694063926746
2019-07-10,-0.41136363636364537
2019-07-11,0.4527027027027073
2019-07-12,0.565116279069765
2019-07-15,0.6690140845070504
2019-07-16,1.5630630630630638
2019-07-17,1.169950738916256
2019-07-18,1.0782828282828238
2019-07-19,0.9602977667493938
2019-07-22,-0.24882629107981094
2019-07-23,-0.39855072463769414
2019-07-24,0.17176470588236187
2019-07-25,0.11405835543767766
2019-07-26,-0.28272251308900403
2019-07-29,-0.7808988764045098
2019-07-30,-0.4115942028985596
2019-07-31,-0.21958456973294918
2019-08-01,-0.5483870967741833
2019-08-02,0.12885154061624923
2019-08-05,0.04761904761904106
2019-08-06,0.29360465116278833
2019-08-07,-0.2336182336182358
2019-08-08,0.5989304812834333
2019-08-09,0.8109589041095885
2019-08-12,0.30317848410757314
2019-08-13,0.47869674185463823
2019-08-14,-0.4147465437788098
2019-08-15,-0.5854800936768136
2019-08-16,0.27053140096619377
2019-08-19,0.6739138614695168
2019-08-20,0.6052375116904583
2019-08-21,-0.10974435845803195
2019-08-22,0.295849045766938
2019-08-23,0.043626119815785035
2019-08-26,-1.1987213379709991
2019-08-27,-1.1637142100200453
2019-08-28,-0.7849998987978026
2019-08-29,-1.366074812651804
2019-08-30,-0.4216867469879492
2019-09-02,0.05048076923076607
2019-09-03,-0.11971830985915481
2019-09-04,0.41326530612245543
2019-09-05,0.860349127182045
2019-09-06,0.6649999999999898
2019-09-09,1.5676392572944335
2019-09-10,1.0592991913746514
2019-09-11,1.498644986449856
2019-09-12,1.6190476190476106
2019-09-16,1.3515850144092285
2019-09-17,0.52199413489736
2019-09-18,-0.32091690544411305
2019-09-19,-1.1605633802816837
2019-09-20,-2.0429292929292977
2019-09-23,-1.665853658536591
2019-09-24,-3.3199999999999985
2019-09-25,-2.3654223968565877
2019-09-26,-2.1021611001964686
2019-09-27,-2.2083333333333406
2019-09-30,-1.3431034482758644
2019-10-08,-0.457006369426755
2019-10-09,-0.4581430745814287
2019-10-10,-0.18489984591679176
2019-10-11,-0.16610169491525234
2019-10-14,-0.5066666666666719
2019-10-15,-0.22201138519924218
2019-10-16,-0.9871794871794881
2019-10-17,-0.21641791044776154
2019-10-18,-0.11666666666666606
2019-10-21,-0.22360248447204537
2019-10-22,0.004716981132068181
2019-10-23,0.581113801452782
2019-10-24,0.7980295566502392
2019-10-25,0.8287153652393096
2019-10-28,0.27455919395466444
2019-10-29,0.7603092783505063
2019-10-30,0.6959064327485336
2019-10-31,-0.7011173184357498
2019-11-01,-0.6608187134502886
2019-11-04,-1.2316076294277851
2019-11-05,-0.01736972704715137
2019-11-06,-0.6195372750642658
2019-11-07,-0.267002518891681
2019-11-08,-0.12378640776699894
2019-11-11,-0.792929292929289
2019-11-12,-0.39743589743589824
2019-11-13,-0.23192019950124923
2019-11-14,0.21522309711286486
2019-11-15,-0.27077747989276046
2019-11-18,-0.2978142076502687
2019-11-19,1.2213541666666548
2019-11-20,1.4839572192513333
2019-11-21,0.9230769230769271
2019-11-22,0.4592391304347862
2019-11-25,0.7455012853470412
2019-11-26,-0.6604215456674489
2019-11-27,-0.6810551558753027
2019-11-28,-0.9471032745591899
2019-11-29,-0.8156565656565605
2019-12-02,-0.3447368421052661
2019-12-03,-0.21913580246913114
2019-12-04,-0.5598802395209654
2019-12-05,-0.06853582554516814
2019-12-06,0.0816993464052281
2019-12-09,0.7177700348432074
2019-12-10,0.6510638297872338
2019-12-11,0.052845528455269894
2019-12-12,-0.21259842519686814
2019-12-13,-0.26294820717133155
2019-12-16,0.5747126436781571
2019-12-17,0.5149253731343395
2019-12-18,0.3828125000000094
2019-12-19,-0.2206896551724013
2019-12-20,-0.24718113925903532
2019-12-23,-1.1317424456368197
2019-12-24,-1.8752543234994847
2019-12-25,-1.733897379912662
2019-12-26,-2.0824071564109454
2019-12-27,-1.5131878430847534
2019-12-30,-0.7778541953232366
2019-12-31,0.03293451691752529
2020-01-02,0.8394939221036933
2020-01-03,1.0915032679738506
2020-01-06,1.1351351351351373
2020-01-07,1.9047619047619309
2020-01-08,2.561643835616451
2020-01-09,1.7911392405063349
2020-01-10,1.7000000000000137
2020-01-13,1.3580246913580223
2020-01-14,1.2062500000000038
2020-01-15,0.9349315068493197
2020-01-16,1.5204081632653201
2020-01-17,0.9415807560137461
2020-01-20,1.1096345514950188
2020-01-21,0.8268551236749127
2020-01-22,0.27697841726618827
2020-01-23,-0.2830188679245341
2020-02-03,-2.597101449275357
2020-02-04,-0.6806930693069259
2020-02-05,-0.6034063260340582
2020-02-06,0.7308488612836407
2020-02-07,0.7510729613733852
2020-02-10,0.42796610169491406
2020-02-11,1.7318435754189851
2020-02-12,2.0338078291814923
2020-02-13,1.5136116152450103
2020-02-14,1.5341959334565747
2020-02-17,1.1611479028697604
2020-02-18,0.6543209876543113
2020-02-19,0.7326732673267335
2020-02-20,0.8285714285714293
2020-02-21,-0.13759213759212893
2020-02-24,0.3325635103926118
2020-02-25,0.17922077922077603
2020-02-26,-0.16343490304709554
2020-02-27,-0.3818681318681232
2020-02-28,-1.2669902912621231
2020-03-02,0.36554621848739366
2020-03-03,0.08176100628930089
2020-03-04,0.18550106609808442
2020-03-05,-0.28444444444443745
2020-03-06,-0.4988814317673303
2020-03-09,-0.49464668094218905
2020-03-10,-0.1995753715498953
2020-03-11,-0.19230769230769923
2020-03-12,0.38509316770186136
2020-03-13,0.9563409563409532
2020-03-16,0.40845070422536656
2020-03-17,0.6490825688073409
2020-03-18,0.2527716186252657
2020-03-19,0.2812499999999911
2020-03-20,-0.5910931174089114
2020-03-23,-1.07641921397381
2020-03-24,0.06498951781970962
2020-03-25,-0.3705179282868497
2020-03-26,-0.6977687626774866
2020-03-27,-0.43817787418654913
2020-03-30,-0.804721030042917
2020-03-31,0.08207343412527146
2020-04-01,-0.5041666666666713
2020-04-02,-0.7672955974842808
2020-04-03,-1.4888888888888916
2020-04-07,-0.7553831265337198
2020-04-08,-0.2563135882051028
2020-04-09,0.09614667389977188
2020-04-10,1.0474058528623122
2020-04-13,0.9799410206128507
2020-04-14,0.8364337859817776
2020-04-15,0.5811462682967284
2020-04-16,0.9545730046570192
2020-04-17,0.8008092467418354
2020-04-20,0.4467213114754097
2020-04-21,-0.6101010101010126
2020-04-22,-0.34607218683651647
2020-04-23,-0.9959100204498935
2020-04-24,-1.2550335570469762
2020-04-27,-1.846681922196796
2020-04-28,-2.7916666666666585
2020-04-29,-2.2885375494071156
2020-04-30,-0.7970479704797109
2020-05-06,-0.1508379888268166
2020-05-07,0.2831215970961876
2020-05-08,0.4277456647398822
2020-05-11,0.20076481835563617
2020-05-12,1.361510791366908
2020-05-13,1.244565217391302
2020-05-14,1.511383537653244
2020-05-15,1.2524654832347049
2020-05-18,1.3908045977011478
2020-05-19,2.208812260536397
2020-05-20,1.5362035225048898
2020-05-21,1.438113948919445
2020-05-22,0.5909090909090872
2020-05-25,0.4538461538461562
2020-05-26,0.44226579520696824
2020-05-27,0.5361702127659586
2020-05-28,0.22022471910111863
2020-05-29,0.1903669724770643
2020-06-01,0.42191142191142483
2020-06-02,0.7512195121951222
2020-06-03,0.5641025641025709
2020-06-04,0.6884422110552737
2020-06-05,0.14545454545455072
2020-06-08,1.079518072289165
2020-06-09,0.8883495145631105
2020-06-10,0.4582338902148047
2020-06-11,0.3415233415233461
2020-06-12,0.30331753554502316
2020-06-15,-0.8244803695150131
2020-06-16,0.20000000000000132
2020-06-17,-0.42187499999999667
2020-06-18,0.3688888888888882
2020-06-19,0.28873239436619547
2020-06-22,-0.3101736972704764
2020-06-23,0.3634146341463397
2020-06-24,0.37234042553190644
2020-06-29,-0.4543209876543256
2020-06-30,-0.02583979328166355
2020-07-01,-0.5276967930029378
2020-07-02,0.5982404692082038
2020-07-03,0.42686567164180445
2020-07-06,0.3668831168831344
2020-07-07,0.13268608414237784
2020-07-08,0.6633663366336707
2020-07-09,1.8081761006289434
2020-07-10,0.40056818181818576
2020-07-13,0.9139465875370899
2020-07-14,0.15014164305948427
2020-07-15,-0.11382113821138792
2020-07-16,0.194986072423394
2020-07-17,0.5607734806629879
2020-07-20,0.2970027247956396
2020-07-21,1.2617924528301838
2020-07-22,0.6261904761904754
2020-07-23,0.9183168316831636
2020-07-24,1.1108374384236457
2020-07-27,0.37616822429905716
2020-07-28,-0.12500000000000266
2020-07-29,0.03883495145630125
2020-07-30,-0.6835748792270482
2020-07-31,-0.09761904761904976
2020-08-03,0.17713004484305153
2020-08-04,-0.6513317191283332
2020-08-05,-0.39294117647058424
2020-08-06,0.02850356294536863
2020-08-07,-0.01662707838479775
2020-08-10,-0.24875621890547409
2020-08-11,-0.848192771084325
2020-08-12,-0.6307339449541204
2020-08-13,-1.1182033096926594
2020-08-14,-0.6072289156626455
2020-08-17,-0.4613466334164667
2020-08-18,0.07908163265306174
2020-08-19,-0.721698113207547
2020-08-20,0.6322580645161285
2020-08-21,0.5781503724514787
2020-08-24,1.3292033495243836
2020-08-25,1.2423281539445263
2020-08-26,1.1310544709399408
2020-08-27,1.1690168037182769
2020-08-28,1.2272628268830188
2020-08-31,1.3701058511998951
2020-09-01,2.075132442894328
2020-09-02,2.346270406266973
2020-09-03,2.460317460317461
2020-09-04,1.8952879581151663
2020-09-07,1.8781163434903159
2020-09-08,0.32824427480915835
2020-09-09,-0.10096153846154807
2020-09-10,-0.7575057736720471
2020-09-11,-0.4207920792079112
2020-09-14,-0.23095238095237625
2020-09-15,-0.5760598503740612
2020-09-16,-0.8265060240963819
2020-09-17,-0.08653846153846553
2020-09-18,0.7296037296037337
2020-09-21,0.4495412844036726
2020-09-22,0.5140845070422478
2020-09-23,0.4467592592592561
2020-09-24,-0.2077625570776236
2020-09-25,-0.7836644591611552
2020-09-28,0.11555555555555715
2020-09-29,0.5580357142857153
2020-09-30,0.2469437652811699
2020-10-09,2.0660980810234557
2020-10-12,2.657024793388439
2020-10-13,2.4321705426356592
2020-10-14,2.1736526946107726
2020-10-15,1.6536885245901627
2020-10-16,1.0610526315789477
2020-10-19,0.3732534930139699
2020-10-20,0.8414872798434551
2020-10-21,0.6136820925553331
2020-10-22,0.4904942965779314
2020-10-23,0.07939914163089339
2020-10-26,-0.051569506726462294
2020-10-27,0.16824644549763576
2020-10-28,-0.15873015873015472
2020-10-29,0.536480686695285
2020-10-30,0.35957446808510884
2020-11-02,0.6220806794055171
2020-11-03,-0.559426229508201
2020-11-04,-1.2859744990892419
2020-11-05,-1.2665441176470473
2020-11-06,-1.1978021978021862
2020-11-09,-0.8032200357781711
2020-11-10,-0.7633451957295452
2020-11-11,0.7674796747967441
2020-11-12,1.2174629324546977
2020-11-13,1.161500815660682
2020-11-16,0.06055900621117257
2020-11-17,-0.35509554140128013
2020-11-18,-0.2695652173913066
2020-11-19,-0.6127366609294392
2020-11-20,-0.349565217391309
2020-11-23,0.9139072847682144
2020-11-24,1.754098360655742
2020-11-25,2.2279874213836437
2020-11-26,2.060278207109742
2020-11-27,2.0723270440251556
2020-11-30,1.594813614262565
2020-12-01,2.4631268436578204
2020-12-02,3.149616368286446
2020-12-03,2.1687041564792144
2020-12-04,1.5717619603267223
2020-12-07,1.4227642276422794
2020-12-08,1.0425273390036498
2020-12-09,2.451546391752578
2020-12-10,1.6335282651072136
2020-12-11,-0.09098164405427313
2020-12-14,-0.4711917916337775
2020-12-15,-0.4447174447174418
2020-12-16,-0.3112639724849526
2020-12-17,-0.15817881793107433
2020-12-18,0.49484866304280434
2020-12-21,1.2993175277288072
2020-12-22,0.21320188214972904
2020-12-23,0.42865757262780424
2020-12-24,0.4525132758571048
2020-12-25,1.2468899005885992
2020-12-28,1.2798998199025542
2020-12-29,0.3465586113999485
2020-12-30,-0.039421813403415
2020-12-31,-0.2702879581151843
2021-01-04,0.3910012674271259
2021-01-05,0.664882943143817
2021-01-06,0.4362709395484328
2021-01-07,0.7705041384499637
2021-01-08,1.057486631016042
2021-01-11,1.1028492008339175
2021-01-12,0.42464788732394176
2021-01-13,-0.6952444742129923
2021-01-14,-0.5491408934707926
2021-01-15,0.143220878421387
2021-01-18,-0.14421123899797106
2021-01-19,-0.7511961722488067
2021-01-20,-1.0257627118644088
2021-01-21,-0.5959866220735762
2021-01-22,-0.8717391304347823
2021-01-25,-0.528860028860035
2021-01-26,-1.0393299344501064
2021-01-27,-0.7499999999999971
2021-01-28,-1.155875299760191
2021-01-29,-1.7624584717607914
2021-02-01,-1.621827411167507
2021-02-02,-1.9566755083996432
2021-02-03,-1.8910714285714298
2021-02-04,-0.6079295154185038
2021-02-05,-0.3616636528028964
2021-02-08,0.09953488372092728
2021-02-09,0.6427889207258756
2021-02-10,0.6506986027944072
2021-02-18,1.7335907335907283
2021-02-19,0.8732251521298188
2021-02-22,-0.37243947858472753
2021-02-23,-1.1556776556776565
2021-02-24,-0.8586538461538483
2021-02-25,-0.03771760154739069
2021-02-26,-0.9432753888380585
2021-03-01,-1.812908496732026
2021-03-02,-0.2499999999999971
2021-03-03,0.29480614484272083
2021-03-04,0.1387631975867302
2021-03-05,-0.05563909774436015
2021-03-08,0.36136363636363494
2021-03-09,-0.291350531107741
2021-03-10,0.38199858256555735
2021-03-11,0.7383638928067732
2021-03-12,0.15357142857143047
2021-03-15,-0.2659409020217768
2021-03-16,0.4942622950819651
2021-03-17,1.4009623095429051
2021-03-18,1.0339805825242736
2021-03-19,1.0080321285140523
2021-03-22,0.13509192645883814
2021-03-23,0.014190317195328431
2021-03-24,-0.17673179396091998
2021-03-25,-0.01845018450184432
2021-03-26,0.08823529411765302
2021-03-29,1.2758620689655176
2021-03-30,1.1846153846153855
2021-03-31,1.3383742911153156
2021-04-01,0.04173764906303642
2021-04-02,-0.27202072538860017
2021-04-06,0.06474820143884868
2021-04-07,-0.15662650602409525
2021-04-08,-0.6599496221662463
2021-04-09,-0.4217573221757359
2021-04-12,-0.05090311986863461
2021-04-13,0.07826887661141649
2021-04-14,0.17922794117646806
2021-04-15,0.24281742354031108
2021-04-16,1.542402826855124
2021-04-19,1.2008006310952277
2021-04-20,1.2439672306594682
2021-04-21,0.6057387321204794
2021-04-22,1.089123090953465
2021-04-23,0.7540773778970823
2021-04-26,1.2507875310513725
2021-04-27,0.9939561834239291
2021-04-28,0.31529132998761794
2021-04-29,0.26988840797213415
2021-04-30,0.3730886850152889
2021-05-06,2.414570685169129
2021-05-07,2.4552301255230127
2021-05-10,3.2394463667820097
2021-05-11,2.241042345276871
2021-05-12,2.53966415749855
2021-05-13,0.7788609543355591
2021-05-14,-0.03563270899954584
2021-05-17,0.17709251101321408
2021-05-18,0.004420866489833224
2021-05-19,-0.4811115935736007
2021-05-20,-1.6158167675021613
2021-05-21,-2.0298755186721986
2021-05-24,-1.6487549148099607
2021-05-25,-1.1337209302325568
2021-05-26,-0.993761996161229
2021-05-27,-0.4236401673640175
2021-05-28,-0.1715601611974713
2021-05-31,-0.3295324971493728
2021-06-01,0.9025289778714449
2021-06-02,0.8543010752688146
2021-06-03,1.0438084112149542
2021-06-04,0.5506291192330739
2021-06-07,-0.11056811240073042
2021-06-08,0.38366336633663434
2021-06-09,0.4612015018773468
2021-06-10,0.3170899107755658
2021-06-11,1.5578880407124664
2021-06-15,0.9883870967741938
2021-06-16,0.9397849462365637
2021-06-17,1.4766483516483502
2021-06-18,0.5847840103159255
2021-06-21,0.24837451235370822
2021-06-22,0.4423203691496373
2021-06-23,1.0822006472491903
2021-06-24,0.9570512820512824
2021-06-25,0.7076244486452448
2021-06-28,-0.13350449293966785
2021-06-29,-0.582278481012657
2021-06-30,-0.5609103078982599
2021-07-01,-0.9121482498284171
2021-07-02,-0.4819454679439918
2021-07-05,-0.12112036336109389
2021-07-06,-0.4284603421461898
2021-07-07,-0.565614617940202
2021-07-08,-1.7241118669690103
2021-07-09,-1.0406015037593945
2021-07-12,-0.5525451559934346
2021-07-13,0.6413210445468496
2021-07-14,1.148321623731453
2021-07-15,0.8887122416534166
2021-07-16,1.4972462627852052
2021-07-19,1.4474497681607374
2021-07-20,1.7163173652694605
2021-07-21,1.718025430067314
2021-07-22,1.39619520264682
2021-07-23,1.4722911497105051
2021-07-26,1.5536547433903567
2021-07-27,1.030669895076673
2021-07-28,1.6604938271604943
2021-07-29,2.0793051359516572
2021-07-30,2.5383469843633595
2021-08-02,1.6969696969696986
2021-08-03,0.5147375988497451
2021-08-04,1.3974700399467366
2021-08-05,1.2419786096256684
2021-08-06,1.4777070063694309
2021-08-09,1.2047556142668425
2021-08-10,0.5558441558441537
2021-08-11,0.5879973027646679
2021-08-12,-0.2522377375145057
2021-08-13,-0.48817768017372654
2021-08-16,-0.5219317991375237
2021-08-17,0.11658375525011247
2021-08-18,-0.43819150203345314
2021-08-19,0.6058036468467785
2021-08-20,0.08431282701590745
2021-08-23,1.7229098869347754
2021-08-24,1.8060068268381204
2021-08-25,2.4156550858099615
2021-08-26,1.642654795629301
2021-08-27,1.252818035426735
2021-08-30,0.7537254901960805
2021-08-31,0.30244280728964823
2021-09-01,0.4594383775351015
2021-09-02,1.4037022449783372
2021-09-03,0.6773688332028224
2021-09-06,1.635807192042848
2021-09-07,2.3110510046367843
2021-09-08,1.7407993668381503
2021-09-09,2.654605263157897
2021-09-10,0.6901319924575744
2021-09-13,0.12386156648451564
2021-09-14,-0.3855457227138633
2021-09-15,-0.26623740201567736
2021-09-16,-0.592874626053849
2021-09-17,-0.5770368378596409
2021-09-22,0.5940959409594112
2021-09-23,0.9448294243070389
2021-09-24,-0.09666080843585542
2021-09-27,0.27996906419180106
2021-09-28,0.9876369766788419
2021-09-29,0.9824712643678141
2021-09-30,2.0856914041644403
2021-10-08,1.1175556706369758
2021-10-11,1.9703389830508464
2021-10-12,1.8299535792816979
2021-10-13,1.5168125287885765
2021-10-14,1.2374084757044617
2021-10-15,1.5438237965485915
2021-10-18,2.00614146548073
2021-10-19,1.1799539652647004
2021-10-20,-0.1918133280601168
2021-10-21,-1.4061228444099982
2021-10-22,-2.032707774798929
2021-10-25,-1.5574097587520417
2021-10-26,-1.4121405750798746
2021-10-27,-2.11494038748137
2021-10-28,-2.4992553983618766
2021-10-29,-2.677654406662041
2021-11-01,-2.6413226228283224
2021-11-02,-1.8655416439847594
2021-11-03,-0.52449567723343
2021-11-04,-0.6412413535240232
2021-11-05,-0.46805819101834073
2021-11-08,-0.27460106382978733
2021-11-09,-0.3170674760681749
2021-11-10,-0.4465686274509816
2021-11-11,0.1990267639902681
2021-11-12,-0.5983252296056171
2021-11-15,-1.6822453644907311
2021-11-16,-2.101508916323732
2021-11-17,-1.813106796116503
2021-11-18,-1.9910418049104188
2021-11-19,-1.6277949776401783
2021-11-22,-1.2587149692412831
2021-11-23,-0.5526940020332095
2021-11-24,1.004461440407903
2021-11-25,1.4042553191489342
2021-11-26,0.36812458581842195
2021-11-29,0.6170678336980309
2021-11-30,0.9096940656100239
2021-12-01,0.7990672366886904
2021-12-02,0.19401244167962559
2021-12-03,0.8178772678248002
2021-12-06,0.1819133812053001
2021-12-07,0.807740487182099
2021-12-08,0.9567446851993595
2021-12-09,0.8203652435456791
2021-12-10,-0.23738664039387355
2021-12-13,0.514688638561681
2021-12-14,0.2705642896791658
2021-12-15,0.36183912170331123
2021-12-16,1.0120068610634652
2021-12-17,1.2069614299153328
2021-12-20,1.0358152686145166
2021-12-21,1.4649167087329646
2021-12-22,1.2383660806618413
2021-12-23,1.4009687836383211
2021-12-24,1.8982475975127144
2021-12-27,0.17126436781609186
2021-12-28,-0.2687074829931937
2021-12-29,-0.21310541310540887
2021-12-30,-0.19901417128773796
2021-12-31,0.14990859232175416
2022-01-04,1.2597950572634156
2022-01-05,1.3296703296703314
2022-01-06,0.9668956901936324
2022-01-07,0.20624999999999752
2022-01-10,0.34887737478410735
2022-01-11,0.3674623115577907
2022-01-12,0.8666666666666657
2022-01-13,0.10516490354698099
2022-01-14,-0.08722358722358477
2022-01-17,-1.2069160997732498
2022-01-18,0.12737752161383264
2022-01-19,-0.3749315818281325
2022-01-20,0.2365979381443304
2022-01-21,-0.7884012539184974
2022-01-24,-1.0441767068273096
2022-01-25,-0.5126646403242142
2022-01-26,-0.43893714869698525
2022-01-27,0.34282807731434467
2022-01-28,0.3937405350832895
2022-02-07,0.6231727125067682
2022-02-08,2.0892018779342716
2022-02-09,0.4362282878411948
2022-02-10,0.6290890790135913
2022-02-11,0.5898082744702261
2022-02-14,1.0500247647350187
2022-02-15,0.7212713936430325
2022-02-16,0.7181467181467189
2022-02-17,0.5937968984492228
2022-02-18,1.4331753554502378
2022-02-21,1.815940114487011
2022-02-22,1.3012048192771029
2022-02-23,1.8684719535783405
2022-02-24,1.1176470588235297
2022-02-25,-0.17697729052466493
2022-02-28,0.4761904761904732
2022-03-01,1.0618361153262519
2022-03-02,1.1740088105726856
2022-03-03,1.5520282186948813
2022-03-04,1.255471833512738
2022-03-07,2.378362042913268
2022-03-08,1.5452449567723352
2022-03-09,1.5454289732770736
2022-03-10,1.1185976444809638
2022-03-11,0.642899061032861
2022-03-14,-0.8180314309346544
2022-03-15,-0.9590387766247949
2022-03-16,-0.2566788894709269
2022-03-17,-0.3843085106382977
2022-03-18,0.33797729618163164
2022-03-21,0.2763680831549986
2022-03-22,-0.2448849104859316
2022-03-23,-0.024065040650408515
2022-03-24,0.41996615905245355
2022-03-25,1.1952554744525559
2022-03-28,1.074244966442952
2022-03-29,1.5270327799063368
2022-03-30,1.2610767031919914
2022-03-31,1.0577356788452872
2022-04-01,1.5432953983176698
2022-04-06,1.2583293095123154
2022-04-07,0.583254938852307
2022-04-08,0.47276264591440026
2022-04-11,-0.6571562207670756
2022-04-12,0.3869047619047583
2022-04-13,-0.021120293847567504
2022-04-14,0.3629145259224699
2022-04-15,0.2753488372093042
2022-04-18,-0.3966369930761628
2022-04-19,-1.363039146023135
2022-04-20,-1.2628661940006387
2022-04-21,-0.6780035188049477
2022-04-22,-1.0494538936515345
2022-04-25,-1.9372284531383646
2022-04-26,-1.2193023589645409
2022-04-27,-1.4031403993162694
2022-04-28,-1.0871264875785256
2022-04-29,-0.7092862451206969
2022-05-05,-0.9537292817679521
2022-05-06,-1.2384206529992414
2022-05-09,-1.5120391271632798
2022-05-10,-1.516538461538456
2022-05-11,-0.833522083805208
2022-05-12,-1.5765407554671949
2022-05-13,-1.147688356164384
2022-05-16,0.05100261551874871
2022-05-17,0.2711111111111135
2022-05-18,-0.6149347728295107
2022-05-19,-0.19401671799384382
2022-05-20,0.3296654929577465
2022-05-23,-0.48104465037910893
2022-05-24,-1.1074414715719028
2022-05-25,-0.8693982074263757
2022-05-26,-1.0414767547857768
2022-05-27,-0.23479427549195467
2022-05-30,0.5975103734439836
2022-05-31,1.068524440383739
2022-06-01,1.7336182336182333
2022-06-02,1.8941005802707958
2022-06-06,2.3209936678032133
2022-06-07,2.093767236624385
2022-06-08,2.530925013683632
2022-06-09,1.298499464094322
2022-06-10,0.7948857453754028
2022-06-13,0.5390230207748442
2022-06-14,0.018771331058020528
2022-06-15,-1.7129015808261105
2022-06-16,-2.1510864072764013
2022-06-17,-2.24847870182556
2022-06-20,-3.5615742699957673
2022-06-21,-2.6795895096921347
2022-06-22,-2.4358600583090397
2022-06-23,-1.3133913043478238
2022-06-24,-1.5276862228081716
2022-06-27,-0.49474335188620977
2022-06-28,0.4554958183990434
2022-06-29,0.4395813510941986
2022-06-30,-0.30748422001803644
2022-07-01,-0.5071985602879437
2022-07-04,-0.9564648117839615
2022-07-05,-0.5639905945582816
2022-07-06,-0.4691358024691352
2022-07-07,-0.4134615384615403
2022-07-08,-0.8459074733096107
2022-07-11,-0.8417293233082694
2022-07-12,-1.2557148392096056
2022-07-13,-0.8494117647058834
2022-07-14,-0.9488804393747372
2022-07-15,-1.682004930156122
2022-07-18,-0.5110384300899421
2022-07-19,-1.2515163768702002
2022-07-20,-1.3974724826742753
2022-07-21,-1.6019376579612503
2022-07-22,-0.8676789587852495
2022-07-25,-0.40089485458613305
2022-07-26,-0.09918107370336805
2022-07-27,0.1066545123062881
2022-07-28,1.5286752827140537
2022-07-29,1.0853758169934633
2022-08-01,1.330617495711835
2022-08-02,1.9648732770120034
2022-08-03,1.3769194974406689
2022-08-04,0.3780487804878053
2022-08-05,-0.18231540565177695
2022-08-08,0.456768558951965
2022-08-09,0.27569258266309427
2022-08-10,-0.33037694013303825
2022-08-11,-0.2722593926917154
2022-08-12,0.24468664850136415
2022-08-15,-0.16154276131917483
2022-08-16,0.41830822711471444
2022-08-17,-0.16628308400460534
2022-08-18,-0.48782804057033496
2022-08-19,-0.7567990247927368
2022-08-22,0.5054946948916388
2022-08-23,0.4658810823526846
2022-08-24,0.251842215091926
2022-08-25,0.363108708294106
2022-08-26,1.4083555074120075
2022-08-29,0.19646435608414095
2022-08-30,-0.8641410945857697
2022-08-31,-0.8356958762886593
2022-09-01,-1.3599999999999977
2022-09-02,-0.9059466019417485
2022-09-05,-0.5645371577574986
2022-09-06,-0.6532630191166774
2022-09-07,-0.94314381270903
2022-09-08,-0.24161073825503138
2022-09-09,0.4949348769898716
2022-09-13,1.508745247148285
2022-09-14,1.2738486842105292
2022-09-15,1.888364779874217
2022-09-16,1.6835970024979192
2022-09-19,1.7926932880203992
2022-09-20,1.15069615069615
2022-09-21,1.4694041867954926
2022-09-22,1.4715316760224533
2022-09-23,1.1079545454545492
2022-09-26,0.7545816733067698
2022-09-27,1.378205128205128
2022-09-28,0.58123028391167
2022-09-29,0.6033057851239682
2022-09-30,0.45915032679738765
2022-10-10,1.8386363636363625
2022-10-11,0.9631619339984696
2022-10-12,0.30729927007299224
2022-10-13,-0.11821561338289474
2022-10-14,0.48027681660899674
2022-10-17,-0.8869731800766266
2022-10-18,-1.0851735015772799
2022-10-19,-0.9856490541422028
2022-10-20,-1.365548980933595
2022-10-21,-0.9104477611940285
2022-10-24,-0.461538461538459
2022-10-25,-1.2978436657681924
2022-10-26,-1.2401150251617539
2022-10-27,-1.214285714285719
2022-10-28,-1.195027195027197
2022-10-31,-1.980541455160743
2022-11-01,-0.5065466448445178
2022-11-02,-0.044461778471137706
2022-11-03,0.19416730621642417
2022-11-04,1.4115574348132511
2022-11-07,1.4121763470958721
2022-11-08,1.6179279941219658
2022-11-09,1.4952100221075864
2022-11-10,0.43058491895701045
2022-11-11,1.3303741280913104
2022-11-14,0.96655948553055
2022-11-15,1.2270270270270276
2022-11-16,1.0736622654621257
2022-11-17,0.835975189524459
2022-11-18,1.0697674418604617
2022-11-21,0.009482129832238732
2022-11-22,-0.6240115025161802
2022-11-23,0.06751054852320419
2022-11-24,0.182795698924731
2022-11-25,0.8135048231511253
2022-11-28,0.46466287571079884
2022-11-29,1.238170347003152
2022-11-30,0.9153069153069144
2022-12-01,-0.03440538519072446
2022-12-02,0.3766917293233035
2022-12-05,0.6015564202334645
2022-12-06,0.280319947821856
2022-12-07,-0.29557536829167086
2022-12-08,0.3281786311944964
2022-12-09,1.0118923410076874
2022-12-12,1.6658128981258957
2022-12-13,1.6384481641468653
2022-12-14,2.054056932478948
2022-12-15,1.9397512746167611
2022-12-16,1.1169605761240882
2022-12-19,-0.5225342913128682
2022-12-20,-0.7439896036387279
2022-12-21,-0.037966537966537754
2022-12-22,-0.9461444308445525
2022-12-23,-0.878428927680799
2022-12-26,-0.10723514211885853
2022-12-27,0.27795527156549654
2022-12-28,-0.13432835820895797
2022-12-29,-0.15254237288135775
2022-12-30,-0.11081081081081376
2023-01-03,-0.6284470246734472
2023-01-04,-1.3151171043293057
2023-01-05,-0.8933631618195405
2023-01-06,-0.4243630573248393
2023-01-09,0.09520062942564986
2023-01-10,-0.04789430222956501
2023-01-11,0.6861435726210323
2023-01-12,0.2871972318339082
2023-01-13,0.8388791593695284
2023-01-16,0.46263643996642123
2023-01-17,0.2434554973822003
2023-01-18,0.6788389513108619
2023-01-19,0.5592105263157885
2023-01-20,0.2552182163187899
2023-01-30,-0.11494252873563378
2023-01-31,-0.6870163370593264
2023-02-01,-1.2809278350515467
2023-02-02,-1.0115146147032779
2023-02-03,-0.6602953953084271
2023-02-06,-0.20325203252032964
2023-02-07,-0.2824287028518866
2023-02-08,0.08071748878923046
2023-02-09,0.2119266055045909
2023-02-10,0.19068934646374047
2023-02-13,-0.6033364226135247
2023-02-14,-0.12827988338192303
2023-02-15,0.035569105691055605
2023-02-16,0.7244174265450858
2023-02-17,1.2277951933124327
2023-02-20,1.631027253668762
2023-02-21,2.328189300411521
2023-02-22,1.8423855165069236
2023-02-23,2.3063223508459476
2023-02-24,2.5009090909090896
2023-02-27,2.2502258355916913
2023-02-28,0.9270386266094388
2023-03-01,0.8932773109243656
2023-03-02,0.3806287170773161
2023-03-03,-0.03855825649622864
2023-03-06,-0.5273631840796004
2023-03-07,-0.6521367521367474
2023-03-08,-0.5093220338983008
2023-03-09,-0.8279883381924215
2023-03-10,-0.8245283018867895
2023-03-13,0.4942196531791939
2023-03-14,-0.44202180376610406
2023-03-15,-1.2440419447092506
2023-03-16,-1.9963133640552968
2023-03-17,-1.3592321755027406
2023-03-20,-1.3905660377358475
2023-03-21,-1.935226264418814
2023-03-22,-1.2400362318840656
2023-03-23,-1.32129963898917
2023-03-24,-0.43478260869564983
2023-03-27,-0.39591439688715935
2023-03-28,-0.6266009852216827
2023-03-29,-0.18716577540106807
2023-03-30,-0.13157894736842843
2023-03-31,0.5168800931315529
2023-04-03,-1.035269709543567
2023-04-04,-1.433656957928804
2023-04-06,-1.5693121693121734
2023-04-07,-0.8791443850267362
2023-04-10,-1.8736637512147762
2023-04-11,-1.0616570327552988
2023-04-12,-0.9268051434223584
2023-04-13,-1.115533769835565
2023-04-14,-0.5767053606592197
2023-04-17,0.10695315042519775
2023-04-18,0.5917536228805174
2023-04-19,0.3618695912015587
2023-04-20,-0.7276007071094418
2023-04-21,-1.277995541323872
2023-04-24,-1.2887635483078461
2023-04-25,-1.3963601760437787
2023-04-26,-1.8084874863982543
2023-04-27,-2.062765957446807
2023-04-28,-2.409041980624323
2023-05-04,-3.0563086548488045
2023-05-05,-1.8682926829268265
2023-05-08,-0.3063291139240465
2023-05-09,-1.0334728033472789
2023-05-10,-0.8082077051926331
2023-05-11,-0.7870216306156392
2023-05-12,-0.3309294871794903
2023-05-15,0.3397282174260627
2023-05-16,0.3131147540983585
2023-05-17,0.9803278688524596
2023-05-18,0.51143099068586
2023-05-19,-0.5199660152931179
2023-05-22,-1.0325047801147227
2023-05-23,-0.7609359104781321
2023-05-24,-1.0515463917525782
2023-05-25,-1.6461988304093556
2023-05-26,-1.538684719535783
2023-05-29,-1.4517669531996154
2023-05-30,-1.6724931002759902
2023-05-31,-1.2412155745489062
2023-06-01,-0.351102941176468
2023-06-02,0.08815426997244914
2023-06-05,-0.08529945553538869
2023-06-06,0.2248201438848907
2023-06-07,0.22606382978723177
2023-06-08,0.20402298850574999
2023-06-09,0.5958974358974332
2023-06-12,0.3032128514056249
2023-06-13,1.00098231827112
2023-06-14,1.0229445506692183
2023-06-15,1.670646766169153
2023-06-16,2.019650655021834
2023-06-19,1.0882028665931638
2023-06-20,0.6912599318955731
2023-06-21,0.4032825322391565
2023-06-26,-0.9265770423991739
2023-06-27,-0.18199802176063576
2023-06-28,-0.4387755102040815
2023-06-29,-0.4242093784078507
2023-06-30,0.04858757062147276
2023-07-03,-0.2823018458197615
2023-07-04,-0.41071428571428753
2023-07-05,-0.4544431946006748
2023-07-06,0.23216308040770545
2023-07-07,-0.2799999999999972
2023-07-10,-0.2445019404915888
2023-07-11,0.7936708860759504
2023-07-12,1.4423076923076907
2023-07-13,1.3613231552162837
2023-07-14,1.8870967741935523
2023-07-17,0.8764044943820234
2023-07-18,2.3254504504504516
2023-07-19,2.1875
2023-07-20,2.69967707212056
2023-07-21,1.5164271047227917
2023-07-24,0.5690661478599247
2023-07-25,0.5773930753564133
2023-07-26,1.174757281553395
2023-07-27,0.2779886148007537
2023-07-28,-0.0055710306406722915
2023-07-31,-0.572368421052628
2023-08-01,0.11111111111111402
2023-08-02,0.3284169124877077
2023-08-03,-0.8219800181652985
2023-08-04,-0.2935089369708339
2023-08-07,0.007476635514021398
2023-08-08,-0.37166513339466034
2023-08-09,0.2827715355805228
2023-08-10,-0.21101774042950242
2023-08-11,0.4704030905386826
2023-08-14,-0.15380456542403395
2023-08-15,0.2550033168980187
2023-08-16,-0.28518387152764835
2023-08-17,0.3115248057011241
2023-08-18,0.486639354952824
2023-08-21,0.9341876150742343
2023-08-22,1.5350580414518702
2023-08-23,1.8107712058057153
2023-08-24,1.1834215167548507
2023-08-25,1.1978417266187067
2023-08-28,0.768609865470855
2023-08-29,0.0970425138632148
2023-08-30,0.7760927743086558
2023-08-31,0.8609332113449246
2023-09-01,1.8786644951140083
2023-09-04,2.237113402061857
2023-09-05,2.473642800944137
2023-09-06,2.435918367346939
2023-09-07,1.6291793313069904
2023-09-08,0.4403927068723675
2023-09-11,1.3990641711229934
2023-09-12,1.5469468154957293
2023-09-13,0.8295964125560512
2023-09-14,1.1020782396087974
2023-09-15,1.134704711347048
2023-09-18,1.7509986684420749
2023-09-19,1.3960192175703476
2023-09-20,1.7643872714962747
2023-09-21,0.4645987862440994
2023-09-22,0.4240111034004203
2023-09-25,-0.1098430813124121
2023-09-26,-0.9240331491712724
2023-09-27,-0.8463810930576043
2023-09-28,0.0508231925554754
2023-10-09,0.1721311475409846
2023-10-10,-1.2656943563728549
2023-10-11,-1.3246430788330201
2023-10-12,-0.6865577889447202
2023-10-13,-0.75635876840696
2023-10-16,0.07270323859881239
2023-10-17,0.08922443376801771
2023-10-18,-0.5602240896358559
2023-10-19,-0.6214335421015962
2023-10-20,-0.7006507592190901
2023-10-23,-0.876671619613669
2023-10-24,-0.0646258503401425
2023-10-25,0.9869337979094126
2023-10-26,0.7443082311733824
2023-10-27,1.169795221843
2023-10-30,1.4799635701275027
2023-10-31,0.9685816876121999
2023-11-01,0.8502824858757033
2023-11-02,0.5177902621722874
2023-11-03,1.4225225225225218
2023-11-06,1.409671532846719
2023-11-07,1.3882783882783905
2023-11-08,1.9092558983666081
2023-11-09,1.711695376246597
2023-11-10,2.034639927073835
2023-11-13,1.8819503849443981
2023-11-14,1.3935986159169511
2023-11-15,0.76757188498402
2023-11-16,1.5897615708274897
2023-11-17,0.7964480874316958
2023-11-20,0.8328804347826121
2023-11-21,-0.0983713355048866
2023-11-22,0.1179624664879363
2023-11-23,-0.12054120541205393
2023-11-24,0.6832552693208446
2023-11-27,1.3524818739542679
2023-11-28,0.665954035275252
2023-11-29,0.14534883720930286
2023-11-30,0.20247469066366539
2023-12-01,0.4414201183431919
2023-12-04,-0.8270877944325467
2023-12-05,-0.8977335544499755
2023-12-06,-0.5688325991189422
2023-12-07,0.3423661322435244
2023-12-08,-0.16101654164262455
2023-12-11,-0.4125145960705883
2023-12-12,0.42326123504316693
2023-12-13,-0.879341741189827
2023-12-14,-0.9293514400632646
2023-12-15,-0.46779239100268794
2023-12-18,-0.7078923427468002
2023-12-19,-0.6541311583726176
2023-12-20,-0.35147928994082844
2023-12-21,0.30152905198776403
2023-12-22,0.5211706102117062
2023-12-25,0.3187459177008492
2023-12-26,0.3408934707903792
2023-12-27,-0.10342146189735522
2023-12-28,-0.6325254104769367
2023-12-29,-0.4889795918367303
2024-01-02,0.1278610891870542
2024-01-03,0.6690307328605221
2024-01-04,-0.6502276176024313
2024-01-05,-1.1196247068021903
2024-01-08,-1.722349351639969
2024-01-09,-1.5208825847123686
2024-01-10,-1.6682464454976333
2024-01-11,-0.7829820452771258
2024-01-12,-0.9136807817589592
2024-01-15,-0.6251980982567338
2024-01-16,-0.4160839160839202
2024-01-17,-0.4591747146619846
2024-01-18,0.384972170686456
2024-01-19,0.5700293829578825
2024-01-22,0.33468559837727835
2024-01-23,0.5424769703172995
2024-01-24,0.8772635814889336
2024-01-25,0.48331539289558556
2024-01-26,-0.6623246492985896
2024-01-29,-0.608121827411168
2024-01-30,-1.0949494949494871
2024-01-31,-1.896064581231076
2024-02-01,-1.33121693121693
2024-02-02,-1.4182939362795426
2024-02-05,-1.2658092175777111
2024-02-06,-0.8364008179959124
2024-02-07,-0.8373305526590195
2024-02-08,0.29411764705881754
2024-02-19,-1.3889427740058193
2024-02-20,-1.1856710393541856
2024-02-21,0.7249999999999996
2024-02-22,1.3137902559867853
2024-02-23,0.7942148760330549
2024-02-26,-0.22114668652271294
2024-02-27,0.6501049685094503
2024-02-28,0.6127659574468122
2024-02-29,0.7607449856733497
2024-03-01,0.538675958188154
2024-03-04,0.49925261584453967
2024-03-05,-0.3617626154939568
2024-03-06,-0.7159663865546242
2024-03-07,-0.48010610079575333
2024-03-08,-0.39757994814174735
2024-03-11,-1.4798122065727652
2024-03-12,-0.76007677543186
2024-03-13,-1.584775086505188
2024-03-14,-1.8383084577114406
2024-03-15,-2.1428571428571375
2024-03-18,-1.3310404127257127
2024-03-19,-0.4540859309182784
2024-03-20,-0.18166526492851245
2024-03-21,0.23175621491579954
2024-03-22,0.47874899759422695
2024-03-25,0.23583333333333412
2024-03-26,-0.220268006700165
2024-03-27,-0.8473684210526358
2024-03-28,-0.7883408071748893
2024-03-29,-1.9501226492232209
2024-04-01,-1.9571428571428553
2024-04-02,-2.1973575557390577
2024-04-03,-1.4089815557337637
2024-04-08,-0.7524677296886862
2024-04-09,-0.28571428571428614
2024-04-10,-0.2648616257234636
2024-04-11,0.5435254507597571
2024-04-12,1.2646873271441619
2024-04-15,1.6324740465654675
2024-04-16,1.635649659485663
2024-04-17,1.9957257490020006
2024-04-18,1.7313106586908946
2024-04-19,1.5844342099235669
2024-04-22,1.1421591952192687
2024-04-23,-0.02434782608696263
2024-04-24,0.5787269681742047
2024-04-25,0.594915254237282
2024-04-26,0.660460992907801
2024-04-29,0.3563696919233998
2024-04-30,0.210612244897963
2024-05-06,1.129952456418384
2024-05-07,0.7087912087912129
2024-05-08,-0.4191121143717089
2024-05-09,-0.5204003079291764
2024-05-10,-0.8245614035087686
2024-05-13,-1.0112359550561867
2024-05-14,-1.8995327102803714
2024-05-15,-1.6961018297533748
2024-05-16,-0.6423017107309478
2024-05-17,-0.47016129032258774
2024-05-20,0.039396479463536915
2024-05-21,0.11999999999999889
2024-05-22,1.115102040816328
2024-05-23,0.8317683881064195
2024-05-24,1.1643410852713187
2024-05-27,0.16236722306524876
2024-05-28,-0.6362934362934354
2024-05-29,-0.37654320987654527
2024-05-30,-1.038880248833594
2024-05-31,-1.0965732087227422
2024-06-03,-0.624509033778481
2024-06-04,-0.94179466451091
2024-06-05,-1.0890233362143498
2024-06-06,-1.1177520071364875
2024-06-07,-0.8324175824175802
2024-06-11,-1.2459330143540683
2024-06-12,-0.6598150051387507
2024-06-13,-0.5840537944284385
2024-06-14,0.2191641182466847
2024-06-17,-0.2452642073778638
2024-06-18,-0.39980158730158344
2024-06-19,-0.28274428274428764
2024-06-20,-0.723123732251518
2024-06-21,-1.1737288135593222
2024-06-24,-1.3490364025695927
2024-06-25,-1.2153325817361909
2024-06-26,-0.32594235033259134
2024-06-27,-0.7958937198067604
2024-06-28,-0.19305019305019594
2024-07-01,0.6466753585397684
2024-07-02,0.9511854951185444
2024-07-03,1.4201909959072307
2024-07-04,0.9614835948644807
2024-07-05,-0.6468305304010338
2024-07-08,-0.7072538860103658
2024-07-09,-0.5708712613784084
2024-07-10,-1.2131350681536581
2024-07-11,-0.4804733727810653
2024-07-12,-0.21624850657108977
2024-07-15,0.06040268456375792
2024-07-16,-0.060000000000003585
2024-07-17,-0.2240618101545235
2024-07-18,0.06524064171123325
2024-07-19,-0.3709677419354848
2024-07-22,-1.0791855203619898
2024-07-23,-1.4244762954796066
2024-07-24,-1.2836538461538562
2024-07-25,-1.4912718204488864
2024-07-26,-0.9405204460966585
2024-07-29,-1.0228187919463032
2024-07-30,-1.4108040201004968
2024-07-31,-0.8098236775818646
2024-08-01,-1.1958384332925347
2024-08-02,-1.0538172715894947
2024-08-05,-0.9152119700748084
2024-08-06,-1.239401496259349
2024-08-07,-0.7720144752714087
2024-08-08,-1.2847380410022793
2024-08-09,-0.7367256637168117
2024-08-12,-1.1334044823906138
2024-08-13,-1.4101731601731644
2024-08-14,-1.5260915867944647
2024-08-15,-0.2948717948717961
2024-08-16,-0.21519281243690594
2024-08-19,-0.023291266215126994
2024-08-20,-0.30541269269283927
2024-08-21,0.6168095062271912
2024-08-22,0.07896867216288037
2024-08-23,-0.4030449736707427
2024-08-26,0.47445879941566294
2024-08-27,0.782806580223923
2024-08-28,0.6026558680821552
2024-08-29,0.644190871369294
2024-08-30,0.254054054054051
2024-09-02,-0.6415300546448056
2024-09-03,-0.9238636363636281
2024-09-04,-1.9115720524017454
2024-09-05,-2.0806100217864922
2024-09-06,-1.9572025052192055
2024-09-09,-1.8338945005611718
2024-09-10,-1.6239717978848476
2024-09-11,-0.47932131495227814
2024-09-12,0.1780383795309168
2024-09-13,0.10810810810810599
2024-09-18,0.09568874868559385
2024-09-19,0.715422885572139
2024-09-20,0.36210526315789565
2024-09-23,-0.5224948875255633
2024-09-24,0.7758284600389819
2024-09-25,1.0107108081791625
2024-09-26,1.4183006535947733
2024-09-27,2.0009813542688892
2024-09-30,3.4884829229547303
2024-10-08,1.7473890339425577
2024-10-09,1.2795275590551178
2024-10-10,0.6970284237726093
2024-10-11,1.0145018915510733
2024-10-14,0.8561557788944733
2024-10-15,0.3131976362442513
2024-10-16,-0.33376288659793873
2024-10-17,-1.3692307692307675
2024-10-18,-1.1766095688127582
2024-10-21,-0.9278350515463916
2024-10-22,-1.2656376929325739
2024-10-23,-1.2731829573934832
2024-10-24,-1.012269938650306
2024-10-25,-0.49447513812154387
2024-10-28,0.6712580348943971
2024-10-29,0.06211723534558632
2024-10-30,0.374087591240876
2024-10-31,0.057971014492755706
2024-11-01,-0.4477933261571556
2024-11-04,0.16632443531827634
2024-11-05,-0.036026200873362065
2024-11-06,-0.834349593495934
2024-11-07,-0.38313008130080944
2024-11-08,-0.6547972304648843
2024-11-11,-0.8938321536905939
2024-11-12,-1.2289156626506006
2024-11-13,-0.902004454342987
2024-11-14,-1.1418522860492362
2024-11-15,-1.1774580335731384
2024-11-18,-0.6170212765957453
2024-11-19,-0.04124999999999957
2024-11-20,-0.24504249291784366
2024-11-21,0.7694444444444462
2024-11-22,-0.02606310013717305
2024-11-25,-0.26398852223816505
2024-11-26,-0.25796661608497806
2024-11-27,-0.6145833333333344
2024-11-28,-1.0256797583081567
2024-11-29,-0.8810975609756041
2024-12-02,-1.165605095541393
2024-12-03,-1.2066115702479345
2024-12-04,-1.7889221556886228
2024-12-05,-2.082212257100153
2024-12-06,-1.8541666666666705
2024-12-09,-2.1682847896440154
2024-12-10,-1.2538141470180366
2024-12-11,-0.45086705202312216
2024-12-12,0.059405940594056565
2024-12-13,-0.6815114709851547
2024-12-16,-0.9948320413436689
2024-12-17,-0.4993597951344411
2024-12-18,-1.1820932050715498
2024-12-19,-1.6610838120285163
2024-12-20,-1.1361863675582395
2024-12-23,-1.1871366411934658
2024-12-24,-1.2067124648237095
2024-12-25,-0.931413525035531
2024-12-26,-0.9633406479927699
2024-12-27,-0.8164269673658605
2024-12-30,-0.05602081854743472
2024-12-31,0.215517241379312
