date,FCT_Bias_1@40
2014-03-21,
2014-03-24,
2014-03-25,
2014-03-26,
2014-03-27,
2014-03-28,
2014-03-31,
2014-04-01,
2014-04-02,
2014-04-03,
2014-04-04,
2014-04-08,
2014-04-09,
2014-04-10,
2014-04-11,
2014-04-14,
2014-04-15,
2014-04-16,
2014-04-17,
2014-04-18,
2014-04-21,
2014-04-22,
2014-04-23,
2014-04-24,
2014-04-25,
2014-04-28,
2014-04-29,
2014-04-30,
2014-05-05,
2014-05-06,
2014-05-07,
2014-05-08,
2014-05-09,
2014-05-12,
2014-05-13,
2014-05-14,
2014-05-15,
2014-05-16,
2014-05-19,
2014-05-20,
2014-05-21,-2.4293193717277397
2014-05-22,-2.27224435590969
2014-05-23,-2.247922437673131
2014-05-26,-0.9808743169398982
2014-05-27,-0.5778078484438376
2014-05-28,-1.2744310575635829
2014-05-29,-1.3274695534506031
2014-05-30,-2.36243386243385
2014-06-03,-2.167325428194999
2014-06-04,-2.25166444740346
2014-06-05,-1.9331550802139175
2014-06-06,-1.5061224489795935
2014-06-09,-1.9422283356258752
2014-06-10,-1.6389645776566635
2014-06-11,-1.7360544217686917
2014-06-12,-1.9891008174386944
2014-06-13,-1.8008185538881238
2014-06-16,-2.2763337893296773
2014-06-17,-1.804318488529014
2014-06-18,-1.0575342465753337
2014-06-19,-1.0082417582417618
2014-06-20,-0.5753803596127232
2014-06-23,0.03521126760563076
2014-06-24,-0.34135977337111156
2014-06-25,-0.10826210826210932
2014-06-26,0.8218390804597593
2014-06-27,0.4063860667634165
2014-06-30,-0.07456140350877616
2014-07-01,0.2207999999999866
2014-07-02,0.6942675159235617
2014-07-03,0.7791999999999848
2014-07-04,0.6612903225806469
2014-07-07,0.29354838709675757
2014-07-08,0.9008130081300806
2014-07-09,0.46905537459284385
2014-07-10,1.410828025477713
2014-07-11,1.8319999999999876
2014-07-14,2.5354200988467968
2014-07-15,2.3283828382838356
2014-07-16,1.7384105960264915
2014-07-17,1.1449511400651433
2014-07-18,-0.5385852090032132
2014-07-21,-0.280701754385967
2014-07-22,-0.1873990306946793
2014-07-23,-0.40765391014976105
2014-07-24,-0.05612244897959322
2014-07-25,0.160136286201027
2014-07-28,0.34205933682374984
2014-07-29,1.008849557522118
2014-07-30,0.2635253054101282
2014-07-31,-0.10278745644598736
2014-08-01,-0.38020833333333565
2014-08-04,-0.1271777003484115
2014-08-05,0.505785123966926
2014-08-06,1.2258592471358452
2014-08-07,1.3564356435643545
2014-08-08,0.6338259441707595
2014-08-11,0.3681592039801074
2014-08-12,0.620294599018013
2014-08-13,0.12541254125411164
2014-08-14,-0.9284552845528673
2014-08-15,-0.2784615384615259
2014-08-18,-0.8704268292683132
2014-08-19,-0.509893455098933
2014-08-20,-1.1538461538461386
2014-08-21,-0.94242424242424
2014-08-22,-2.6129496402877823
2014-08-25,-3.0924369747899156
2014-08-26,-3.3319615912208613
2014-08-27,-3.3333333333333366
2014-08-28,-4.140604467805529
2014-08-29,-3.1524547803617637
2014-09-01,-3.8349317996726344
2014-09-02,-3.9894733191827094
2014-09-03,-4.4602878986200025
2014-09-04,-5.222223997954366
2014-09-05,-5.1415587756837136
2014-09-09,-6.585991512345703
2014-09-10,-5.642654915242211
2014-09-11,-6.1782416021599875
2014-09-12,-5.307520808345154
2014-09-15,-4.556480426725208
2014-09-16,-5.337618791090966
2014-09-17,-4.864915152308246
2014-09-18,-5.239393555024714
2014-09-19,-6.030232267354802
2014-09-22,-7.4424981221729345
2014-09-23,-6.734339816261133
2014-09-24,-5.9771383039477755
2014-09-25,-6.533213940483621
2014-09-26,-5.247154627155458
2014-09-29,-5.609805574276043
2014-09-30,-5.07127153127806
2014-10-08,-5.681868492590804
2014-10-09,-4.644836030066135
2014-10-10,-3.7535601314836846
2014-10-13,-2.019821178806336
2014-10-14,-2.2836641192038667
2014-10-15,-1.9832475242548258
2014-10-16,-2.3717100323027624
2014-10-17,-2.342142032957126
2014-10-20,-1.570153138587218
2014-10-21,-1.7978417291118327
2014-10-22,-1.7462858497980227
2014-10-23,-2.1377505416265623
2014-10-24,-1.5182217483012646
2014-10-27,-1.3391215568049697
2014-10-28,-1.548820573409607
2014-10-29,-1.123305422043655
2014-10-30,-1.1411444925150824
2014-10-31,-0.9542441128931649
2014-11-03,-1.3198818897637816
2014-11-04,-1.076464746772588
2014-11-05,-1.11457286432161
2014-11-06,-0.9266055045871583
2014-11-07,-0.7507723995880443
2014-11-10,0.11178861788617249
2014-11-11,0.03545359749739007
2014-11-12,0.5173160173160178
2014-11-13,0.16593886462882357
2014-11-14,0.34906695938528604
2014-11-17,0.33333333333333726
2014-11-18,0.16419612314709223
2014-11-19,0.17857142857142452
2014-11-20,0.766550522648082
2014-11-21,0.7752941176470594
2014-11-24,0.74123337363965
2014-11-25,0.8031980319803127
2014-11-26,0.7288557213930325
2014-11-27,2.853188929001208
2014-11-28,2.272619047619046
2014-12-01,2.7289719626168223
2014-12-02,2.5691056910569072
2014-12-03,2.7025089605734762
2014-12-04,2.231692677070814
2014-12-05,2.8940316686967154
2014-12-08,2.7767857142857046
2014-12-09,2.2890322580645153
2014-12-10,2.6515544041450902
2014-12-11,2.844414893617013
2014-12-12,2.770777479892747
2014-12-15,2.9178082191780854
2014-12-16,2.0232876712328878
2014-12-17,1.988795518207285
2014-12-18,2.0884450784593405
2014-12-19,2.068131839701956
2014-12-22,0.983218612389093
2014-12-23,-0.5186619565164806
2014-12-24,0.6767378724621199
2014-12-25,-0.05052945404725035
2014-12-26,-0.20769202706542358
2014-12-29,0.5576898693457906
2014-12-30,3.1940003479396997
2014-12-31,2.2650469664592143
2015-01-05,1.4633406175852928
2015-01-06,2.0792679790667536
2015-01-07,1.1933682581836054
2015-01-08,0.5484163179110603
2015-01-09,-0.5247302728333113
2015-01-12,-2.374323340318288
2015-01-13,-2.7078114971124534
2015-01-14,-3.9419247891981124
2015-01-15,-3.3836584909407823
2015-01-16,-3.488760683580184
2015-01-19,-3.743809116769195
2015-01-20,-4.1348182875713775
2015-01-21,-4.173012697245629
2015-01-22,-4.237246649668772
2015-01-23,-4.565421629772627
2015-01-26,-5.528061577061691
2015-01-27,-5.78514499708394
2015-01-28,-4.722310482232652
2015-01-29,-3.9459721924560593
2015-01-30,-4.326217306915654
2015-02-02,-4.14616588846848
2015-02-03,-4.158172425270705
2015-02-04,-4.227263294460471
2015-02-05,-3.9876967984756013
2015-02-06,-3.6944841052058583
2015-02-09,-3.7432071354129364
2015-02-10,-3.4030468833029723
2015-02-11,-2.775274770824332
2015-02-12,-2.7613646648040637
2015-02-13,-2.276374800958136
2015-02-16,-1.8054968287526483
2015-02-17,-1.913319238900643
2015-02-25,-2.1541710665258784
2015-02-26,-1.7358288770053452
2015-02-27,-2.1623655913978514
2015-03-02,-1.8119658119658164
2015-03-03,-1.9097744360902253
2015-03-04,-1.6791208791208831
2015-03-05,-2.1660939289805374
2015-03-06,-2.3034883720930246
2015-03-09,-2.590487238979114
2015-03-10,-3.1162227602905426
2015-03-11,-2.9951100244498763
2015-03-12,-2.3249701314217446
2015-03-13,-2.348668280871675
2015-03-16,-1.6411543287327366
2015-03-17,-1.381194409148666
2015-03-18,-2.1386666666666616
2015-03-19,-1.87231182795699
2015-03-20,-1.805248618784528
2015-03-23,-0.39594594594594934
2015-03-24,-0.44384303112313334
2015-03-25,-0.8582995951417041
2015-03-26,-1.2775510204081748
2015-03-27,-1.4526034712950684
2015-03-30,-1.9674796747967584
2015-03-31,-2.189701897018972
2015-04-01,-2.836538461538465
2015-04-02,-3.818553888130971
2015-04-03,-3.9810298102981214
2015-04-07,-5.594594594594607
2015-04-08,-4.881909639098289
2015-04-09,-5.536638623910285
2015-04-10,-5.8005770394702125
2015-04-13,-3.69806895880422
2015-04-14,-3.6924373730839055
2015-04-15,-4.11943536255697
2015-04-16,-3.5746823600023006
2015-04-17,-3.4354224000780067
2015-04-20,-4.042840983336962
2015-04-21,-3.7431463939695946
2015-04-22,-2.2266797244657544
2015-04-23,-1.8070939963964485
2015-04-24,-0.2419195664234355
2015-04-27,0.33718683936216853
2015-04-28,0.11697387460808543
2015-04-29,-0.721625487885214
2015-04-30,0.02833357939696508
2015-05-04,1.1453777656032
2015-05-05,1.8099689110795119
2015-05-06,1.225429392903918
2015-05-07,0.3061379113497532
2015-05-08,0.5272268921683135
2015-05-11,0.824928176367669
2015-05-12,0.16313588429761164
2015-05-13,0.234330516286392
2015-05-14,-0.08716424318406743
2015-05-15,-0.04689351659980763
2015-05-18,-0.30557783094301727
2015-05-19,-0.6010801741130567
2015-05-20,-1.2554580490017522
2015-05-21,-0.5053296281433834
2015-05-22,-0.06780518020743677
2015-05-25,0.01626543417119624
2015-05-26,0.28296970542779176
2015-05-27,0.46826678175566966
2015-05-28,0.2543393654777127
2015-05-29,0.2748927150016832
2015-06-01,0.8030944832094624
2015-06-02,0.6820244393918101
2015-06-03,0.1802212101496448
2015-06-04,0.11310711909514165
2015-06-05,-0.23685961410511513
2015-06-08,-0.5140186915887919
2015-06-09,-0.3091286307053955
2015-06-10,-0.04268719384183611
2015-06-11,-0.015602836879444044
2015-06-12,-1.7349480968858026
2015-06-15,-2.2059025394646556
2015-06-16,-3.128658951667803
2015-06-17,-3.835238735709473
2015-06-18,-3.397797660013759
2015-06-19,-3.164948453608243
2015-06-23,-3.464061409630161
2015-06-24,-3.2838892831795556
2015-06-25,-4.184975194897228
2015-06-26,-4.418248175182486
2015-06-29,-4.817384952520091
2015-06-30,-5.892065761258033
2015-07-01,-6.310880829015529
2015-07-02,-6.3005952380952355
2015-07-03,-5.823353293413182
2015-07-06,-8.080771979985709
2015-07-07,-9.364892881824476
2015-07-08,-10.326343381389249
2015-07-09,-6.592134831460678
2015-07-10,-6.259321090706745
2015-07-13,-6.584142394822007
2015-07-14,-6.257219251336891
2015-07-15,-6.357978723404248
2015-07-16,-5.919727177334732
2015-07-17,-5.587083112758073
2015-07-20,-3.81836945304437
2015-07-21,-4.323993886907791
2015-07-22,-4.7176648213387
2015-07-23,-4.354354354354353
2015-07-24,-4.324269889224572
2015-07-27,-3.7400903161063668
2015-07-28,-3.45344740815299
2015-07-29,-2.857607322813448
2015-07-30,-3.1609000553080837
2015-07-31,-3.061152011353133
2015-08-03,-2.598571826500488
2015-08-04,-1.932875959031092
2015-08-05,-1.603015965399109
2015-08-06,-1.5170253016526927
2015-08-07,-1.6840297041455878
2015-08-10,-1.6278992514348578
2015-08-11,-1.5522717074581114
2015-08-12,-1.1493962424289084
2015-08-13,-0.859206858992747
2015-08-14,-0.5816525288253312
2015-08-17,-0.9357144391108293
2015-08-18,-0.8295574377211378
2015-08-19,-1.1186671046649603
2015-08-20,-1.2927230959934346
2015-08-21,-1.183793406861289
2015-08-24,-2.703616719233255
2015-08-25,-2.5846996458952063
2015-08-26,-2.319883744324291
2015-08-27,-1.7776094264246158
2015-08-28,-1.5103803845304031
2015-08-31,-1.8420597102401501
2015-09-01,-1.7216319363350145
2015-09-02,-1.8578224746621927
2015-09-07,-2.5549162656944877
2015-09-08,-2.142304566174408
2015-09-09,-2.02673148785153
2015-09-10,-1.7977899005379052
2015-09-11,-1.8430077271067564
2015-09-14,-2.275474223158888
2015-09-15,-2.774985169018671
2015-09-16,-2.209189902917533
2015-09-17,-2.2234001175002005
2015-09-18,-2.2900361136256007
2015-09-21,-2.579457737409331
2015-09-22,-2.694128481620732
2015-09-23,-2.450912093563611
2015-09-24,-2.4982357092448835
2015-09-25,-2.3846699787083128
2015-09-28,-3.1618168914123492
2015-09-29,-3.548070175438593
2015-09-30,-3.799711815561953
2015-10-08,-3.617266187050356
2015-10-09,-2.554216867469875
2015-10-12,-2.503612716762998
2015-10-13,-2.494169096209909
2015-10-14,-2.373343151693669
2015-10-15,-2.183567727609176
2015-10-16,-2.3789392774788594
2015-10-19,-2.928461538461542
2015-10-20,-2.6256767208043197
2015-10-21,-2.289513677811539
2015-10-22,-2.3011406844106443
2015-10-23,-2.2594840667678273
2015-10-26,-2.366692131398012
2015-10-27,-2.395259938837918
2015-10-28,-2.9146959459459394
2015-10-29,-3.026933101650742
2015-10-30,-2.8399999999999963
2015-11-02,-2.8129562043795633
2015-11-03,-3.71926605504587
2015-11-04,-3.7757009345794303
2015-11-05,-4.134883720930236
2015-11-06,-3.9888475836431216
2015-11-09,-3.3126252505010063
2015-11-10,-3.3967446592065103
2015-11-11,-3.8808777429467094
2015-11-12,-3.5047418335089557
2015-11-13,-3.5266457680250856
2015-11-16,-3.138830897703556
2015-11-17,-2.838297872340409
2015-11-18,-3.4320855614973462
2015-11-19,-4.450157397691514
2015-11-20,-4.306806282722509
2015-11-23,-5.041536863966772
2015-11-24,-3.8355739400206916
2015-11-25,-2.970618034447827
2015-11-26,-2.7047713717693824
2015-11-27,-3.4390243902439153
2015-11-30,-4.40824337585869
2015-12-01,-3.792609639497498
2015-12-02,-2.100719046444988
2015-12-03,-2.8060522001830734
2015-12-04,-1.6982679622503043
2015-12-07,-1.2679625671301278
2015-12-08,-1.7303289175847576
2015-12-09,-1.4324804490553653
2015-12-10,-1.1474812522095719
2015-12-11,-0.13685028447761582
2015-12-14,1.2122309585580118
2015-12-15,0.8734720347865582
2015-12-16,2.0533482323637138
2015-12-17,2.6656697358508863
2015-12-18,3.9446263227874354
2015-12-21,4.980852126234014
2015-12-22,3.7317499776410132
2015-12-23,2.8960390610328695
2015-12-24,3.3418663201655057
2015-12-25,3.5237822535015173
2015-12-28,3.270291415275868
2015-12-29,4.514098804205256
2015-12-30,4.968223888914465
2015-12-31,5.304987002204922
2016-01-04,4.331361445938276
2016-01-05,4.998354308562117
2016-01-06,4.146954641571683
2016-01-07,3.6367957610282207
2016-01-08,2.263738756517587
2016-01-11,2.065645682271327
2016-01-12,1.4314824650779292
2016-01-13,1.354571439323159
2016-01-14,1.9115401589060637
2016-01-15,2.263837727031736
2016-01-18,3.0924507706206974
2016-01-19,3.2853412639738715
2016-01-20,2.6081948316545187
2016-01-21,2.352985397951657
2016-01-22,2.5242059523229696
2016-01-25,2.5010592352826024
2016-01-26,2.5335215243472096
2016-01-27,2.3401122019635343
2016-01-28,0.9013986013985961
2016-01-29,1.0737359550561862
2016-02-01,1.362614195361908
2016-02-02,1.074047954866016
2016-02-03,1.0730850316233227
2016-02-04,2.026243093922661
2016-02-05,1.299797434166107
2016-02-15,1.4831989247311879
2016-02-16,1.7264725795531446
2016-02-17,1.3886255924170692
2016-02-18,1.6964656964656901
2016-02-19,2.0770308123249293
2016-02-22,4.305256064690029
2016-02-23,3.534459459459457
2016-02-24,3.635669673837616
2016-02-25,3.2165163081193633
2016-02-26,3.2416897506925295
2016-02-29,3.8589918256130744
2016-03-01,4.1771812080537005
2016-03-02,4.1090785907859235
2016-03-03,4.461852861035431
2016-03-04,5.517821116341647
2016-03-07,7.463545150501695
2016-03-08,10.116981132075505
2016-03-09,5.015739179314244
2016-03-10,5.678074866310168
2016-03-11,4.731137088204046
2016-03-14,3.623107971745715
2016-03-15,2.6025641025641155
2016-03-16,2.8415890142226634
2016-03-17,4.1568627450980475
2016-03-18,4.977985948477755
2016-03-21,5.355637030247484
2016-03-22,5.096950386891217
2016-03-23,5.539485359361141
2016-03-24,3.903294822421911
2016-03-25,5.010887772194312
2016-03-28,3.6592110614070688
2016-03-29,3.924065889915633
2016-03-30,3.20294468762435
2016-03-31,3.7397532829287665
2016-04-01,4.854938271604937
2016-04-05,5.2413010590015086
2016-04-06,4.571907600596129
2016-04-07,4.881704628949307
2016-04-08,5.043128654970763
2016-04-11,6.125397386082662
2016-04-12,6.345722300140252
2016-04-13,5.195809000343525
2016-04-14,4.173179826495332
2016-04-15,3.5164045990512895
2016-04-18,4.5202872041251485
2016-04-19,5.803626502219663
2016-04-20,7.037793513848833
2016-04-21,7.93573419001496
2016-04-22,5.787437119117011
2016-04-25,5.459296724266059
2016-04-26,3.5196638217425242
2016-04-27,2.7222096128454236
2016-04-28,3.1347772602274944
2016-04-29,3.325868833959667
2016-05-03,1.5164761025291804
2016-05-04,0.9181434775075029
2016-05-05,0.2063776169714577
2016-05-06,0.4882383274551506
2016-05-09,-1.473746948593772
2016-05-10,-1.552853667427883
2016-05-11,-1.6117826697500037
2016-05-12,-2.355246083345996
2016-05-13,-2.7706598264076927
2016-05-16,-2.261313473914707
2016-05-17,-1.5935996604768379
2016-05-18,-2.269326492890239
2016-05-19,-2.381702057493641
2016-05-20,-2.1396366569241287
2016-05-23,-3.392826330422628
2016-05-24,-3.06743372028275
2016-05-25,-3.5275594003091437
2016-05-26,-2.997750268521492
2016-05-27,-1.9071546425176935
2016-05-30,-2.1106779172264503
2016-05-31,-2.3688823365527463
2016-06-01,-2.6523701973868903
2016-06-02,-2.7364429441855513
2016-06-03,-2.449861367964619
2016-06-06,-1.595016147661262
2016-06-07,-1.2757540710507864
2016-06-08,-1.0342681884676164
2016-06-13,-0.6277994157741014
2016-06-14,-1.336638452236999
2016-06-15,-1.3265798359864913
2016-06-16,-1.2637931034482763
2016-06-17,-1.0805486284289296
2016-06-20,-1.202201177373944
2016-06-21,-0.8053814002089873
2016-06-22,-0.1122394441475137
2016-06-23,-0.04903872945110244
2016-06-24,-0.053287981859410895
2016-06-27,1.6907563025210048
2016-06-28,1.721357850070721
2016-06-29,1.4313669880884816
2016-06-30,2.5421340235835497
2016-07-01,2.625467088243747
2016-07-04,3.250718803910293
2016-07-05,2.7648382559774967
2016-07-06,2.6489855072463757
2016-07-07,2.982581382067387
2016-07-08,3.306337027564645
2016-07-11,3.102463605823067
2016-07-12,4.130722559293987
2016-07-13,3.6491957848031067
2016-07-14,3.5111358574610225
2016-07-15,3.454826906839286
2016-07-18,1.4607016589611115
2016-07-19,0.6987886944818317
2016-07-20,0.9903073940736644
2016-07-21,2.026691830682122
2016-07-22,1.0852775543040991
2016-07-25,1.6185567010309265
2016-07-26,2.044859813084115
2016-07-27,2.1908271908271884
2016-07-28,2.611489245848082
2016-07-29,1.6541353383458677
2016-08-01,2.5230005227391517
2016-08-02,2.2798742138364765
2016-08-03,2.0289354924342957
2016-08-04,1.4269544617004513
2016-08-05,2.1982668067226867
2016-08-08,2.8765690376569104
2016-08-09,2.3857442348008364
2016-08-10,2.2665796344647533
2016-08-11,2.193741851368968
2016-08-12,1.9446048831714384
2016-08-15,1.657791699295224
2016-08-16,2.3538184623296474
2016-08-17,1.956230690010299
2016-08-18,1.8472541507024223
2016-08-19,1.6597329224447857
2016-08-22,1.5167944988098423
2016-08-23,2.0584075432163447
2016-08-24,1.8189746300211442
2016-08-25,1.700865914458148
2016-08-26,1.225151595043499
2016-08-29,1.643687268885365
2016-08-30,1.0752368064952602
2016-08-31,0.5193714440531015
2016-09-01,0.5587010824313099
2016-09-02,0.7333921236158998
2016-09-05,0.8846267835765357
2016-09-06,0.5858263605751203
2016-09-07,-0.4141066066345713
2016-09-08,-0.10019414795963794
2016-09-09,-0.015367160684916071
2016-09-12,-0.7246361507479309
2016-09-13,-0.8968412338738702
2016-09-14,-0.7294980018131687
2016-09-19,-0.9321259541397376
2016-09-20,-0.8892566335865745
2016-09-21,-1.1795516652629365
2016-09-22,-0.699783368125951
2016-09-23,-0.22988644143705753
2016-09-26,-0.04043691483487686
2016-09-27,-0.7538498069915011
2016-09-28,-0.5611226084009769
2016-09-29,-0.8355905087742248
2016-09-30,-1.1733300223817835
2016-10-10,-0.8073191816093437
2016-10-11,0.7179327733618803
2016-10-12,1.243992094428078
2016-10-13,1.017540997998189
2016-10-14,1.3228788728424274
2016-10-17,1.5990991274697104
2016-10-18,1.4254974097584814
2016-10-19,1.764725303768522
2016-10-20,2.519273738969152
2016-10-21,2.2204157659122408
2016-10-24,2.4032398291098316
2016-10-25,3.4453136504345365
2016-10-26,2.885816273658204
2016-10-27,2.7933480923741603
2016-10-28,3.5381223510830835
2016-10-31,4.342835696323202
2016-11-01,5.0105415480017506
2016-11-02,5.309843838273605
2016-11-03,5.921198870681182
2016-11-04,5.911404293683851
2016-11-07,7.486386554621843
2016-11-08,6.282901214309155
2016-11-09,7.857589984350549
2016-11-10,6.806818181818179
2016-11-11,7.958455236980684
2016-11-14,5.78719346049046
2016-11-15,4.016014702021527
2016-11-16,3.6706431535269712
2016-11-17,3.5917843388960193
2016-11-18,2.9896149949341426
2016-11-21,2.5092177379172913
2016-11-22,4.070741097208856
2016-11-23,4.570075757575757
2016-11-24,4.062311090444079
2016-11-25,5.02892102335928
2016-11-28,5.241824440619619
2016-11-29,3.1699251247920093
2016-11-30,2.043038670901083
2016-12-01,3.8608613770348166
2016-12-02,3.428925344430939
2016-12-05,3.8231580201486954
2016-12-06,4.078971236774009
2016-12-07,4.569014868774257
2016-12-08,4.360533983309484
2016-12-09,3.9193124671039796
2016-12-12,3.8385330764242545
2016-12-13,3.9697284815685903
2016-12-14,3.0849199099852185
2016-12-15,3.308008765344066
2016-12-16,2.4100843518577424
2016-12-19,1.4608754482786357
2016-12-20,1.4599525871548964
2016-12-21,1.4180206370423956
2016-12-22,0.18605484238235945
2016-12-23,-0.0893800547888939
2016-12-26,-0.6879770648441564
2016-12-27,-0.1735594270018674
2016-12-28,-0.14623609560127215
2016-12-29,-0.5195444551485939
2016-12-30,-0.8411282399122043
2017-01-03,-0.9094877676646052
2017-01-04,-0.4908267209737961
2017-01-05,-0.5810332191559688
2017-01-06,-1.1395350012462337
2017-01-09,0.001891293220313945
2017-01-10,0.7067821028171338
2017-01-11,0.6967651433973496
2017-01-12,0.7791717647421326
2017-01-13,0.5367228518130266
2017-01-16,1.4510476877564318
2017-01-17,0.7492192979980496
2017-01-18,0.6569888316736838
2017-01-19,0.15595141395127282
2017-01-20,-0.5162605603924629
2017-01-23,-0.45589225910157
2017-01-24,0.37439551092050766
2017-01-25,0.44645655580706634
2017-01-26,0.7984210526315825
2017-02-03,-1.1286816269284685
2017-02-06,-1.1085520442778043
2017-02-07,-0.49556078999818454
2017-02-08,-0.01193705914269972
2017-02-09,-0.2893617021276584
2017-02-10,0.6963503649635066
2017-02-13,1.5261595547309796
2017-02-14,1.5542900531510992
2017-02-15,1.195024686669194
2017-02-16,1.0256312891589139
2017-02-17,1.7183368461391
2017-02-20,1.8714148219441724
2017-02-21,1.9894859813084116
2017-02-22,1.169684129429894
2017-02-23,0.6169354838709711
2017-02-24,0.45379283788987335
2017-02-27,1.424173318129983
2017-02-28,0.01598781880472209
2017-03-01,0.32283464566929243
2017-03-02,0.17570709027508558
2017-03-03,0.08586830958798114
2017-03-06,-0.7551059362473768
2017-03-07,-0.7135135135135154
2017-03-08,-1.1573929961089442
2017-03-09,-1.5536788973014948
2017-03-10,-1.1902258566978143
2017-03-13,-0.0691946833463638
2017-03-14,-0.31893819334389506
2017-03-15,0.1342110434269979
2017-03-16,-0.004523996852867399
2017-03-17,-0.2832119661483926
2017-03-20,-0.3257177517185609
2017-03-21,-0.9540963359407224
2017-03-22,-1.6816217328668424
2017-03-23,-1.7636249738985195
2017-03-24,-1.6965299684542507
2017-03-27,-2.628724059995891
2017-03-28,-2.710775047258977
2017-03-29,-1.5223536642911872
2017-03-30,-1.6461599621798197
2017-03-31,-1.9241593077713812
2017-04-05,-1.8483932553474023
2017-04-06,-1.8975985602593832
2017-04-07,-2.555499547745176
2017-04-10,-2.5946865641988683
2017-04-11,-2.9292861456091654
2017-04-12,-3.8385198822127804
2017-04-13,-3.3015184284766836
2017-04-14,-2.90161760740306
2017-04-17,-2.910340424458358
2017-04-18,-3.583972377188846
2017-04-19,-3.330167669015203
2017-04-20,-2.783461149318149
2017-04-21,-2.3951980872817815
2017-04-24,-2.3443528414722037
2017-04-25,-1.9433032076218675
2017-04-26,-1.5690387763784037
2017-04-27,-1.1056461168871248
2017-04-28,-0.1826739005649762
2017-05-02,-0.17954352918488278
2017-05-03,-0.4034006172895613
2017-05-04,-2.4594072581875883
2017-05-05,-2.379424801634242
2017-05-08,-1.8534996753480604
2017-05-09,-2.131126022377947
2017-05-10,-1.7173836365357722
2017-05-11,-1.409189924252885
2017-05-12,-2.37066339729289
2017-05-15,-1.487367203447844
2017-05-16,-1.3762680851675417
2017-05-17,-0.06156686057706105
2017-05-18,0.13427652433885437
2017-05-19,0.866345542993083
2017-05-22,1.4016392534231044
2017-05-23,1.24933501079608
2017-05-24,1.0166867911962187
2017-05-25,1.0828248657680952
2017-05-26,0.8981690494105833
2017-05-31,0.14973664409330284
2017-06-01,0.03181362725450471
2017-06-02,-0.020330368487924865
2017-06-05,-0.7334180432020336
2017-06-06,-0.6619682214249105
2017-06-07,-0.4469537815126025
2017-06-08,-0.24179260031266525
2017-06-09,0.7800103039670255
2017-06-12,1.0513020833333244
2017-06-13,0.016869971450819567
2017-06-14,1.146908533469597
2017-06-15,1.746761493522982
2017-06-16,1.4693564862104214
2017-06-19,2.0857861635220107
2017-06-20,1.9791075573897343
2017-06-21,1.611703511053315
2017-06-22,1.5193858964350777
2017-06-23,1.9228556485355648
2017-06-26,2.3907894736842077
2017-06-27,2.949267782426776
2017-06-28,3.320506062203477
2017-06-29,3.1345291479820667
2017-06-30,3.1346204707749323
2017-07-03,3.9178941625750183
2017-07-04,3.0029761904761916
2017-07-05,3.2989690721649527
2017-07-06,2.963631465517244
2017-07-07,3.1298875200856986
2017-07-10,3.121812262615305
2017-07-11,4.137580299785864
2017-07-12,4.235294117647069
2017-07-13,4.934509489441331
2017-07-14,3.9256176154672415
2017-07-17,4.737411020300555
2017-07-18,4.243214189733941
2017-07-19,4.928997289972902
2017-07-20,3.497343251859724
2017-07-21,3.5273752012882498
2017-07-24,2.929238985313752
2017-07-25,3.296126949973105
2017-07-26,3.3200545702592064
2017-07-27,3.368549701249324
2017-07-28,3.118061196858919
2017-07-31,4.354399999999994
2017-08-01,3.734661354581666
2017-08-02,3.8075302790942565
2017-08-03,3.734710087370924
2017-08-04,4.445238095238092
2017-08-07,5.435128205128205
2017-08-08,4.9547777210015305
2017-08-09,5.625801487560907
2017-08-10,5.185463010863939
2017-08-11,3.942667553239531
2017-08-14,3.141987434019915
2017-08-15,2.569145164525205
2017-08-16,2.2891186876161305
2017-08-17,3.1678092004693132
2017-08-18,3.691649699985988
2017-08-21,3.876308814215878
2017-08-22,3.492402325659876
2017-08-23,1.562211265355851
2017-08-24,2.2724976524659515
2017-08-25,2.8150956133758602
2017-08-28,2.8986202787919506
2017-08-29,2.508591986728946
2017-08-30,2.4747558796640408
2017-08-31,2.3429034993041395
2017-09-01,3.5913024382850924
2017-09-04,3.617195348196327
2017-09-05,3.952496038397695
2017-09-06,2.798597656898371
2017-09-07,2.657653115700641
2017-09-08,1.9806806181420695
2017-09-11,1.9710988716336104
2017-09-12,1.968988188844564
2017-09-13,1.4086130555755847
2017-09-14,0.9833908519509297
2017-09-15,0.7867866517118446
2017-09-18,0.5361896275735987
2017-09-19,-0.052396534709697344
2017-09-20,-0.04230820057850914
2017-09-21,-0.8994992405246499
2017-09-22,-1.8764573935052835
2017-09-25,-1.4855601984640698
2017-09-26,-1.3079658856419083
2017-09-27,-0.7664897458715133
2017-09-28,-1.0767663820621785
2017-09-29,-0.3420433979817408
2017-10-09,-0.12820203131101196
2017-10-10,-1.3021727392367595
2017-10-11,-1.5439448018555835
2017-10-12,-0.0913182073879596
2017-10-13,0.8197707197895121
2017-10-16,1.0808574652124838
2017-10-17,0.13021609538002785
2017-10-18,-0.012430426716137637
2017-10-19,-0.8937081161578584
2017-10-20,0.5453715537703168
2017-10-23,0.017357938973142164
2017-10-24,0.28847204516482045
2017-10-25,0.07364701506416352
2017-10-26,-0.7217764508303802
2017-10-27,-1.5360785795239877
2017-10-30,-1.503080477474007
2017-10-31,-1.0852578906851458
2017-11-01,-1.8069230769230784
2017-11-02,-1.4097128541144763
2017-11-03,-1.4200985221674889
2017-11-06,-0.19952727988969785
2017-11-07,-0.4805911330049261
2017-11-08,-0.3824709185719986
2017-11-09,-0.22975668129238272
2017-11-10,0.3529174237835655
2017-11-13,0.763312411419315
2017-11-14,0.9524586819016487
2017-11-15,0.6180668841761823
2017-11-16,0.49844881075491504
2017-11-17,-0.17660361842105188
2017-11-20,0.29776212184003253
2017-11-21,0.5176225234619356
2017-11-22,0.7462686567164191
2017-11-23,0.2829746430854514
2017-11-24,0.18043146655044623
2017-11-27,-0.04816067648770231
2017-11-28,0.5929865234874624
2017-11-29,1.0432286057524678
2017-11-30,0.9654605062636724
2017-12-01,1.1511028916851311
2017-12-04,1.8753321016692843
2017-12-05,1.61573568139125
2017-12-06,0.46109355427094784
2017-12-07,-0.4475249950907686
2017-12-08,0.41341351988057634
2017-12-11,0.4241191805694656
2017-12-12,0.3657367793969713
2017-12-13,-0.09611985905558504
2017-12-14,-0.12359820228564766
2017-12-15,0.5131609126628006
2017-12-18,0.6698134625140613
2017-12-19,-0.43762138940661116
2017-12-20,-0.30068720461435844
2017-12-21,0.1006829597461894
2017-12-22,0.9495714116719227
2017-12-25,-0.5154750560493963
2017-12-26,-0.1310690194891369
2017-12-27,-0.3157523497323399
2017-12-28,-0.4511114469404451
2017-12-29,-0.511141068858214
2018-01-02,0.32616178840108334
2018-01-03,-0.3647999257308623
2018-01-04,-0.24551589314034544
2018-01-05,-0.631821242333052
2018-01-08,-0.38789668111049463
2018-01-09,-0.3952120636738318
2018-01-10,-0.17665770338316256
2018-01-11,-0.23690248665472943
2018-01-12,-0.6971737145917009
2018-01-15,-0.6451376278562766
2018-01-16,-0.8033882897606217
2018-01-17,-0.5537225935604736
2018-01-18,-0.3341065972250733
2018-01-19,0.35621939914052747
2018-01-22,0.061773873618593204
2018-01-23,0.1022171033688501
2018-01-24,0.516006984866128
2018-01-25,0.9193075117370865
2018-01-26,0.8008902077151325
2018-01-29,0.8412841284128428
2018-01-30,0.5979031760715289
2018-01-31,0.5702428527513074
2018-02-01,1.0494021397105124
2018-02-02,1.8144531249999938
2018-02-05,1.7493359893758265
2018-02-06,1.500672947510094
2018-02-07,1.522275531185742
2018-02-08,1.6935091981950607
2018-02-09,0.6981717833735862
2018-02-12,0.9035764375876637
2018-02-13,1.0876939732948472
2018-02-14,1.0503168095415443
2018-02-22,0.16660509789435662
2018-02-23,0.7947019867549756
2018-02-26,2.340191036002945
2018-02-27,2.606382978723403
2018-02-28,2.3667434715821853
2018-03-01,2.3906009244992217
2018-03-02,2.681276432141486
2018-03-05,1.4756798161623772
2018-03-06,1.3831118060985148
2018-03-07,-0.148319814600231
2018-03-08,-1.107727445755621
2018-03-09,-2.268684603886392
2018-03-12,-2.0052890064223674
2018-03-13,-2.1242959068719496
2018-03-14,-1.4264979531075503
2018-03-15,-1.3351976137210935
2018-03-16,-1.131165919282514
2018-03-19,-2.01136780344701
2018-03-20,-1.993037742762911
2018-03-21,-3.0610714285714176
2018-03-22,-2.8307310149041918
2018-03-23,-5.448674371176059
2018-03-26,-5.560590802282649
2018-03-27,-4.358478189570342
2018-03-28,-4.304418453541264
2018-03-29,-3.531311154598815
2018-03-30,-2.1675710181934216
2018-04-02,-2.212215643502637
2018-04-03,-2.292336217552535
2018-04-04,-2.058346333853354
2018-04-09,-0.7219648352253405
2018-04-10,-0.4645647316403172
2018-04-11,-1.0680689379424422
2018-04-12,-0.5940927959764576
2018-04-13,-0.032888472881412875
2018-04-16,-1.0854364548061286
2018-04-17,-0.508935534731455
2018-04-18,0.45972994369321196
2018-04-19,0.9965164521722877
2018-04-20,0.616937289321997
2018-04-23,1.7153364046497956
2018-04-24,1.6707235579327138
2018-04-25,1.7492606659962011
2018-04-26,1.6975057876722688
2018-04-27,2.038765345357538
2018-05-02,3.227002134702072
2018-05-03,2.4558418948011007
2018-05-04,2.4798926953985267
2018-05-07,2.5498190835467596
2018-05-08,2.431521160787065
2018-05-09,1.7055575505466076
2018-05-10,2.1797866299610207
2018-05-11,2.7347123502739863
2018-05-14,2.6909447858468063
2018-05-15,2.970884221009725
2018-05-16,3.0380253273868782
2018-05-17,3.4126919757384373
2018-05-18,2.756130392914493
2018-05-21,2.0929401157111838
2018-05-22,2.1215861480458345
2018-05-23,1.3587100702776154
2018-05-24,2.089876185659342
2018-05-25,1.802743271793104
2018-05-28,1.9522688823826821
2018-05-29,2.6198629133106652
2018-05-30,2.6680211284632795
2018-05-31,3.0030165913880933
2018-06-01,2.8681962930500706
2018-06-04,2.25302864103696
2018-06-05,2.635997313633303
2018-06-06,2.6803982148987244
2018-06-07,2.8528712198436956
2018-06-08,2.6428571428571455
2018-06-11,2.5001728309713185
2018-06-12,2.92179353493222
2018-06-13,2.6233120113717123
2018-06-14,2.7412790697674416
2018-06-15,2.496467088136843
2018-06-19,0.5942238267148036
2018-06-20,1.359056806002137
2018-06-21,0.7724637681159452
2018-06-22,0.6760101929377496
2018-06-25,0.30704941860465074
2018-06-26,-0.3828467153284644
2018-06-27,-0.05161759360232794
2018-06-28,0.5714285714285691
2018-06-29,1.266791044776127
2018-07-02,0.24714548802946587
2018-07-03,0.32170686456400566
2018-07-04,0.5710603829160504
2018-07-05,-0.05321100917430318
2018-07-06,-0.11569052783803421
2018-07-09,0.5147694524495726
2018-07-10,1.025824964131994
2018-07-11,1.1719928186714603
2018-07-12,2.106185198426886
2018-07-13,2.086064097947431
2018-07-16,2.4395248380129564
2018-07-17,2.221167883211677
2018-07-18,1.9782768777614141
2018-07-19,1.63029856247697
2018-07-20,2.153703703703698
2018-07-23,2.347711927981994
2018-07-24,1.8366261398176325
2018-07-25,2.535232961108971
2018-07-26,2.3590838509316874
2018-07-27,3.789973414356256
2018-07-30,3.3235747303543888
2018-07-31,3.818463925523667
2018-08-01,3.1961464354528015
2018-08-02,2.9452793834296784
2018-08-03,3.669386169386168
2018-08-06,3.7492366412213802
2018-08-07,3.806426931905135
2018-08-08,3.114735226400622
2018-08-09,3.1534954407294897
2018-08-10,2.307807807807812
2018-08-13,3.6361304507145467
2018-08-14,2.906792452830179
2018-08-15,2.9858616736721486
2018-08-16,2.0748764728240263
2018-08-17,2.970033296337405
2018-08-20,4.641153435386275
2018-08-21,3.7715535929319755
2018-08-22,3.2916879532519445
2018-08-23,2.601029049951629
2018-08-24,3.4927431741163937
2018-08-27,1.8431341962726209
2018-08-28,2.580416460407192
2018-08-29,1.3507341819996248
2018-08-30,0.7271890788486444
2018-08-31,-0.4457931954628463
2018-09-03,0.04046045337702469
2018-09-04,0.3185700032782663
2018-09-05,-0.29743384601536
2018-09-06,0.24386743832401464
2018-09-07,-0.14651078831371045
2018-09-10,0.434609621441964
2018-09-11,-1.9536798154850328
2018-09-12,-1.7803553631607132
2018-09-13,-1.4113264139842023
2018-09-14,-1.6667823542458455
2018-09-17,-1.9086555305825585
2018-09-18,-1.2907227231471403
2018-09-19,-1.7149176775429005
2018-09-20,-1.7307035032754154
2018-09-21,-1.3218023525053264
2018-09-25,-1.9589443067468366
2018-09-26,-2.1491376490463487
2018-09-27,-2.5765550449923076
2018-09-28,-2.683211453806746
2018-10-08,-2.3617937954704242
2018-10-09,-1.6745750562940633
2018-10-10,-1.6958362416335682
2018-10-11,-1.9466358701611342
2018-10-12,-1.6392297725657357
2018-10-15,-1.1819363211370155
2018-10-16,-1.3678776524620104
2018-10-17,-0.9979362589153953
2018-10-18,-2.2192753445223508
2018-10-19,-2.0916191261074752
2018-10-22,-1.5743676140520428
2018-10-23,-1.8172661870503657
2018-10-24,-1.1520093185789213
2018-10-25,-0.772448084235154
2018-10-26,-0.9367088607594981
2018-10-29,-1.86493582263711
2018-10-30,-1.6899732222552752
2018-10-31,-2.038120567375888
2018-11-01,-3.4184561810795224
2018-11-02,-2.3989592367736394
2018-11-05,-2.0114571092831905
2018-11-06,-2.5213575190169673
2018-11-07,-2.4728818528290866
2018-11-08,-2.2691746864975237
2018-11-09,-3.072230215827335
2018-11-12,-3.312062937062936
2018-11-13,-3.121015348288077
2018-11-14,-3.0723299476762085
2018-11-15,-2.9212647241165532
2018-11-16,-2.7845149253731325
2018-11-19,-2.7671826625386977
2018-11-20,-3.2127261384903254
2018-11-21,-2.4938385705483603
2018-11-22,-2.7140629872154687
2018-11-23,-3.9282856263465717
2018-11-26,-4.651900628554327
2018-11-27,-4.48307600950119
2018-11-28,-3.565573770491808
2018-11-29,-3.362389397520865
2018-11-30,-3.6584033975024037
2018-12-03,-2.5975643305263807
2018-12-04,-1.98143055406843
2018-12-05,-0.7467980255651455
2018-12-06,-1.4022217847842202
2018-12-07,-0.8882470098434329
2018-12-10,-1.5145330053550599
2018-12-11,-1.0836278977222151
2018-12-12,-0.9026813649581178
2018-12-13,0.9102555419742567
2018-12-14,0.6535808225084218
2018-12-17,0.6497905045508154
2018-12-18,0.6261446092111859
2018-12-19,0.8582972053481992
2018-12-20,1.0509275329663288
2018-12-21,1.1908750946646927
2018-12-24,0.7525015837678548
2018-12-25,0.21723288842392488
2018-12-26,0.18568649470931903
2018-12-27,-0.1915144981245597
2018-12-28,-0.031319504578479596
2019-01-02,-0.5928106236451915
2019-01-03,0.12441940508049981
2019-01-04,0.30994651239473053
2019-01-07,0.9189569059298116
2019-01-08,0.82689478239112
2019-01-09,1.0382796733484088
2019-01-10,1.0196145656445335
2019-01-11,1.2196633478022791
2019-01-14,1.4753665958195148
2019-01-15,0.897985013630924
2019-01-16,1.1295206904111463
2019-01-17,1.3941881157736526
2019-01-18,2.1595864883896096
2019-01-21,2.0651408687358375
2019-01-22,2.3780212479512968
2019-01-23,2.505471126743241
2019-01-24,2.852068552732073
2019-01-25,3.0233661920408856
2019-01-28,2.587249544626591
2019-01-29,2.507829977628631
2019-01-30,2.426979705531231
2019-01-31,2.8021978021978002
2019-02-01,3.373443983402484
2019-02-11,4.0550239234449705
2019-02-12,3.4229521492295256
2019-02-13,2.2037037037036966
2019-02-14,2.062727640631318
2019-02-15,0.8106603023070768
2019-02-18,2.2329778506973006
2019-02-19,2.3646723646723697
2019-02-20,2.552028927280027
2019-02-21,2.6781701444622747
2019-02-22,3.133921411387321
2019-02-25,2.5763723150357953
2019-02-26,3.468026677128279
2019-02-27,3.20623028391167
2019-02-28,3.7710651828298807
2019-03-01,4.288915094339616
2019-03-04,3.6148648648648547
2019-03-05,3.2015013828526344
2019-03-06,1.9276495893625272
2019-03-07,2.467425431711139
2019-03-08,1.6951934349355164
2019-03-11,1.2752545027408024
2019-03-12,2.3859380970576938
2019-03-13,1.5754573170731705
2019-03-14,1.1736842105263219
2019-03-15,0.4782608695652255
2019-03-18,0.7421499815293664
2019-03-19,0.6681465038845723
2019-03-20,0.40709583028529506
2019-03-21,0.37892049598832794
2019-03-22,0.6076837827853657
2019-03-25,-0.226739926739927
2019-03-26,-0.23085585585584098
2019-03-27,-0.0792934986846959
2019-03-28,-0.11048898842851097
2019-03-29,0.8176775147928993
2019-04-01,1.299554565701557
2019-04-02,1.1272255192878406
2019-04-03,1.8485639686684041
2019-04-04,2.0684523809523805
2019-04-08,3.334785766158311
2019-04-09,3.358174904942966
2019-04-10,3.405326376246783
2019-04-11,3.537342740063091
2019-04-12,3.1772071661838033
2019-04-15,3.967479178973074
2019-04-16,2.932830373724512
2019-04-17,3.208644639080885
2019-04-18,1.9081713774439888
2019-04-19,2.4490985626390325
2019-04-22,2.6886673529203318
2019-04-23,2.3476170449528952
2019-04-24,2.1152823484734524
2019-04-25,1.5077191068558065
2019-04-26,1.9757915633231968
2019-04-29,2.5170635912320014
2019-04-30,3.6429826839513924
2019-05-06,2.257347177044679
2019-05-07,2.4696129717498665
2019-05-08,1.6512454197845485
2019-05-09,1.272472339909149
2019-05-10,1.401635973649521
2019-05-13,0.17683461730157862
2019-05-14,-0.13813414808509067
2019-05-15,0.49751150450976767
2019-05-16,0.6624207050496996
2019-05-17,1.0757112114278828
2019-05-20,0.3776223709349634
2019-05-21,2.1666326330224788
2019-05-22,1.8774229265696185
2019-05-23,1.265681535945354
2019-05-24,1.1449843514776747
2019-05-27,0.10046816417214306
2019-05-28,0.05511346691083758
2019-05-29,-0.020232342276282508
2019-05-30,-0.5400752035284511
2019-05-31,-0.8130726230244779
2019-06-03,-1.5531667070159305
2019-06-04,-1.0811183873528059
2019-06-05,-1.1157208643218657
2019-06-06,-1.2508152011235087
2019-06-10,-1.532432432432428
2019-06-11,-0.2922960725075526
2019-06-12,-0.7857948139797003
2019-06-13,-0.5183626625860664
2019-06-14,-0.6154738878143152
2019-06-17,-1.242142025611183
2019-06-18,-0.9487378640776616
2019-06-19,-0.14374514374514846
2019-06-20,0.7369831546707539
2019-06-21,1.4568605093120557
2019-06-24,2.5607913669064706
2019-06-25,3.3715192104335627
2019-06-26,3.350053361792953
2019-06-27,2.934283727399174
2019-06-28,3.607463718037318
2019-07-01,3.9306318681318704
2019-07-02,2.9677197802197797
2019-07-03,2.774787052810905
2019-07-04,2.450441276306856
2019-07-05,1.8988613529805782
2019-07-08,2.0083668005354776
2019-07-09,2.418248418248412
2019-07-10,1.9737192282102496
2019-07-11,1.7682804674457346
2019-07-12,1.2095269820119892
2019-07-15,1.9228243021346438
2019-07-16,1.868912608405597
2019-07-17,2.180479452054803
2019-07-18,1.3311509303928326
2019-07-19,1.850051352276618
2019-07-22,1.2502585315408468
2019-07-23,1.2380453752181542
2019-07-24,0.6337491337491323
2019-07-25,1.1010344827586227
2019-07-26,0.7554404145077794
2019-07-29,0.018874399450924353
2019-07-30,-0.2202505219206657
2019-07-31,0.0034626038781085332
2019-08-01,-0.4034662045060624
2019-08-02,-0.9300651354130973
2019-08-05,-1.7535787321063363
2019-08-06,-2.207232267037549
2019-08-07,-2.243365921787708
2019-08-08,-2.4148531951640786
2019-08-09,-2.9508251936679066
2019-08-12,-1.7735723771580365
2019-08-13,-2.127849355797828
2019-08-14,-1.6836700894335865
2019-08-15,-1.35516542876435
2019-08-16,-1.2547945205479436
2019-08-19,-1.0700613940050578
2019-08-20,-1.5252451870686563
2019-08-21,-1.288607594936706
2019-08-22,-1.3412374953686619
2019-08-23,-1.1219054763690914
2019-08-26,-1.972830188679245
2019-08-27,-3.246058003483282
2019-08-28,-2.646787949298559
2019-08-29,-3.1475470543510107
2019-08-30,-2.0852077678362813
2019-09-02,-1.1272049251826994
2019-09-03,-1.155394974767948
2019-09-04,-0.9008522044300045
2019-09-05,-1.1870927839472216
2019-09-06,-1.8601349322074558
2019-09-09,0.32269522745361984
2019-09-10,0.28372440423223894
2019-09-11,0.2438253732255424
2019-09-12,1.0935718971525639
2019-09-16,1.0807869177012284
2019-09-17,0.5741814189906793
2019-09-18,0.3258682605991377
2019-09-19,-0.8951038773189055
2019-09-20,-1.2460579140758454
2019-09-23,0.4967240819903456
2019-09-24,0.4014011341238857
2019-09-25,0.5745995710885209
2019-09-26,-0.16215327042169242
2019-09-27,-0.3784686394409452
2019-09-30,-0.050420483816148984
2019-10-08,-0.7603644576383869
2019-10-09,-0.5656188812927618
2019-10-10,-0.9912832057631646
2019-10-11,-1.392671283145835
2019-10-14,-1.8440729405615919
2019-10-15,-2.0332320922548304
2019-10-16,-2.6667222737223435
2019-10-17,-2.2254275683957463
2019-10-18,-2.315324226750597
2019-10-21,-2.4789723054369928
2019-10-22,-1.9430902340455822
2019-10-23,-1.8607770393415222
2019-10-24,-1.1404591660226626
2019-10-25,-1.019827522893565
2019-10-28,-1.2527735415661305
2019-10-29,-0.9456699346405211
2019-10-30,-0.8735343383584544
2019-10-31,-1.1072488342518014
2019-11-01,-1.0112117291936191
2019-11-04,-1.1915172715347597
2019-11-05,-0.5033407572383064
2019-11-06,-0.3361759425493649
2019-11-07,-0.815516463689677
2019-11-08,-0.9675947056138795
2019-11-11,-1.5452042221202262
2019-11-12,-0.4084640989063284
2019-11-13,-0.39961667465260775
2019-11-14,1.303985171455048
2019-11-15,1.6909262759924455
2019-11-18,1.4856199905704877
2019-11-19,2.0733901515151434
2019-11-20,2.566744730679154
2019-11-21,1.9467174119885835
2019-11-22,2.539554713405962
2019-11-25,3.5503875968992196
2019-11-26,2.558005752636621
2019-11-27,2.339559386973175
2019-11-28,2.9559748427672923
2019-11-29,2.9093975903614484
2019-12-02,3.8348492101483944
2019-12-03,3.1804619826756557
2019-12-04,3.5245664739884344
2019-12-05,3.8177842565597637
2019-12-06,3.7723258096172727
2019-12-09,4.635265700483088
2019-12-10,4.66162847391516
2019-12-11,5.4051556420233515
2019-12-12,6.08450024142925
2019-12-13,4.888081395348839
2019-12-16,3.904992914188845
2019-12-17,4.044096783217082
2019-12-18,3.8325533863325716
2019-12-19,3.7659292568991347
2019-12-20,3.243916922404539
2019-12-23,3.9217803770108075
2019-12-24,3.371022651986161
2019-12-25,2.5874428451787175
2019-12-26,3.0929450580948674
2019-12-27,3.0599838994462316
2019-12-30,2.924029737804924
2019-12-31,3.234140619623748
2020-01-02,2.62956773322826
2020-01-03,2.2618114193807735
2020-01-06,2.437032821310194
2020-01-07,2.43761086948633
2020-01-08,3.2986927250418248
2020-01-09,1.966623730674984
2020-01-10,2.1902932463592437
2020-01-13,1.3525706729430802
2020-01-14,1.8364552957778815
2020-01-15,1.3072640608097639
2020-01-16,1.5220243330596221
2020-01-17,2.243188641507672
2020-01-20,2.1122429162482126
2020-01-21,1.1998004615532167
2020-01-22,0.6178049247755393
2020-01-23,-0.41728232224775086
2020-02-03,-5.202139146446653
2020-02-04,-3.8822180627913663
2020-02-05,-3.971074527052171
2020-02-06,-3.9735636763343942
2020-02-07,-3.7205415549161462
2020-02-10,-3.8230688462557834
2020-02-11,-2.4575656283815888
2020-02-12,-2.0650226470202506
2020-02-13,-2.100227633239543
2020-02-14,-1.8156171251574993
2020-02-17,-1.3940145789670484
2020-02-18,-1.62782454585734
2020-02-19,-1.7791912766924223
2020-02-20,-0.8192393736017902
2020-02-21,-0.27556945064760796
2020-02-24,-0.14477812640071216
2020-02-25,-0.12801070472791543
2020-02-26,-0.6004494382022421
2020-02-27,-0.9784560143626666
2020-02-28,-1.9559082892416269
2020-03-02,-0.2854700854700875
2020-03-03,-0.4405416842996248
2020-03-04,0.16492256174130676
2020-03-05,0.07728040540539871
2020-03-06,-0.2503198294243068
2020-03-09,-0.12198168193172097
2020-03-10,0.15105241436235625
2020-03-11,0.257142857142857
2020-03-12,0.627306273062729
2020-03-13,1.162129215765948
2020-03-16,0.7196149217809893
2020-03-17,0.6184738955823327
2020-03-18,0.153846153846153
2020-03-19,-0.35237028742068266
2020-03-20,-1.147785039941911
2020-03-23,-2.5531990102509687
2020-03-24,-1.399653379549394
2020-03-25,-1.5114424410540948
2020-03-26,-2.1028905819892736
2020-03-27,-1.8786631361481188
2020-03-30,-3.3655854795073945
2020-03-31,-3.518126108245495
2020-04-01,-4.440942334794655
2020-04-02,-3.050905463365164
2020-04-03,-3.5481058881551957
2020-04-07,-3.092339721335865
2020-04-08,-2.5195670082303736
2020-04-09,-1.785157975986755
2020-04-10,-0.8727360733794532
2020-04-13,-0.6789628539355425
2020-04-14,-0.9147424933914093
2020-04-15,-0.9261863008209407
2020-04-16,-0.36844126333125027
2020-04-17,-0.31752856051890216
2020-04-20,-0.4988024433060259
2020-04-21,-0.8851698999901484
2020-04-22,-0.467307349094093
2020-04-23,-0.9227614145349972
2020-04-24,-0.6849014713178155
2020-04-27,-0.8837095516962095
2020-04-28,-1.142247416113211
2020-04-29,-0.9416435309320701
2020-04-30,-0.1328145388644763
2020-05-06,0.43849211821851053
2020-05-07,1.2503453097972237
2020-05-08,1.5905150862862962
2020-05-11,1.6453938115330586
2020-05-12,1.7343904456700856
2020-05-13,1.8085488054146104
2020-05-14,1.9662068170626101
2020-05-15,2.291083449107183
2020-05-18,3.184496757706955
2020-05-19,3.582587605454095
2020-05-20,3.384810535462508
2020-05-21,3.75986811139029
2020-05-22,2.8878190411317006
2020-05-25,2.701983489572205
2020-05-26,2.692368839427663
2020-05-27,2.7883618971701902
2020-05-28,3.1422845691382775
2020-05-29,4.512313282196203
2020-06-01,4.427016129032256
2020-06-02,4.71099217785097
2020-06-03,3.832978270132082
2020-06-04,3.0029927319367236
2020-06-05,3.2843723313407303
2020-06-08,3.585628227194489
2020-06-09,3.457939914163081
2020-06-10,2.859002169197398
2020-06-11,3.1109177903436347
2020-06-12,3.6903531438415174
2020-06-15,2.6564364876385405
2020-06-16,3.097929249352889
2020-06-17,2.738023305999138
2020-06-18,3.6859574468085095
2020-06-19,4.160478019632954
2020-06-22,3.516709511568129
2020-06-23,2.892267593397051
2020-06-24,2.738012205754145
2020-06-29,1.791847354726806
2020-06-30,1.9280732345248504
2020-07-01,1.543609671848011
2020-07-02,1.3463736263736206
2020-07-03,1.9459102902374747
2020-07-06,1.8179795282598983
2020-07-07,2.121198568872988
2020-07-08,3.100175746924429
2020-07-09,3.2859007832898173
2020-07-10,2.7782152230971158
2020-07-13,3.355727820844102
2020-07-14,3.408347676419965
2020-07-15,3.8048780487804907
2020-07-16,3.002315886984711
2020-07-17,3.171137835337656
2020-07-20,2.74427131072411
2020-07-21,3.5357474466109498
2020-07-22,3.636744186046511
2020-07-23,4.100368324125225
2020-07-24,2.544223826714811
2020-07-27,2.0295169946332745
2020-07-28,2.0169181527206193
2020-07-29,2.5913200723327336
2020-07-30,3.0457220461747356
2020-07-31,3.3984725965858065
2020-08-03,4.314872711031715
2020-08-04,4.335437330928762
2020-08-05,4.057990867579915
2020-08-06,3.894398530762168
2020-08-07,3.6044056906838033
2020-08-10,3.277008310249314
2020-08-11,2.7449074074074127
2020-08-12,3.145951035781545
2020-08-13,3.2453445065177027
2020-08-14,3.302029259084465
2020-08-17,3.6319047619047726
2020-08-18,4.152444870565674
2020-08-19,3.690926734594843
2020-08-20,3.516658619024625
2020-08-21,3.1926032660903028
2020-08-24,2.5795564127290302
2020-08-25,2.4136276391554774
2020-08-26,2.0543792107795893
2020-08-27,2.198568019093083
2020-08-28,2.406054781355118
2020-08-31,3.035344015080121
2020-09-01,3.3331762488218506
2020-09-02,3.1539568345323645
2020-09-03,3.1796863677564167
2020-09-04,2.3520047605011705
2020-09-07,1.3366235609373225
2020-09-08,0.8242613854946378
2020-09-09,-0.9080661467769032
2020-09-10,-1.312608156035288
2020-09-11,-0.49388937370552527
2020-09-14,-0.43261021318031967
2020-09-15,-1.469661621720857
2020-09-16,-2.1850580326748266
2020-09-17,-2.213290081526267
2020-09-18,-1.6077556061622422
2020-09-21,-2.7427034384440607
2020-09-22,-2.8981313446007144
2020-09-23,-2.657977753444641
2020-09-24,-2.4999553869736224
2020-09-25,-2.78310809638885
2020-09-28,-2.6013363213165124
2020-09-29,-2.4135492245163728
2020-09-30,-2.0007478606429916
2020-10-09,-0.41466712763637353
2020-10-12,0.0313441103038684
2020-10-13,-0.17475989428341746
2020-10-14,-0.6991640669991119
2020-10-15,-1.2775814052415828
2020-10-16,-0.9553151932174325
2020-10-19,-0.9046313799393009
2020-10-20,-0.7637488455200552
2020-10-21,0.13477301899632665
2020-10-22,0.5920461600086174
2020-10-23,0.14402564763887202
2020-10-26,0.37052697425714465
2020-10-27,0.7161713920951133
2020-10-28,1.5305464443176908
2020-10-29,1.290953665694255
2020-10-30,1.7006655940242363
2020-11-02,1.9146442883801762
2020-11-03,1.7221275521939123
2020-11-04,2.2379594238177787
2020-11-05,2.5507601765571395
2020-11-06,2.8851417399804435
2020-11-09,4.089128305582762
2020-11-10,3.1017283950617416
2020-11-11,3.380738522954091
2020-11-12,2.892362890825217
2020-11-13,3.740320082601976
2020-11-16,4.209819121447032
2020-11-17,5.155498721227633
2020-11-18,5.001050420168081
2020-11-19,5.517553191489354
2020-11-20,5.442727757059143
2020-11-23,3.6273291925465903
2020-11-24,4.133998949027853
2020-11-25,3.7517204870301772
2020-11-26,4.55170603674542
2020-11-27,5.6522187822497525
2020-11-30,5.839651639344272
2020-12-01,5.634595701125886
2020-12-02,6.957192633150824
2020-12-03,5.886419753086432
2020-12-04,6.693556320708327
2020-12-07,7.089629282027225
2020-12-08,6.380530973451343
2020-12-09,7.353656033707805
2020-12-10,8.158196578288637
2020-12-11,6.789148168127778
2020-12-14,6.257439159454497
2020-12-15,6.6066684702241565
2020-12-16,6.976949493837334
2020-12-17,7.08657664312698
2020-12-18,8.855543531853918
2020-12-21,9.96571789310769
2020-12-22,8.259239635527567
2020-12-23,6.551555227962497
2020-12-24,5.883303929469094
2020-12-25,5.578045537121787
2020-12-28,3.167419051312634
2020-12-29,2.747207515636164
2020-12-30,2.8774679981415154
2020-12-31,3.857770415580218
2021-01-04,2.9453107602532618
2021-01-05,2.8092934726000323
2021-01-06,2.8452084048147137
2021-01-07,3.9258169862240804
2021-01-08,3.57032987161596
2021-01-11,1.5266026581102048
2021-01-12,1.4220682671562406
2021-01-13,1.0802781666407424
2021-01-14,0.8769576990592944
2021-01-15,1.2951491336935177
2021-01-18,1.2867046025917686
2021-01-19,0.09928023502683238
2021-01-20,0.24989772127722007
2021-01-21,0.28279651759746316
2021-01-22,-0.3976174368674133
2021-01-25,0.07355512717080555
2021-01-26,0.011619275626264816
2021-01-27,0.6979454102926536
2021-01-28,-0.1837873284149575
2021-01-29,-0.5141170309232513
2021-02-01,-0.947493955261009
2021-02-02,-1.2663952026638576
2021-02-03,-1.0584321064670457
2021-02-04,-0.657124815828248
2021-02-05,-0.14890016920473345
2021-02-08,0.6327327979162184
2021-02-09,1.1756023442587413
2021-02-10,1.0728155339805796
2021-02-18,1.8586296617519515
2021-02-19,1.628773281952479
2021-02-22,2.67123287671233
2021-02-23,2.495307167235497
2021-02-24,2.7305122494432092
2021-02-25,3.503808243727604
2021-02-26,3.249215598386374
2021-03-01,2.783486650213147
2021-03-02,3.3564676043347954
2021-03-03,4.2241807909604585
2021-03-04,4.0707883245231
2021-03-05,2.667565745111262
2021-03-08,3.313086199196067
2021-03-09,1.8935295390607922
2021-03-10,1.821941663038746
2021-03-11,2.682990249187437
2021-03-12,3.1660618996798386
2021-03-15,3.7210766225309366
2021-03-16,2.3685992382564534
2021-03-17,2.6834804539722543
2021-03-18,2.72921465968586
2021-03-19,2.7955974842767315
2021-03-22,3.1889070814572262
2021-03-23,3.3100679431747957
2021-03-24,3.4186858316221813
2021-03-25,3.03153338829348
2021-03-26,3.391519143680514
2021-03-29,4.269191402251793
2021-03-30,4.408324873096457
2021-03-31,4.332315832315831
2021-04-01,4.8036223036223085
2021-04-02,5.26402105689411
2021-04-06,5.143003064351382
2021-04-07,4.488875526157553
2021-04-08,4.052770338672633
2021-04-09,3.687723340490798
2021-04-12,2.7135053486059464
2021-04-13,3.6015884437216563
2021-04-14,3.5530490986543097
2021-04-15,3.1528410787153756
2021-04-16,3.1640434530392887
2021-04-19,2.6787955590388632
2021-04-20,3.1053905259115
2021-04-21,3.388836034165707
2021-04-22,3.75809221085553
2021-04-23,3.9775189233540513
2021-04-26,4.870966954951888
2021-04-27,4.850773228611017
2021-04-28,4.139482263690001
2021-04-29,4.762845719539212
2021-04-30,3.725822366746937
2021-05-06,5.439971792044776
2021-05-07,5.7994566113269785
2021-05-10,7.977852910631861
2021-05-11,8.92272049925585
2021-05-12,9.52820738527768
2021-05-13,7.0599529018353735
2021-05-14,4.521855340243115
2021-05-17,2.9477875100833666
2021-05-18,2.9391967654973428
2021-05-19,0.7250147435100146
2021-05-20,-0.16412762149565707
2021-05-21,-0.6289755124183352
2021-05-24,-1.6985963938143165
2021-05-25,-1.927354125136979
2021-05-26,-3.3969113899472103
2021-05-27,-2.3903461977985034
2021-05-28,-1.6063663681655747
2021-05-31,-1.4438807337105377
2021-06-01,-0.982254822511627
2021-06-02,-1.6673306409891455
2021-06-03,-0.6925931834210468
2021-06-04,-0.9653686067176781
2021-06-07,-1.8541771514846557
2021-06-08,-1.6608018097272863
2021-06-09,-1.2634079259907451
2021-06-10,-0.8796435742971883
2021-06-11,-0.09220746680029723
2021-06-15,-0.9263840518794332
2021-06-16,-1.6395403932717434
2021-06-17,-1.1960207205085938
2021-06-18,-1.2979295824072958
2021-06-21,-2.058951965065503
2021-06-22,-2.099540229885061
2021-06-23,-2.047324395554028
2021-06-24,-1.9512111907198957
2021-06-25,-1.3249485479076168
2021-06-28,-1.0961277173913009
2021-06-29,-1.096362403976503
2021-06-30,-0.5466696873584016
2021-07-01,-0.5199863341305063
2021-07-02,-0.516125290023198
2021-07-05,-0.10397975615366901
2021-07-06,0.4995863373123766
2021-07-07,1.3796848889949849
2021-07-08,1.4326396495071223
2021-07-09,1.7782086564923651
2021-07-12,2.019632840387554
2021-07-13,2.300526315789478
2021-07-14,2.9951277324203307
2021-07-15,2.863909363909365
2021-07-16,2.8134931697797585
2021-07-19,2.6261052631579
2021-07-20,2.857825394527287
2021-07-21,2.4803480783176206
2021-07-22,2.5525773195876327
2021-07-23,2.6404494382022428
2021-07-26,2.6861937452326474
2021-07-27,2.056886690369456
2021-07-28,1.9510008006405153
2021-07-29,3.225985124228522
2021-07-30,3.5902140672782767
2021-08-02,0.9924019227787225
2021-08-03,-0.13058419243986108
2021-08-04,1.2741201456310671
2021-08-05,0.4879963762645299
2021-08-06,0.6750264390391307
2021-08-09,0.4987123163157064
2021-08-10,1.1522738076374595
2021-08-11,1.3532425940752686
2021-08-12,0.4965395139224286
2021-08-13,0.3554363725012149
2021-08-16,-0.135967078189301
2021-08-17,-0.07916046934390962
2021-08-18,-1.1609684279404506
2021-08-19,-1.8142570893798315
2021-08-20,-1.3904236000212136
2021-08-23,-1.3880300774905958
2021-08-24,-0.5335184968896707
2021-08-25,-0.8067813792669729
2021-08-26,-1.8837407554856824
2021-08-27,-1.287822918136867
2021-08-30,-0.4177439607009541
2021-08-31,-0.8882725074599842
2021-09-01,-1.3283655480584573
2021-09-02,-0.8024531073686103
2021-09-03,0.5299968060228604
2021-09-06,0.7581389252209193
2021-09-07,0.7406939502189077
2021-09-08,0.47889844406571364
2021-09-09,1.188422690785759
2021-09-10,0.9786737217611653
2021-09-13,0.6500272493423364
2021-09-14,-0.03633212754191611
2021-09-15,0.014502992768917979
2021-09-16,0.33427909023586366
2021-09-17,-0.04288868753136988
2021-09-22,0.4890090224513919
2021-09-23,-0.3874122614740465
2021-09-24,-0.9548451790068005
2021-09-27,-0.40247183361013084
2021-09-28,0.13467697224880645
2021-09-29,0.3039676588543594
2021-09-30,0.3816307482197081
2021-10-08,1.037499142949227
2021-10-11,1.14545782479682
2021-10-12,-0.2266605705794214
2021-10-13,-0.24661825011781718
2021-10-14,0.0677208236355892
2021-10-15,0.5453871977490953
2021-10-18,0.15374821943653688
2021-10-19,0.5005316403182362
2021-10-20,-0.6353243782206071
2021-10-21,-2.184152918561927
2021-10-22,-1.9192079780315026
2021-10-25,-2.6138813047851728
2021-10-26,-2.2833914053426243
2021-10-27,-3.3195584489102687
2021-10-28,-2.9397802793977976
2021-10-29,-3.1249501528645416
2021-11-01,-3.971549556702391
2021-11-02,-4.944098573281447
2021-11-03,-3.8760650658404274
2021-11-04,-4.533755541481947
2021-11-05,-4.614445702780921
2021-11-08,-4.457924176507147
2021-11-09,-4.683685075192717
2021-11-10,-4.61976196379866
2021-11-11,-3.2605471124620125
2021-11-12,-3.8176427879961303
2021-11-15,-4.220341047503046
2021-11-16,-4.328637357299007
2021-11-17,-3.811780553514575
2021-11-18,-4.208526752992914
2021-11-19,-3.371435446997955
2021-11-22,-3.465822179732314
2021-11-23,-3.2172360433281706
2021-11-24,-2.2356014725092037
2021-11-25,-2.1126066578536205
2021-11-26,-2.3106655393163402
2021-11-29,-2.2634164312906795
2021-11-30,-1.8641397981786834
2021-12-01,-1.090251379521765
2021-12-02,-1.0463211928623806
2021-12-03,-0.46157145534812277
2021-12-06,-0.5841787938374537
2021-12-07,-0.035487446655207054
2021-12-08,-0.4851376193962642
2021-12-09,-0.8061249797972193
2021-12-10,-0.6697111616455914
2021-12-13,-0.05840934716110615
2021-12-14,0.15014645844160823
2021-12-15,0.5711443755350445
2021-12-16,1.2718433214058087
2021-12-17,1.1262332163781528
2021-12-20,0.8658314657037582
2021-12-21,0.7729210463932467
2021-12-22,0.5865207053149862
2021-12-23,0.8276533109161262
2021-12-24,1.0828562230481575
2021-12-27,-0.2058839852737129
2021-12-28,-0.02380307481462741
2021-12-29,0.09474807776314081
2021-12-30,-0.22176994866478714
2021-12-31,-0.232275484040523
2022-01-04,0.39195705415726373
2022-01-05,0.8642659809073391
2022-01-06,1.3627958451045823
2022-01-07,1.6909010502616177
2022-01-10,1.302099075082903
2022-01-11,1.931728627340297
2022-01-12,2.119777291401932
2022-01-13,1.9232431526478126
2022-01-14,2.1036173624656445
2022-01-17,1.1232259645994522
2022-01-18,1.4362242712881979
2022-01-19,2.2651764647232002
2022-01-20,2.2353281154451667
2022-01-21,2.221708489426461
2022-01-24,1.6556971138665997
2022-01-25,2.1992712685857896
2022-01-26,1.7325897437741091
2022-01-27,1.5955826942272304
2022-01-28,2.8632695411574804
2022-02-07,3.119108428140235
2022-02-08,3.753542392566782
2022-02-09,2.9205574912891947
2022-02-10,3.628578077728662
2022-02-11,3.1701729780271144
2022-02-14,2.0634588563458824
2022-02-15,1.1976367006487483
2022-02-16,1.9893837987537544
2022-02-17,0.863563402889243
2022-02-18,1.5869167429094257
2022-02-21,1.9997711670480567
2022-02-22,0.9560515416474931
2022-02-23,1.5029981549815545
2022-02-24,0.3996804382561053
2022-02-25,0.2759167043911313
2022-02-28,1.5811320754717089
2022-03-01,2.61313703284258
2022-03-02,2.9799097065462807
2022-03-03,3.7556843513152094
2022-03-04,3.185795954265609
2022-03-07,4.334470989761087
2022-03-08,2.701391731477702
2022-03-09,1.769763651181745
2022-03-10,1.5478067515666072
2022-03-11,1.686144578313265
2022-03-14,0.11731296513904371
2022-03-15,-0.06519617411672657
2022-03-16,1.0032442748091632
2022-03-17,0.7470802220945743
2022-03-18,1.2538314176245187
2022-03-21,1.1993034055727494
2022-03-22,1.352439969016274
2022-03-23,1.4997059400117647
2022-03-24,1.2999804572992106
2022-03-25,2.041400657767462
2022-03-28,2.125365568336916
2022-03-29,1.6738618524332838
2022-03-30,1.6560597132194113
2022-03-31,1.5439208212023938
2022-04-01,2.2704285940456734
2022-04-06,1.7868768942565754
2022-04-07,1.434745931133531
2022-04-08,1.1223945819182517
2022-04-11,-0.11772458873432645
2022-04-12,0.9475389698594601
2022-04-13,0.18055862488418542
2022-04-14,0.6927413254330261
2022-04-15,0.9374995781184378
2022-04-18,0.7685743831149489
2022-04-19,0.5376698273529628
2022-04-20,0.9447444328976807
2022-04-21,0.3132207760501615
2022-04-22,-0.35180638260509123
2022-04-25,-1.8324733670440077
2022-04-26,-1.7269914278985186
2022-04-27,-1.435157120929381
2022-04-28,-1.418674512256925
2022-04-29,-1.019735567204668
2022-05-05,-0.8353675073737475
2022-05-06,-2.2827849346475086
2022-05-09,-2.8867449000949956
2022-05-10,-3.328224987135674
2022-05-11,-2.5939437550519653
2022-05-12,-2.908848761782253
2022-05-13,-2.512756595226092
2022-05-16,-2.4762566268960335
2022-05-17,-2.5200338449910986
2022-05-18,-3.3343642271923546
2022-05-19,-2.8910631340804196
2022-05-20,-2.32183769290665
2022-05-23,-2.566012076985679
2022-05-24,-3.4874390827948423
2022-05-25,-2.8195396397344883
2022-05-26,-3.0612933918387983
2022-05-27,-2.383928726244062
2022-05-30,-1.9646323214416954
2022-05-31,-1.3687782439413743
2022-06-01,-1.047129774402504
2022-06-02,-0.4113810166441731
2022-06-06,-0.6181693989071054
2022-06-07,-0.8424326192121675
2022-06-08,-0.22579154148370756
2022-06-09,-0.10673234811166235
2022-06-10,-0.004090471607304627
2022-06-13,-0.8753630203291325
2022-06-14,-1.5744169271459532
2022-06-15,-1.8911515151514986
2022-06-16,-2.159326113116726
2022-06-17,-3.4342979127134776
2022-06-20,-5.187244666364051
2022-06-21,-4.290242805755392
2022-06-22,-4.8726708074534155
2022-06-23,-3.890438247011961
2022-06-24,-4.182628571428572
2022-06-27,-3.213704206241524
2022-06-28,-2.5404917662982203
2022-06-29,-2.5709764918625697
2022-06-30,-2.1825216203914444
2022-07-01,-2.9237729020583645
2022-07-04,-3.940264477884187
2022-07-05,-3.116447666515635
2022-07-06,-3.2341197822141545
2022-07-07,-3.4669876203576364
2022-07-08,-3.326192121630962
2022-07-11,-4.454565701559028
2022-07-12,-5.370581778265647
2022-07-13,-5.142919485053462
2022-07-14,-6.0121606948968624
2022-07-15,-7.451715374841179
2022-07-18,-5.326051112943116
2022-07-19,-5.395570275305317
2022-07-20,-4.684047175667287
2022-07-21,-4.609877567960163
2022-07-22,-4.357514030347125
2022-07-25,-3.8898605038517666
2022-07-26,-3.5509527754763845
2022-07-27,-3.351714167699298
2022-07-28,-1.9399798590130968
2022-07-29,-2.1664982824813124
2022-08-01,-1.398122253296045
2022-08-02,-1.1532498509242728
2022-08-03,-1.2436075322101074
2022-08-04,-1.5526212061489963
2022-08-05,-0.9964712801411474
2022-08-08,-0.12573443008225915
2022-08-09,-0.39399328196009065
2022-08-10,-0.4375123786888454
2022-08-11,-0.10639142516871865
2022-08-12,0.2167747163695303
2022-08-15,-0.1402515723270389
2022-08-16,0.0025477707006390333
2022-08-17,-1.1680475886976842
2022-08-18,-1.0021372088052984
2022-08-19,-1.6574878203770425
2022-08-22,-0.9306655253584422
2022-08-23,-0.42392467365718056
2022-08-24,0.14438961596223782
2022-08-25,0.16462233699160395
2022-08-26,0.7450938106534415
2022-08-29,-0.06872852233677056
2022-08-30,-0.650599781897495
2022-08-31,-0.21065428824049562
2022-09-01,-0.5043313226987246
2022-09-02,-0.6749299264063172
2022-09-05,-0.26990081912835834
2022-09-06,-0.017012100629925465
2022-09-07,-0.09611870122825933
2022-09-08,0.26703794516343593
2022-09-09,0.5428307529062228
2022-09-13,0.7817983109216998
2022-09-14,0.04271134819383956
2022-09-15,-0.22782292504874085
2022-09-16,-0.47392933615501454
2022-09-19,-0.5867663725464377
2022-09-20,-1.0932476525702033
2022-09-21,-1.052146893443127
2022-09-22,0.03379213727312121
2022-09-23,0.15963001581361372
2022-09-26,0.11119681577487285
2022-09-27,0.9064020727832921
2022-09-28,0.7570078745995944
2022-09-29,0.8589510943091602
2022-09-30,0.40997363487884464
2022-10-10,0.9481740925460753
2022-10-11,-0.26846124331847265
2022-10-12,-0.38076652387882026
2022-10-13,-0.9135061282507054
2022-10-14,-0.3934579961758207
2022-10-17,-1.1987121598390391
2022-10-18,-1.1403048326330179
2022-10-19,-1.3863996726113479
2022-10-20,-2.0519250077409468
2022-10-21,-1.5348961073546512
2022-10-24,-1.4895938966054574
2022-10-25,-1.901840313347793
2022-10-26,-1.8086580992376151
2022-10-27,-1.901359117325525
2022-10-28,-2.8565036290538632
2022-10-31,-3.6549003353203386
2022-11-01,-2.3918665637530823
2022-11-02,-2.1812221923447077
2022-11-03,-1.9812005277044864
2022-11-04,-1.1129513083802633
2022-11-07,-1.3869246164109388
2022-11-08,-1.0060749240634468
2022-11-09,-0.4258632362897741
2022-11-10,-1.1798171351168385
2022-11-11,0.10533289168597981
2022-11-14,0.5454244031830255
2022-11-15,0.9620379620379557
2022-11-16,1.380372250423007
2022-11-17,1.2644543277454734
2022-11-18,1.3440525587828445
2022-11-21,0.6319945073807075
2022-11-22,0.6022023399862367
2022-11-23,0.8462603878116353
2022-11-24,1.0185639229422043
2022-11-25,1.6880607315389864
2022-11-28,1.8308977035490597
2022-11-29,2.345531315974675
2022-11-30,2.1053748231966107
2022-12-01,2.2579393083980226
2022-12-02,2.844833625218912
2022-12-05,3.210328869640711
2022-12-06,3.3323894295711325
2022-12-07,3.012043782608177
2022-12-08,3.5763278227712485
2022-12-09,4.682654908310083
2022-12-12,4.6885387434723915
2022-12-13,4.477359620164175
2022-12-14,4.868750813479315
2022-12-15,5.7751520828119896
2022-12-16,4.788279769452916
2022-12-19,2.8660822986630836
2022-12-20,2.9210823801396777
2022-12-21,3.701412600090655
2022-12-22,2.9633449436818142
2022-12-23,3.0772777018941544
2022-12-26,2.9204732107209757
2022-12-27,3.3692820784596256
2022-12-28,2.9741355437585684
2022-12-29,2.960618487175582
2022-12-30,3.529602062297141
2023-01-03,2.7354892839687577
2023-01-04,2.3090570230741476
2023-01-05,2.0652856228973935
2023-01-06,3.111283478071235
2023-01-09,2.739663876110397
2023-01-10,2.878215635458851
2023-01-11,3.076519944067528
2023-01-12,2.7797594527478373
2023-01-13,2.9116025020571
2023-01-16,1.8030943750604604
2023-01-17,1.8757393645706655
2023-01-18,2.371570848445604
2023-01-19,2.6053902637496544
2023-01-20,2.154627783752287
2023-01-30,2.3292966753530986
2023-01-31,1.2077779370437987
2023-02-01,0.26559922367782746
2023-02-02,-0.28215588958408877
2023-02-03,-0.003983769039014853
2023-02-06,0.07190412782956418
2023-02-07,-0.32974065341865105
2023-02-08,0.36342515765018474
2023-02-09,0.7328218812541607
2023-02-10,0.4116086235489261
2023-02-13,-0.39195979899497735
2023-02-14,0.24385382059800315
2023-02-15,0.7335339351387639
2023-02-16,1.426587301587308
2023-02-17,1.5679219905850532
2023-02-20,1.911157747464165
2023-02-21,2.4704610951008643
2023-02-22,2.025631768953077
2023-02-23,2.0021945866861772
2023-02-24,2.0807522123893643
2023-02-27,1.7194085027726402
2023-02-28,1.4099774943735692
2023-03-01,2.0064272211720264
2023-03-02,2.1729523809523665
2023-03-03,2.846300533943561
2023-03-06,2.0664641093809317
2023-03-07,2.2863214837712422
2023-03-08,2.16124031007751
2023-03-09,2.9350897289041598
2023-03-10,2.8279780564263213
2023-03-13,3.688454011741697
2023-03-14,3.650173946656354
2023-03-15,3.0867895545314843
2023-03-16,1.041433370660677
2023-03-17,1.6992230854605896
2023-03-20,0.8361686390532613
2023-03-21,0.3169196593854067
2023-03-22,0.475591715976334
2023-03-23,-0.4727731698521523
2023-03-24,-0.029463968761091242
2023-03-27,-0.4344528710725948
2023-03-28,-0.03812316715542857
2023-03-29,0.13385826771654344
2023-03-30,0.09897221164827029
2023-03-31,0.29510703363912766
2023-04-03,-1.3950204384987062
2023-04-04,-2.106438407145523
2023-04-06,-2.6979363358995645
2023-04-07,-1.8060084791031257
2023-04-10,-2.768777419270122
2023-04-11,-2.3928094118921983
2023-04-12,-2.876370707407963
2023-04-13,-3.405141055906799
2023-04-14,-2.924486635505692
2023-04-17,-2.406440207678158
2023-04-18,-2.054521328089496
2023-04-19,-2.3924178002026806
2023-04-20,-2.8380872997544286
2023-04-21,-4.0131902864671005
2023-04-24,-5.316942588543155
2023-04-25,-5.456116516018519
2023-04-26,-4.986252935937789
2023-04-27,-5.202843698594118
2023-04-28,-5.251472129389799
2023-05-04,-5.816572180091778
2023-05-05,-5.4175882498807875
2023-05-08,-3.2648739889621288
2023-05-09,-3.601312854650813
2023-05-10,-3.6324462096635637
2023-05-11,-4.709356358320155
2023-05-12,-4.6078877434669145
2023-05-15,-3.167381059744862
2023-05-16,-3.2714915984112705
2023-05-17,-2.3141037645300124
2023-05-18,-2.3408979779314176
2023-05-19,-2.684378827163574
2023-05-22,-3.421075331781392
2023-05-23,-3.20373363300872
2023-05-24,-4.275784149860329
2023-05-25,-4.324028348636596
2023-05-26,-3.1351200674403543
2023-05-29,-2.808200496677393
2023-05-30,-3.1363650421933875
2023-05-31,-2.834370881512326
2023-06-01,-1.6279951605159417
2023-06-02,-0.827970671887799
2023-06-05,-0.21739130434782825
2023-06-06,-0.14190821256038652
2023-06-07,-0.5632494004796177
2023-06-08,-0.14325238241623603
2023-06-09,0.8154506437768146
2023-06-12,0.14956100514682769
2023-06-13,1.203547805171368
2023-06-14,1.2452944748026744
2023-06-15,1.4619119878603857
2023-06-16,1.9609327680193778
2023-06-19,1.431325301204818
2023-06-20,1.277894736842103
2023-06-21,0.7135036496350414
2023-06-26,0.3497199751088995
2023-06-27,1.3069337442218774
2023-06-28,1.1731722428748435
2023-06-29,1.0356472795497227
2023-06-30,1.1260923845193522
2023-07-03,1.4739956399875438
2023-07-04,1.5433195810853655
2023-07-05,1.389473684210534
2023-07-06,1.4805793285055966
2023-07-07,0.2379713914174229
2023-07-10,0.08891838088918454
2023-07-11,0.37763642450620005
2023-07-12,0.8702105626510139
2023-07-13,0.9759498082955776
2023-07-14,1.5848591549295745
2023-07-17,0.4023068857042977
2023-07-18,1.1924568205851245
2023-07-19,1.052498189717592
2023-07-20,1.6060166727075043
2023-07-21,2.1714601769911432
2023-07-24,1.828795225662077
2023-07-25,3.1525550167847824
2023-07-26,3.528216704288936
2023-07-27,3.756554307116106
2023-07-28,4.06444444444444
2023-07-31,3.483213881554116
2023-08-01,3.500581620783256
2023-08-02,2.523697610654138
2023-08-03,1.7031857031856867
2023-08-04,1.707173657389261
2023-08-07,1.529156816390854
2023-08-08,0.9154150197628598
2023-08-09,1.1086519114688096
2023-08-10,0.39265306122449484
2023-08-11,0.6148840992273258
2023-08-14,-0.17658971243417118
2023-08-15,0.37862903225806605
2023-08-16,0.3871364195002101
2023-08-17,0.3185731857318493
2023-08-18,-0.04200988467874585
2023-08-21,-0.5216316440049462
2023-08-22,0.07136929460580232
2023-08-23,0.35669846536706096
2023-08-24,-0.5435582822085838
2023-08-25,-0.04161516275236869
2023-08-28,-1.0036704730831938
2023-08-29,-1.1589889930697137
2023-08-30,-0.8116298116298095
2023-08-31,0.15674362089916125
2023-09-01,0.9808177404608077
2023-09-04,0.5972873631695943
2023-09-05,0.34039630213483446
2023-09-06,0.31713431420712207
2023-09-07,-0.18773094983315186
2023-09-08,-1.3333852471587162
2023-09-11,-0.7011593183001574
2023-09-12,-0.22877534893255225
2023-09-13,-0.7423469523333515
2023-09-14,-0.4965723559460082
2023-09-15,-0.10573228980433359
2023-09-18,0.06266834373274388
2023-09-19,0.5875561029742989
2023-09-20,0.6024863599188564
2023-09-21,-0.8315515066109139
2023-09-22,-0.41521422878195857
2023-09-25,-1.1900089727280065
2023-09-26,-1.948531981141839
2023-09-27,-1.7452303801470084
2023-09-28,-1.2216086668898356
2023-10-09,-2.0816774301150054
2023-10-10,-2.4029044684556187
2023-10-11,-2.288114340838033
2023-10-12,-1.9965520412925357
2023-10-13,-2.0205762068351545
2023-10-16,-1.1768346566850594
2023-10-17,-1.2671070726718867
2023-10-18,-1.5498487247343777
2023-10-19,-1.1771362109742494
2023-10-20,-1.741112955071442
2023-10-23,-2.081195177489538
2023-10-24,-1.2067398237560645
2023-10-25,-0.4830632967431707
2023-10-26,-0.43066090465505885
2023-10-27,0.4375539824954723
2023-10-30,0.6608215852915068
2023-10-31,0.5300814734122515
2023-11-01,0.7954406034495481
2023-11-02,0.648465547654939
2023-11-03,1.409981343283595
2023-11-06,1.3784425451092095
2023-11-07,1.2887931034482691
2023-11-08,2.227121858700805
2023-11-09,2.453510436432643
2023-11-10,3.05291005291004
2023-11-13,2.5539951573849886
2023-11-14,2.325147347740659
2023-11-15,3.149425287356308
2023-11-16,3.977000479156689
2023-11-17,3.1709159584513835
2023-11-20,3.7200934579439187
2023-11-21,3.093066542577938
2023-11-22,3.8394194756554247
2023-11-23,2.874886260236584
2023-11-24,3.558633425669437
2023-11-27,3.490069284064668
2023-11-28,2.632189239332105
2023-11-29,2.434042553191498
2023-11-30,2.305684995340155
2023-12-01,2.6732826058029744
2023-12-04,1.591107716589073
2023-12-05,1.246181767783332
2023-12-06,2.163331203243794
2023-12-07,3.5144933786034263
2023-12-08,3.911279001332867
2023-12-11,3.2760676657571812
2023-12-12,3.677291073137789
2023-12-13,1.7373529197325677
2023-12-14,1.4210709843337765
2023-12-15,1.043596703730796
2023-12-18,0.7488518605456709
2023-12-19,0.7418856263075644
2023-12-20,1.1281067989735114
2023-12-21,1.6687802045623943
2023-12-22,1.9647753759233675
2023-12-25,2.017741139061761
2023-12-26,1.9894387680957246
2023-12-27,1.9036282710771328
2023-12-28,1.063526001839114
2023-12-29,1.299903821829548
2024-01-02,1.7337380834686085
2024-01-03,1.8543193298172966
2024-01-04,1.567256254968586
2024-01-05,0.3037759138110022
2024-01-08,-0.20837141057815434
2024-01-09,-0.2831256320347847
2024-01-10,-1.0873987001633667
2024-01-11,-0.46542794213741095
2024-01-12,-0.730558215526777
2024-01-15,-0.8952716984264892
2024-01-16,-0.6772420976081365
2024-01-17,-1.3209810100502337
2024-01-18,-0.6326026395288463
2024-01-19,-0.620312748112153
2024-01-22,-0.675906823737448
2024-01-23,-0.2873421897309982
2024-01-24,0.28173889833324167
2024-01-25,0.5675369206247624
2024-01-26,0.6310344827586178
2024-01-29,0.4060039370078834
2024-01-30,-0.5700888450148048
2024-01-31,-1.3475490196078417
2024-02-01,-1.3852705410821724
2024-02-02,-2.080203045685294
2024-02-05,-1.94516295913089
2024-02-06,-1.96503131524009
2024-02-07,-1.860147213459493
2024-02-08,-1.5542102366538224
2024-02-19,-2.347872913301022
2024-02-20,-3.5308973670069816
2024-02-21,-2.6896730669434303
2024-02-22,-2.9048111743404044
2024-02-23,-2.792472556194448
2024-02-26,-3.3736897274633186
2024-02-27,-1.881565396498447
2024-02-28,-2.1312661498708105
2024-02-29,-2.201550387596895
2024-03-01,-2.596707818930044
2024-03-04,-2.430484037075176
2024-03-05,-2.891987829614599
2024-03-06,-3.059948320413431
2024-03-07,-2.7152454780361803
2024-03-08,-2.8124352331606244
2024-03-11,-4.193146417445491
2024-03-12,-3.298181818181823
2024-03-13,-3.7856056766345776
2024-03-14,-4.965344048216968
2024-03-15,-5.001010611419908
2024-03-18,-4.023334953816233
2024-03-19,-2.6726305609284293
2024-03-20,-2.4874879692011387
2024-03-21,-1.7088729016786564
2024-03-22,-1.7116032739528106
2024-03-25,-1.8873038516405052
2024-03-26,-3.033054003724389
2024-03-27,-3.18257261410788
2024-03-28,-3.369955156950666
2024-03-29,-4.222513964161157
2024-04-01,-2.8289711914474145
2024-04-02,-2.138238144944837
2024-04-03,-2.4831896758206744
2024-04-08,-1.1694700624980312
2024-04-09,-0.4439317607740609
2024-04-10,-0.7884142662253413
2024-04-11,-0.3798073042030988
2024-04-12,-0.014509369896863909
2024-04-15,0.06545847197792558
2024-04-16,0.08589171263651779
2024-04-17,1.0623334865069798
2024-04-18,1.2955390038394954
2024-04-19,1.1618438531006199
2024-04-22,0.8681789069833737
2024-04-23,0.5448194126553368
2024-04-24,1.205177388485527
2024-04-25,1.1178606700362212
2024-04-26,1.2432218756599533
2024-04-29,0.9647778643262268
2024-04-30,0.7672204948550122
2024-05-06,2.017535418960542
2024-05-07,1.7931280354460373
2024-05-08,0.7968592938992304
2024-05-09,0.7875710195066262
2024-05-10,0.7657387668873185
2024-05-13,0.9805359074219256
2024-05-14,0.11935377837812393
2024-05-15,0.1575107584438095
2024-05-16,1.2573364358541423
2024-05-17,1.3416107357234373
2024-05-20,1.585238706299715
2024-05-21,1.7123493929977411
2024-05-22,2.323648017851849
2024-05-23,2.0983156168473593
2024-05-24,2.1333615847109333
2024-05-27,1.6140976129646005
2024-05-28,1.4023380398923742
2024-05-29,1.5071429503653815
2024-05-30,1.0885572139303532
2024-05-31,0.37891019172553775
2024-06-03,-0.3703125000000119
2024-06-04,-0.6823467230443881
2024-06-05,-0.911194833153922
2024-06-06,0.04774972557629706
2024-06-07,-0.30786146234194367
2024-06-11,-1.3566318106769342
2024-06-12,-1.19556786703602
2024-06-13,-0.8893193137797432
2024-06-14,-0.5052573325954438
2024-06-17,-1.0776859504132097
2024-06-18,-0.8239239798770364
2024-06-19,-0.9042016806722829
2024-06-20,-1.0891364902506884
2024-06-21,-1.5642737896494148
2024-06-24,-2.0687150837988884
2024-06-25,-2.228620296465229
2024-06-26,-1.452529846503698
2024-06-27,-1.8133561643835623
2024-06-28,-1.5533869115958665
2024-07-01,-1.2044392523364444
2024-07-02,-1.2414208308248003
2024-07-03,0.04347826086955926
2024-07-04,-0.14589665653496714
2024-07-05,-1.1249999999999978
2024-07-08,-2.3125371360665583
2024-07-09,-2.1571342564720055
2024-07-10,-2.858099878197318
2024-07-11,-2.2407185628742416
2024-07-12,-2.084724799010511
2024-07-15,-1.3508982035928252
2024-07-16,-1.3729332516839943
2024-07-17,-2.7076648841354785
2024-07-18,-2.4819277108433706
2024-07-19,-2.5429262394195815
2024-07-22,-3.109309309309307
2024-07-23,-4.112893642305408
2024-07-24,-4.216686674669868
2024-07-25,-5.195779601406805
2024-07-26,-4.138379657007681
2024-07-29,-4.716725559481764
2024-07-30,-6.060623229461767
2024-07-31,-5.034672537149146
2024-08-01,-4.1994638069705195
2024-08-02,-3.604177825388327
2024-08-05,-3.3962864721485344
2024-08-06,-4.058637083993661
2024-08-07,-3.9947643979057625
2024-08-08,-5.072783188108668
2024-08-09,-4.5169620253164435
2024-08-12,-5.356075697211146
2024-08-13,-5.8246561886051
2024-08-14,-6.975621190811047
2024-08-15,-6.9699042407660725
2024-08-16,-7.591050066459892
2024-08-19,-6.962962962962952
2024-08-20,-5.9229452054794525
2024-08-21,-4.016324822101295
2024-08-22,-4.7979508196721214
2024-08-23,-5.002440016266776
2024-08-26,-2.925204518893648
2024-08-27,-2.694603903559132
2024-08-28,-2.635352760736199
2024-08-29,-2.6386062706450364
2024-08-30,-2.4758357058459493
2024-09-02,-3.0846204544323736
2024-09-03,-3.8519506021226877
2024-09-04,-4.222205993565906
2024-09-05,-4.5993083539194375
2024-09-06,-4.638132644156304
2024-09-09,-3.7768908114391646
2024-09-10,-3.5768074026387304
2024-09-11,-2.678176192331474
2024-09-12,-1.7579027917612886
2024-09-13,-1.5852619365848766
2024-09-18,-2.0214269356874826
2024-09-19,-1.2224387693043408
2024-09-20,-1.3441939093185984
2024-09-23,-1.9817736177375225
2024-09-24,-0.23242473842533712
2024-09-25,-0.08145118626692623
2024-09-26,0.5235172993087103
2024-09-27,1.5072135347596487
2024-09-30,3.908625863866184
2024-10-08,3.1420508105138847
2024-10-09,2.793334871561456
2024-10-10,2.815575201064558
2024-10-11,2.998459410024501
2024-10-14,3.3021687835504854
2024-10-15,2.960858791890722
2024-10-16,2.7628958563567054
2024-10-17,1.1058453260644665
2024-10-18,1.828750109002441
2024-10-21,1.8635833454123125
2024-10-22,1.5359376779940592
2024-10-23,1.2911527711177724
2024-10-24,1.3106007981596173
2024-10-25,1.8853622046069156
2024-10-28,2.584540990560752
2024-10-29,1.9950493417402442
2024-10-30,2.1840099840144647
2024-10-31,2.1363373350402206
2024-11-01,1.7682557178286082
2024-11-04,1.9668220455168604
2024-11-05,1.9810178817056436
2024-11-06,1.5663911845729968
2024-11-07,1.807831158011663
2024-11-08,1.1527854384997265
2024-11-11,0.7074453362856408
2024-11-12,0.6607294317218017
2024-11-13,0.5421582733812935
2024-11-14,0.10841983852363944
2024-11-15,-0.7027341477603241
2024-11-18,-0.17544370090194966
2024-11-19,0.031032482598609714
2024-11-20,-0.1267479916691503
2024-11-21,-0.10681955340978348
2024-11-22,-0.7678787878787914
2024-11-25,-0.6778115501519772
2024-11-26,-0.6537857367263622
2024-11-27,-0.6862931307375713
2024-11-28,-0.7209227811598905
2024-11-29,-0.5536119209588551
2024-12-02,-0.11845258473126007
2024-12-03,0.2580769230769241
2024-12-04,-0.016856134849082754
2024-12-05,-0.9242364141213761
2024-12-06,-1.1620262987712902
2024-12-09,-0.9627918147251477
2024-12-10,0.08927043581003549
2024-12-11,0.3021816073038429
2024-12-12,0.29943279540381545
2024-12-13,-0.8939837138335687
2024-12-16,-0.8366389620542871
2024-12-17,-0.8393734515557436
2024-12-18,-1.5667541474414188
2024-12-19,-2.065080473209345
2024-12-20,-2.19989673217276
2024-12-23,-2.011552987340661
2024-12-24,-1.7263122480538442
2024-12-25,-1.7867607297137673
2024-12-26,-1.6362345949793466
2024-12-27,-2.088298630074402
2024-12-30,-1.390957834340287
2024-12-31,-1.594517898137906
