date,FCT_Bias_1@5
2019-08-09,
2019-08-12,
2019-08-13,
2019-08-14,
2019-08-15,
2019-08-16,0.013043478260867589
2019-08-19,-0.059113300492613076
2019-08-20,0.09271523178807797
2019-08-21,-0.7310924369747938
2019-08-22,-0.46078431372549467
2019-08-23,-0.46236559139784456
2019-08-26,0.3853211009174354
2019-08-27,0.44715447154471544
2019-08-28,0.7685185185185143
2019-08-29,1.234567901234568
2019-08-30,0.848837209302327
2019-09-02,0.6685082872928189
2019-09-03,0.2457142857142831
2019-09-04,0.43478260869565216
2019-09-05,0.35975609756097426
2019-09-06,0.4303797468354401
2019-09-09,0.41176470588235464
2019-09-10,-0.16326530612244744
2019-09-11,0.01869158878505098
2019-09-12,-0.11578947368421293
2019-09-16,-0.8281250000000018
2019-09-17,-0.8861788617886159
2019-09-18,-0.5575221238938013
2019-09-19,-0.4876033057851221
2019-09-20,-0.6811594202898534
2019-09-23,-0.5148514851485194
2019-09-24,0.02000000000000455
2019-09-25,-0.49494949494949264
2019-09-26,-0.18999999999999773
2019-09-27,-0.6385542168674644
2019-09-30,-0.17647058823529413
2019-10-08,-0.057692307692309874
2019-10-09,0.5865384615384637
2019-10-10,0.056603773584907806
2019-10-11,-0.2454545454545496
2019-10-14,-0.6666666666666686
2019-10-15,-0.8045977011494253
2019-10-16,-0.8461538461538491
2019-10-17,-1.3243243243243181
2019-10-18,-0.8904109589041096
2019-10-21,-1.3714285714285748
2019-10-22,-1.3804347826087007
2019-10-23,-1.0549450549450574
2019-10-24,-0.5116279069767415
2019-10-25,-0.308641975308642
2019-10-28,0.19230769230769232
2019-10-29,0.2741935483871041
2019-10-30,0.40625000000000355
2019-10-31,0.049180327868845006
2019-11-01,0.016393442622954547
2019-11-04,-0.3684210526315829
2019-11-05,0.9545454545454477
2019-11-06,-0.3246753246753247
2019-11-07,-0.9318181818181869
2019-11-08,-1.4424778761061905
2019-11-11,-1.2881355932203427
2019-11-12,-0.40000000000000197
2019-11-13,0.02752293577981234
2019-11-14,-0.30357142857142655
2019-11-15,0.23157894736842585
2019-11-18,-1.2265625000000036
2019-11-19,-0.8823529411764706
2019-11-20,-0.6000000000000031
2019-11-21,-0.43181818181818526
2019-11-22,0.5733333333333348
2019-11-25,1.416107382550337
2019-11-26,0.9782608695652173
2019-11-27,1.1679389312977064
2019-11-28,0.5507246376811611
2019-11-29,0.3389830508474576
2019-12-02,-0.34831460674157555
2019-12-03,-0.44047619047619585
2019-12-04,0.5841584158415819
2019-12-05,1.5826771653543326
2019-12-06,1.3432835820895521
2019-12-09,1.2877697841726603
2019-12-10,0.6482758620689639
2019-12-11,-0.007751937984497886
2019-12-12,-0.7156862745097995
2019-12-13,-0.8153671456779905
2019-12-16,-0.7951504406905274
2019-12-17,-0.4689188071062941
2019-12-18,-1.0377666285244869
2019-12-19,0.05940594059405731
2019-12-20,-0.35483870967742603
2019-12-23,-0.18292682926827947
2019-12-24,-0.7333333333333436
2019-12-25,-0.499999999999997
2019-12-26,0.28985507246374026
2019-12-27,0.13432835820895805
2019-12-30,0.39999999999999875
2019-12-31,0.661971830985927
2020-01-02,0.012820512820519641
2020-01-03,-0.11392405063292846
2020-01-06,0.505747126436786
2020-01-07,0.9886363636363368
2020-01-08,0.6896551724137915
2020-01-09,-0.04310344827585513
2020-01-10,0.05128205128204891
2020-01-13,0.7131782945736581
2020-01-14,0.33587786259541536
2020-01-15,0.4893617021276649
2020-01-16,0.16129032258065756
2020-01-17,-0.5161290322580695
2020-01-20,-0.2739726027397152
2020-01-21,-1.4130434782608754
2020-01-22,-1.102040816326527
2020-01-23,-0.9578947368421018
2020-02-03,-1.638888888888893
2020-02-04,-0.12962962962962998
2020-02-05,0.19138755980861574
2020-02-06,0.369668246445493
2020-02-07,0.46948356807511354
2020-02-10,0.46923076923077944
2020-02-11,0.9807692307692183
2020-02-12,0.711111111111104
2020-02-13,0.2747252747252562
2020-02-14,0.270833333333321
2020-02-17,0.7422680412371164
2020-02-18,0.6547619047619002
2020-02-19,0.6447368421052625
2020-02-20,-0.1341463414634027
2020-02-21,1.3360655737704932
2020-02-24,1.3560606060606106
2020-02-25,0.8580645161290307
2020-02-26,0.0
2020-02-27,-0.9381443298969061
2020-02-28,-0.9261363636363723
2020-03-02,-0.18131868131868414
2020-03-03,0.2934131736527011
2020-03-04,1.1729729729729752
2020-03-05,0.7844311377245581
2020-03-06,0.8961038961038973
2020-03-09,-0.9687499999999903
2020-03-10,-0.7192118226601028
2020-03-11,-0.8674033149171272
2020-03-12,-1.0445544554455501
2020-03-13,-0.475247524752478
2020-03-16,-1.0705882352941203
2020-03-17,-0.645962732919256
2020-03-18,-0.788461538461538
2020-03-19,-1.2941176470588303
2020-03-20,-0.6045197740112901
2020-03-23,-0.560975609756095
2020-03-24,-0.04678362573099897
2020-03-25,0.01149425287356273
2020-03-26,-0.02112676056338345
2020-03-27,-0.06666666666667358
2020-03-30,-0.8652482269503594
2020-03-31,-0.9600000000000001
2020-04-01,-0.19718309859154973
2020-04-02,0.09459459459459856
2020-04-03,0.41610738255033397
2020-04-07,1.635838150289021
2020-04-08,0.6416184971098288
2020-04-09,0.4191616766467021
2020-04-10,0.25617607183158997
2020-04-13,-0.1551280074028406
2020-04-14,-0.27915993537964406
2020-04-15,-0.7065040817585464
2020-04-16,-0.5357142857142836
2020-04-17,-0.5932203389830517
2020-04-20,0.26666666666667493
2020-04-21,-0.6402877697841796
2020-04-22,-0.7931034482758645
2020-04-23,0.018072289156625395
2020-04-24,-0.3630952380952359
2020-04-27,0.09740259740259868
2020-04-28,-0.8321167883211745
2020-04-29,-0.5634920634920554
2020-04-30,0.06481481481482108
2020-05-06,0.08737864077670442
2020-05-07,0.40217391304347816
2020-05-08,-0.3611111111111206
2020-05-11,-0.2133333333333361
2020-05-12,0.9782608695652045
2020-05-13,0.6170212765957422
2020-05-14,0.5544554455445522
2020-05-15,0.754716981132067
2020-05-18,0.1651376146788982
2020-05-19,-0.5847457627118635
2020-05-20,-0.09909909909909272
2020-05-21,-0.05825242718447288
2020-05-22,-0.20192307692307557
2020-05-25,0.42452830188678864
2020-05-26,-0.24999999999999875
2020-05-27,0.13095238095237385
2020-05-28,-0.023255813953487078
2020-05-29,-0.2555555555555522
2020-06-01,0.06249999999999611
2020-06-02,0.13432835820894695
2020-06-03,1.2592592592592586
2020-06-04,0.5268817204301209
2020-06-05,0.5180722891566202
2020-06-08,0.4404761904761761
2020-06-09,-0.9047619047619003
2020-06-10,-0.7752808988763938
2020-06-11,-1.2926829268292692
2020-06-12,-0.677777777777773
2020-06-15,-0.2022471910112358
2020-06-16,0.521126760563379
2020-06-17,-0.09210526315790349
2020-06-18,-0.21538461538460243
2020-06-19,-0.19607843137255862
2020-06-22,-0.7924528301886715
2020-06-23,-0.795918367346908
2020-06-24,-0.9649122807017491
2020-06-29,0.5890410958904039
2020-06-30,-0.42222222222221983
2020-07-01,-0.26744186046512464
2020-07-02,0.07777777777778515
2020-07-03,0.837209302325596
2020-07-06,1.2857142857142658
2020-07-07,0.4166666666666579
2020-07-08,0.7613636363636302
2020-07-09,0.4831460674157387
2020-07-10,0.17241379310345087
2020-07-13,0.2650602409638532
2020-07-14,-0.16666666666665703
2020-07-15,-0.4102564102564142
2020-07-16,-0.12987012987013669
2020-07-17,-0.6279069767441875
2020-07-20,0.050505050505047513
2020-07-21,0.40217391304346634
2020-07-22,2.006849315068493
2020-07-23,1.5978835978836001
2020-07-24,1.1463414634146325
2020-07-27,0.3270142180094794
2020-07-28,-0.9800796812748973
2020-07-29,0.22047244094489007
2020-07-30,0.20720720720720465
2020-07-31,0.894977168949768
2020-08-03,1.5806451612903247
2020-08-04,1.5068027210884365
2020-08-05,1.0622837370242177
2020-08-06,0.716424861973431
2020-08-07,0.19648821714772977
2020-08-10,-0.7679619310143544
2020-08-11,-0.12134535665479694
2020-08-12,-0.44855967078189385
2020-08-13,-0.170454545454557
2020-08-14,-0.40959409594096174
2020-08-17,-0.7894736842105241
2020-08-18,0.1898734177215191
2020-08-19,-0.3617021276595714
2020-08-20,0.1645021645021652
2020-08-21,-0.19266055045871727
2020-08-24,-0.09178743961352949
2020-08-25,0.14634146341463766
2020-08-26,0.7903225806451549
2020-08-27,0.5055555555555652
2020-08-28,0.7514792899408332
2020-08-31,-0.8430493273542626
2020-09-01,-0.7990196078431412
2020-09-02,-0.5130890052355987
2020-09-03,-0.8861386138613883
2020-09-04,-0.2995169082125675
2020-09-07,0.27215189873418355
2020-09-08,0.08053691275167552
2020-09-09,0.3953488372092954
2020-09-10,0.4489795918367327
2020-09-11,-0.007042253521123474
2020-09-14,0.7210884353741557
2020-09-15,0.4905660377358514
2020-09-16,-0.4965986394557717
2020-09-17,-0.09929078014184237
2020-09-18,0.6092715231787997
2020-09-21,-0.421052631578936
2020-09-22,-0.4551724137930992
2020-09-23,-0.4604316546762534
2020-09-24,-0.4680851063829886
2020-09-25,-0.15966386554622325
2020-09-28,-0.8679245283018688
2020-09-29,-0.8877551020408105
2020-09-30,0.70093457943926
2020-10-09,0.8403361344537871
2020-10-12,0.6403508771929787
2020-10-13,0.7407407407407465
2020-10-14,0.24778761061946583
2020-10-15,-0.23853211009171937
2020-10-16,0.14736842105264156
2020-10-19,1.7466666666666695
2020-10-20,0.3333333333333279
2020-10-21,0.7206703910614554
2020-10-22,0.4093264248704652
2020-10-23,0.11557788944723997
2020-10-26,0.24683544303796517
2020-10-27,0.5312500000000004
2020-10-28,0.3836477987421373
2020-10-29,0.09230769230769768
2020-10-30,1.1153846153846194
2020-11-02,0.6875000000000069
2020-11-03,-0.7061855670102991
2020-11-04,-0.5911602209944765
2020-11-05,-0.3500000000000054
2020-11-06,0.3773584905660396
2020-11-09,0.9807692307692356
2020-11-10,-0.15789473684209457
2020-11-11,0.3377483443708575
2020-11-12,1.0564102564102602
2020-11-13,0.9059405940594112
2020-11-16,0.441176470588242
2020-11-17,0.44559585492227904
2020-11-18,0.416216216216215
2020-11-19,0.137500000000008
2020-11-20,-0.03355704697986411
2020-11-23,-0.8086419753086374
2020-11-24,-0.5616438356164338
2020-11-25,0.3741935483870975
2020-11-26,-0.710059171597636
2020-11-27,0.011764705882347421
2020-11-30,0.15189873417720406
2020-12-01,-0.6666666666666663
2020-12-02,-0.9076086956521782
2020-12-03,-0.5155279503105668
2020-12-04,0.5966850828729341
2020-12-07,0.70967741935484
2020-12-08,1.1556886227544898
2020-12-09,1.3494623655913964
2020-12-10,0.130081300813011
2020-12-11,0.10964912280702123
2020-12-14,-0.4257905880745809
2020-12-15,-0.7220222374463439
2020-12-16,0.04809933856824611
2020-12-17,-0.006886749545176389
2020-12-18,1.3502824858757054
2020-12-21,1.1443298969072209
2020-12-22,-0.35907335907335103
2020-12-23,-0.1600000000000013
2020-12-24,-0.22834645669290993
2020-12-25,-0.2183406113537163
2020-12-28,0.22727272727272704
2020-12-29,-0.6352941176470598
2020-12-30,-0.36024844720496974
2020-12-31,0.19375000000000894
2021-01-04,0.4156626506024116
2021-01-05,0.6543209876543193
2021-01-06,0.5373134328358161
2021-01-07,1.2335329341317394
2021-01-08,0.6368715083798899
2021-01-11,0.8226600985221687
2021-01-12,1.084745762711869
2021-01-13,0.6653225806451613
2021-01-14,1.2576923076923132
2021-01-15,1.1807692307692292
2021-01-18,-0.28000000000000697
2021-01-19,-0.662745098039225
2021-01-20,-0.9218749999999999
2021-01-21,-0.12711864406780485
2021-01-22,-0.16250000000000328
2021-01-25,0.8272727272727278
2021-01-26,0.19907407407407124
2021-01-27,0.5833333333333374
2021-01-28,0.2836538461538343
2021-01-29,1.2307692307692333
2021-02-01,0.5536480686695254
2021-02-02,0.44298245614033804
2021-02-03,-0.7024221453287136
2021-02-04,-0.26860841423948023
2021-02-05,-0.4589041095890342
2021-02-08,-0.6000000000000054
2021-02-09,0.405063291139247
2021-02-10,-0.32384341637010117
2021-02-18,0.5787781350482314
2021-02-19,0.43686006825938495
2021-02-22,0.47386759581881904
2021-02-23,0.3929824561403409
2021-02-24,-0.16967509025270675
2021-02-25,-0.09163346613545852
2021-02-26,-1.0177935943060479
2021-03-01,-0.9634551495016626
2021-03-02,-0.7338129496402872
2021-03-03,-0.8790035587188522
2021-03-04,-0.6553030303030299
2021-03-05,-1.229571984435803
2021-03-08,0.0499999999999982
2021-03-09,0.14453124999999736
2021-03-10,0.8893280632411116
2021-03-11,0.5018867924528243
2021-03-12,-0.14062500000000272
2021-03-15,0.7798507462686504
2021-03-16,0.22264150943396158
2021-03-17,0.6164874551971367
2021-03-18,0.2661596958174911
2021-03-19,-0.4124087591240791
2021-03-22,-0.7126865671641809
2021-03-23,-0.16666666666666194
2021-03-24,0.46613545816732416
2021-03-25,0.6356275303643676
2021-03-26,1.1659751037344415
2021-03-29,0.68780487804877
2021-03-30,0.16326530612244405
2021-03-31,-1.081339712918655
2021-04-01,-1.2796208530805653
2021-04-02,-1.020618556701021
2021-04-06,-0.2636815920398005
2021-04-07,0.760368663594468
2021-04-08,0.8103448275862059
2021-04-09,1.3093922651933647
2021-04-12,0.3404255319148944
2021-04-13,0.376146788990825
2021-04-14,0.7222222222222346
2021-04-15,0.5022421524663649
2021-04-16,0.6271186440678026
2021-04-19,0.9639787753801595
2021-04-20,1.1557727997729992
2021-04-21,1.0156319806295813
2021-04-22,1.2866346587878053
2021-04-23,0.7990430622009571
2021-04-26,-0.134259259259252
2021-04-27,0.5970149253731344
2021-04-28,0.2812500000000026
2021-04-29,0.5853658536585349
2021-04-30,0.7456647398843955
2021-05-06,0.5874439461883342
2021-05-07,-0.021551724137932823
2021-05-10,0.7563636363636325
2021-05-11,1.1448863636363675
2021-05-12,1.128000000000002
2021-05-13,0.8495145631067932
2021-05-14,-0.2938596491228049
2021-05-17,0.07391304347826266
2021-05-18,0.6940639269406368
2021-05-19,0.02165354330708443
2021-05-20,0.14003944773175125
2021-05-21,-0.1131687242798366
2021-05-24,-0.27896995708154687
2021-05-25,-0.3793859649122816
2021-05-26,-0.08730158730158392
2021-05-27,-0.7354651162790672
2021-05-28,0.5474254742547454
2021-05-31,1.0424403183023907
2021-06-01,0.7937853107344626
2021-06-02,0.8418230563002697
2021-06-03,1.5657568238213428
2021-06-04,0.5105263157894692
2021-06-07,0.4311966059615243
2021-06-08,0.14984670598468133
2021-06-09,-0.28946837860781055
2021-06-10,-0.7698333028685855
2021-06-11,-0.37279596977330615
2021-06-15,-0.7900262467191598
2021-06-16,-1.311274509803922
2021-06-17,-1.1058495821727046
2021-06-18,-1.148688046647229
2021-06-21,0.27559055118110204
2021-06-22,0.3901734104046236
2021-06-23,1.018518518518522
2021-06-24,1.4311377245508985
2021-06-25,0.6071428571428559
2021-06-28,-0.4311224489795914
2021-06-29,-0.22656250000000078
2021-06-30,0.41343669250646337
2021-07-01,0.45135135135135396
2021-07-02,0.3086419753086399
2021-07-05,-0.7123287671232904
2021-07-06,0.22383720930232243
2021-07-07,-0.01724137931034819
2021-07-08,0.18840579710145053
2021-07-09,0.6022408963585425
2021-07-12,1.018808777429468
2021-07-13,1.0895522388059669
2021-07-14,1.1532258064516134
2021-07-15,0.23461538461538636
2021-07-16,0.6813186813186783
2021-07-19,1.2653721682847896
2021-07-20,0.5510204081632667
2021-07-21,0.5044247787610642
2021-07-22,-0.0347826086956532
2021-07-23,0.4171122994652368
2021-07-26,0.3709677419354806
2021-07-27,0.27551020408163557
2021-07-28,0.5763888888888891
2021-07-29,0.07718120805369202
2021-07-30,-0.39735099337748253
2021-08-02,-0.5889212827988372
2021-08-03,-0.5848484848484862
2021-08-04,0.39769452449568055
2021-08-05,-0.14971751412429402
2021-08-06,0.4756097560975692
2021-08-09,0.28619528619528317
2021-08-10,0.17197452229299576
2021-08-11,0.3040293040293045
2021-08-12,-1.2080536912751723
2021-08-13,-1.2044535046935274
2021-08-16,-0.7696480039942846
2021-08-17,-0.34502276184801767
2021-08-18,0.2528893333023283
2021-08-19,0.01930501930501398
2021-08-20,-1.1875000000000009
2021-08-23,-0.802047781569971
2021-08-24,-0.7142857142857203
2021-08-25,-1.1471389645776573
2021-08-26,-0.5000000000000004
2021-08-27,-0.08463949843260112
2021-08-30,1.3957783641160977
2021-08-31,1.2432432432432474
2021-09-01,1.1181818181818222
2021-09-02,0.6249999999999984
2021-09-03,0.6099706744868024
2021-09-06,0.843971631205671
2021-09-07,0.8229813664596242
2021-09-08,0.6853582554517128
2021-09-09,1.5784313725490218
2021-09-10,0.48672566371681364
2021-09-13,0.027896995708151642
2021-09-14,-0.28348214285713946
2021-09-15,0.1487279843444201
2021-09-16,1.0711297071129748
2021-09-17,1.1467889908256874
2021-09-22,1.8725490196078443
2021-09-23,1.5189003436426092
2021-09-24,-0.13425925925925938
2021-09-27,0.20442708333333298
2021-09-28,0.2538265306122438
2021-09-29,0.3612217795484756
2021-09-30,0.6087570621468915
2021-10-08,1.0629274965800293
2021-10-11,1.667582417582419
2021-10-12,1.279693486590038
2021-10-13,-0.5325506937033061
2021-10-14,-0.8280632411067171
2021-10-15,-0.2799597180261844
2021-10-18,0.5282828282828262
2021-10-19,0.5258883248730957
2021-10-20,-0.6125933831376732
2021-10-21,-0.8714555765595459
2021-10-22,-1.1321671525753165
2021-10-25,-0.8747412008281574
2021-10-26,-0.27860696517412975
2021-10-27,-1.0225352112676054
2021-10-28,-0.4657276995305165
2021-10-29,-0.7229357798165142
2021-11-01,-0.909340659340658
2021-11-02,-0.6932457786116318
2021-11-03,0.12215320910973075
2021-11-04,0.0786924939467324
2021-11-05,0.06749311294765695
2021-11-08,-0.038352272727272346
2021-11-09,-0.5307692307692328
2021-11-10,-0.3630017452006976
2021-11-11,-0.125
2021-11-12,-0.6252505010020046
2021-11-15,-0.4222222222222231
2021-11-16,-0.19580419580419697
2021-11-17,0.018666666666665502
2021-11-18,-0.5736434108527138
2021-11-19,-0.7874015748031449
2021-11-22,-0.5915492957746384
2021-11-23,0.1656976744186075
2021-11-24,1.1827411167512738
2021-11-25,1.7277486910994746
2021-11-26,0.8672086720867244
2021-11-29,0.7939110070257636
2021-11-30,-0.15021459227467748
2021-12-01,-0.2576832151300227
2021-12-02,-0.6350710900473904
2021-12-03,-0.8463302752293582
2021-12-06,-0.5851648351648367
2021-12-07,0.640883977900553
2021-12-08,-0.18295739348371207
2021-12-09,0.45320197044334914
2021-12-10,0.3798449612403123
2021-12-13,0.5334872979214771
2021-12-14,0.5626666666666701
2021-12-15,0.8875379939209749
2021-12-16,1.3715170278637754
2021-12-17,0.07407407407407456
2021-12-20,-0.8217143937841813
2021-12-21,-0.9273328166836888
2021-12-22,-0.9181773406032956
2021-12-23,0.082466357513027
2021-12-24,1.218181818181816
2021-12-27,0.5864864864864836
2021-12-28,0.47411444141689396
2021-12-29,0.03409090909090748
2021-12-30,0.13190184049079487
2021-12-31,0.38831615120275403
2022-01-04,0.8316831683168376
2022-01-05,0.7474747474747484
2022-01-06,-0.20869565217391445
2022-01-07,0.8948598130841138
2022-01-10,0.6120481927710835
2022-01-11,0.33243243243243875
2022-01-12,0.2773333333333341
2022-01-13,-0.21971830985915794
2022-01-14,0.02739726027397558
2022-01-17,-0.4789156626506035
2022-01-18,-0.17021276595744794
2022-01-19,0.6044776119402975
2022-01-20,0.6171874999999973
2022-01-21,0.7025641025641006
2022-01-24,0.22997416020672345
2022-01-25,-0.19329896907216135
2022-01-26,0.27672955974842756
2022-01-27,0.043731778425660596
2022-01-28,-0.4071856287425131
2022-02-07,1.0078740157480304
2022-02-08,0.8871391076115445
2022-02-09,0.06829268292682744
2022-02-10,0.42346938775509996
2022-02-11,-0.9694989106753837
2022-02-14,-1.292056074766354
2022-02-15,-1.172949002217297
2022-02-16,-0.5520581113801464
2022-02-17,-0.3484486873508372
2022-02-18,-0.1598915989159913
2022-02-21,-0.13437500000000277
2022-02-22,-0.8126721763085395
2022-02-23,-0.6266318537858991
2022-02-24,0.04622871046228752
2022-02-25,-0.642857142857142
2022-02-28,0.4471403812824954
2022-03-01,0.3897996357012767
2022-03-02,0.9738988580750422
2022-03-03,1.4072900158478612
2022-03-04,0.8188679245283015
2022-03-07,1.0460526315789498
2022-03-08,0.7364975450081831
2022-03-09,0.1607142857142849
2022-03-10,0.23802612481857624
2022-03-11,0.023809523809521154
2022-03-14,0.11295681063123213
2022-03-15,-0.17010309278350436
2022-03-16,-0.37457044673539436
2022-03-17,-0.3192904656319308
2022-03-18,0.540045766590392
2022-03-21,1.3652007648183575
2022-03-22,0.6854990583804113
2022-03-23,-0.1351351351351342
2022-03-24,-0.28256513026052155
2022-03-25,-0.768595041322316
2022-03-28,-0.39042821158690605
2022-03-29,-0.36090225563909417
2022-03-30,0.16032608695651854
2022-03-31,0.09239130434782071
2022-04-01,-0.5856353591160173
2022-04-06,-0.13031161473087624
2022-04-07,-0.21097096791668302
2022-04-08,-1.0156038687343076
2022-04-11,-0.5920753584242172
2022-04-12,-0.14779444511923173
2022-04-13,0.589743589743592
2022-04-14,0.7863777089783331
2022-04-15,1.385869565217392
2022-04-18,1.1737891737891704
2022-04-19,0.3910614525139635
2022-04-20,0.24096385542168317
2022-04-21,0.2622478386167128
2022-04-22,0.198380566801617
2022-04-25,-0.2142857142857066
2022-04-26,1.3255208333333317
2022-04-27,1.0456852791878104
2022-04-28,1.242574257425733
2022-04-29,-0.03594080338266387
2022-05-05,0.2128146453089244
2022-05-06,0.00298507462686084
2022-05-09,0.27192982456140824
2022-05-10,-0.46601941747572656
2022-05-11,-0.4867021276595716
2022-05-12,-0.2927461139896336
2022-05-13,0.012437810945271745
2022-05-16,0.21914357682619282
2022-05-17,0.48367952522255225
2022-05-18,-0.09803921568627158
2022-05-19,-0.7988165680473345
2022-05-20,-1.1594202898550756
2022-05-23,-0.6470588235294057
2022-05-24,-0.24534161490682843
2022-05-25,0.3128834355828225
2022-05-26,-0.09848484848484898
2022-05-27,-0.9744408945686963
2022-05-30,-1.006600660066007
2022-05-31,-0.5811688311688321
2022-06-01,0.5546448087431742
2022-06-02,1.3047210300429215
2022-06-06,1.3275434243176163
2022-06-07,1.0051413881748028
2022-06-08,1.2847058823529423
2022-06-09,0.01877934272300443
2022-06-10,-0.12618296529968276
2022-06-13,-1.5074626865671663
2022-06-14,-1.1658878504672867
2022-06-15,-0.9776674937965258
2022-06-16,-1.2904109589041095
2022-06-17,-0.6728232189973615
2022-06-20,-1.156804733727811
2022-06-21,-0.16531165311652707
2022-06-22,-0.8691358024691384
2022-06-23,0.09606986899563001
2022-06-24,-0.4523326572008085
2022-06-27,0.1777301927194852
2022-06-28,0.01265822784810401
2022-06-29,-0.9475890985324995
2022-06-30,-0.7410926365795708
2022-07-01,-0.5417721518987302
2022-07-04,-0.995464852607708
2022-07-05,-0.6561743341404354
2022-07-06,-1.420560747663551
2022-07-07,-0.9773755656108607
2022-07-08,-1.1344086021505404
2022-07-11,-1.2630560928433279
2022-07-12,-1.067307692307694
2022-07-13,-1.3485714285714299
2022-07-14,-0.1482142857142849
2022-07-15,0.24411134903640425
2022-07-18,1.0059171597633134
2022-07-19,-0.01562500000000019
2022-07-20,-0.09980430528376096
2022-07-21,-0.5527950310558988
2022-07-22,-0.11874999999999893
2022-07-25,-0.6540880503144688
2022-07-26,0.13551401869159246
2022-07-27,-0.01666666666666591
2022-07-28,0.09476309226932435
2022-07-29,0.8345323741007249
2022-08-01,0.11670480549199094
2022-08-02,0.481395348837207
2022-08-03,0.4775784753363238
2022-08-04,0.14446952595936616
2022-08-05,0.0937471130652022
2022-08-08,0.3768608341901768
2022-08-09,0.5481506506613489
2022-08-10,1.0147194266993567
2022-08-11,0.7133333333333416
2022-08-12,1.4482758620689715
2022-08-15,0.5641025641025632
2022-08-16,-0.07714285714285347
2022-08-17,-0.24233128834356174
2022-08-18,-1.0831099195710456
2022-08-19,-1.3670520231213867
2022-08-22,-0.3953488372093043
2022-08-23,0.9137055837563466
2022-08-24,0.8461538461538501
2022-08-25,0.648044692737428
2022-08-26,0.6242424242424208
2022-08-29,-0.19061583577712862
2022-08-30,-0.210169491525425
2022-08-31,0.06690140845070788
2022-09-01,-0.10000000000000278
2022-09-02,0.7012195121951192
2022-09-05,1.44047619047619
2022-09-06,0.7767857142857146
2022-09-07,0.3232628398791487
2022-09-08,-0.06481481481481347
2022-09-09,0.3529411764705911
2022-09-13,1.0698529411764668
2022-09-14,0.8724279835390945
2022-09-15,0.15116279069767663
2022-09-16,-0.5935251798561096
2022-09-19,-0.5795454545454551
2022-09-20,-0.2827868852459008
2022-09-21,0.5859649122807021
2022-09-22,0.7725631768953
2022-09-23,0.15441176470587928
2022-09-26,-0.49469964664310817
2022-09-27,-0.21766561514195493
2022-09-28,0.07236842105262513
2022-09-29,0.879365079365077
2022-09-30,1.1583850931677004
2022-10-10,0.2823529411764716
2022-10-11,-0.29126213592232797
2022-10-12,-0.13468013468013684
2022-10-13,-0.9850299401197592
2022-10-14,-0.6942675159235687
2022-10-17,-1.4956011730205268
2022-10-18,-1.3084112149532674
2022-10-19,-1.270833333333334
2022-10-20,-1.0408921933085484
2022-10-21,-0.950354609929083
2022-10-24,-0.3194444444444429
2022-10-25,-0.4487179487179472
2022-10-26,-0.21568627450980105
2022-10-27,0.004545454545455204
2022-10-28,0.1630901287553658
2022-10-31,0.2333333333333309
2022-11-01,1.1481481481481428
2022-11-02,0.8934707903780127
2022-11-03,0.8309859154929635
2022-11-04,1.0915750915750935
2022-11-07,0.3129496402877722
2022-11-08,0.8346456692913377
2022-11-09,1.0210084033613387
2022-11-10,0.7820512820512759
2022-11-11,1.081896551724127
2022-11-14,-0.21428571428571408
2022-11-15,-0.06545454545454223
2022-11-16,-0.27816901408450473
2022-11-17,0.5595567867036016
2022-11-18,0.8442622950819688
2022-11-21,0.6925465838509253
2022-11-22,0.35423197492162734
2022-11-23,-0.05362776025236276
2022-11-24,1.398176291793311
2022-11-25,1.129568106312289
2022-11-28,0.08841463414634382
2022-11-29,-0.3273273273273285
2022-11-30,-0.6493902439024439
2022-12-01,-0.5779467680608346
2022-12-02,0.7469512195121877
2022-12-05,0.7171052631578968
2022-12-06,0.12091503267973926
2022-12-07,-0.3322580645161273
2022-12-08,0.09779179810725343
2022-12-09,0.2528735632183946
2022-12-12,1.236486486486492
2022-12-13,0.8021978021978051
2022-12-14,-0.06690140845070179
2022-12-15,0.6328880712313653
2022-12-16,-0.2890307859663422
2022-12-19,-1.2852076253914806
2022-12-20,-1.006076311321602
2022-12-21,-0.14523809523809691
2022-12-22,-0.32923832923832796
2022-12-23,-0.5828729281768017
2022-12-26,0.07926829268293242
2022-12-27,0.2131147540983535
2022-12-28,0.20503597122302217
2022-12-29,0.5729537366548081
2022-12-30,0.6956521739130409
2023-01-03,0.9087452471483011
2023-01-04,0.22509225092251195
2023-01-05,-0.41237113402061676
2023-01-06,0.33544303797468095
2023-01-09,0.16938110749185234
2023-01-10,-0.20382165605095096
2023-01-11,0.22330097087378697
2023-01-12,0.45065789473684537
2023-01-13,0.9767441860465216
2023-01-16,-0.09187279151944117
2023-01-17,0.45419847328244894
2023-01-18,0.2645914396887118
2023-01-19,0.40540540540539755
2023-01-20,0.3636363636363585
2023-01-30,-0.5172413793103442
2023-01-31,-1.1107491856677576
2023-02-01,-0.7398119122257
2023-02-02,-0.5377049180327823
2023-02-03,-0.6398809523809512
2023-02-06,-0.2664233576642299
2023-02-07,-0.6793893129770953
2023-02-08,-0.6626506024096372
2023-02-09,-0.6738197424892711
2023-02-10,-1.0336538461538434
2023-02-13,-1.506607929515413
2023-02-14,-0.36199095022624694
2023-02-15,0.6622807017543826
2023-02-16,1.4048582995951449
2023-02-17,1.0836820083682037
2023-02-20,0.8499999999999952
2023-02-21,0.8409090909090932
2023-02-22,0.6376146788990863
2023-02-23,0.12389380530973625
2023-02-24,0.4434389140271559
2023-02-27,-0.9230769230769257
2023-02-28,-1.1935483870967787
2023-03-01,-0.286821705426363
2023-03-02,0.7500000000000007
2023-03-03,0.2574626865671579
2023-03-06,0.08433734939758473
2023-03-07,0.20816326530611964
2023-03-08,0.06140350877193071
2023-03-09,-0.24154589371980664
2023-03-10,-1.1316872427983509
2023-03-13,-0.23904382470119387
2023-03-14,-0.30522088353413707
2023-03-15,0.34262948207171234
2023-03-16,-0.015209125475280761
2023-03-17,1.151079136690646
2023-03-20,0.5305343511450364
2023-03-21,-0.5551839464882972
2023-03-22,-0.2541806020066957
2023-03-23,0.1535836177474411
2023-03-24,0.028571428571422038
2023-03-27,-0.5117187500000069
2023-03-28,-0.9696969696969618
2023-03-29,-1.1106870229007622
2023-03-30,-0.8691983122362912
2023-03-31,-0.19753086419753685
2023-04-03,-0.38549618320610424
2023-04-04,-0.02316602316602636
2023-04-06,-1.5048231511254007
2023-04-07,-1.1097560975609784
2023-04-10,0.18055555555555938
2023-04-11,0.7522123893805326
2023-04-12,0.6234567901234592
2023-04-13,-0.41556950967150685
2023-04-14,-0.9716088554631375
2023-04-17,-0.6060229211997926
2023-04-18,0.33645776462970817
2023-04-19,0.20295202952029745
2023-04-20,0.3858921161825731
2023-04-21,-0.6904761904761916
2023-04-24,-0.8669201520912595
2023-04-25,-1.0000000000000009
2023-04-26,-0.4013840830449792
2023-04-27,-0.3139534883720869
2023-04-28,-0.04824561403508952
2023-05-04,-0.0040816326530659
2023-05-05,-0.8520179372197308
2023-05-08,-0.4401709401709367
2023-05-09,-0.9221789883268444
2023-05-10,-0.6706827309236998
2023-05-11,-0.7183098591549312
2023-05-12,-1.0861244019138754
2023-05-15,-1.0398009950248712
2023-05-16,-0.25698324022346064
2023-05-17,0.17318435754189357
2023-05-18,-0.4314720812182814
2023-05-19,-1.2009569377990434
2023-05-22,-2.051181102362208
2023-05-23,-1.8006430868167236
2023-05-24,-1.1777777777777747
2023-05-25,-0.4106583072100296
2023-05-26,-0.17701863354037697
2023-05-29,0.12903225806452212
2023-05-30,0.223938223938222
2023-05-31,0.5828025477706995
2023-06-01,0.7806451612903187
2023-06-02,0.6666666666666701
2023-06-05,-0.08894878706199401
2023-06-06,-0.5730337078651667
2023-06-07,-0.7594936708860796
2023-06-08,-0.41290322580645383
2023-06-09,0.10309278350515233
2023-06-12,-0.7613168724279836
2023-06-13,0.02459016393442941
2023-06-14,0.0971659919028341
2023-06-15,0.8282442748091526
2023-06-16,0.76136363636363
2023-06-19,0.3070866141732259
2023-06-20,0.1298701298701333
2023-06-21,-0.18721461187214483
2023-06-26,0.8944954128440415
2023-06-27,0.6919431279620845
2023-06-28,1.606334841628952
2023-06-29,1.9610894941634258
2023-06-30,1.094696969696972
2023-07-03,0.4347826086956509
2023-07-04,0.060606060606060816
2023-07-05,-0.9922779922779893
2023-07-06,-0.47161572052401346
2023-07-07,0.7992125984251967
2023-07-10,1.9025974025973997
2023-07-11,1.2861635220125842
2023-07-12,1.6340057636887657
2023-07-13,1.0083102493074796
2023-07-14,0.3633720930232522
2023-07-17,-0.826470588235293
2023-07-18,0.6009174311926652
2023-07-19,0.5274151436031336
2023-07-20,0.5831265508684865
2023-07-21,0.38820638820638426
2023-07-24,-0.2513661202185845
2023-07-25,0.862804878048781
2023-07-26,1.8352144469526004
2023-07-27,1.5294117647058827
2023-07-28,1.0719999999999992
2023-07-31,0.04554079696394996
2023-08-01,0.02834008097165851
2023-08-02,-0.46437346437346544
2023-08-03,-0.8674999999999966
2023-08-04,-0.4060150375939845
2023-08-07,-0.7333333333333316
2023-08-08,0.024650789830411367
2023-08-09,0.2700419091222526
2023-08-10,-0.22728884981128344
2023-08-11,1.0021633224514348
2023-08-14,0.5263157894736861
2023-08-15,0.9795396419437357
2023-08-16,-0.027777777777778883
2023-08-17,0.12967581047381704
2023-08-18,-0.3740053050397893
2023-08-21,0.4909090909090938
2023-08-22,0.11764705882353141
2023-08-23,1.2122448979591842
2023-08-24,0.773809523809524
2023-08-25,0.6632016632016635
2023-08-28,-0.12974051896207436
2023-08-29,-0.8065693430656913
2023-08-30,0.27726432532347434
2023-08-31,0.22417153996101358
2023-09-01,0.7568493150684913
2023-09-04,-0.2960413080895019
2023-09-05,-0.3241252302025782
2023-09-06,-0.24835164835164628
2023-09-07,-1.080789946140034
2023-09-08,-0.6947368421052645
2023-09-11,-0.2015113350125924
2023-09-12,0.18346253229974133
2023-09-13,0.8040540540540543
2023-09-14,0.7846607669616493
2023-09-15,0.7457142857142869
2023-09-18,0.7109144542772844
2023-09-19,0.34876543209876276
2023-09-20,0.014440433212999215
2023-09-21,-0.36764705882353144
2023-09-22,-0.279245283018869
2023-09-25,-1.2032258064516164
2023-09-26,-1.0032467532467602
2023-09-27,-0.7964285714285744
2023-09-28,-0.1365313653136559
2023-10-09,0.2006920415224951
2023-10-10,-1.291291291291295
2023-10-11,-0.9887005649717492
2023-10-12,-0.12814070351759146
2023-10-13,0.2524271844660191
2023-10-16,0.5487179487179528
2023-10-17,0.2801302931596131
2023-10-18,0.8566878980891758
2023-10-19,1.6031746031746028
2023-10-20,1.0794520547945219
2023-10-23,0.005089058524172282
2023-10-24,-0.38303341902313404
2023-10-25,-0.13385826771653186
2023-10-26,-0.1474820143884946
2023-10-27,0.6062500000000012
2023-10-30,1.3418803418803456
2023-10-31,0.8658892128279952
2023-11-01,0.5781710914454318
2023-11-02,0.34202898550724786
2023-11-03,0.23008849557522382
2023-11-06,0.9900990099009946
2023-11-07,0.7426035502958565
2023-11-08,0.07826086956521593
2023-11-09,0.01861702127659485
2023-11-10,-0.6418604651162801
2023-11-13,-0.28395061728394777
2023-11-14,-0.33031674208144923
2023-11-15,0.11764705882353124
2023-11-16,0.2612826603325389
2023-11-17,-0.7813267813267852
2023-11-20,-0.5405405405405421
2023-11-21,-0.37428571428571233
2023-11-22,0.19559228650138102
2023-11-23,0.07485029940120093
2023-11-24,-0.5977859778597804
2023-11-27,-0.24232081911263664
2023-11-28,0.18596491228070042
2023-11-29,-0.0580645161290281
2023-11-30,0.24683544303797708
2023-12-01,0.4416243654822316
2023-12-04,-0.12600536193030026
2023-12-05,0.6799116997792533
2023-12-06,0.8590308370044041
2023-12-07,0.09368635437881906
2023-12-08,-0.402272727272726
2023-12-11,-0.5223254033801347
2023-12-12,0.2066781642919998
2023-12-13,-0.2277918570356015
2023-12-14,-0.4906744439234871
2023-12-15,-0.5925925925925891
2023-12-18,-0.7295597484276747
2023-12-19,-0.6791808873720122
2023-12-20,-0.4181818181818213
2023-12-21,-0.3453815261044156
2023-12-22,-0.5337837837837793
2023-12-25,-1.108695652173916
2023-12-26,-0.7195571955719529
2023-12-27,-0.4538461538461539
2023-12-28,0.28467153284671454
2023-12-29,0.415458937198067
2024-01-02,0.5787037037037025
2024-01-03,1.129770992366417
2024-01-04,0.31578947368421323
2024-01-05,0.20344827586207123
2024-01-08,-1.1913746630727813
2024-01-09,-0.7241379310344861
2024-01-10,-0.5404530744336593
2024-01-11,-0.2745762711864445
2024-01-12,-0.4820846905537468
2024-01-15,0.2570281124498061
2024-01-16,0.2369477911646608
2024-01-17,-0.2689393939393887
2024-01-18,0.09615384615384354
2024-01-19,0.18454935622317792
2024-01-22,-0.2723404255319107
2024-01-23,-0.6652173913043535
2024-01-24,0.5074626865671723
2024-01-25,0.6679536679536658
2024-01-26,0.4427480916030476
2024-01-29,0.8368794326241107
2024-01-30,0.16778523489932853
2024-01-31,-0.45344129554656104
2024-02-01,0.039370078740156425
2024-02-02,0.06844106463878256
2024-02-05,0.5837104072398192
2024-02-06,0.7294685990338249
2024-02-07,0.5588235294117669
2024-02-08,0.15744680851063853
2024-02-19,0.18656716417910463
2024-02-20,-0.17921146953405065
2024-02-21,-0.15068493150684836
2024-02-22,0.41666666666666174
2024-02-23,0.23109243697478407
2024-02-26,-0.34841628959275583
2024-02-27,0.1504854368932026
2024-02-28,-0.7175925925925994
2024-02-29,-1.1469194312796298
2024-03-01,0.7073170731707302
2024-03-04,0.8384615384615351
2024-03-05,0.6608391608391615
2024-03-06,0.5833333333333339
2024-03-07,-0.13199999999999787
2024-03-08,0.1581632653061211
2024-03-11,-0.2613065326633153
2024-03-12,-0.7391304347826069
2024-03-13,-1.3448275862068952
2024-03-14,-1.0918367346938738
2024-03-15,-0.43888888888888966
2024-03-18,-1.546558704453447
2024-03-19,-1.3720930232558113
2024-03-20,-1.078740157480316
2024-03-21,-0.4124513618677056
2024-03-22,-0.411320754716983
2024-03-25,-0.0504587155963314
2024-03-26,0.19158878504673263
2024-03-27,-0.5708154506437744
2024-03-28,-0.2943722943722935
2024-03-29,-0.05405405405405154
2024-04-01,0.04565276134214537
2024-04-02,-0.31883729106873
2024-04-03,0.2682740741735701
2024-04-08,0.6273715168735308
2024-04-09,-0.18672199170125
2024-04-10,0.6077586206896575
2024-04-11,-0.07112970711296801
2024-04-12,1.2935483870967788
2024-04-15,1.019867549668874
2024-04-16,0.8664259927797836
2024-04-17,0.856115107913672
2024-04-18,0.4675324675324662
2024-04-19,0.7835051546391797
2024-04-22,0.16129032258064363
2024-04-23,-0.36190476190475557
2024-04-24,0.2133757961783441
2024-04-25,0.4947368421052593
2024-04-26,0.3287671232876701
2024-04-29,0.45588235294117224
2024-04-30,-0.299999999999996
2024-05-06,1.1133603238866467
2024-05-07,0.5875912408759151
2024-05-08,0.27472527472527547
2024-05-09,0.1131386861313859
2024-05-10,-0.571942446043165
2024-05-13,0.4297188755020058
2024-05-14,0.2368421052631614
2024-05-15,0.14035087719298514
2024-05-16,-0.08547008547008908
2024-05-17,0.04641350210970499
2024-05-20,1.3700305810397488
2024-05-21,0.37362637362637574
2024-05-22,0.26178010471203944
2024-05-23,-0.11968085106383293
2024-05-24,-0.01634877384195983
2024-05-27,0.012048192771085329
2024-05-28,-0.03482587064676703
2024-05-29,0.2964824120603033
2024-05-30,-0.16509433962264533
2024-05-31,-0.2979797979797993
2024-06-03,-1.1659574468085094
2024-06-04,0.02214022140221581
2024-06-05,0.3579766536965046
2024-06-06,-0.17928286852589126
2024-06-07,-0.43369175627240025
2024-06-11,-1.2471910112359514
2024-06-12,-1.4055299539170492
2024-06-13,-1.1250000000000007
2024-06-14,0.30805687203790844
2024-06-17,0.4585635359116027
2024-06-18,-0.03409090909090496
2024-06-19,-0.28648648648649255
2024-06-20,0.015789473684211793
2024-06-21,0.36702127659573386
2024-06-24,-0.03260869565217652
2024-06-25,1.3429951690821231
2024-06-26,0.7427184466019419
2024-06-27,0.45098039215686503
2024-06-28,0.42541436464087995
2024-07-01,-0.8064516129032205
2024-07-02,-0.5838150289017334
2024-07-03,0.7866666666666655
2024-07-04,0.30263157894736625
2024-07-05,0.19047619047618675
2024-07-08,-0.7252252252252169
2024-07-09,-0.768907563025213
2024-07-10,-1.2358974358974437
2024-07-11,-0.5435897435897433
2024-07-12,-0.579207920792079
2024-07-15,-0.3080808080808126
2024-07-16,-0.28248587570621236
2024-07-17,-0.36723163841806983
2024-07-18,-0.1017964071856249
2024-07-19,-0.05732484076433596
2024-07-22,-0.5182481751824811
2024-07-23,-1.0845070422535175
2024-07-24,-0.4592592592592618
2024-07-25,-0.7122302158273426
2024-07-26,-0.24647887323944212
2024-07-29,-0.06923076923076547
2024-07-30,0.7328767123287719
2024-07-31,1.136054421768705
2024-08-01,1.2534246575342498
2024-08-02,1.2982456140350769
2024-08-05,0.17857142857143174
2024-08-06,-0.6887755102040785
2024-08-07,-0.8097826086956589
2024-08-08,-0.6473684210526323
2024-08-09,0.2666666666666684
2024-08-12,0.4451219512195167
2024-08-13,0.761589403973513
2024-08-14,-0.621890547263678
2024-08-15,-0.4420974006573037
2024-08-16,-1.0315891963638464
2024-08-19,-1.051022165692859
2024-08-20,-0.13239745558236213
2024-08-21,0.4531249999999978
2024-08-22,0.1875000000000029
2024-08-23,-0.4161073825503312
2024-08-26,0.08771929824560572
2024-08-27,-0.14999999999999794
2024-08-28,-0.3375796178343937
2024-08-29,0.020134228187911402
2024-08-30,-0.194244604316545
2024-09-02,-0.5000000000000075
2024-09-03,-0.9302325581395412
2024-09-04,-1.2916666666666716
2024-09-05,-1.070796460176981
2024-09-06,-0.7033898305084663
2024-09-09,-1.3181818181818172
2024-09-10,-1.777027027027035
2024-09-11,-0.27717391304348027
2024-09-12,0.3380952380952402
2024-09-13,0.059907834101385234
2024-09-18,-0.41791044776119984
2024-09-19,-0.17961165048543812
2024-09-20,-0.2375690607734753
2024-09-23,-0.3630952380952517
2024-09-24,0.5935828877005381
2024-09-25,0.3879310344827573
2024-09-26,0.6605504587155967
2024-09-27,0.999999999999998
2024-09-30,1.173076923076923
2024-10-08,0.42809364548494777
2024-10-09,-0.2084942084942052
2024-10-10,-0.6036363636363649
2024-10-11,-0.5102040816326556
2024-10-14,-0.5833333333333302
2024-10-15,0.37777777777778054
2024-10-16,0.342975206611566
2024-10-17,-0.4628099173553725
2024-10-18,0.22500000000000073
2024-10-21,0.01438848920863147
2024-10-22,0.06355932203389732
2024-10-23,0.10628019323671163
2024-10-24,0.16666666666666227
2024-10-25,0.18666666666666926
2024-10-28,0.07284768211919905
2024-10-29,-0.30555555555556246
2024-10-30,-0.3312101910828029
2024-10-31,-0.3006993006993019
2024-11-01,0.13333333333334169
2024-11-04,0.6142857142857155
2024-11-05,0.9463087248322225
2024-11-06,-0.40000000000000024
2024-11-07,-0.056818181818185313
2024-11-08,-0.12941176470587795
2024-11-11,-1.0264550264550245
2024-11-12,-0.8108108108108169
2024-11-13,-0.47058823529411736
2024-11-14,-0.5933333333333335
2024-11-15,-0.3453237410071882
2024-11-18,-0.39285714285712814
2024-11-19,0.9929078014184326
2024-11-20,0.34693877551019797
2024-11-21,0.31428571428571145
2024-11-22,-0.09929078014185326
2024-11-25,-0.19014084507041928
2024-11-26,0.37272727272726935
2024-11-27,1.0508474576271079
2024-11-28,0.7499999999999984
2024-11-29,-0.48854961832060906
2024-12-02,-0.48780487804877304
2024-12-03,-0.7350427350427367
2024-12-04,-1.3507462686567104
2024-12-05,-1.153846153846162
2024-12-06,-1.1825396825396794
2024-12-09,-1.2714285714285773
2024-12-10,-0.11695906432749308
2024-12-11,0.007407407407421804
2024-12-12,-0.011240148405092009
2024-12-13,-0.99153900629916
2024-12-16,-1.4074863866570182
2024-12-17,-1.3301717339875518
2024-12-18,-1.4220779220779212
2024-12-19,0.4688995215311002
2024-12-20,0.2901554404145099
2024-12-23,0.37894736842105414
2024-12-24,0.7055837563451761
2024-12-25,0.32777777777777806
2024-12-26,-0.4238410596026559
2024-12-27,-0.9166666666666676
2024-12-30,-0.9664429530201407
2024-12-31,-0.8695652173913071
