date,FCT_Cmf_1@40
2012-07-16,
2012-07-17,
2012-07-18,
2012-07-19,
2012-07-20,
2012-07-23,
2012-07-24,
2012-07-25,
2012-07-26,
2012-07-27,
2012-07-30,
2012-07-31,
2012-08-01,
2012-08-02,
2012-08-03,
2012-08-06,
2012-08-07,
2012-08-08,
2012-08-09,
2012-08-10,
2012-08-13,
2012-08-14,
2012-08-15,
2012-08-16,
2012-08-17,
2012-08-20,
2012-08-21,
2012-08-22,
2012-08-23,
2012-08-24,
2012-08-27,
2012-08-28,
2012-08-29,
2012-08-30,
2012-08-31,
2012-09-03,
2012-09-04,
2012-09-05,
2012-09-06,
2012-09-07,
2012-09-10,
2012-09-11,
2012-09-12,
2012-09-13,
2012-09-14,
2012-09-17,
2012-09-18,
2012-09-19,
2012-09-20,
2012-09-21,
2012-09-24,
2012-09-25,
2012-09-26,
2012-09-27,
2012-09-28,
2012-10-08,
2012-10-09,
2012-10-10,
2012-10-11,
2012-10-12,
2012-10-15,
2012-10-16,
2012-10-17,
2012-10-18,
2012-10-19,
2012-10-22,
2012-10-23,
2012-10-24,
2012-10-25,
2012-10-26,
2012-10-29,
2012-10-30,
2012-10-31,
2012-11-01,
2012-11-02,
2012-11-05,
2012-11-06,
2012-11-07,
2012-11-08,
2012-11-09,
2012-11-12,
2012-11-13,
2012-11-14,
2012-11-15,
2012-11-16,
2012-11-19,
2012-11-20,
2012-11-21,
2012-11-22,
2012-11-23,
2012-11-26,
2012-11-27,
2012-11-28,
2012-11-29,
2012-11-30,
2012-12-03,
2012-12-04,
2012-12-05,
2012-12-06,
2012-12-07,
2012-12-10,
2012-12-11,
2012-12-12,
2012-12-13,
2012-12-14,
2012-12-17,
2012-12-18,
2012-12-19,
2012-12-20,
2012-12-21,
2012-12-24,
2012-12-25,
2012-12-26,
2012-12-27,
2012-12-28,
2012-12-31,
2013-01-04,
2013-01-07,
2013-01-08,
2013-01-09,
2013-01-10,
2013-01-11,
2013-01-14,
2013-01-15,
2013-01-16,
2013-01-17,
2013-01-18,
2013-01-21,
2013-01-22,
2013-01-23,
2013-01-24,
2013-01-25,
2013-01-28,
2013-01-29,
2013-01-30,
2013-01-31,
2013-02-01,
2013-02-04,
2013-02-05,
2013-02-06,
2013-02-07,
2013-02-08,-0.16507817668706737
2013-02-18,-0.19243034943233858
2013-02-19,-0.2113000489107518
2013-02-20,-0.2625352276730529
2013-02-21,-0.16707731817461893
2013-02-22,-0.17848547763935418
2013-02-25,-0.23374282909581245
2013-02-26,-0.2789265579115341
2013-02-27,-0.23851701175056567
2013-02-28,-0.28167431458537523
2013-03-01,-0.2524859475036631
2013-03-04,-0.25505637324313923
2013-03-05,-0.24689077643922908
2013-03-06,-0.22919594255030987
2013-03-07,-0.23764424382096463
2013-03-08,-0.20729205014535038
2013-03-11,-0.19010889879431617
2013-03-12,-0.18474161865312647
2013-03-13,-0.1609243834073263
2013-03-14,-0.1943089562359722
2013-03-15,-0.1594730579022644
2013-03-18,-0.1703745889866837
2013-03-19,-0.14996050299875996
2013-03-20,-0.14431636176739263
2013-03-21,-0.17160183398241424
2013-03-22,-0.18242289709578505
2013-03-25,-0.1464610944179407
2013-03-26,-0.16754387956392702
2013-03-27,-0.156104135053512
2013-03-28,-0.1647200627182234
2013-03-29,-0.15597159470575767
2013-04-01,-0.18514293130782541
2013-04-02,-0.18528891652079676
2013-04-03,-0.2168308928500661
2013-04-08,-0.19844628647797902
2013-04-09,-0.1983910601611131
2013-04-10,-0.16459669911861827
2013-04-11,-0.15450277754835418
2013-04-12,-0.16501874174071055
2013-04-15,-0.18212117925437535
2013-04-16,-0.13917589222190882
2013-04-17,-0.10002119462927593
2013-04-18,-0.08278092857654425
2013-04-19,-0.07596920748450654
2013-04-22,-0.1025261868637986
2013-04-23,0.006528667242121231
2013-04-24,0.08899942103845783
2013-04-25,0.1088051657471974
2013-04-26,0.08363158872104764
2013-05-02,0.07469915517425382
2013-05-03,0.09194550167708165
2013-05-06,0.11444304685930239
2013-05-07,0.08334325664091163
2013-05-08,0.10380871587912466
2013-05-09,0.10843839967993717
2013-05-10,0.1346034173165744
2013-05-13,0.12438352205425442
2013-05-14,0.12396611765544563
2013-05-15,0.10519415535548363
2013-05-16,0.13644769332053375
2013-05-17,0.1417625260183597
2013-05-20,0.14668922349607377
2013-05-21,0.15308818483258624
2013-05-22,0.16200192954409337
2013-05-23,0.16370612675604196
2013-05-24,0.1754091960492588
2013-05-27,0.17090935320892775
2013-05-28,0.18014524521910819
2013-05-29,0.15421657356393095
2013-05-30,0.15343608085905536
2013-05-31,0.15214441473486018
2013-06-03,0.11459435136312597
2013-06-04,0.02331158962584044
2013-06-05,-0.15614550551693815
2013-06-06,-0.08674814539320366
2013-06-07,-0.09278883907427234
2013-06-13,-0.10716772010262755
2013-06-14,-0.10570234806342056
2013-06-17,-0.10591251564660821
2013-06-18,-0.11184552063660888
2013-06-19,-0.11788340466726697
2013-06-20,-0.13617403716649357
2013-06-21,-0.13811458513427727
2013-06-24,-0.14959248025486535
2013-06-25,-0.13915668099207812
2013-06-26,-0.1779727374820362
2013-06-27,-0.2529036178205585
2013-06-28,-0.3220592975849129
2013-07-01,-0.3042933770266605
2013-07-02,-0.2173132529248498
2013-07-03,-0.25577505716805915
2013-07-04,-0.2652788003626409
2013-07-05,-0.24381365571891253
2013-07-08,-0.2546815041535421
2013-07-09,-0.26461170316427157
2013-07-10,-0.2705846006122954
2013-07-11,-0.2709176685503631
2013-07-12,-0.27515979898983217
2013-07-15,-0.2907438349023747
2013-07-16,-0.29639188368063063
2013-07-17,-0.3007119743459735
2013-07-18,-0.2852309630399182
2013-07-19,-0.28322779762226363
2013-07-22,-0.27355746758714167
2013-07-23,-0.24335064714733975
2013-07-24,-0.23521595342272003
2013-07-25,-0.26623279928559473
2013-07-26,-0.3186167252747758
2013-07-29,-0.25911551474064937
2013-07-30,-0.2182089469501303
2013-07-31,-0.20900458065007185
2013-08-01,-0.2000089801237566
2013-08-02,-0.1698252011714189
2013-08-05,-0.11755207309774728
2013-08-06,-0.15394792452888403
2013-08-07,-0.20752527026860393
2013-08-08,-0.1575725787796747
2013-08-09,-0.15877323277656769
2013-08-12,-0.11145184017666308
2013-08-13,-0.05079802880306884
2013-08-14,-0.09473459419464726
2013-08-15,-0.0894819332439416
2013-08-16,-0.10727907451320165
2013-08-19,-0.1155435227098886
2013-08-20,-0.1385780474641621
2013-08-21,-0.1477928879238968
2013-08-22,-0.14071491797627073
2013-08-23,-0.1295145399357441
2013-08-26,-0.060349801961420445
2013-08-27,-0.08874233384524013
2013-08-28,-0.09784805501417658
2013-08-29,-0.09534169908380682
2013-08-30,-0.09472688830472724
2013-09-02,-0.07560426340655724
2013-09-03,-0.067387389653791
2013-09-04,-0.06660426613873202
2013-09-05,-0.06902313246720373
2013-09-06,-0.048755039486511366
2013-09-09,-0.04388415818330442
2013-09-10,-0.036001222842851024
2013-09-11,-0.023123680291298437
2013-09-12,-0.03910974624079366
2013-09-13,-0.04875843243025436
2013-09-16,-0.06338343467006993
2013-09-17,-0.06218396566228438
2013-09-18,-0.07026106853144982
2013-09-23,-0.049643747274513025
2013-09-24,-0.009560364459479038
2013-09-25,-0.04964259251716708
2013-09-26,-0.08251606160508473
2013-09-27,-0.09462566389138449
2013-09-30,-0.10097422190532197
2013-10-08,-0.11103983105267919
2013-10-09,-0.10524687127446057
2013-10-10,-0.08434049074142781
2013-10-11,-0.059403165087619114
2013-10-14,-0.07376632352512985
2013-10-15,-0.05434290970641023
2013-10-16,-0.07281340002809775
2013-10-17,-0.1372443826678025
2013-10-18,-0.08635797339505462
2013-10-21,-0.09280884187512507
2013-10-22,-0.09866931851566599
2013-10-23,-0.08016684247287692
2013-10-24,-0.05026740757718648
2013-10-25,-0.04329126992312967
2013-10-28,-0.03043773973398542
2013-10-29,-0.0318364529417671
2013-10-30,-0.06927334662205119
2013-10-31,-0.047727210571184724
2013-11-01,0.033743911775451225
2013-11-04,0.062210662361084586
2013-11-05,0.05913553276448185
2013-11-06,-0.0012250510763835178
2013-11-07,-0.036926712683572525
2013-11-08,-0.060231760971555
2013-11-11,-0.08130348630851121
2013-11-12,-0.036710873378937706
2013-11-13,-0.04171534126080222
2013-11-14,0.005993691851600864
2013-11-15,-0.06283483022505693
2013-11-18,-0.10231335668353822
2013-11-19,-0.14583960379634614
2013-11-20,-0.08758554928077449
2013-11-21,-0.05371262464318823
2013-11-22,-0.09421950007399826
2013-11-25,-0.1090119352962537
2013-11-26,-0.14181889994190144
2013-11-27,-0.10178755324635257
2013-11-28,-0.10719915685425467
2013-11-29,-0.07467466716057626
2013-12-02,-0.06801395849631221
2013-12-03,-0.08543622791421054
2013-12-04,-0.08538849736380193
2013-12-05,-0.11292809196276556
2013-12-06,-0.0985802346152548
2013-12-09,-0.10481190906895656
2013-12-10,-0.09912014126701947
2013-12-11,-0.08575310595457919
2013-12-12,-0.08752268856176272
2013-12-13,-0.11422729462004029
2013-12-16,-0.12994325997355302
2013-12-17,-0.12698757395901084
2013-12-18,-0.10809588245356946
2013-12-19,-0.1198801188924356
2013-12-20,-0.1279209535364779
2013-12-23,-0.12337417005284762
2013-12-24,-0.1254440962878319
2013-12-25,-0.15463234368150378
2013-12-26,-0.17082900588925146
2013-12-27,-0.1854396176245023
2013-12-30,-0.21368416125839904
2013-12-31,-0.23267003437260478
2014-01-02,-0.21319353311361322
2014-01-03,-0.20637262045088167
2014-01-06,-0.20453453434890037
2014-01-07,-0.20709823959703882
2014-01-08,-0.23417068971207447
2014-01-09,-0.22639702501990858
2014-01-10,-0.2739373728610596
2014-01-13,-0.25871534596519985
2014-01-14,-0.21489841333047296
2014-01-15,-0.18743575967535697
2014-01-16,-0.2334709387385594
2014-01-17,-0.2732520098938576
2014-01-20,-0.2009736894218357
2014-01-21,-0.19353301826761166
2014-01-22,-0.16742766233761203
2014-01-23,-0.20108851829054095
2014-01-24,-0.19734007624967184
2014-01-27,-0.2408118913074521
2014-01-28,-0.25816299120508224
2014-01-29,-0.24025939632486862
2014-01-30,-0.24961844977514192
2014-02-07,-0.21598395188504624
2014-02-10,-0.22192438988450472
2014-02-11,-0.23294980157213144
2014-02-12,-0.2519941066410106
2014-02-13,-0.2857717601139947
2014-02-14,-0.26150074876846585
2014-02-17,-0.21957429148499563
2014-02-18,-0.20185763170871576
2014-02-19,-0.20076450574998317
2014-02-20,-0.22825275025684863
2014-02-21,-0.22488119842990564
2014-02-24,-0.19754717727461513
2014-02-25,-0.20569579745428923
2014-02-26,-0.1764520797976602
2014-02-27,-0.1550122718929278
2014-02-28,-0.12030745640055356
2014-03-03,-0.13318508795780384
2014-03-04,-0.12457596849553068
2014-03-05,-0.0731973346233145
2014-03-06,-0.05049928581429857
2014-03-07,-0.0283050088567406
2014-03-10,0.013338520317315503
2014-03-11,0.07228589596494511
2014-03-12,0.0786133908538573
2014-03-13,0.0875114635145378
2014-03-14,0.09056641774897853
2014-03-17,0.07495432854298892
2014-03-18,-0.011028063259655005
2014-03-19,-0.019071969655290472
2014-03-20,-0.05315800369630235
2014-03-21,-0.050680384141660734
2014-03-24,-0.08758427036322362
2014-03-25,-0.08702145269529635
2014-03-26,-0.0800717473744059
2014-03-27,-0.0789289109548445
2014-03-28,-0.058018383985857444
2014-03-31,-0.05764292962477248
2014-04-01,-0.03518974049382174
2014-04-02,-0.018359161913777285
2014-04-03,-0.01853814791923173
2014-04-04,-0.02174777674819212
2014-04-08,-0.02173870801382125
2014-04-09,-0.013783046841037212
2014-04-10,-0.02538460838716979
2014-04-11,-0.02073225899708957
2014-04-14,-0.02676261661157335
2014-04-15,-0.052029477278212874
2014-04-16,-0.023538746516243488
2014-04-17,-0.0184975489403108
2014-04-18,-0.013676480480193067
2014-04-21,-0.014331569649324328
2014-04-22,-0.013703054092983773
2014-04-23,-0.013996472207726898
2014-04-24,-0.026775578395759385
2014-04-25,-0.017563448313603944
2014-04-28,-0.02150427297042241
2014-04-29,0.009038844223239735
2014-04-30,0.010380824163841887
2014-05-05,-0.0125928226386806
2014-05-06,-0.04091038664808549
2014-05-07,-0.043513888334121856
2014-05-08,-0.06777522672175194
2014-05-09,-0.09332712597508559
2014-05-12,-0.09608983736907165
2014-05-13,-0.1030934231491727
2014-05-14,-0.08374756014321105
2014-05-15,-0.05569096648048917
2014-05-16,0.004827973640742816
2014-05-19,0.02738218156436078
2014-05-20,0.06828212946434088
2014-05-21,0.05528419345843034
2014-05-22,0.04911028118465446
2014-05-23,0.0698675250620428
2014-05-26,0.06925435492621503
2014-05-27,0.05323859566259978
2014-05-28,0.0550843930782768
2014-05-29,0.06957400534164968
2014-05-30,0.05480518537672939
2014-06-03,0.030622285354095894
2014-06-04,0.020353002741215997
2014-06-05,-0.004845973314165783
2014-06-06,-0.021934000454533465
2014-06-09,-0.021703550584530776
2014-06-10,-0.000500634228328401
2014-06-11,-0.008186155093923689
2014-06-12,-0.015424351211345859
2014-06-13,-0.0071116139131161315
2014-06-16,-0.05594337013646969
2014-06-17,-0.05619306111649424
2014-06-18,-0.0916262335260172
2014-06-19,-0.08138956770033563
2014-06-20,-0.08880058698140983
2014-06-23,-0.06741352249783811
2014-06-24,-0.06970252371777126
2014-06-25,-0.09024097690136973
2014-06-26,-0.09850521035730911
2014-06-27,-0.1893532318053602
2014-06-30,-0.18215326223203232
2014-07-01,-0.1865921927138152
2014-07-02,-0.167692689299909
2014-07-03,-0.1739414295871619
2014-07-04,-0.16649433661925908
2014-07-07,-0.1699816165140808
2014-07-08,-0.2103658429409131
2014-07-09,-0.2630059000580945
2014-07-10,-0.24527431788165352
2014-07-11,-0.2650929158852576
2014-07-14,-0.2656820658244916
2014-07-15,-0.2657426947499039
2014-07-16,-0.22978181025903502
2014-07-17,-0.21903913892538462
2014-07-18,-0.20570529740650775
2014-07-21,-0.2508865365703039
2014-07-22,-0.24023044204666275
2014-07-23,-0.2240084517989144
2014-07-24,-0.25082138141819343
2014-07-25,-0.2494821645294637
2014-07-28,-0.2531432306106742
2014-07-29,-0.2126160344998593
2014-07-30,-0.18185632433676202
2014-07-31,-0.15267974494612205
2014-08-01,-0.16331448980511842
2014-08-04,-0.14284932883729598
2014-08-05,-0.1566758071895369
2014-08-06,-0.15440623477644683
2014-08-07,-0.1560317240091495
2014-08-08,-0.14504181450720838
2014-08-11,-0.13171344394152712
2014-08-12,-0.13456817001900334
2014-08-13,-0.14297551634535968
2014-08-14,-0.17288308100544028
2014-08-15,-0.20641839664904743
2014-08-18,-0.22598784692181012
2014-08-19,-0.24419929365998105
2014-08-20,-0.2334610175143835
2014-08-21,-0.23820312844708114
2014-08-22,-0.21978327868552144
2014-08-25,-0.14490797610491865
2014-08-26,-0.14807712385398902
2014-08-27,-0.1225196466128305
2014-08-28,-0.11894491589799663
2014-08-29,-0.12312460939525456
2014-09-01,-0.1049441469970912
2014-09-02,-0.06712846354808578
2014-09-03,-0.05864142183024461
2014-09-04,-0.07806187779058628
2014-09-05,-0.06795621401264453
2014-09-09,-0.09833335103005507
2014-09-10,-0.11057923035574425
2014-09-11,-0.11683095272533527
2014-09-12,-0.07643154307061761
2014-09-15,-0.04889813729217194
2014-09-16,-0.06026570879356977
2014-09-17,-0.038803500904660095
2014-09-18,-0.04402056035506725
2014-09-19,-0.0418856588821045
2014-09-22,-0.056609593400525
2014-09-23,-0.0483795285140095
2014-09-24,-0.0716760445949157
2014-09-25,-0.07436627572032119
2014-09-26,-0.07501345342337311
2014-09-29,-0.06696549077837284
2014-09-30,-0.08433804290634145
2014-10-08,-0.08228668094924771
2014-10-09,-0.0631697092309855
2014-10-10,-0.06854463657784458
2014-10-13,-0.06605786858378213
2014-10-14,-0.04308193844961855
2014-10-15,-0.04218808185341651
2014-10-16,-0.045159754144041726
2014-10-17,-0.023707525003366717
2014-10-20,-0.030672413959813957
2014-10-21,-0.040304325262564375
2014-10-22,-0.03719901086097621
2014-10-23,-0.028643580776033437
2014-10-24,-0.043599191592483065
2014-10-27,-0.054547423360820996
2014-10-28,-0.10568848372473656
2014-10-29,-0.06792722985747078
2014-10-30,-0.08155881427338621
2014-10-31,-0.07062804937508423
2014-11-03,-0.07243022353716759
2014-11-04,-0.08281364859761241
2014-11-05,-0.11756023662201553
2014-11-06,-0.1002477490465289
2014-11-07,-0.08936207565829415
2014-11-10,-0.06778203273848707
2014-11-11,-0.04659230261859755
2014-11-12,-0.014126790283666629
2014-11-13,-0.011390370651718724
2014-11-14,-0.030566701653998822
2014-11-17,-0.08117539812273003
2014-11-18,-0.060973913027020966
2014-11-19,-0.0893894642486235
2014-11-20,-0.0810000741270458
2014-11-21,-0.0775043677128329
2014-11-24,-0.07370370550707706
2014-11-25,-0.08049613524486603
2014-11-26,-0.08790750295462844
2014-11-27,-0.0796264995544795
2014-11-28,-0.07521964908336122
2014-12-01,-0.10556666757813134
2014-12-02,-0.09626143650332677
2014-12-03,-0.054625115091128454
2014-12-04,-0.07945259378443091
2014-12-05,-0.04911629958312315
2014-12-08,-0.045136808976702476
2014-12-09,-0.06107622428357541
2014-12-10,-0.045386635062037814
2014-12-11,-0.046545486294727524
2014-12-12,-0.052774537629672075
2014-12-15,-0.03013891308650048
2014-12-16,-0.029494819109951425
2014-12-17,-0.020470513505969852
2014-12-18,-0.034742516831371306
2014-12-19,-0.028645578309517018
2014-12-22,-0.012091479952710009
2014-12-23,0.0007224288437752387
2014-12-24,-0.04377426161861352
2014-12-25,-0.0627882726771048
2014-12-26,-0.09483420432395637
2014-12-29,-0.053297511578401485
2014-12-30,-0.02483369702522075
2014-12-31,-0.009116647456487076
2015-01-05,-0.020274621223977364
2015-01-06,-0.022949580012665432
2015-01-07,-0.04508102915763957
2015-01-08,-0.046090235407290785
2015-01-09,-0.06363084690183171
2015-01-12,-0.08539160133265077
2015-01-13,-0.11770566629831743
2015-01-14,-0.09947435570506916
2015-01-15,-0.11043094355977012
2015-01-16,-0.08501239779962295
2015-01-19,-0.06982968451424985
2015-01-20,-0.05609753279286879
2015-01-21,-0.027730172970893766
2015-01-22,-0.03050853767698666
2015-01-23,-0.01443393502635787
2015-01-26,-0.028721241797957053
2015-01-27,-0.055653918632499216
2015-01-28,-0.011913765941979626
2015-01-29,-0.03234878493507341
2015-01-30,-0.05429293839224597
2015-02-02,-0.0655270385680227
2015-02-03,-0.10157636117832097
2015-02-04,-0.12678342056686245
2015-02-05,-0.1423587805016592
2015-02-06,-0.17167788296365377
2015-02-09,-0.15876071463987165
2015-02-10,-0.1428298090632433
2015-02-11,-0.1321490786120367
2015-02-12,-0.1289941787785547
2015-02-13,-0.12761253885705665
2015-02-16,-0.12146397570487963
2015-02-17,-0.11218648908578868
2015-02-25,-0.11052770551254469
2015-02-26,-0.11798042258370349
2015-02-27,-0.08155065575485054
2015-03-02,-0.060426461221987034
2015-03-03,-0.05825991632729444
2015-03-04,-0.08700362529801137
2015-03-05,-0.12018554680016065
2015-03-06,-0.11345151963958754
2015-03-09,-0.11954664946858269
2015-03-10,-0.12747137051657942
2015-03-11,-0.1183442231981758
2015-03-12,-0.13641518473447914
2015-03-13,-0.1385503255759345
2015-03-16,-0.12920438094701492
2015-03-17,-0.11304824025018216
2015-03-18,-0.09537477345413242
2015-03-19,-0.08795581179759898
2015-03-20,-0.1195578094045546
2015-03-23,-0.12869210854429758
2015-03-24,-0.14929516924664482
2015-03-25,-0.16979100392730131
2015-03-26,-0.15110793976545425
2015-03-27,-0.16731538695862366
2015-03-30,-0.172887728275586
2015-03-31,-0.15394209304921477
2015-04-01,-0.1911192157023457
2015-04-02,-0.14836036400317876
2015-04-03,-0.17550505388891144
2015-04-07,-0.1623626023369089
2015-04-08,-0.13584534081713184
2015-04-09,-0.10552213130953196
2015-04-10,-0.1036564594666555
2015-04-13,-0.0562114031475512
2015-04-14,-0.05565109213707826
2015-04-15,-0.03372635039940597
2015-04-16,-0.07147817227142167
2015-04-17,-0.06919130716527475
2015-04-20,-0.041428831583168915
2015-04-21,-0.04322570978640335
2015-04-22,-0.04581435952750247
2015-04-23,-0.08092143640137178
2015-04-24,-0.08236145972630757
2015-04-27,-0.10746570101956565
2015-04-28,-0.1518372851658622
2015-04-29,-0.1257061125304136
2015-04-30,-0.11076088717527102
2015-05-04,-0.06739751495388831
2015-05-05,-0.09582470258689989
2015-05-06,-0.1063607705635213
2015-05-07,-0.10637400644704022
2015-05-08,-0.13008439791883886
2015-05-11,-0.09456239714851522
2015-05-12,-0.08533853148989452
2015-05-13,-0.11117798746175535
2015-05-14,-0.10082742008305466
2015-05-15,-0.11773561964376138
2015-05-18,-0.07576729097092735
2015-05-19,-0.08703639218314954
2015-05-20,-0.10649542791551092
2015-05-21,-0.12209527784210521
2015-05-22,-0.10878111670009225
2015-05-25,-0.10496123695308521
2015-05-26,-0.11686787600519521
2015-05-27,-0.12753548944602
2015-05-28,-0.1419859075896738
2015-05-29,-0.11955353720010597
2015-06-01,-0.12212728493230078
2015-06-02,-0.1307629166663134
2015-06-03,-0.13560154494863144
2015-06-04,-0.1321171330114468
2015-06-05,-0.1324602417792423
2015-06-08,-0.12566979886757104
2015-06-09,-0.10050740309915442
2015-06-10,-0.09878888381273918
2015-06-11,-0.1103893468373474
2015-06-12,-0.09838438776437268
2015-06-15,-0.10140185711592252
2015-06-16,-0.11035650743640449
2015-06-17,-0.10611061000698667
2015-06-18,-0.11198580406458195
2015-06-19,-0.07021033601763316
2015-06-23,-0.07589738186388174
2015-06-24,-0.07080071733555587
2015-06-25,-0.03161600211795491
2015-06-26,-0.04428797249550582
2015-06-29,-0.07589808986804154
2015-06-30,-0.10018247197524219
2015-07-01,-0.07316458802321817
2015-07-02,-0.0577298656271064
2015-07-03,-0.04640741290294615
2015-07-06,-0.03990211484716932
2015-07-07,-0.07242627879095448
2015-07-08,-0.11763673383734488
2015-07-09,-0.04157004007344685
2015-07-10,-0.01961350897972008
2015-07-13,-0.030567645818565598
2015-07-14,-0.03025161979034522
2015-07-15,-0.01884150413961002
2015-07-16,-0.0016877289163072142
2015-07-17,-0.002528457660197735
2015-07-20,0.009129753389137655
2015-07-21,0.019055471041631755
2015-07-22,0.036151002708614995
2015-07-23,0.020329977228340155
2015-07-24,0.03050576287361997
2015-07-27,0.0064470458861004476
2015-07-28,0.019181209624292084
2015-07-29,0.020789487317037957
2015-07-30,0.03414505175303995
2015-07-31,0.022668451610108355
2015-08-03,0.003949633653909254
2015-08-04,0.02088148424271509
2015-08-05,0.004018560967568207
2015-08-06,-0.005099596893594747
2015-08-07,0.009983812742689085
2015-08-10,0.03373096137973497
2015-08-11,0.046340973361341214
2015-08-12,0.045373182413170544
2015-08-13,0.04621262161898767
2015-08-14,0.04287456444008794
2015-08-17,0.04236987586869547
2015-08-18,0.02871789461482817
2015-08-19,0.02960244594191758
2015-08-20,-0.0018516435449169525
2015-08-21,-0.01936140794315216
2015-08-24,-0.03430851387825428
2015-08-25,-0.05879609957519843
2015-08-26,-0.0815558007749344
2015-08-27,-0.07132932173171586
2015-08-28,-0.0533100865335444
2015-08-31,-0.06906982484287337
2015-09-01,-0.04114565398064945
2015-09-02,-0.003911655916776312
2015-09-07,-0.03985000924546096
2015-09-08,-0.06109029871078931
2015-09-09,-0.07827192883779417
2015-09-10,-0.047862350481086065
2015-09-11,-0.06246684549628068
2015-09-14,-0.056247095624059565
2015-09-15,-0.050024649948048124
2015-09-16,-0.03740504673665581
2015-09-17,-0.061452902509174366
2015-09-18,-0.07017022657875595
2015-09-21,-0.04170644938005434
2015-09-22,-0.056655778563682174
2015-09-23,-0.03302129519180601
2015-09-24,-0.0443473279493369
2015-09-25,-0.007124615819153659
2015-09-28,-0.008625071044659774
2015-09-29,-0.011665858495015608
2015-09-30,0.006791326438998529
2015-10-08,-0.014904651912052654
2015-10-09,-0.0029299179551879433
2015-10-12,0.024424559212239235
2015-10-13,0.020417962613686225
2015-10-14,0.015719098455501714
2015-10-15,-0.008918185615388189
2015-10-16,-0.019521834706088134
2015-10-19,-0.02953693548847047
2015-10-20,-0.023494685741975337
2015-10-21,-0.036637022317842056
2015-10-22,-0.00027479360316617793
2015-10-23,-0.024257001880680883
2015-10-26,-0.016372284426519675
2015-10-27,0.007992143668179366
2015-10-28,0.034602072283269225
2015-10-29,0.05841790856288728
2015-10-30,0.07049607677334725
2015-11-02,0.06468681070964656
2015-11-03,0.042901584572633586
2015-11-04,0.08855284819362959
2015-11-05,0.08071298489175306
2015-11-06,0.08005051469582483
2015-11-09,0.06878088585884946
2015-11-10,0.06810450732364738
2015-11-11,0.0712996442435117
2015-11-12,0.048317241809582016
2015-11-13,0.07345729551134082
2015-11-16,0.03451553056482178
2015-11-17,0.07918346335549513
2015-11-18,0.042751701196493914
2015-11-19,0.03649918112636483
2015-11-20,0.07134087285194826
2015-11-23,0.040244272549298375
2015-11-24,0.09161969967674709
2015-11-25,0.10233773585112806
2015-11-26,0.09247270140626686
2015-11-27,0.07748782332225317
2015-11-30,0.08029171547767
2015-12-01,0.07960845879374873
2015-12-02,0.08394720791868003
2015-12-03,0.09022577202948821
2015-12-04,0.05562974418628874
2015-12-07,0.04250911328784545
2015-12-08,0.004483398687841833
2015-12-09,-0.05518881848581013
2015-12-10,-0.05472963850829815
2015-12-11,-0.005775071965280488
2015-12-14,0.0054258276792126066
2015-12-15,0.0025037056539903273
2015-12-16,0.011826524382922771
2015-12-17,-0.02915699797339377
2015-12-18,0.010888764688496404
2015-12-21,0.05162235305034659
2015-12-22,0.02386219833328579
2015-12-23,0.028578603896480804
2015-12-24,0.015535019671953568
2015-12-25,0.025635925227822813
2015-12-28,-0.000502686507430444
2015-12-29,0.030841269974786128
2015-12-30,0.03479326678963219
2015-12-31,0.04399531433228473
2016-01-04,0.034313117324908764
2016-01-05,0.05147095910479113
2016-01-06,0.029853849271836864
2016-01-07,0.038906031000797335
2016-01-08,0.021551198272300953
2016-01-11,-0.005847579600080245
2016-01-12,-0.014437426416843145
2016-01-13,-0.04482352005611809
2016-01-14,-0.043471311067516644
2016-01-15,-0.03655503264670016
2016-01-18,-0.03756318265238825
2016-01-19,-0.01945645113358888
2016-01-20,-0.05698859611206357
2016-01-21,-0.0944692259051306
2016-01-22,-0.07022316622708473
2016-01-25,-0.08418655716318924
2016-01-26,-0.08010675480157023
2016-01-27,-0.06035300449010261
2016-01-28,-0.07294568976659797
2016-01-29,-0.08858237480665705
2016-02-01,-0.08514329064957611
2016-02-02,-0.07563959781938553
2016-02-03,-0.07027062260902735
2016-02-04,-0.02695822410974996
2016-02-05,-0.00914837329422194
2016-02-15,-0.05191891718216222
2016-02-16,-0.053099806612758677
2016-02-17,-0.04502986454106189
2016-02-18,-0.06082592851325366
2016-02-19,-0.061321047409170465
2016-02-22,-0.07059663336120499
2016-02-23,-0.11549432630901628
2016-02-24,-0.11816866189736668
2016-02-25,-0.12182521513271403
2016-02-26,-0.11402074141636499
2016-02-29,-0.1078639418545162
2016-03-01,-0.0841544441091072
2016-03-02,-0.12639877186070095
2016-03-03,-0.147150199840382
2016-03-04,-0.16037614867068758
2016-03-07,-0.14025072276056372
2016-03-08,-0.16148073255375311
2016-03-09,-0.12456896385338369
2016-03-10,-0.13994809426995766
2016-03-11,-0.09830289716811366
2016-03-14,-0.09188603878325269
2016-03-15,-0.07946035174901936
2016-03-16,-0.08450428396511726
2016-03-17,-0.04543595864067588
2016-03-18,-0.03650927697904027
2016-03-21,-0.03475341836363339
2016-03-22,-0.021840587435024466
2016-03-23,-0.0310258743924485
2016-03-24,-0.024590619631593306
2016-03-25,-0.02192634290355045
2016-03-28,-0.03132040094466499
2016-03-29,-0.040552570493008575
2016-03-30,-0.06278436894705232
2016-03-31,-0.047181210630456306
2016-04-01,0.0018176807530482313
2016-04-05,0.01612010007064389
2016-04-06,-0.00807624174116882
2016-04-07,0.011069402664230855
2016-04-08,-0.0032404365500129403
2016-04-11,-0.0008902044114602574
2016-04-12,-0.007087226408192737
2016-04-13,-0.02411172231506285
2016-04-14,0.0076286663333204035
2016-04-15,-0.01987674752558842
2016-04-18,0.022854371999638076
2016-04-19,0.025790424917710438
2016-04-20,0.04290361743353586
2016-04-21,0.08596005407676385
2016-04-22,0.07863517450295478
2016-04-25,0.07732434093652983
2016-04-26,0.05445311429970076
2016-04-27,0.038842468366400304
2016-04-28,0.029777023174673917
2016-04-29,-0.003905463497703587
2016-05-03,0.011724100921618843
2016-05-04,0.039115127816001974
2016-05-05,0.02569478276701673
2016-05-06,0.004498013169000682
2016-05-09,0.03671665585122322
2016-05-10,0.043448969684736834
2016-05-11,0.08332422929262485
2016-05-12,0.08957993755016601
2016-05-13,0.02766651077799377
2016-05-16,0.002183620168996027
2016-05-17,0.01805504061241728
2016-05-18,-0.007192038724341535
2016-05-19,-0.050167048797635776
2016-05-20,-0.039402624801448884
2016-05-23,-0.06115860350488271
2016-05-24,-0.06194254198135677
2016-05-25,-0.06535791813539013
2016-05-26,-0.04834763411625428
2016-05-27,-0.044390608068627185
2016-05-30,-0.021107250681910456
2016-05-31,-0.0619715368030382
2016-06-01,-0.06253506475021713
2016-06-02,-0.04419904170625716
2016-06-03,-0.022007234403737867
2016-06-06,-0.013529529160163619
2016-06-07,0.004090238848074202
2016-06-08,0.006530559240987873
2016-06-13,0.005275415592737265
2016-06-14,-0.018046276202926502
2016-06-15,-0.016340269921881166
2016-06-16,-0.04310234423762379
2016-06-17,-0.03515970242631128
2016-06-20,-0.03801599649480314
2016-06-21,-0.07234607820338933
2016-06-22,-0.0627798855414322
2016-06-23,-0.06917781435097634
2016-06-24,-0.07721425919569995
2016-06-27,-0.0562732362727626
2016-06-28,-0.033893183273106905
2016-06-29,-0.017720069946274078
2016-06-30,-0.013255874036179064
2016-07-01,-0.03325418501965009
2016-07-04,0.007957774272564328
2016-07-05,0.024367386347261353
2016-07-06,-0.01929736538327813
2016-07-07,-0.04643526508684561
2016-07-08,-0.07551170947386109
2016-07-11,-0.06725281798977793
2016-07-12,-0.020500665733128597
2016-07-13,0.0019075856392491127
2016-07-14,0.003972622542308618
2016-07-15,0.029243315952993953
2016-07-18,0.04684513061856354
2016-07-19,0.04244180084466141
2016-07-20,0.1086306027733921
2016-07-21,0.094210920025242
2016-07-22,0.08710303481037655
2016-07-25,0.06491617620908903
2016-07-26,0.06547878297534218
2016-07-27,0.02301530358343874
2016-07-28,0.037967702090641174
2016-07-29,0.013856127479878012
2016-08-01,0.011783055115284215
2016-08-02,-0.0057822951760401935
2016-08-03,-0.012550330022616595
2016-08-04,-0.04059735965813046
2016-08-05,-0.05070595470428009
2016-08-08,-0.02762966157770048
2016-08-09,-0.008401405534961869
2016-08-10,0.001188627811902687
2016-08-11,-0.0005628999834334722
2016-08-12,-0.010221189405003567
2016-08-15,0.010164427139763003
2016-08-16,0.04545331324726707
2016-08-17,0.04345187055047171
2016-08-18,0.03799479490739499
2016-08-19,0.08120867431139048
2016-08-22,0.04553731467950715
2016-08-23,0.028984487400055183
2016-08-24,0.04752630328528591
2016-08-25,0.017672455051879744
2016-08-26,0.013963639132328374
2016-08-29,-0.02816167383602118
2016-08-30,-0.03492381907760959
2016-08-31,-0.027063496037577656
2016-09-01,-0.013348223376289216
2016-09-02,-0.014868382610249697
2016-09-05,-0.031686672444781426
2016-09-06,-0.029660920097070442
2016-09-07,-0.037441205535722305
2016-09-08,-0.05867830569919936
2016-09-09,-0.04877599368634443
2016-09-12,-0.048049245647959996
2016-09-13,-0.02403774761607184
2016-09-14,-0.08515098247607475
2016-09-19,-0.06741670449607252
2016-09-20,-0.008242542816396843
2016-09-21,-0.006904784637865154
2016-09-22,-0.01193832897690166
2016-09-23,0.01827740760452079
2016-09-26,0.058916608571041716
2016-09-27,0.08631800164015745
2016-09-28,0.057625018227500914
2016-09-29,0.032476501073870935
2016-09-30,0.03268195822936933
2016-10-10,0.03324917394003663
2016-10-11,0.07195403104462757
2016-10-12,0.06412250045148243
2016-10-13,0.011541381157581502
2016-10-14,0.05268390159527355
2016-10-17,0.09254272907109765
2016-10-18,0.07694484628310297
2016-10-19,0.1100962815195516
2016-10-20,-0.011575019225529792
2016-10-21,-0.03016813641964862
2016-10-24,0.03732541703036034
2016-10-25,-0.053901636556574026
2016-10-26,-0.0024412457339596095
2016-10-27,-0.032882060852036155
2016-10-28,-0.013694569085876108
2016-10-31,-0.015896742553752553
2016-11-01,-0.02569184452975756
2016-11-02,-0.03233459256165951
2016-11-03,-0.03437667960215746
2016-11-04,-0.051437063227578454
2016-11-07,-0.03357599131696065
2016-11-08,-0.018490756311010315
2016-11-09,-0.02928041644754486
2016-11-10,-0.005425538044198572
2016-11-11,0.006432681914684242
2016-11-14,-0.04099545627800801
2016-11-15,-0.06264177924282852
2016-11-16,-0.03245572933626442
2016-11-17,-0.04432020095972351
2016-11-18,-0.035137521929779224
2016-11-21,-0.03319487875729823
2016-11-22,-0.05370440128976324
2016-11-23,-0.056726608719084866
2016-11-24,-0.03171240638019495
2016-11-25,-0.00914326276492525
2016-11-28,0.0019366198332820875
2016-11-29,-0.004272329709541163
2016-11-30,0.04593198620784315
2016-12-01,0.01267537070740548
2016-12-02,0.024470213526528475
2016-12-05,0.02843715084053215
2016-12-06,0.008539984594956028
2016-12-07,0.010866862016293392
2016-12-08,0.017343608322517023
2016-12-09,0.006245031025015018
2016-12-12,0.0043771497622418585
2016-12-13,0.0019598611907170405
2016-12-14,-0.03736987815600005
2016-12-15,0.006034273534782594
2016-12-16,-0.004620313566245272
2016-12-19,-0.040732584158638376
2016-12-20,-0.010671045979942041
2016-12-21,-0.03962747899772683
2016-12-22,-0.031426875121429394
2016-12-23,-0.0690012081418718
2016-12-26,-0.06737626313574842
2016-12-27,-0.0489586395923458
2016-12-28,-0.053223284115015666
2016-12-29,-0.04855157345722583
2016-12-30,-0.02758696198893055
2017-01-03,-0.054178377308664316
2017-01-04,-0.06638320996743823
2017-01-05,-0.06153412055619526
2017-01-06,-0.09433615902032881
2017-01-09,-0.10715222110511778
2017-01-10,-0.05534228017945106
2017-01-11,-0.035316859827527254
2017-01-12,-0.06048758879650836
2017-01-13,-0.06470810601776962
2017-01-16,-0.0457093874566436
2017-01-17,-0.043533273919568495
2017-01-18,-0.04705233527600666
2017-01-19,-0.03754816673931724
2017-01-20,-0.07326832877104109
2017-01-23,-0.09973633056515468
2017-01-24,-0.11629448851806888
2017-01-25,-0.11932384826124133
2017-01-26,-0.20614457816642642
2017-02-03,-0.17083927580822028
2017-02-06,-0.19468244124875808
2017-02-07,-0.2172872258105952
2017-02-08,-0.18135517631438913
2017-02-09,-0.2102769107208648
2017-02-10,-0.1694279945149317
2017-02-13,-0.20136629200783882
2017-02-14,-0.23686582342843004
2017-02-15,-0.24906892896376157
2017-02-16,-0.2525552940654247
2017-02-17,-0.2818830471047725
2017-02-20,-0.23967937425215935
2017-02-21,-0.23363823935537129
2017-02-22,-0.2115785801190382
2017-02-23,-0.21393398335827374
2017-02-24,-0.16920262806404443
2017-02-27,-0.14813170887317587
2017-02-28,-0.1372631733252507
2017-03-01,-0.1672198354387345
2017-03-02,-0.14435906741957114
2017-03-03,-0.15179215221794692
2017-03-06,-0.14474284764714512
2017-03-07,-0.14360783977608568
2017-03-08,-0.1594299420178267
2017-03-09,-0.17127299280208744
2017-03-10,-0.17386886120681538
2017-03-13,-0.16546236656704785
2017-03-14,-0.18124786448619148
2017-03-15,-0.19396193722395313
2017-03-16,-0.19544732687395727
2017-03-17,-0.18494898782676691
2017-03-20,-0.21588262781772238
2017-03-21,-0.23577793865314106
2017-03-22,-0.23456900393746133
2017-03-23,-0.2614059835050533
2017-03-24,-0.2620158433286152
2017-03-27,-0.2795351255651898
2017-03-28,-0.29453842464367086
2017-03-29,-0.28276805318619663
2017-03-30,-0.2890392404092241
2017-03-31,-0.31199810382592225
2017-04-05,-0.3030663190209262
2017-04-06,-0.30625048098963925
2017-04-07,-0.3416766698572756
2017-04-10,-0.3130174441166491
2017-04-11,-0.3382330351065337
2017-04-12,-0.34493182822802537
2017-04-13,-0.3033994058263728
2017-04-14,-0.263625272862985
2017-04-17,-0.24324021582932204
2017-04-18,-0.2397263489231282
2017-04-19,-0.25368097255050254
2017-04-20,-0.2220978501688506
2017-04-21,-0.22308096834913285
2017-04-24,-0.18696554946307867
2017-04-25,-0.21861834871340965
2017-04-26,-0.2333376848975158
2017-04-27,-0.23215084379605794
2017-04-28,-0.2338563144080707
2017-05-02,-0.21153584810041554
2017-05-03,-0.2158174036530818
2017-05-04,-0.1946764465352311
2017-05-05,-0.19703005598209541
2017-05-08,-0.17394523092797415
2017-05-09,-0.15819016384622783
2017-05-10,-0.15523604289584778
2017-05-11,-0.12538438903108504
2017-05-12,-0.12053181179028967
2017-05-15,-0.11115192225224323
2017-05-16,-0.09919637629630895
2017-05-17,-0.08095226923605761
2017-05-18,-0.08835541318765078
2017-05-19,-0.09146215931437018
2017-05-22,-0.0749379711462757
2017-05-23,-0.0760024615559445
2017-05-24,-0.0781656355998314
2017-05-25,-0.08888128156047898
2017-05-26,-0.11232311058084868
2017-05-31,-0.12890156806508948
2017-06-01,-0.11332362508644503
2017-06-02,-0.10193059318855842
2017-06-05,-0.10783237226036282
2017-06-06,-0.07762472391490904
2017-06-07,-0.06801240946291925
2017-06-08,-0.07789974765352
2017-06-09,-0.059698032258856115
2017-06-12,-0.013246806250636345
2017-06-13,-0.03975132778711726
2017-06-14,-0.047285977035982314
2017-06-15,-0.0437991391891731
2017-06-16,-0.017952979342934407
2017-06-19,-0.007861933264183447
2017-06-20,-0.043462374987885105
2017-06-21,-0.047809384998734224
2017-06-22,-0.06958291373506395
2017-06-23,-0.05719992349618141
2017-06-26,-0.043279945841248404
2017-06-27,-0.027395696028868224
2017-06-28,-0.02681677793151497
2017-06-29,-0.043122854984936024
2017-06-30,-0.055322177893107734
2017-07-03,-0.059364165126599144
2017-07-04,-0.06174902504672115
2017-07-05,-0.06251877297431795
2017-07-06,-0.05967313084236434
2017-07-07,-0.022331736792343966
2017-07-10,-0.045684288903154846
2017-07-11,-0.047647160589128774
2017-07-12,-0.05720971127471499
2017-07-13,-0.07363145876017857
2017-07-14,-0.09516301221926883
2017-07-17,-0.08396125021598225
2017-07-18,-0.09018718121038721
2017-07-19,-0.09544812539859177
2017-07-20,-0.06450137523153379
2017-07-21,-0.04316016412203265
2017-07-24,-0.02868996857871268
2017-07-25,0.020842421697064396
2017-07-26,0.04023994932715446
2017-07-27,0.047783614870744666
2017-07-28,0.04610853086219438
2017-07-31,0.05670772474028826
2017-08-01,0.02948211978099335
2017-08-02,0.04164426711145436
2017-08-03,0.024395056229624516
2017-08-04,-0.0007579523011634559
2017-08-07,-0.038582533948621135
2017-08-08,0.012438822782441324
2017-08-09,0.02201773667117106
2017-08-10,0.0650708091215197
2017-08-11,0.022240687768406393
2017-08-14,-0.012782360943372465
2017-08-15,-0.019115599428545352
2017-08-16,-0.03702549195308525
2017-08-17,-0.014235057029979454
2017-08-18,0.009673228358981755
2017-08-21,-0.0006445002331938501
2017-08-22,0.011080625415173316
2017-08-23,0.05115159966332031
2017-08-24,0.06243914661977199
2017-08-25,0.05894188524421432
2017-08-28,0.04252009167469796
2017-08-29,0.059319480679417336
2017-08-30,0.03103373926675391
2017-08-31,0.03249826672109219
2017-09-01,0.013475499664083625
2017-09-04,0.0071266982551767425
2017-09-05,0.02743349339107685
2017-09-06,0.007153928203869855
2017-09-07,0.026662737253765695
2017-09-08,-0.00630306476905872
2017-09-11,0.009789028110536965
2017-09-12,0.012755528265324991
2017-09-13,-0.019014398093886217
2017-09-14,-0.015375204386925495
2017-09-15,-0.01489224840914437
2017-09-18,-0.019086572872883872
2017-09-19,-0.03714715955717439
2017-09-20,-0.02314429069665876
2017-09-21,-0.035952720458466446
2017-09-22,-0.013618743582905131
2017-09-25,-0.04167312050434674
2017-09-26,-0.052591786037708074
2017-09-27,-0.062007860716239836
2017-09-28,-0.053663246903002636
2017-09-29,-0.04902536314404587
2017-10-09,-0.04396836434388622
2017-10-10,-0.07660724888997518
2017-10-11,-0.09299874390339563
2017-10-12,-0.11173270892564693
2017-10-13,-0.06814569840294017
2017-10-16,-0.035549918777609234
2017-10-17,-0.015306733259336736
2017-10-18,-0.0029159153988111376
2017-10-19,-0.04657764468955548
2017-10-20,-0.05686978234385433
2017-10-23,-0.018408295437895086
2017-10-24,-0.04808847425143995
2017-10-25,-0.06618465869524133
2017-10-26,-0.05864837024025458
2017-10-27,-0.017395650516389683
2017-10-30,-0.00871063863171029
2017-10-31,-0.0008400277358189362
2017-11-01,0.013098367399581388
2017-11-02,0.015294591064424922
2017-11-03,0.02067152228361376
2017-11-06,0.01299412581397073
2017-11-07,-0.0049042740268908855
2017-11-08,0.007593441576714469
2017-11-09,0.0022455017864063623
2017-11-10,0.022554170384400298
2017-11-13,-0.010143892179004162
2017-11-14,-0.0017420398035156981
2017-11-15,0.018741879676697236
2017-11-16,-0.000696706811819292
2017-11-17,-0.012627718326993637
2017-11-20,0.008267951231460052
2017-11-21,0.020429765890583203
2017-11-22,0.01202365854715723
2017-11-23,0.013477936538467636
2017-11-24,0.011128283532432028
2017-11-27,0.016881173943139108
2017-11-28,0.03161615729632241
2017-11-29,0.020683734063812572
2017-11-30,0.04574321107134392
2017-12-01,0.014949255484054578
2017-12-04,0.04030292294342832
2017-12-05,0.02384010766562853
2017-12-06,0.03821446698037605
2017-12-07,-0.000812611712953985
2017-12-08,-0.031449246342462135
2017-12-11,-0.04186995357197022
2017-12-12,-0.04464047191265927
2017-12-13,-0.024983147160941337
2017-12-14,-0.007674809904979236
2017-12-15,-0.020136264947556298
2017-12-18,-0.033822689958567284
2017-12-19,-0.054666632617781506
2017-12-20,-0.08711828007974562
2017-12-21,-0.15273944090914718
2017-12-22,-0.19865197821063027
2017-12-25,-0.18643705670117647
2017-12-26,-0.1915359426106529
2017-12-27,-0.17080221268125037
2017-12-28,-0.1930231518376991
2017-12-29,-0.1989871057625321
2018-01-02,-0.19319416282202756
2018-01-03,-0.19997830849646814
2018-01-04,-0.16702778246872352
2018-01-05,-0.16175416895931263
2018-01-08,-0.1438895634830676
2018-01-09,-0.1311899282937589
2018-01-10,-0.13657870493836172
2018-01-11,-0.12716907973684197
2018-01-12,-0.13327310646620064
2018-01-15,-0.12937474830771914
2018-01-16,-0.15543727914170452
2018-01-17,-0.13742495662134258
2018-01-18,-0.11733728859791946
2018-01-19,-0.13621810455071445
2018-01-22,-0.11903316817042683
2018-01-23,-0.08232913548797172
2018-01-24,-0.069942793916118
2018-01-25,-0.050158472981011636
2018-01-26,-0.0527118576765803
2018-01-29,-0.043640055680817406
2018-01-30,-0.09040730170936964
2018-01-31,-0.04177803716145633
2018-02-01,-0.06726179829039558
2018-02-02,-0.07167167983603384
2018-02-05,-0.056187899260141214
2018-02-06,-0.08453169170713803
2018-02-07,-0.09659969313083332
2018-02-08,-0.09441138852079337
2018-02-09,-0.0902345511015593
2018-02-12,-0.08764173642626169
2018-02-13,-0.09860431175592213
2018-02-14,-0.08841775613716388
2018-02-22,-0.09120436830002578
2018-02-23,-0.029255340788562716
2018-02-26,-0.00063231023739769
2018-02-27,-0.029129864716079232
2018-02-28,-0.003912108002617559
2018-03-01,0.0037928979091291283
2018-03-02,0.05526154546361068
2018-03-05,0.038871239887612964
2018-03-06,0.012830222061274876
2018-03-07,-0.014407405236800843
2018-03-08,-0.022449063161688602
2018-03-09,-0.06398373387410611
2018-03-12,-0.05181813501552014
2018-03-13,-0.012545496303502565
2018-03-14,-0.04131351377938173
2018-03-15,-0.03474645253606373
2018-03-16,-0.04737925642168728
2018-03-19,-0.008405817126800354
2018-03-20,0.01967839847466253
2018-03-21,-0.014827018395342314
2018-03-22,-0.025679980174904967
2018-03-23,-0.0038851199819494356
2018-03-26,-0.01280706922129139
2018-03-27,-0.03956491680099997
2018-03-28,-0.053496230097757475
2018-03-29,-0.07718679509746401
2018-03-30,-0.07291616235649649
2018-04-02,-0.03921544588055546
2018-04-03,-0.0042498452875397415
2018-04-04,-0.010748784701497247
2018-04-09,-0.04185334526907528
2018-04-10,-0.017313816663824515
2018-04-11,-0.040386931599269975
2018-04-12,-0.05608559658664859
2018-04-13,-0.037007548572383614
2018-04-16,-0.0680035270120955
2018-04-17,-0.026743019000943072
2018-04-18,-0.03213492959427469
2018-04-19,-0.006731238965747615
2018-04-20,-0.010794638871565258
2018-04-23,-0.0120050871529589
2018-04-24,-0.06005616842620346
2018-04-25,-0.06412484150481286
2018-04-26,-0.0655516973359575
2018-04-27,-0.0963097073287603
2018-05-02,-0.09958869344472969
2018-05-03,-0.10915455683511142
2018-05-04,-0.08551098112251757
2018-05-07,-0.07366359945262597
2018-05-08,-0.054705789986004894
2018-05-09,-0.02991278081979498
2018-05-10,-0.014645429348121713
2018-05-11,-0.012937337408208694
2018-05-14,-0.03863108544209562
2018-05-15,-0.024670667470380672
2018-05-16,-0.05866359804084809
2018-05-17,-0.01047361992931716
2018-05-18,0.0035879211976743226
2018-05-21,-0.006044351835482522
2018-05-22,0.02328498220559985
2018-05-23,0.030167532834277415
2018-05-24,0.10600426919474823
2018-05-25,0.028921046994124983
2018-05-28,0.0104751775465167
2018-05-29,0.07606207526395632
2018-05-30,0.08752439379248345
2018-05-31,-0.00012072832024695444
2018-06-01,-0.009375655230013127
2018-06-04,-0.0550508147981472
2018-06-05,-0.05454962983889863
2018-06-06,-0.04685034032885589
2018-06-07,-0.050085959166373276
2018-06-08,-0.08297373835546229
2018-06-11,-0.06357201836415459
2018-06-12,-0.08197898321094019
2018-06-13,-0.07288867982557357
2018-06-14,-0.09396446250987801
2018-06-15,-0.07380447427511205
2018-06-19,-0.12834383932012608
2018-06-20,-0.12996311146472592
2018-06-21,-0.13029583694953212
2018-06-22,-0.1251483516443957
2018-06-25,-0.1330583401673905
2018-06-26,-0.12921506782365774
2018-06-27,-0.11786687877491495
2018-06-28,-0.1283725548363288
2018-06-29,-0.13345523614923924
2018-07-02,-0.14328983356442282
2018-07-03,-0.141963530369361
2018-07-04,-0.14465573770459086
2018-07-05,-0.15077986890306286
2018-07-06,-0.14667199364988687
2018-07-09,-0.1516528250104102
2018-07-10,-0.15787138349694727
2018-07-11,-0.16039849103086928
2018-07-12,-0.15760968134224412
2018-07-13,-0.17717749754131404
2018-07-16,-0.18777602447511235
2018-07-17,-0.19436392205930472
2018-07-18,-0.20514221676726885
2018-07-19,-0.21681339701197633
2018-07-20,-0.2588961960825934
2018-07-23,-0.23467686620837122
2018-07-24,-0.22588188265506567
2018-07-25,-0.2697842866244409
2018-07-26,-0.29011159996107116
2018-07-27,-0.25033467893344724
2018-07-30,-0.26849591693137764
2018-07-31,-0.24304175360269661
2018-08-01,-0.25032261905918585
2018-08-02,-0.260160723378468
2018-08-03,-0.2602569555114927
2018-08-06,-0.20616615195292887
2018-08-07,-0.20378293185946375
2018-08-08,-0.16559633088461012
2018-08-09,-0.1676145695405512
2018-08-10,-0.14749564882474553
2018-08-13,-0.18468413034844045
2018-08-14,-0.10380680513941695
2018-08-15,-0.08308254991041049
2018-08-16,-0.072714085801676
2018-08-17,-0.05586794846692821
2018-08-20,-0.017593373759172574
2018-08-21,0.0031034846738592554
2018-08-22,0.0008285496225287254
2018-08-23,-0.004678330481015949
2018-08-24,-0.021379554695708534
2018-08-27,-0.03251313901851529
2018-08-28,-0.022394368647280127
2018-08-29,-0.042707448082964686
2018-08-30,-0.028992844845101735
2018-08-31,-0.049370336689170326
2018-09-03,-0.01380072673240497
2018-09-04,-0.004454136739239753
2018-09-05,0.00440147560787982
2018-09-06,0.029594008060086874
2018-09-07,0.05430905541942789
2018-09-10,0.07402591418200995
2018-09-11,0.0808357678650542
2018-09-12,0.055390722834947066
2018-09-13,0.05764836508191411
2018-09-14,0.04990141044175367
2018-09-17,0.06341675328041778
2018-09-18,0.038785867525948044
2018-09-19,0.02343129589451792
2018-09-20,0.0013761222598878155
2018-09-21,-0.02572073929587764
2018-09-25,-0.01601400175271674
2018-09-26,0.005604379941269918
2018-09-27,-0.005795091287320956
2018-09-28,0.013160903170111631
2018-10-08,0.007141068774472655
2018-10-09,0.02280754946798276
2018-10-10,0.01344151525800802
2018-10-11,-0.026719930807139868
2018-10-12,-0.016447489008070613
2018-10-15,-0.02716990966009752
2018-10-16,-0.04191940469156415
2018-10-17,-0.03288162273802335
2018-10-18,-0.0588156006154998
2018-10-19,-0.0760449045278435
2018-10-22,-0.07927094087647006
2018-10-23,-0.11589079719386823
2018-10-24,-0.1552731143835572
2018-10-25,-0.17562361121345824
2018-10-26,-0.15648586275905327
2018-10-29,-0.12162248687658939
2018-10-30,-0.11686156860109725
2018-10-31,-0.13525739320321692
2018-11-01,-0.1252688339103829
2018-11-02,-0.15678248852891527
2018-11-05,-0.1357525630958525
2018-11-06,-0.16350245286195406
2018-11-07,-0.16652169957369609
2018-11-08,-0.16987811371595973
2018-11-09,-0.18758033695498594
2018-11-12,-0.1672819787941818
2018-11-13,-0.2002489260491792
2018-11-14,-0.21970592887072155
2018-11-15,-0.1940415843876053
2018-11-16,-0.20603912235975214
2018-11-19,-0.19020518776352086
2018-11-20,-0.19436591323662325
2018-11-21,-0.15299837539339903
2018-11-22,-0.1244162157990487
2018-11-23,-0.09462339909634611
2018-11-26,-0.06512912665392225
2018-11-27,-0.09620121751826904
2018-11-28,-0.1163679219140827
2018-11-29,-0.126343582297846
2018-11-30,-0.1244045703374604
2018-12-03,-0.13376653534790864
2018-12-04,-0.17019776290503077
2018-12-05,-0.18586058803520422
2018-12-06,-0.1300477224966348
2018-12-07,-0.14765987763371524
2018-12-10,-0.15182444219639424
2018-12-11,-0.13228935948835777
2018-12-12,-0.12712189517894415
2018-12-13,-0.1018905563474972
2018-12-14,-0.09850553593490025
2018-12-17,-0.08792635309413772
2018-12-18,-0.04759043312800299
2018-12-19,0.00669811817153995
2018-12-20,0.007697185281001509
2018-12-21,-0.001839857070643097
2018-12-24,-0.03567017746928622
2018-12-25,-0.019504349638058957
2018-12-26,-0.015864149397098792
2018-12-27,0.002412737198592741
2018-12-28,0.032947268390680545
2019-01-02,0.034621506228038036
2019-01-03,0.04938847604599612
2019-01-04,0.06053736841437731
2019-01-07,0.0624843437747833
2019-01-08,0.08369247876444014
2019-01-09,0.03787207704813952
2019-01-10,0.03101641743014719
2019-01-11,0.03717193660702575
2019-01-14,0.014530458129761127
2019-01-15,0.050542090498794746
2019-01-16,0.058581571101750086
2019-01-17,0.02093718085406612
2019-01-18,0.010012529383924903
2019-01-21,0.026390694699048194
2019-01-22,0.02967354832478092
2019-01-23,0.02011926536085121
2019-01-24,0.03340797119634358
2019-01-25,0.03927657076022446
2019-01-28,0.07987372005188766
2019-01-29,0.06174086889328217
2019-01-30,0.08238570606474224
2019-01-31,0.06189557479919466
2019-02-01,0.05326542638778575
2019-02-11,0.014791329125545587
2019-02-12,0.011688550263188081
2019-02-13,0.034948293443259476
2019-02-14,0.05139893001334224
2019-02-15,0.01788084344077269
2019-02-18,0.03263103483917532
2019-02-19,0.07836065996368585
2019-02-20,0.04498655310341983
2019-02-21,0.03308501925020548
2019-02-22,0.00391913342558503
2019-02-25,0.017447993741487398
2019-02-26,-0.00492006410988885
2019-02-27,-0.010416039675521542
2019-02-28,0.025417760205819585
2019-03-01,0.0665994867596518
2019-03-04,0.10579573848419585
2019-03-05,0.11687907357174522
2019-03-06,0.17884694116664268
2019-03-07,0.11090234072985453
2019-03-08,0.16179875637658392
2019-03-11,0.18785301676396035
2019-03-12,0.0881340642472375
2019-03-13,0.035451078265516474
2019-03-14,0.0004202648914782308
2019-03-15,0.016325385857774405
2019-03-18,0.05071303694368627
2019-03-19,0.05317823604330255
2019-03-20,0.04822749547121396
2019-03-21,0.06053772840066118
2019-03-22,0.0821093212296014
2019-03-25,0.06494036387812444
2019-03-26,0.05266569351611478
2019-03-27,0.07852164769127845
2019-03-28,0.0417410793779317
2019-03-29,0.024282600958243812
2019-04-01,0.015095153422604073
2019-04-02,0.03767448631478167
2019-04-03,0.041559629643760955
2019-04-04,0.05050149729292486
2019-04-08,0.0560857526036519
2019-04-09,0.0724385397506133
2019-04-10,0.06060768613777202
2019-04-11,0.06477811297737658
2019-04-12,0.06268158328110374
2019-04-15,0.04436503031256786
2019-04-16,0.050202317658696274
2019-04-17,0.04607710465681882
2019-04-18,0.04099540356021887
2019-04-19,0.03706141287963934
2019-04-22,0.038227243736542654
2019-04-23,0.03470506626017306
2019-04-24,0.03543186320676522
2019-04-25,0.03616034922217618
2019-04-26,0.02460214894179109
2019-04-29,0.01238952491556827
2019-04-30,-0.005967892409420347
2019-05-06,-0.010903330036972808
2019-05-07,-0.046565638058775026
2019-05-08,-0.021456870734378946
2019-05-09,-0.04305448216364303
2019-05-10,-0.04775035562535871
2019-05-13,0.006251414982688176
2019-05-14,0.04630071919861053
2019-05-15,0.08734355422882155
2019-05-16,0.08326654929026168
2019-05-17,0.058604315007239144
2019-05-20,0.04221858689528516
2019-05-21,0.04074492603615744
2019-05-22,0.031755720998863236
2019-05-23,-0.016375837309499083
2019-05-24,-0.005650931209201749
2019-05-27,0.008738172102787652
2019-05-28,-0.011636029388205581
2019-05-29,0.0460297416276556
2019-05-30,0.05292185118985103
2019-05-31,0.03867214330519083
2019-06-03,0.017900950336249947
2019-06-04,0.018173374742050365
2019-06-05,0.007397356164926332
2019-06-06,0.009147608276848624
2019-06-10,-0.0034767793961012227
2019-06-11,0.017632176226479702
2019-06-12,-0.004618169800376139
2019-06-13,0.005444841673432722
2019-06-14,0.018942684853363315
2019-06-17,0.004863079493537832
2019-06-18,-0.009763129854203757
2019-06-19,-0.03673377670794406
2019-06-20,-0.04056716147424465
2019-06-21,-0.04254769896542727
2019-06-24,-0.04562987550029829
2019-06-25,-0.030363896658176008
2019-06-26,-0.030559545609817714
2019-06-27,-0.010525368120964608
2019-06-28,-0.024153180947904095
2019-07-01,0.00015156016573792438
2019-07-02,-0.005682943443165882
2019-07-03,-0.007905731658164166
2019-07-04,0.0014120568089892999
2019-07-05,-0.03422004765355864
2019-07-08,-0.05380880718335543
2019-07-09,-0.05925333868960631
2019-07-10,-0.049767963998068904
2019-07-11,-0.0524392258858202
2019-07-12,-0.06640377951152332
2019-07-15,-0.044619955081078494
2019-07-16,-0.03668364529331223
2019-07-17,-0.037888742527641836
2019-07-18,-0.015958156319796038
2019-07-19,0.006985347186142203
2019-07-22,-0.0021441524477923937
2019-07-23,-0.013211177554671587
2019-07-24,-0.0155587664132654
2019-07-25,-0.04375936141749448
2019-07-26,-0.03727990797218812
2019-07-29,-0.013728687958147995
2019-07-30,-0.02814019112200378
2019-07-31,-0.04859307921507583
2019-08-01,-0.03714607494380198
2019-08-02,-0.045138183371790985
2019-08-05,-0.0332206633534377
2019-08-06,-0.04446521657746839
2019-08-07,-0.021986999609089182
2019-08-08,-0.026806952353578033
2019-08-09,-0.0005583829350307531
2019-08-12,0.0013384329716015814
2019-08-13,0.04164508455090427
2019-08-14,0.1123071545810553
2019-08-15,0.13085366699210602
2019-08-16,0.11784816897240988
2019-08-19,0.13009050071886544
2019-08-20,0.14500816981780656
2019-08-21,0.14484218840917273
2019-08-22,0.1522096683704631
2019-08-23,0.18153652145321847
2019-08-26,0.173988499547644
2019-08-27,0.1324466017016166
2019-08-28,0.14008799349039064
2019-08-29,0.09772996836508781
2019-08-30,0.10706741176414657
2019-09-02,0.10207104652658112
2019-09-03,0.1002429354557792
2019-09-04,0.11934224552410919
2019-09-05,0.09490271255182017
2019-09-06,0.10687374478212182
2019-09-09,0.08113195103357526
2019-09-10,0.08327418169071579
2019-09-11,0.06949334230636281
2019-09-12,0.0525792330259985
2019-09-16,0.06856620486493532
2019-09-17,0.05173158833297825
2019-09-18,0.05118554629878853
2019-09-19,0.025576846166147946
2019-09-20,0.020302013009137927
2019-09-23,0.04021961659808312
2019-09-24,0.005291264229112875
2019-09-25,0.0033283300293930067
2019-09-26,0.016653646310912432
2019-09-27,-0.004577502195103675
2019-09-30,0.0016324099218083623
2019-10-08,-0.0034721037465980232
2019-10-09,0.008149868751648005
2019-10-10,0.017106473409910016
2019-10-11,0.010901280160942786
2019-10-14,-0.0060767762448932245
2019-10-15,-0.012037571184919738
2019-10-16,-0.036605064457389536
2019-10-17,-0.04450555798598994
2019-10-18,-0.054338060242278725
2019-10-21,-0.03500096236229719
2019-10-22,-0.043474621717216395
2019-10-23,-0.06395531365607242
2019-10-24,-0.031178806405208214
2019-10-25,-0.08676727334100369
2019-10-28,-0.0953951404286305
2019-10-29,-0.09993768437067842
2019-10-30,-0.03522561187166322
2019-10-31,-0.07728564227944422
2019-11-01,-0.029984142431334196
2019-11-04,-0.013513982716860329
2019-11-05,-0.026246872874896313
2019-11-06,-0.04566032442923742
2019-11-07,-0.08237777187745479
2019-11-08,-0.05315237869920932
2019-11-11,-0.0376757389619753
2019-11-12,-0.013780586356193798
2019-11-13,-0.03437119389874456
2019-11-14,-0.008905887362975436
2019-11-15,-0.01466621520520991
2019-11-18,0.0011926321479222947
2019-11-19,0.008004587320216054
2019-11-20,-0.005630775218325887
2019-11-21,0.011992414019115914
2019-11-22,0.030825462376927768
2019-11-25,7.979728214554842e-05
2019-11-26,0.050104317938224126
2019-11-27,0.07546347766190653
2019-11-28,0.06862524920357653
2019-11-29,0.09098328599233993
2019-12-02,0.08068091505416913
2019-12-03,0.08121200064434428
2019-12-04,0.06567852408104627
2019-12-05,0.06201154126150397
2019-12-06,0.0526128232381305
2019-12-09,0.06864662244459582
2019-12-10,0.061462037966634755
2019-12-11,0.06291540600624393
2019-12-12,0.07314228855317799
2019-12-13,0.07915684088409114
2019-12-16,0.0663631887791722
2019-12-17,0.08442784570097345
2019-12-18,0.07721363346647617
2019-12-19,0.08431173059228078
2019-12-20,0.08833467781093786
2019-12-23,0.08837881072582976
2019-12-24,0.0874254889023381
2019-12-25,0.06474987875699387
2019-12-26,0.10372516349542497
2019-12-27,0.1079166977847691
2019-12-30,0.08827738969063767
2019-12-31,0.1049689367007883
2020-01-02,0.14060230939015367
2020-01-03,0.1590153186137663
2020-01-06,0.14256956318787845
2020-01-07,0.1334112868039174
2020-01-08,0.11122434849781092
2020-01-09,0.13759193329356612
2020-01-10,0.12776179687274766
2020-01-13,0.14930586738070936
2020-01-14,0.11629840160075056
2020-01-15,0.10964027458508627
2020-01-16,0.11906614482845673
2020-01-17,0.12557264850658506
2020-01-20,0.11458264563626724
2020-01-21,0.1216531604665911
2020-01-22,0.10266681080025952
2020-01-23,0.0784461061923227
2020-02-03,0.06978645043060129
2020-02-04,0.07251649354160078
2020-02-05,0.09392249661407777
2020-02-06,0.11547748815931537
2020-02-07,0.15194561311468846
2020-02-10,0.12579452316370374
2020-02-11,0.12711638071218112
2020-02-12,0.1013344489944807
2020-02-13,0.11797465471790324
2020-02-14,0.11617052125334676
2020-02-17,0.12853838131835657
2020-02-18,0.12718353194867288
2020-02-19,0.11174753392911738
2020-02-20,0.0745866880643201
2020-02-21,0.10306516992566751
2020-02-24,0.07183553302366931
2020-02-25,0.12956162965006587
2020-02-26,0.11368145015269378
2020-02-27,0.1069667602959771
2020-02-28,0.0708654806418834
2020-03-02,0.06610166644562748
2020-03-03,0.01728027473810381
2020-03-04,0.03342401334935183
2020-03-05,0.028799385800369226
2020-03-06,0.03641735729290413
2020-03-09,0.027168780406352653
2020-03-10,0.02854031065821529
2020-03-11,0.009520234120331771
2020-03-12,0.001437091607923803
2020-03-13,0.005164117789258316
2020-03-16,0.004931199414952936
2020-03-17,-0.01314066424398725
2020-03-18,-0.03639724591742385
2020-03-19,0.005181350696415495
2020-03-20,0.009874950195484778
2020-03-23,0.0054110167676102395
2020-03-24,0.024459870124659597
2020-03-25,0.04685963404814076
2020-03-26,0.02638817793899482
2020-03-27,0.03793032320629421
2020-03-30,0.054195071573223196
2020-03-31,0.03542322267741041
2020-04-01,0.02778260309697353
2020-04-02,0.011512097864137179
2020-04-03,-0.018560755464814307
2020-04-07,-0.007503049889737063
2020-04-08,-0.0032112495787839403
2020-04-09,0.027231432492071186
2020-04-10,0.023920614530689895
2020-04-13,0.021184369596925746
2020-04-14,-0.005703005051847292
2020-04-15,-0.008458101186581624
2020-04-16,0.007522822312008843
2020-04-17,0.03724897572388442
2020-04-20,0.018637866354204134
2020-04-21,-0.006899373856212312
2020-04-22,-0.032680032158563896
2020-04-23,-0.027609288643248908
2020-04-24,-0.04580211308268246
2020-04-27,0.006098949989644899
2020-04-28,-0.025305408826618987
2020-04-29,0.003125024106286227
2020-04-30,-0.020754446362324718
2020-05-06,-0.007080660566210102
2020-05-07,-0.01493338077941507
2020-05-08,0.00411939951974274
2020-05-11,0.007414338837430794
2020-05-12,0.0042954972995068365
2020-05-13,0.06937134371395276
2020-05-14,0.05587536436040509
2020-05-15,0.056700909131853536
2020-05-18,0.09948217888747289
2020-05-19,0.1296974982711832
2020-05-20,0.08086960703044502
2020-05-21,0.06891025762184157
2020-05-22,0.05796973457576677
2020-05-25,0.02789081551954226
2020-05-26,-0.009454866687310421
2020-05-27,0.031004194557367134
2020-05-28,0.05850714368930607
2020-05-29,0.07736075903079845
2020-06-01,0.12518670022592956
2020-06-02,0.10955498076460456
2020-06-03,0.11181401219239023
2020-06-04,0.1349844733119414
2020-06-05,0.1423336979229945
2020-06-08,0.1647352594856108
2020-06-09,0.18743395973125776
2020-06-10,0.1741680124571906
2020-06-11,0.22437977857349217
2020-06-12,0.23446255724613424
2020-06-15,0.23065058751720105
2020-06-16,0.21788754951701397
2020-06-17,0.24509025552948016
2020-06-18,0.2535242109955074
2020-06-19,0.28313523122553524
2020-06-22,0.2621785025552296
2020-06-23,0.24104935571657338
2020-06-24,0.27855067427866353
2020-06-29,0.24893932324955825
2020-06-30,0.23368179500001798
2020-07-01,0.24694593087222497
2020-07-02,0.2625753021376981
2020-07-03,0.27008087304676026
2020-07-06,0.2756608237423143
2020-07-07,0.2772075443241834
2020-07-08,0.28574915067521406
2020-07-09,0.29790262083246544
2020-07-10,0.28105940566565135
2020-07-13,0.2718247675812648
2020-07-14,0.3032726068044159
2020-07-15,0.29531774598348254
2020-07-16,0.3414084920361651
2020-07-17,0.38350254401193296
2020-07-20,0.4472862393525915
2020-07-21,0.43627470647141015
2020-07-22,0.30239946547971003
2020-07-23,0.2591964260259294
2020-07-24,0.22798878278353446
2020-07-27,0.22388387592891526
2020-07-28,0.14825154013724012
2020-07-29,0.1354440333975865
2020-07-30,0.1392810823472769
2020-07-31,0.14585805147265987
2020-08-03,0.16543037696341065
2020-08-04,0.1877246744229487
2020-08-05,0.17181282934109163
2020-08-06,0.19103507165493008
2020-08-07,0.17096841717424377
2020-08-10,0.12536276285802173
2020-08-11,0.12889008583316086
2020-08-12,0.12572305027905994
2020-08-13,0.1333898316958491
2020-08-14,0.1285297000418665
2020-08-17,0.13172254576600334
2020-08-18,0.11600358377261909
2020-08-19,0.126606371304331
2020-08-20,0.1196321686086156
2020-08-21,0.1124003180448449
2020-08-24,0.11903326580461424
2020-08-25,0.10206244845750455
2020-08-26,0.11774012400952094
2020-08-27,0.1089905413981417
2020-08-28,0.11647343571620773
2020-08-31,0.12115135267095561
2020-09-01,0.1292800602809677
2020-09-02,0.13466501381311388
2020-09-03,0.12279459604234706
2020-09-04,0.12508675824911894
2020-09-07,0.12566335005806673
2020-09-08,0.1178172715335624
2020-09-09,0.11645962196064102
2020-09-10,0.10034954236108504
2020-09-11,0.09221469445595899
2020-09-14,0.07036817132127048
2020-09-15,0.0717674904690019
2020-09-16,0.12251981903054308
2020-09-17,0.15157805323397056
2020-09-18,0.17948205864055758
2020-09-21,0.1931017180094096
2020-09-22,0.23366739686959626
2020-09-23,0.1849959290392753
2020-09-24,0.17555237798676418
2020-09-25,0.17375004233315375
2020-09-28,0.13522049398997613
2020-09-29,0.10264580824150811
2020-09-30,0.12284580109913265
2020-10-09,0.09946773371436858
2020-10-12,0.13135147345868048
2020-10-13,0.17571574210602223
2020-10-14,0.17307918076168394
2020-10-15,0.16813775146308382
2020-10-16,0.16064367373540767
2020-10-19,0.13051648587153855
2020-10-20,0.13902805610166602
2020-10-21,0.14846259083352445
2020-10-22,0.16054454917821145
2020-10-23,0.16301990457412055
2020-10-26,0.1670777780118185
2020-10-27,0.16993140851355687
2020-10-28,0.2065023348475479
2020-10-29,0.21166549610508348
2020-10-30,0.1856787437485637
2020-11-02,0.17211333515940266
2020-11-03,0.1715076598866271
2020-11-04,0.18898301303003376
2020-11-05,0.1613132050871001
2020-11-06,0.1555774111816204
2020-11-09,0.1288499140355515
2020-11-10,0.12030305251034759
2020-11-11,0.11229853577752508
2020-11-12,0.11807673639811307
2020-11-13,0.11494403465672198
2020-11-16,0.09428327680521374
2020-11-17,0.09816394648483269
2020-11-18,0.0948977264812123
2020-11-19,0.09886406337890802
2020-11-20,0.08373400766797254
2020-11-23,0.05200638694691327
2020-11-24,0.030259320022445742
2020-11-25,0.04468662887322503
2020-11-26,0.07492731129494969
2020-11-27,0.08249461737935825
2020-11-30,0.05855591014108
2020-12-01,0.08676844146291379
2020-12-02,0.0812004733965908
2020-12-03,0.0809282229940979
2020-12-04,0.06093088216776647
2020-12-07,0.04942598048317567
2020-12-08,0.036403966684809254
2020-12-09,0.030325322731162493
2020-12-10,0.03398158762623318
2020-12-11,0.04216058893990383
2020-12-14,0.07195674486657962
2020-12-15,0.05358160026607657
2020-12-16,0.058093357358431005
2020-12-17,0.04287708672065433
2020-12-18,0.06054836024629939
2020-12-21,0.03743005266065532
2020-12-22,0.015857514790514584
2020-12-23,-0.0023571062368716897
2020-12-24,-0.02465344580216709
2020-12-25,0.018585093563147605
2020-12-28,0.00919488930638295
2020-12-29,-0.02072336275361054
2020-12-30,-0.06616654838265527
2020-12-31,-0.03414131031354506
2021-01-04,-0.003286410228302498
2021-01-05,0.03219808962131295
2021-01-06,0.05733062881117077
2021-01-07,0.06983403137862955
2021-01-08,0.06736849065059389
2021-01-11,0.06532963399601897
2021-01-12,0.08166330172147253
2021-01-13,0.04645799666984687
2021-01-14,0.031438085578952626
2021-01-15,0.005017225833782402
2021-01-18,0.03132315640831313
2021-01-19,0.06175993232517963
2021-01-20,0.03853611615203076
2021-01-21,0.032003824124071656
2021-01-22,0.03654526279406103
2021-01-25,0.0554208269099614
2021-01-26,0.06068738943416832
2021-01-27,0.05335580090097381
2021-01-28,0.08824249915219955
2021-01-29,0.04299899131188043
2021-02-01,0.05251260648730718
2021-02-02,0.029690405372920888
2021-02-03,0.01616418061739003
2021-02-04,0.03537736694835898
2021-02-05,0.06174599076140452
2021-02-08,0.05104136787104686
2021-02-09,0.04850892886102426
2021-02-10,0.06089337294084067
2021-02-18,0.05715630919185661
2021-02-19,0.050315831444614476
2021-02-22,0.032401951607853495
2021-02-23,0.051877136429387745
2021-02-24,0.09853681673958507
2021-02-25,0.10076504633896693
2021-02-26,0.060817722086411
2021-03-01,0.030947991813099138
2021-03-02,0.03762395896923972
2021-03-03,0.051859162151469004
2021-03-04,0.0655767852769131
2021-03-05,0.05920970228726372
2021-03-08,0.08016275753024898
2021-03-09,0.043125088789838575
2021-03-10,0.016009005138555403
2021-03-11,-0.01422612775133717
2021-03-12,-0.0412235969465323
2021-03-15,-0.022223105674270997
2021-03-16,-0.057251595532355475
2021-03-17,-0.040460101855563355
2021-03-18,-0.05204878659844764
2021-03-19,-0.04346843066055112
2021-03-22,-0.048104976798261256
2021-03-23,-0.046179727558209184
2021-03-24,-0.008111677676732881
2021-03-25,-0.015111162507256382
2021-03-26,-0.011618659160892966
2021-03-29,-0.03687935569151909
2021-03-30,-0.022489679295956487
2021-03-31,-0.026844272057217875
2021-04-01,-0.009688386438321896
2021-04-02,0.030309830639927912
2021-04-06,0.048921152469193735
2021-04-07,0.07209178032029705
2021-04-08,0.08986267083381463
2021-04-09,0.07565337348198171
2021-04-12,0.05316574351238004
2021-04-13,0.06564814892264226
2021-04-14,0.06507743724497954
2021-04-15,0.02960593640763436
2021-04-16,0.04695904430085702
2021-04-19,0.0338424758529063
2021-04-20,0.06071704330495134
2021-04-21,0.08001103224046946
2021-04-22,0.08134249171125119
2021-04-23,0.09831994795609823
2021-04-26,0.08640527924776992
2021-04-27,0.1020504884713313
2021-04-28,0.08521966466778769
2021-04-29,0.07552430118886856
2021-04-30,0.061438147651688646
2021-05-06,0.060666192666207874
2021-05-07,0.03699931180712738
2021-05-10,0.0629112251830594
2021-05-11,0.07014883308761846
2021-05-12,0.11521597501680615
2021-05-13,0.13736669366435666
2021-05-14,0.11287120098016118
2021-05-17,0.11772823010350407
2021-05-18,0.11559762876726731
2021-05-19,0.11491049134107771
2021-05-20,0.1520963384963202
2021-05-21,0.10993096656907904
2021-05-24,0.13125880136154444
2021-05-25,0.1332549404120333
2021-05-26,0.14542178357575208
2021-05-27,0.14711186526239323
2021-05-28,0.15888044284387323
2021-05-31,0.1645460673036799
2021-06-01,0.14784783329408835
2021-06-02,0.15474509252736088
2021-06-03,0.13907682458616163
2021-06-04,0.12118322661768094
2021-06-07,0.09837943595078825
2021-06-08,0.0761352794475373
2021-06-09,0.06260238462110083
2021-06-10,0.08188012152943784
2021-06-11,0.051900434864953014
2021-06-15,0.06105745263664775
2021-06-16,0.05920662453286324
2021-06-17,0.04309008806115999
2021-06-18,0.025879805989170654
2021-06-21,0.010772761754819745
2021-06-22,-0.01516891093036847
2021-06-23,-0.014142972150371913
2021-06-24,-0.043007376470275374
2021-06-25,0.00867355373723262
2021-06-28,0.03474436035822236
2021-06-29,0.02607564354046054
2021-06-30,0.04556791388801524
2021-07-01,0.07405213647562364
2021-07-02,0.08740352445153275
2021-07-05,0.07135198260056694
2021-07-06,0.0712188818360338
2021-07-07,0.059022899520133607
2021-07-08,0.04108194751203249
2021-07-09,0.05575803880716997
2021-07-12,0.06691400104259314
2021-07-13,0.10248474798185615
2021-07-14,0.11707057264075649
2021-07-15,0.1466220807867202
2021-07-16,0.11661942459623725
2021-07-19,0.11687325015453763
2021-07-20,0.12601686569498063
2021-07-21,0.09925470212359955
2021-07-22,0.06447301500273675
2021-07-23,0.09287393867188291
2021-07-26,0.07884602118564712
2021-07-27,0.09039212637562295
2021-07-28,0.06619111339633117
2021-07-29,0.03804161443322496
2021-07-30,0.025243781648898324
2021-08-02,0.014264538254415121
2021-08-03,0.03532110512847737
2021-08-04,0.07773462656083241
2021-08-05,0.09870559973644248
2021-08-06,0.08717901861883895
2021-08-09,0.10459489305932489
2021-08-10,0.10081924456718824
2021-08-11,0.13438830160023837
2021-08-12,0.13658688020395837
2021-08-13,0.16217284516909208
2021-08-16,0.1470227473808928
2021-08-17,0.16399711631572758
2021-08-18,0.13737809142209856
2021-08-19,0.15368940652732585
2021-08-20,0.15449290957380818
2021-08-23,0.1385916824909571
2021-08-24,0.18538594727052932
2021-08-25,0.1987668627198396
2021-08-26,0.1429820667885375
2021-08-27,0.09540596511219154
2021-08-30,0.08247766158149186
2021-08-31,0.1086543389357232
2021-09-01,0.10547332603248281
2021-09-02,0.10853210101228232
2021-09-03,0.10528035450579566
2021-09-06,0.10794184597844633
2021-09-07,0.09098883685846289
2021-09-08,0.08183989554300701
2021-09-09,0.07545440117338359
2021-09-10,0.05292179344445068
2021-09-13,0.058769329134696284
2021-09-14,0.05084028016893765
2021-09-15,0.08622723865212947
2021-09-16,0.089189211221935
2021-09-17,0.055522997866155416
2021-09-22,0.07419578425155737
2021-09-23,0.09316657064096416
2021-09-24,0.1415635312308949
2021-09-27,0.12244867920428404
2021-09-28,0.14553302545687882
2021-09-29,0.1855814740965053
2021-09-30,0.20485183888031042
2021-10-08,0.1919042467643246
2021-10-11,0.17576236151644117
2021-10-12,0.16695246757561658
2021-10-13,0.19337804635365627
2021-10-14,0.17914552214868668
2021-10-15,0.18493727843060603
2021-10-18,0.19743011468191388
2021-10-19,0.22150776309847828
2021-10-20,0.25529144224540284
2021-10-21,0.21701468708015934
2021-10-22,0.21182517105584625
2021-10-25,0.2311362413110374
2021-10-26,0.22896913818273923
2021-10-27,0.20979147221297367
2021-10-28,0.1852271958664828
2021-10-29,0.19445998318605046
2021-11-01,0.18576347984480046
2021-11-02,0.21359071679003097
2021-11-03,0.254801302002325
2021-11-04,0.21797534600004248
2021-11-05,0.22882614973861912
2021-11-08,0.2381519093245561
2021-11-09,0.20712563990967597
2021-11-10,0.21502430511498596
2021-11-11,0.2172103716112285
2021-11-12,0.20710641227934404
2021-11-15,0.2100136034681253
2021-11-16,0.22810724988528608
2021-11-17,0.25475197672877614
2021-11-18,0.2536386267891101
2021-11-19,0.2509552534124588
2021-11-22,0.23676545655230744
2021-11-23,0.23437446210572926
2021-11-24,0.23605268183487924
2021-11-25,0.22291454264446417
2021-11-26,0.21591064579410416
2021-11-29,0.24138960568711307
2021-11-30,0.21075509581644256
2021-12-01,0.2056086912189696
2021-12-02,0.1828183086882244
2021-12-03,0.1891604011679581
2021-12-06,0.19332423185331224
2021-12-07,0.20575866788650715
2021-12-08,0.1728701663457548
2021-12-09,0.17536407896639208
2021-12-10,0.15486215423800812
2021-12-13,0.12334998000966095
2021-12-14,0.08355459054321593
2021-12-15,0.044844254810259644
2021-12-16,0.07673659089457324
2021-12-17,0.10600472724353506
2021-12-20,0.056156320473261356
2021-12-21,0.03846585059266675
2021-12-22,0.032576121939446555
2021-12-23,0.030887768073820532
2021-12-24,0.01868059901043706
2021-12-27,0.05089693002042612
2021-12-28,0.04372956753088031
2021-12-29,-0.005157901556213083
2021-12-30,0.029788935724324502
2021-12-31,0.04050630035927348
2022-01-04,-0.004902799643089881
2022-01-05,-0.021333953468001182
2022-01-06,-0.05773561686379963
2022-01-07,-0.03920872636177452
2022-01-10,-0.03196243081104598
2022-01-11,-0.027269693240730846
2022-01-12,-0.013848349057684192
2022-01-13,-0.05449511543786549
2022-01-14,-0.0737875262444614
2022-01-17,-0.08802757905638736
2022-01-18,-0.03994321228236952
2022-01-19,-0.005992443799316521
2022-01-20,-0.008163542163669104
2022-01-21,0.00043370709217122467
2022-01-24,-0.030678838243103836
2022-01-25,-0.05529739335450201
2022-01-26,-0.026738247349187144
2022-01-27,-0.03847668965980036
2022-01-28,-0.018667633002128144
2022-02-07,-0.05123190831926825
2022-02-08,-0.07270003922088333
2022-02-09,-0.09556189895670905
2022-02-10,-0.09602706096413752
2022-02-11,-0.1021439439993073
2022-02-14,-0.10614521155449594
2022-02-15,-0.0817125712940245
2022-02-16,-0.0516110953762721
2022-02-17,-0.03449734384025211
2022-02-18,-0.01978558653854157
2022-02-21,-0.019281494562635164
2022-02-22,0.027664860727278754
2022-02-23,0.03471523498647482
2022-02-24,0.07670810301808689
2022-02-25,0.04664375460821761
2022-02-28,0.028655309890258975
2022-03-01,0.04567056511858749
2022-03-02,0.023970642183566166
2022-03-03,0.04770672509592402
2022-03-04,0.03002073173196057
2022-03-07,0.015924370950495325
2022-03-08,0.04642915728217403
2022-03-09,0.1003664033648274
2022-03-10,0.1261698683810398
2022-03-11,0.08970033445100892
2022-03-14,0.07465456328761826
2022-03-15,0.04802828336297235
2022-03-16,0.051446090408447935
2022-03-17,0.06356394877604271
2022-03-18,0.0749948442841902
2022-03-21,0.07713458891716703
2022-03-22,0.05371147484667339
2022-03-23,0.055922229117017906
2022-03-24,0.03393665506771867
2022-03-25,0.016163300297463466
2022-03-28,0.035979271711478904
2022-03-29,0.055144391038949865
2022-03-30,0.052984727511628235
2022-03-31,0.0604421612899702
2022-04-01,0.03674187906234522
2022-04-06,0.057857899435243644
2022-04-07,0.07610691164268574
2022-04-08,0.09383688602373201
2022-04-11,0.10400188840134458
2022-04-12,0.13514113406138734
2022-04-13,0.14331939382662304
2022-04-14,0.1434140578263897
2022-04-15,0.14510649319757482
2022-04-18,0.11649551135074399
2022-04-19,0.10466138438823547
2022-04-20,0.06722258835021107
2022-04-21,0.04289264949154879
2022-04-22,0.013786926794886854
2022-04-25,-0.06496398707145451
2022-04-26,0.004236413675543842
2022-04-27,-0.00020060478790099402
2022-04-28,-0.020403468183776207
2022-04-29,-0.0074346299459880725
2022-05-05,-0.04371215734318342
2022-05-06,-0.04258972185967094
2022-05-09,-0.037251219576540706
2022-05-10,-0.04951702971690032
2022-05-11,-0.07455567426124762
2022-05-12,-0.09713043978723392
2022-05-13,-0.0594631554604478
2022-05-16,-0.05497241905715556
2022-05-17,-0.03704721073457949
2022-05-18,-0.06672493719008905
2022-05-19,-0.02739666136451484
2022-05-20,-0.01401531258457853
2022-05-23,-0.026372371308842256
2022-05-24,-0.016444158774004694
2022-05-25,-0.01704133988577321
2022-05-26,-0.0030728574618941818
2022-05-27,0.006364629714035447
2022-05-30,0.022600741592929453
2022-05-31,0.03595902367634205
2022-06-01,0.03304850674682124
2022-06-02,0.0292518585558884
2022-06-06,0.033671207237913815
2022-06-07,0.036680276700593054
2022-06-08,0.05934658198586825
2022-06-09,0.035078576767458576
2022-06-10,0.06114165031966172
2022-06-13,0.026756638838016215
2022-06-14,0.05120270562758076
2022-06-15,0.019362644665716446
2022-06-16,-0.02740622486491658
2022-06-17,-0.006505163321910138
2022-06-20,-0.04600364886005196
2022-06-21,-0.05782081073983084
2022-06-22,-0.08473631744883678
2022-06-23,-0.08421496600530479
2022-06-24,-0.08790338571059046
2022-06-27,-0.10607951816255984
2022-06-28,-0.0911493404754059
2022-06-29,-0.09261311306638244
2022-06-30,-0.09957831702307401
2022-07-01,-0.09535541086539712
2022-07-04,-0.08571006914866287
2022-07-05,-0.11739224947659331
2022-07-06,-0.1450513890210643
2022-07-07,-0.1601605948672663
2022-07-08,-0.12539977886074619
2022-07-11,-0.12396115996110735
2022-07-12,-0.13362807209353492
2022-07-13,-0.09929247528238487
2022-07-14,-0.04626337489048141
2022-07-15,-0.08611779406049175
2022-07-18,-0.06734612842202588
2022-07-19,-0.08941077286787458
2022-07-20,-0.09165991445256963
2022-07-21,-0.08676124269746552
2022-07-22,-0.07793230078203148
2022-07-25,-0.08245468271575161
2022-07-26,-0.07419080044449934
2022-07-27,-0.06201029452221358
2022-07-28,-0.042327612974816416
2022-07-29,-0.04796339756357769
2022-08-01,-0.05784220680829621
2022-08-02,-0.04649792702730421
2022-08-03,-0.05666711987198783
2022-08-04,-0.06484373952163991
2022-08-05,-0.06263204982654173
2022-08-08,-0.04426813541970942
2022-08-09,-0.04078353934140498
2022-08-10,-0.03420174820133724
2022-08-11,-0.010685763304614208
2022-08-12,0.0052066114889419085
2022-08-15,0.002371846151786446
2022-08-16,0.017875307761077104
2022-08-17,0.03553024969441144
2022-08-18,0.02307740832881961
2022-08-19,0.06660061809269409
2022-08-22,0.06907586066171645
2022-08-23,0.056803893009580275
2022-08-24,0.08027760020122474
2022-08-25,0.09376947569982365
2022-08-26,0.09176446601992806
2022-08-29,0.09025125706619065
2022-08-30,0.1026112638792583
2022-08-31,0.13782530422001327
2022-09-01,0.12446587464969198
2022-09-02,0.11231225893234124
2022-09-05,0.11827353677296411
2022-09-06,0.1380087499335076
2022-09-07,0.08823721707852818
2022-09-08,0.04020852709299449
2022-09-09,0.07360630262048534
2022-09-13,0.03578191591771029
2022-09-14,0.05074729513874964
2022-09-15,0.030920560408854922
2022-09-16,0.013822506892011413
2022-09-19,-0.02053904788007802
2022-09-20,-0.0023428662978961993
2022-09-21,0.012211332895841967
2022-09-22,0.0006276064590780105
2022-09-23,0.0025390506674291555
2022-09-26,-0.017436026723418332
2022-09-27,0.025188477899778204
2022-09-28,0.02800181250995433
2022-09-29,0.06336913709717143
2022-09-30,0.10970599654129046
2022-10-10,0.08658009453203455
2022-10-11,0.08404101962112019
2022-10-12,0.09000222820823064
2022-10-13,0.10344284615190272
2022-10-14,0.08997726544738231
2022-10-17,0.054999467713125985
2022-10-18,0.0919628678752845
2022-10-19,0.10644680105652343
2022-10-20,0.07902658629074441
2022-10-21,0.08404825632882576
2022-10-24,0.05026043031922491
2022-10-25,0.0756870627884439
2022-10-26,0.08817168074369501
2022-10-27,0.04962968905563826
2022-10-28,0.0262029693843258
2022-10-31,0.015647163316226387
2022-11-01,0.0587985209848236
2022-11-02,0.08928240879675389
2022-11-03,0.0876214241897842
2022-11-04,0.14010773604929644
2022-11-07,0.14137163858423316
2022-11-08,0.12979534051728067
2022-11-09,0.13844729289832858
2022-11-10,0.18181621481831686
2022-11-11,0.1763271193574301
2022-11-14,0.16494953777552923
2022-11-15,0.19463329514027855
2022-11-16,0.18367257339300272
2022-11-17,0.21909168895697734
2022-11-18,0.19240137468673774
2022-11-21,0.17431206375484243
2022-11-22,0.15306251286669112
2022-11-23,0.13131258828808184
2022-11-24,0.1436394375361968
2022-11-25,0.1150370771575881
2022-11-28,0.14053663190796456
2022-11-29,0.12788638384865053
2022-11-30,0.13443602927252798
2022-12-01,0.09765095030747216
2022-12-02,0.07431915818291614
2022-12-05,0.07100772454352983
2022-12-06,0.05957086614794764
2022-12-07,0.02944269327592707
2022-12-08,0.03522154853290416
2022-12-09,0.040159333477296714
2022-12-12,0.05206805710625856
2022-12-13,0.04410658427473331
2022-12-14,0.03591747401783751
2022-12-15,0.059645091791702624
2022-12-16,0.05262329158406525
2022-12-19,0.05605805148574438
2022-12-20,0.027747546278796942
2022-12-21,0.024040277909828392
2022-12-22,0.03445421686642448
2022-12-23,0.05285812056442374
2022-12-26,0.07987925160760333
2022-12-27,0.06567482528390271
2022-12-28,0.04535177013287784
2022-12-29,0.04280599495616898
2022-12-30,0.009067729296941175
2023-01-03,0.01722115920144299
2023-01-04,0.01770012989234656
2023-01-05,-0.011199984045806131
2023-01-06,-0.036888475109328314
2023-01-09,-0.03509196450786246
2023-01-10,-0.044434779984850695
2023-01-11,-0.07951956289986638
2023-01-12,-0.07460255315798611
2023-01-13,-0.11446043219510195
2023-01-16,-0.07210322310141447
2023-01-17,-0.040523819096206226
2023-01-18,-0.016001004347123985
2023-01-19,-0.015921100983585554
2023-01-20,-0.05185639391711155
2023-01-30,-0.03326562984033409
2023-01-31,-0.07349332157889783
2023-02-01,-0.07531520519082195
2023-02-02,-0.12939172125511667
2023-02-03,-0.0788223921093562
2023-02-06,-0.053614815856199725
2023-02-07,-0.030539165119694126
2023-02-08,-0.039571741346135975
2023-02-09,0.00217241559937116
2023-02-10,-0.03974224391282942
2023-02-13,-0.046475546296975055
2023-02-14,-0.03308949788762817
2023-02-15,-0.06261498912339357
2023-02-16,-0.04739060056113149
2023-02-17,-0.04199209336276438
2023-02-20,-0.022504566764328656
2023-02-21,-0.0064419794831905965
2023-02-22,-0.012655814280583903
2023-02-23,-0.056044092334277366
2023-02-24,-0.030570062929374475
2023-02-27,-0.04312587038715416
2023-02-28,-0.056830839222662494
2023-03-01,-0.07207878231779125
2023-03-02,-0.05507878008922146
2023-03-03,-0.05113456877999666
2023-03-06,-0.07393889077493518
2023-03-07,-0.09640490005779995
2023-03-08,-0.11401821529049769
2023-03-09,-0.11392024849031984
2023-03-10,-0.14507686768493572
2023-03-13,-0.13289004018031184
2023-03-14,-0.1054051901037771
2023-03-15,-0.1256596712204888
2023-03-16,-0.14878876065462823
2023-03-17,-0.11090277501556789
2023-03-20,-0.13141664501721945
2023-03-21,-0.15190180202238376
2023-03-22,-0.175959990504182
2023-03-23,-0.20564670000322474
2023-03-24,-0.13216123382306663
2023-03-27,-0.12359900091224914
2023-03-28,-0.07889447073910102
2023-03-29,-0.09480847090379053
2023-03-30,-0.0413501057856266
2023-03-31,-0.04287629713179388
2023-04-03,-0.08156675212541817
2023-04-04,-0.07564188407872015
2023-04-06,-0.05777331432654605
2023-04-07,-0.05089859523821176
2023-04-10,-0.04544813745194645
2023-04-11,-0.03787134144653152
2023-04-12,-0.049193304388164966
2023-04-13,-0.03475712082994118
2023-04-14,-0.056886534537131606
2023-04-17,-0.05791163514923737
2023-04-18,-0.034942637197145514
2023-04-19,-0.0603782006767737
2023-04-20,-0.06465324047583655
2023-04-21,-0.0635236966407154
2023-04-24,-0.09721612788128625
2023-04-25,-0.10205607452419875
2023-04-26,-0.09517429216787113
2023-04-27,-0.11786727438055501
2023-04-28,-0.1416466472840154
2023-05-04,-0.12882036853270393
2023-05-05,-0.0925610842680603
2023-05-08,-0.0663427058640048
2023-05-09,-0.07618079887688305
2023-05-10,-0.0676376776066298
2023-05-11,-0.07233117354696349
2023-05-12,-0.07627249494919228
2023-05-15,-0.06693826776642128
2023-05-16,-0.06858845724180308
2023-05-17,-0.06227566932486234
2023-05-18,-0.08999891122667282
2023-05-19,-0.07393026341395119
2023-05-22,-0.08570417468904301
2023-05-23,-0.09633697952222306
2023-05-24,-0.06419701080549749
2023-05-25,-0.08363695741490798
2023-05-26,-0.07226307957111308
2023-05-29,-0.10873719055618107
2023-05-30,-0.1012949940880997
2023-05-31,-0.14981215074893003
2023-06-01,-0.1341962563121939
2023-06-02,-0.09626798837438512
2023-06-05,-0.11394150355780523
2023-06-06,-0.1018491799617452
2023-06-07,-0.13388463334317646
2023-06-08,-0.13717446168079128
2023-06-09,-0.11384883007361153
2023-06-12,-0.12213641607849063
2023-06-13,-0.11241451283769377
2023-06-14,-0.09725207917245665
2023-06-15,-0.08806350285818482
2023-06-16,-0.07802208973355318
2023-06-19,-0.057535948379195484
2023-06-20,-0.040096077571800684
2023-06-21,-0.019371611733947757
2023-06-26,0.013802486486466424
2023-06-27,-0.00031248752332439344
2023-06-28,0.01695401488221999
2023-06-29,0.05103914812942894
2023-06-30,0.07381930100462132
2023-07-03,0.09000748304502973
2023-07-04,0.05961260970709218
2023-07-05,0.04568837115678469
2023-07-06,0.09383803932378418
2023-07-07,0.08324511442842296
2023-07-10,0.13378158931464104
2023-07-11,0.12547428362910706
2023-07-12,0.1261053349213315
2023-07-13,0.16187454125487782
2023-07-14,0.15844725597072928
2023-07-17,0.13590541648155705
2023-07-18,0.14506960184727857
2023-07-19,0.1434365914829414
2023-07-20,0.18141334084413605
2023-07-21,0.16826257739545208
2023-07-24,0.1345675255876204
2023-07-25,0.11882503263860629
2023-07-26,0.1441660671623515
2023-07-27,0.1253590124740217
2023-07-28,0.14759740152796078
2023-07-31,0.12234073320055865
2023-08-01,0.11427991662630328
2023-08-02,0.12434387656070818
2023-08-03,0.10853513158284653
2023-08-04,0.1236859930140075
2023-08-07,0.1366138324330236
2023-08-08,0.10816506322956727
2023-08-09,0.13141915663035386
2023-08-10,0.11792522765742705
2023-08-11,0.11009443370551027
2023-08-14,0.0992096642829013
2023-08-15,0.07625029614763833
2023-08-16,0.07794619976764063
2023-08-17,0.07849593998018956
2023-08-18,0.07026107262161016
2023-08-21,0.05812463346315719
2023-08-22,0.08686264591532336
2023-08-23,0.06556855044174333
2023-08-24,0.04438867028331284
2023-08-25,0.02726199958309701
2023-08-28,-0.024371885335761654
2023-08-29,-0.002501500983618907
2023-08-30,-0.004557162501974695
2023-08-31,-0.05722351918470836
2023-09-01,-0.005315459599465765
2023-09-04,-0.08287322075199213
2023-09-05,-0.06309790959358919
2023-09-06,-0.10898114014325347
2023-09-07,-0.1863255324348548
2023-09-08,-0.17644185455836822
2023-09-11,-0.13645950020570408
2023-09-12,-0.1766679770423426
2023-09-13,-0.17170274151347542
2023-09-14,-0.1960491058674996
2023-09-15,-0.1867139600748465
2023-09-18,-0.1568740584613283
2023-09-19,-0.19119445446844077
2023-09-20,-0.22144585322451088
2023-09-21,-0.21978901821238464
2023-09-22,-0.17548514165693205
2023-09-25,-0.1608527973119557
2023-09-26,-0.1992217205277288
2023-09-27,-0.15752292646445573
2023-09-28,-0.11671272460144884
2023-10-09,-0.09135416283252475
2023-10-10,-0.11296512605498163
2023-10-11,-0.09325556818634173
2023-10-12,-0.06175893273920517
2023-10-13,-0.016263904661788113
2023-10-16,-0.009279319243828289
2023-10-17,-0.011891389050973086
2023-10-18,-0.047624288662165504
2023-10-19,-0.06063481742101038
2023-10-20,-0.09894032410002859
2023-10-23,-0.09092179317585498
2023-10-24,-0.11529460496498291
2023-10-25,-0.12269965155555745
2023-10-26,-0.09608362943536496
2023-10-27,-0.09794375950857215
2023-10-30,-0.1083437861386069
2023-10-31,-0.09837391768821492
2023-11-01,-0.08406828409982393
2023-11-02,-0.05921866933301192
2023-11-03,-0.034546193533534136
2023-11-06,-0.04902960517612476
2023-11-07,-0.06040390869658511
2023-11-08,-0.054921539553586814
2023-11-09,-0.06033175887576217
2023-11-10,-0.02694265667090226
2023-11-13,-0.0015588470432209066
2023-11-14,0.021623960909932315
2023-11-15,0.029702706239722713
2023-11-16,0.03663950746293535
2023-11-17,0.008041052463977958
2023-11-20,0.011768907980588137
2023-11-21,-0.01557276071594508
2023-11-22,0.01806849071719179
2023-11-23,-0.00024245146177806292
2023-11-24,0.01052437961710606
2023-11-27,0.004748042558642187
2023-11-28,0.006298269654778974
2023-11-29,0.024747103180530985
2023-11-30,0.0053155784771416114
2023-12-01,-0.01774109257090927
2023-12-04,-0.035368473306521805
2023-12-05,-0.017672995581799546
2023-12-06,-0.02845010702433332
2023-12-07,-0.05624501320808012
2023-12-08,-0.08387263995981291
2023-12-11,-0.0893314218096741
2023-12-12,-0.08731824574543122
2023-12-13,-0.06068942241584544
2023-12-14,-0.048071003092417776
2023-12-15,-0.0170043121860242
2023-12-18,-0.013873914655328641
2023-12-19,0.013745718965504946
2023-12-20,0.02818699041272488
2023-12-21,-0.0037606050077134264
2023-12-22,0.002994788750719171
2023-12-25,0.026895368021678967
2023-12-26,0.014361590285890489
2023-12-27,-0.00321833675987004
2023-12-28,-0.043194999021146166
2023-12-29,-0.1233465043995884
2024-01-02,-0.15863569652262108
2024-01-03,-0.11288003895882506
2024-01-04,-0.1222091631116357
2024-01-05,-0.08318524276899791
2024-01-08,-0.1282665967503481
2024-01-09,-0.13760970284030122
2024-01-10,-0.16002272527568182
2024-01-11,-0.16760003725982897
2024-01-12,-0.1276647324975733
2024-01-15,-0.06029917821020377
2024-01-16,-0.05363313573364976
2024-01-17,-0.020957270016641764
2024-01-18,-0.022278586181839182
2024-01-19,0.05701367899575008
2024-01-22,0.05031878699445091
2024-01-23,0.04411243370970423
2024-01-24,0.06380480349473097
2024-01-25,0.04198446186700268
2024-01-26,0.02976435390894017
2024-01-29,0.004272620079606867
2024-01-30,-0.025407001574495016
2024-01-31,-0.01847848191599503
2024-02-01,0.0055066882127437385
2024-02-02,-0.008489837029066137
2024-02-05,-0.004848530150106236
2024-02-06,-0.0031714840376162196
2024-02-07,-0.013372968358071233
2024-02-08,0.01164037686610321
2024-02-19,0.026686764525879376
2024-02-20,0.02241551121415705
2024-02-21,0.019863985568046878
2024-02-22,0.05074187587154952
2024-02-23,0.04041039818898418
2024-02-26,0.012214035347075646
2024-02-27,0.02792152549978476
2024-02-28,0.019998099799232477
2024-02-29,0.034663856521376595
2024-03-01,0.049360366832183
2024-03-04,0.04884429220669317
2024-03-05,0.09879305786629156
2024-03-06,0.1327378311113022
2024-03-07,0.1475845490364425
2024-03-08,0.16745300493915313
2024-03-11,0.142433612528599
2024-03-12,0.1627565463520403
2024-03-13,0.14865566843313655
2024-03-14,0.14909010578718035
2024-03-15,0.16555502311708054
2024-03-18,0.14908560161804235
2024-03-19,0.10679459520291287
2024-03-20,0.12476096095124606
2024-03-21,0.14079685462667715
2024-03-22,0.11190332200254248
2024-03-25,0.09412089099719666
2024-03-26,0.08863508975222512
2024-03-27,0.04071372131468588
2024-03-28,0.01689902885161222
2024-03-29,0.05023453996934599
2024-04-01,0.07206999045374375
2024-04-02,0.11221717345893753
2024-04-03,0.14763239559116526
2024-04-08,0.14415656827631446
2024-04-09,0.14166565188027083
2024-04-10,0.15545195165526823
2024-04-11,0.1424229538986132
2024-04-12,0.14252701880571894
2024-04-15,0.11593383891434414
2024-04-16,0.08384535730630986
2024-04-17,0.069395165475063
2024-04-18,0.0802274846084121
2024-04-19,0.08714863188513246
2024-04-22,0.06884050929629035
2024-04-23,0.11317148916846298
2024-04-24,0.14739293153699926
2024-04-25,0.08064721741236691
2024-04-26,0.10893330745349876
2024-04-29,0.11649084869427663
2024-04-30,0.06991563816068136
2024-05-06,0.08321709251063025
2024-05-07,0.09112301986113347
2024-05-08,0.07122977298768937
2024-05-09,0.060110418055800856
2024-05-10,0.02951275367234834
2024-05-13,0.0729134640186322
2024-05-14,0.05700398157323882
2024-05-15,0.06923893962772974
2024-05-16,0.04960249555203493
2024-05-17,0.058124330201882325
2024-05-20,0.0533022763476037
2024-05-21,0.04444786597786745
2024-05-22,0.05119860583871625
2024-05-23,0.048415006835660454
2024-05-24,0.0335087763857521
2024-05-27,0.009686932276147711
2024-05-28,0.042131282355772216
2024-05-29,0.08857377011080003
2024-05-30,0.06324913303613991
2024-05-31,0.07149702219604737
2024-06-03,0.03468602780766092
2024-06-04,0.015965269314345408
2024-06-05,0.0062208760068437246
2024-06-06,0.026824359271993975
2024-06-07,0.005891649470341843
2024-06-11,0.0001737576542229515
2024-06-12,0.017610975720579465
2024-06-13,-0.0019520650049796196
2024-06-14,0.014474249308934192
2024-06-17,0.008077476075924708
2024-06-18,0.013717225147955899
2024-06-19,0.01997920982072798
2024-06-20,0.02147212239241724
2024-06-21,0.0030265190248830636
2024-06-24,-0.013899063151258622
2024-06-25,-0.03416333954586226
2024-06-26,0.014425214436152304
2024-06-27,-0.014919822464213122
2024-06-28,-0.022164018535956027
2024-07-01,0.007296845617397648
2024-07-02,0.02385615067071023
2024-07-03,0.010441139150463085
2024-07-04,0.0024093931198174265
2024-07-05,-0.012283034816804676
2024-07-08,-0.005698187376599692
2024-07-09,-0.05075566438890619
2024-07-10,-0.06246836065763169
2024-07-11,-0.09017049959380279
2024-07-12,-0.07395558497865029
2024-07-15,-0.08029162713328372
2024-07-16,-0.0683957727969025
2024-07-17,-0.06051604690577682
2024-07-18,-0.05012396578691339
2024-07-19,-0.02470040605083834
2024-07-22,0.0028272289103473346
2024-07-23,0.02213019797755864
2024-07-24,-0.014550922812451792
2024-07-25,-0.041730366978729505
2024-07-26,0.014531999059526863
2024-07-29,0.006784011127376193
2024-07-30,0.006739627853836715
2024-07-31,0.020578093472287767
2024-08-01,0.002048146505668515
2024-08-02,0.001428167098911026
2024-08-05,0.025742503465509305
2024-08-06,0.0031381066094177583
2024-08-07,-0.014756665884426331
2024-08-08,0.00017569052324179735
2024-08-09,0.008203981229994231
2024-08-12,0.02863565986462404
2024-08-13,0.01163897284100426
2024-08-14,-0.006889097565626049
2024-08-15,-0.002666037101557705
2024-08-16,-0.0008950853264667271
2024-08-19,0.005080540349528553
2024-08-20,0.01752663374204658
2024-08-21,0.012598606475384983
2024-08-22,0.01660913013326082
2024-08-23,-0.003848073366548243
2024-08-26,0.014149711295916812
2024-08-27,-0.0022761091425661036
2024-08-28,0.0049741505830470855
2024-08-29,0.02660098155243297
2024-08-30,0.061181044064793584
2024-09-02,0.04311223548598968
2024-09-03,0.1055646169084556
2024-09-04,0.10059301164013175
2024-09-05,0.0896891996171226
2024-09-06,0.07664817339341465
2024-09-09,0.08496523273087161
2024-09-10,0.07167440921933144
2024-09-11,0.09940311846576776
2024-09-12,0.07952353264861321
2024-09-13,0.046568383962669685
2024-09-18,0.052104020075599757
2024-09-19,0.04758203953522905
2024-09-20,0.07645676802808675
2024-09-23,0.06454607707997688
2024-09-24,0.05605664703727949
2024-09-25,0.0254327835142673
2024-09-26,0.06559232422689035
2024-09-27,0.05728826764820544
2024-09-30,0.08152899692659749
2024-10-08,0.051296718211775776
2024-10-09,0.04356490715597562
2024-10-10,0.08188515487166384
2024-10-11,0.07644112495872629
2024-10-14,0.060595739219425654
2024-10-15,0.05961484221871967
2024-10-16,0.06756054883507803
2024-10-17,0.06540010381687067
2024-10-18,0.07046938070907231
2024-10-21,0.044308064565598895
2024-10-22,0.07256914595465928
2024-10-23,0.07217058919015581
2024-10-24,0.08322529069548013
2024-10-25,0.06368257179569768
2024-10-28,0.0716547939714843
2024-10-29,0.0784812480322756
2024-10-30,0.047730319929266
2024-10-31,0.027279608567932195
2024-11-01,0.03627761131388134
2024-11-04,0.012082890343790384
2024-11-05,-0.01934713850187006
2024-11-06,0.0005344166625691366
2024-11-07,-0.06931034625897586
2024-11-08,-0.01852172166628004
2024-11-11,-0.01518486541688621
2024-11-12,-0.02988599032441897
2024-11-13,-0.09167244696619654
2024-11-14,-0.07700793471692371
2024-11-15,-0.1121209879322327
2024-11-18,-0.14256814701886997
2024-11-19,-0.12259421455952366
2024-11-20,-0.13792141539353858
2024-11-21,-0.1463775152491284
2024-11-22,-0.17322496437759233
2024-11-25,-0.1599276171533366
2024-11-26,-0.20658262101511082
2024-11-27,-0.17004737957518512
2024-11-28,-0.18748272899941035
2024-11-29,-0.19741849589836488
2024-12-02,-0.17928824678333335
2024-12-03,-0.16737492599711956
2024-12-04,-0.20386511609148747
2024-12-05,-0.21145087265718412
2024-12-06,-0.16961043041781718
2024-12-09,-0.1336495788200099
2024-12-10,-0.16375513907530012
2024-12-11,-0.14523893099792562
2024-12-12,-0.1579265718622208
2024-12-13,-0.17207566087026707
2024-12-16,-0.11993843754282753
2024-12-17,-0.14427254891650002
2024-12-18,-0.20238710624313017
2024-12-19,-0.23429655760890253
2024-12-20,-0.1845663889465787
2024-12-23,-0.17661511293950002
2024-12-24,-0.14568707123953634
2024-12-25,-0.144698744412943
2024-12-26,-0.1065714009305844
2024-12-27,-0.1249178384094149
2024-12-30,-0.1350239491855704
2024-12-31,-0.09916093214257664
