date,FCT_Cmf_1@20
2012-12-28,
2012-12-31,
2013-01-04,
2013-01-07,
2013-01-08,
2013-01-09,
2013-01-10,
2013-01-11,
2013-01-14,
2013-01-15,
2013-01-16,
2013-01-17,
2013-01-18,
2013-01-21,
2013-01-22,
2013-01-23,
2013-01-24,
2013-01-25,
2013-01-28,
2013-01-29,-0.03990898652534847
2013-01-30,-0.014115446643078544
2013-01-31,-0.006269091332672471
2013-02-01,0.010660844329936168
2013-02-04,-0.0024144481236930055
2013-02-05,-0.014467716177377526
2013-02-06,0.001766981592992935
2013-02-07,0.02721057565957695
2013-02-08,-0.03143335335545024
2013-02-18,-0.10557977264036361
2013-02-19,0.008070549926829604
2013-02-20,-0.11453593428032725
2013-02-21,0.07626235487355135
2013-02-22,-0.051878601269754965
2013-02-25,-0.13255442380152127
2013-02-26,-0.1966259482472601
2013-02-27,-0.17084560500603546
2013-02-28,-0.21157877013540902
2013-03-01,-0.1484575894332763
2013-03-04,-0.171181429732592
2013-03-05,-0.15880902017978246
2013-03-06,-0.17321657552105743
2013-03-07,-0.16657346371538198
2013-03-08,-0.2064905162542596
2013-03-11,-0.2642260034500331
2013-03-12,-0.30495174255917695
2013-03-13,-0.23692167749680793
2013-03-14,-0.18034341150432168
2013-03-15,-0.16915689301789408
2013-03-18,-0.14870878896223363
2013-03-19,-0.19583173183781377
2013-03-20,-0.16086968886199074
2013-03-21,-0.2173218144361054
2013-03-22,-0.1700712411801838
2013-03-25,-0.1336642928446443
2013-03-26,-0.09034468568059074
2013-03-27,-0.08912982497987489
2013-03-28,-0.034232461730630805
2013-03-29,-0.08200477223555962
2013-04-01,-0.10026683935948957
2013-04-02,-0.10184546754877526
2013-04-03,-0.05677277416621801
2013-04-08,-0.0336394908640264
2013-04-09,-0.015951760618755178
2013-04-10,0.1018959927487305
2013-04-11,0.17657318885883344
2013-04-12,0.15944294343927234
2013-04-15,0.1174454379673709
2013-04-16,0.22319204558809413
2013-04-17,0.1313713693350114
2013-04-18,0.21543231044381783
2013-04-19,0.1531492305727557
2013-04-22,0.14765180716288606
2013-04-23,0.16924542930048792
2013-04-24,0.14416743599084333
2013-04-25,0.14365930693745824
2013-04-26,0.13893494424185296
2013-05-02,0.18500267081442467
2013-05-03,0.16111461053756126
2013-05-06,0.2127176882589018
2013-05-07,0.20323754572677707
2013-05-08,0.19145578126364282
2013-05-09,0.16416524597404134
2013-05-10,0.17546467434619187
2013-05-13,0.14024268325344438
2013-05-14,0.13873465356081469
2013-05-15,0.09825212870956754
2013-05-16,0.07685198262628506
2013-05-17,-0.015272144425866573
2013-05-20,0.03164194498851904
2013-05-21,-0.012545854142465427
2013-05-22,0.03335271453089478
2013-05-23,0.00045427580469643603
2013-05-24,0.038657317514059
2013-05-27,0.14534131658062682
2013-05-28,0.11353567438879188
2013-05-29,0.11409339138229463
2013-05-30,0.10316229257327256
2013-05-31,0.15284160593724747
2013-06-03,0.07644280044892217
2013-06-04,0.06321521769992129
2013-06-05,0.0833547408103693
2013-06-06,0.05214908728364511
2013-06-07,0.03751379696182232
2013-06-13,0.038895856723558886
2013-06-14,0.06416124450980462
2013-06-17,0.10796192808638291
2013-06-18,-0.013497465253399872
2013-06-19,-0.0698838761724745
2013-06-20,-0.10865655698539158
2013-06-21,-0.1818087367231282
2013-06-24,-0.22643236352209628
2013-06-25,-0.1302315210130391
2013-06-26,-0.12911230176230148
2013-06-27,-0.08535561874248838
2013-06-28,-0.12641039955660002
2013-07-01,-0.12018589235786381
2013-07-02,-0.0668346858088337
2013-07-03,-0.06300411076444944
2013-07-04,-0.10236921663186627
2013-07-05,-0.05779000810235467
2013-07-08,-0.10827629858722851
2013-07-09,-0.013824584205953087
2013-07-10,-0.01177685931157265
2013-07-11,0.008778382453207991
2013-07-12,-0.070471771698409
2013-07-15,-0.0732390193178353
2013-07-16,0.02763619531556784
2013-07-17,0.004554684521555871
2013-07-18,0.06634025980781583
2013-07-19,-0.018571654709779527
2013-07-22,-0.024706562727245023
2013-07-23,0.0008015254914189345
2013-07-24,0.03474578372396482
2013-07-25,-0.012050295279656825
2013-07-26,-0.042955229807885124
2013-07-29,-0.01741307644475332
2013-07-30,-0.07402420163169758
2013-07-31,-0.04561700996323979
2013-08-01,-0.019744926132456167
2013-08-02,-0.005044184110932452
2013-08-05,-0.005847070985941018
2013-08-06,-0.08054926896054221
2013-08-07,-0.12437208837909088
2013-08-08,-0.10272140329778218
2013-08-09,-0.09830119191612827
2013-08-12,-0.09024770177315487
2013-08-13,-0.0960211691527777
2013-08-14,-0.12079673903188133
2013-08-15,-0.11869103179721796
2013-08-16,-0.10111821690538064
2013-08-19,-0.0955202890325766
2013-08-20,-0.15420994451540432
2013-08-21,-0.1391291110717915
2013-08-22,-0.0609957589982047
2013-08-23,0.007953533347018675
2013-08-26,0.019656257636646843
2013-08-27,0.0781010540879206
2013-08-28,0.019608904376905316
2013-08-29,0.0035343163803069322
2013-08-30,-0.022596245521876133
2013-09-02,0.023678917316193863
2013-09-03,0.05852241046075203
2013-09-04,0.07152725739914312
2013-09-05,0.018582483082475874
2013-09-06,0.07623164745106649
2013-09-09,0.011271736114650252
2013-09-10,-0.026087825329402577
2013-09-11,0.05685278943239531
2013-09-12,0.0338149168708769
2013-09-13,0.048256456967683346
2013-09-16,0.032933396650975395
2013-09-17,0.08773994849106231
2013-09-18,0.0696314659681914
2013-09-23,0.021950066592966073
2013-09-24,0.05076807298092374
2013-09-25,0.009970443567031547
2013-09-26,-0.003523440172539117
2013-09-27,0.07746283295871495
2013-09-30,0.08919449448800876
2013-10-08,0.12096459454384116
2013-10-09,0.1264248489433407
2013-10-10,0.06182475698130409
2013-10-11,0.0504257561960571
2013-10-14,0.08444718033682543
2013-10-15,-0.0064554380638247736
2013-10-16,0.04857976013818914
2013-10-17,0.05008394753921039
2013-10-18,-0.03475091137736299
2013-10-21,0.02063190375144448
2013-10-22,0.013854619167632361
2013-10-23,0.06329999415436689
2013-10-24,0.013992190100446117
2013-10-25,-0.04652724002238495
2013-10-28,-0.048059417798931595
2013-10-29,-0.056788652361241386
2013-10-30,-0.06566857245399524
2013-10-31,-0.07948381009697005
2013-11-01,-0.12180024319921258
2013-11-04,-0.07289075656655773
2013-11-05,-0.1049593826656856
2013-11-06,-0.10423383187369825
2013-11-07,-0.10511288356400614
2013-11-08,-0.10420162392270928
2013-11-11,-0.1178019638612151
2013-11-12,-0.05378843863422955
2013-11-13,-0.07090013724231801
2013-11-14,-0.08574632167260791
2013-11-15,-0.03321126282432949
2013-11-18,-0.09851459177013018
2013-11-19,-0.06940066692079813
2013-11-20,-0.0746481732959928
2013-11-21,-0.04405088384307862
2013-11-22,0.07554292264586442
2013-11-25,0.03052795944404032
2013-11-26,-0.06045996185859172
2013-11-27,0.010365345256518336
2013-11-28,0.02034779589794902
2013-11-29,0.04638634305292458
2013-12-02,0.019027355574539686
2013-12-03,-0.004196389286418899
2013-12-04,-0.008562970863388293
2013-12-05,0.0688277739562133
2013-12-06,0.19316954462002778
2013-12-09,0.23917492511318875
2013-12-10,0.19494891554194374
2013-12-11,0.19399500510389858
2013-12-12,0.19488046468918832
2013-12-13,0.2179448390165903
2013-12-16,0.2670120534789716
2013-12-17,0.294828753708218
2013-12-18,0.2426676787046584
2013-12-19,0.2775463617444192
2013-12-20,0.27912516577914637
2013-12-23,0.3036649998572559
2013-12-24,0.3373541025574468
2013-12-25,0.3661630388429654
2013-12-26,0.3017858544535227
2013-12-27,0.3284180674311678
2013-12-30,0.20070910951244678
2013-12-31,0.2577840554164794
2014-01-02,0.2799287753503863
2014-01-03,0.2878273892375827
2014-01-06,0.21004311437829387
2014-01-07,0.13066379598439984
2014-01-08,0.17234675921391754
2014-01-09,0.12303287517896636
2014-01-10,0.1713553713321021
2014-01-13,0.12198476635301934
2014-01-14,0.14522587343677906
2014-01-15,0.17169262034050126
2014-01-16,0.2099600237208928
2014-01-17,0.15083720914846654
2014-01-20,0.1575848113897056
2014-01-21,0.13573273551838397
2014-01-22,0.09945634718163829
2014-01-23,0.051614162530308476
2014-01-24,0.08527007018400361
2014-01-27,0.04530326077172438
2014-01-28,0.09825137753791817
2014-01-29,0.05810490666993369
2014-01-30,0.014538303667954541
2014-02-07,-0.001169925775097511
2014-02-10,0.023523700176666516
2014-02-11,0.08728535789255543
2014-02-12,0.033435000285136234
2014-02-13,0.10789240730357613
2014-02-14,0.04461054190064255
2014-02-17,0.09055518771970078
2014-02-18,-0.01881174147315248
2014-02-19,-0.10663911031720925
2014-02-20,-0.1588267541734826
2014-02-21,-0.13421032437594393
2014-02-24,-0.1494929760210751
2014-02-25,-0.1370543696682993
2014-02-26,-0.16367562959851212
2014-02-27,-0.1220256989510421
2014-02-28,-0.18979414365392205
2014-03-03,-0.19371652576710197
2014-03-04,-0.13810641565111503
2014-03-05,-0.051503356494693814
2014-03-06,-0.10064961911279374
2014-03-07,-0.017899851427890485
2014-03-10,-0.07678161642878606
2014-03-11,-0.04893691601550901
2014-03-12,-0.050390646529682996
2014-03-13,-0.09746660539562005
2014-03-14,-0.1291085931777215
2014-03-17,-0.11176886113506142
2014-03-18,-0.0900078700380219
2014-03-19,-0.04990666303859307
2014-03-20,-0.04680724954002295
2014-03-21,-0.018302677935079344
2014-03-24,-0.03452186715822936
2014-03-25,0.01034555482881293
2014-03-26,0.07123047405492651
2014-03-27,0.02298482854397845
2014-03-28,0.053450380152705604
2014-03-31,0.031070770393207613
2014-04-01,0.022447992330611267
2014-04-02,-0.010257111513283587
2014-04-03,0.03823577279215046
2014-04-04,0.01916071856403307
2014-04-08,0.09970777321856403
2014-04-09,0.04768721910538031
2014-04-10,0.0672313033284417
2014-04-11,0.14411789957883755
2014-04-14,0.20206841789680466
2014-04-15,0.20267864476158184
2014-04-16,0.19864835983360266
2014-04-17,0.19957484176642934
2014-04-18,0.2291800316195597
2014-04-21,0.21108436306577266
2014-04-22,0.22378440848152026
2014-04-23,0.15233597261006937
2014-04-24,0.19327643670997927
2014-04-25,0.2652252373974803
2014-04-28,0.3026079773350597
2014-04-29,0.33842840166772553
2014-04-30,0.34791967003461605
2014-05-05,0.3568665874469456
2014-05-06,0.35391935005723574
2014-05-07,0.341316297476223
2014-05-08,0.3767136462123878
2014-05-09,0.3296235839017108
2014-05-12,0.3461459182791704
2014-05-13,0.35139706948874333
2014-05-14,0.4010161130689555
2014-05-15,0.4225272371468528
2014-05-16,0.4614657399943945
2014-05-19,0.4086235514839809
2014-05-20,0.41085683812045737
2014-05-21,0.41617432045324404
2014-05-22,0.42691808310955504
2014-05-23,0.5079388501181533
2014-05-26,0.5093927430006104
2014-05-27,0.38510940970135
2014-05-28,0.3671607954559273
2014-05-29,0.3757847180193463
2014-05-30,0.3867755846187677
2014-06-03,0.38605852960796816
2014-06-04,0.37555648128988556
2014-06-05,0.29032400920071966
2014-06-06,0.23559252440751277
2014-06-09,0.34014021957891016
2014-06-10,0.2622830364649459
2014-06-11,0.24782945224441333
2014-06-12,0.2571373642228721
2014-06-13,0.297204241756538
2014-06-16,0.29653871315776087
2014-06-17,0.2363481254600882
2014-06-18,0.2416728971909443
2014-06-19,0.24052867326237934
2014-06-20,0.1986544001154194
2014-06-23,0.18944898005888156
2014-06-24,0.14128569431621282
2014-06-25,0.18248817930959152
2014-06-26,0.18166097689654967
2014-06-27,0.13919947942369446
2014-06-30,0.15907655908985208
2014-07-01,0.13828283560552046
2014-07-02,0.15889288996874135
2014-07-03,0.20557223807639066
2014-07-04,0.1706635767600509
2014-07-07,0.09689482809187609
2014-07-08,0.160020475266331
2014-07-09,0.0932244931785605
2014-07-10,0.03533916931721163
2014-07-11,0.013244106473481827
2014-07-14,0.012303168253852217
2014-07-15,0.04342423473820073
2014-07-16,0.007652820708712466
2014-07-17,-0.03939547156491675
2014-07-18,-0.03953595452247741
2014-07-21,-0.07526752501925203
2014-07-22,-0.03069096888321894
2014-07-23,-0.04893135224146094
2014-07-24,-0.08064978462039255
2014-07-25,-0.06926552148302184
2014-07-28,-0.12121062368083511
2014-07-29,-0.10771100890877687
2014-07-30,-0.13898627246052525
2014-07-31,-0.15389084961654179
2014-08-01,-0.11032369770106754
2014-08-04,-0.048409365812730906
2014-08-05,-0.07307795872333483
2014-08-06,-0.013154644386625053
2014-08-07,-0.014831562677619044
2014-08-08,-0.09651672113599041
2014-08-11,-0.2052467406661911
2014-08-12,-0.17453674534445432
2014-08-13,-0.2160771372705013
2014-08-14,-0.12412899475657779
2014-08-15,-0.12868172688859525
2014-08-18,-0.0673763187674497
2014-08-19,-0.11853257339631648
2014-08-20,-0.07590519058059356
2014-08-21,-0.02675193015955772
2014-08-22,0.003704522480520369
2014-08-25,-0.02968040851238768
2014-08-26,-0.026974274919081637
2014-08-27,-0.025620955215095945
2014-08-28,-0.03613975993716153
2014-08-29,-0.04135437351612657
2014-09-01,-0.08921760301012631
2014-09-02,-0.07059086918198006
2014-09-03,-0.08298123338754132
2014-09-04,-0.12048743851928334
2014-09-05,-0.09403423166938184
2014-09-09,-0.0717341395599536
2014-09-10,-0.04993898071728469
2014-09-11,-0.01083436068742514
2014-09-12,0.024550756905514098
2014-09-15,0.04047410668517087
2014-09-16,-0.047348834772267985
2014-09-17,0.028458231290551167
2014-09-18,0.029279092577608915
2014-09-19,-0.011864051500021911
2014-09-22,-0.0644682583066587
2014-09-23,-0.007511496664282509
2014-09-24,-0.05383122410001197
2014-09-25,-0.04288948140329574
2014-09-26,0.00356446622128596
2014-09-29,0.017387424874078634
2014-09-30,0.03176893152807043
2014-10-08,0.013381372611743492
2014-10-09,0.035352180392526834
2014-10-10,0.04808981587720226
2014-10-13,0.08299152601643207
2014-10-14,0.11367950541599348
2014-10-15,0.10220547440749483
2014-10-16,0.07399829520883192
2014-10-17,0.0007315765120654251
2014-10-20,0.003650467130143543
2014-10-21,0.061849052402966585
2014-10-22,-0.002008742513658916
2014-10-23,0.03487944123657693
2014-10-24,0.06675103358915202
2014-10-27,0.1401182984410051
2014-10-28,0.051619501483958746
2014-10-29,0.1268942801025666
2014-10-30,0.06894301894667845
2014-10-31,0.07138804111882395
2014-11-03,0.03307494231916377
2014-11-04,-0.005103794078708242
2014-11-05,-0.04764187218750985
2014-11-06,0.004493269691578169
2014-11-07,0.04524282368312542
2014-11-10,0.0367110181911662
2014-11-11,-0.008202978835556436
2014-11-12,-0.0067737915062722545
2014-11-13,0.03705797669193902
2014-11-14,0.011920110218466257
2014-11-17,-0.012682785062504457
2014-11-18,-0.02281435049179982
2014-11-19,-0.05530217256384511
2014-11-20,-0.07252989712715947
2014-11-21,-0.035989001149665925
2014-11-24,-0.12112783851751092
2014-11-25,-0.030162301322989842
2014-11-26,-0.1293616210070998
2014-11-27,-0.09451950177801295
2014-11-28,-0.09963771605176772
2014-12-01,-0.06016522741656666
2014-12-02,-0.017581080121692755
2014-12-03,0.0847704405927032
2014-12-04,-0.0028851160009030217
2014-12-05,0.046308671855624595
2014-12-08,0.0014894088381975043
2014-12-09,0.048216679665254746
2014-12-10,0.11802167007978925
2014-12-11,0.14770494405561738
2014-12-12,0.1578262664439438
2014-12-15,0.1724229754839004
2014-12-16,0.130593198201061
2014-12-17,0.1296759313267996
2014-12-18,0.06671505974260108
2014-12-19,0.042604655530988245
2014-12-22,0.06532164937803854
2014-12-23,0.0028260733570820264
2014-12-24,0.027859807837890257
2014-12-25,0.010327897501935657
2014-12-26,0.01115963049536498
2014-12-29,0.030277737867738415
2014-12-30,0.057325357241848694
2014-12-31,-0.026011005499932315
2015-01-05,0.0001627467571257133
2015-01-06,-0.040171185852725284
2015-01-07,-0.04953167983047924
2015-01-08,-0.0659924930314427
2015-01-09,-0.1576773136330834
2015-01-12,-0.23523347629295535
2015-01-13,-0.22052568072018539
2015-01-14,-0.28093812144559593
2015-01-15,-0.2074972092971154
2015-01-16,-0.1702342647123035
2015-01-19,-0.11745378880320874
2015-01-20,-0.11375651986993024
2015-01-21,-0.0592784101181672
2015-01-22,-0.025792616319818946
2015-01-23,-0.019808062651140382
2015-01-26,0.005519033013206796
2015-01-27,-0.01917176379072559
2015-01-28,-0.07059139807802725
2015-01-29,-0.08911667410523608
2015-01-30,-0.03558051534402297
2015-02-02,-0.03888341671924785
2015-02-03,-0.013570471189382757
2015-02-04,-0.0051662874963527665
2015-02-05,-0.013656460935923173
2015-02-06,-0.001063455310836377
2015-02-09,0.04027542926196583
2015-02-10,0.04740926773145224
2015-02-11,0.11190279650518395
2015-02-12,0.09808657114003369
2015-02-13,0.15425519102883434
2015-02-16,0.17814936876499912
2015-02-17,0.15762949899123777
2015-02-25,0.12881248832621972
2015-02-26,0.14879755442165882
2015-02-27,0.21249765905680074
2015-03-02,0.217724217362485
2015-03-03,0.1956934372434069
2015-03-04,0.25077317864883475
2015-03-05,0.24294708827842984
2015-03-06,0.19515134907769358
2015-03-09,0.28028963516669
2015-03-10,0.2134690624209003
2015-03-11,0.2764790227613683
2015-03-12,0.2739944038882141
2015-03-13,0.14399152608655727
2015-03-16,0.09986121353043596
2015-03-17,0.08136183385748039
2015-03-18,0.00860614429889309
2015-03-19,0.008524108553786578
2015-03-20,0.005634672602337033
2015-03-23,0.038675512749517825
2015-03-24,0.07647593050898287
2015-03-25,0.02033277851007972
2015-03-26,-0.04355365577658745
2015-03-27,-0.030643367783565773
2015-03-30,-0.0900462698401766
2015-03-31,-0.06878754873414021
2015-04-01,-0.04664346333341085
2015-04-02,-0.07898324751298223
2015-04-03,-0.07916100063975431
2015-04-07,-0.09880737241918885
2015-04-08,-0.06149377725128797
2015-04-09,-0.1510308171645202
2015-04-10,-0.21210794267073627
2015-04-13,-0.1153924728121603
2015-04-14,-0.07762081196470066
2015-04-15,-0.08625739907371106
2015-04-16,-0.06712004247738751
2015-04-17,-0.0767789717075802
2015-04-20,-0.08803229073466541
2015-04-21,-0.10615752234785995
2015-04-22,-0.1659257586492256
2015-04-23,-0.11419870614653847
2015-04-24,-0.04425900504094083
2015-04-27,-0.05867186889053091
2015-04-28,-0.022530927283509746
2015-04-29,-0.04530993443018191
2015-04-30,-0.03576386535249468
2015-05-04,0.018454811584568947
2015-05-05,0.02998012620610686
2015-05-06,0.042364596716096756
2015-05-07,0.03191513288534987
2015-05-08,0.042341491865957405
2015-05-11,0.11383802954218697
2015-05-12,0.04209393487762935
2015-05-13,0.0044646642695846525
2015-05-14,-0.015176827134858744
2015-05-15,-0.024074423957698966
2015-05-18,-0.0024612126953729714
2015-05-19,-0.05173216889770251
2015-05-20,-0.11916710111981162
2015-05-21,-0.15395438919112173
2015-05-22,-0.11983565123689587
2015-05-25,-0.17756359287233234
2015-05-26,-0.22850918645496388
2015-05-27,-0.2107945453514179
2015-05-28,-0.1949401104581097
2015-05-29,-0.24524738945808186
2015-06-01,-0.28344149504783617
2015-06-02,-0.2456618765488114
2015-06-03,-0.2570973335054681
2015-06-04,-0.24987130906057373
2015-06-05,-0.20014327182888222
2015-06-08,-0.2376816040743914
2015-06-09,-0.21492649305635433
2015-06-10,-0.23397937899238042
2015-06-11,-0.2069525709351745
2015-06-12,-0.20739411524258217
2015-06-15,-0.25831770024896517
2015-06-16,-0.20208013353680987
2015-06-17,-0.08780323289435042
2015-06-18,-0.05783530626840642
2015-06-19,-0.1214443698184121
2015-06-23,-0.08762539120515533
2015-06-24,-0.06651755217024682
2015-06-25,-0.10477168210100739
2015-06-26,-0.11482115862537919
2015-06-29,-0.10551293458009452
2015-06-30,-0.10013122653507718
2015-07-01,-0.08389669795184286
2015-07-02,-0.03360020923833361
2015-07-03,-0.029928051443179043
2015-07-06,-0.038327856756386204
2015-07-07,0.0009200967796109142
2015-07-08,-0.05862157151494193
2015-07-09,-0.009214204228024141
2015-07-10,0.04915243304000833
2015-07-13,0.11277856579170076
2015-07-14,0.22016818007604155
2015-07-15,0.14197117765513068
2015-07-16,0.1768911752986217
2015-07-17,0.1404804829663055
2015-07-20,0.1420408310414027
2015-07-21,0.14120019838254488
2015-07-22,0.18934945199554024
2015-07-23,0.17875475029538224
2015-07-24,0.16526204709136913
2015-07-27,0.14916055677296422
2015-07-28,0.18583394975226664
2015-07-29,0.13142361399632324
2015-07-30,0.08356676118739886
2015-07-31,0.03704997601872629
2015-08-03,0.022045136565975638
2015-08-04,0.03342554612664051
2015-08-05,0.07462511219988006
2015-08-06,0.0352491606976398
2015-08-07,-0.004967550383610232
2015-08-10,0.0038974449105620454
2015-08-11,-0.07521089874000328
2015-08-12,0.021796237899817498
2015-08-13,-0.07246956652861268
2015-08-14,-0.03904016057770324
2015-08-17,-0.018003164019673508
2015-08-18,-0.051620970857494314
2015-08-19,-0.12438722975059173
2015-08-20,-0.14642398128951534
2015-08-21,-0.14340190588305335
2015-08-24,-0.15929034884328128
2015-08-25,-0.1526232239127811
2015-08-26,-0.16622069130264958
2015-08-27,-0.0917575103125263
2015-08-28,-0.10580937922279761
2015-08-31,-0.1150786295963315
2015-09-01,-0.11095966827300557
2015-09-02,-0.05673728252363176
2015-09-07,-0.07146568080419186
2015-09-08,-0.057406838212545136
2015-09-09,-0.1518918952549147
2015-09-10,-0.13114469568062165
2015-09-11,-0.2011772070448619
2015-09-14,-0.1759680858293891
2015-09-15,-0.15092776130967453
2015-09-16,-0.11655637992044188
2015-09-17,-0.1122101298426406
2015-09-18,-0.14186965495807508
2015-09-21,-0.06372910938929141
2015-09-22,-0.0599119015684226
2015-09-23,0.011573754802915386
2015-09-24,-0.02599869854804506
2015-09-25,0.027905488233300333
2015-09-28,-0.03975000374593
2015-09-29,-0.006580026770297085
2015-09-30,0.02202048518197933
2015-10-08,-0.03502673493573491
2015-10-09,-0.10018729916330447
2015-10-12,-0.030764655755410496
2015-10-13,-0.032931899606987794
2015-10-14,0.027350458704760217
2015-10-15,-0.006946421202437055
2015-10-16,-0.013325096262404868
2015-10-19,-0.06517217330097916
2015-10-20,-0.07143310655091455
2015-10-21,-0.14711543941821822
2015-10-22,-0.0767457476619095
2015-10-23,-0.02691769509001048
2015-10-26,-0.06429952129141245
2015-10-27,-0.008638788509501802
2015-10-28,-0.04998099778161307
2015-10-29,-0.0048369953041611504
2015-10-30,-0.0580138836190925
2015-11-02,-0.030751691969088432
2015-11-03,-0.022642348589382452
2015-11-04,0.03366357116202979
2015-11-05,0.07063471659135584
2015-11-06,0.12867835022531462
2015-11-09,0.09314597651486034
2015-11-10,0.04581580031054813
2015-11-11,0.03257878388282062
2015-11-12,0.029538049641010554
2015-11-13,0.04107759673535153
2015-11-16,0.03194004361194215
2015-11-17,-0.0012850318227421243
2015-11-18,-0.03476209621260826
2015-11-19,-0.13528840565012293
2015-11-20,-0.15874066292084765
2015-11-23,-0.27366599079399917
2015-11-24,-0.24160753431293222
2015-11-25,-0.19460440563725623
2015-11-26,-0.18896068071948086
2015-11-27,-0.17681895702707262
2015-11-30,-0.16024139605131632
2015-12-01,-0.16759047036646552
2015-12-02,-0.2113469433067626
2015-12-03,-0.25772736197938806
2015-12-04,-0.2525253157680426
2015-12-07,-0.23632905277067984
2015-12-08,-0.24477736488577964
2015-12-09,-0.18727312015539538
2015-12-10,-0.1960624546971782
2015-12-11,-0.1151688992575921
2015-12-14,-0.04565193312968404
2015-12-15,-0.011685006990325092
2015-12-16,0.05514670657983346
2015-12-17,0.04986978565294906
2015-12-18,0.11705316705735287
2015-12-21,0.24394171141741555
2015-12-22,0.16512236943796005
2015-12-23,0.11855402182606771
2015-12-24,0.08029440711595731
2015-12-25,0.06407059335823287
2015-12-28,0.016699144091248435
2015-12-29,0.04549306309442754
2015-12-30,0.08882052990382656
2015-12-31,0.15028654726091745
2016-01-04,0.08175671021798574
2016-01-05,0.096711843089436
2016-01-06,0.14229117610365705
2016-01-07,0.15131813030947663
2016-01-08,0.19851554190449452
2016-01-11,0.13205624248470554
2016-01-12,0.08517082022613702
2016-01-13,0.032192306388752416
2016-01-14,0.05522824774442136
2016-01-15,0.10244784027458582
2016-01-18,0.11687781908876592
2016-01-19,0.05434882144007099
2016-01-20,0.06709870135982059
2016-01-21,0.04756205612715237
2016-01-22,0.07903013316309972
2016-01-25,0.07653922502257866
2016-01-26,0.10589539865053564
2016-01-27,0.09785614385982595
2016-01-28,0.037098209850496805
2016-01-29,-0.014189662182760621
2016-02-01,0.02507914837610666
2016-02-02,0.009079713681730222
2016-02-03,0.009706267784110777
2016-02-04,-0.03125491266878517
2016-02-05,-0.07849179061782757
2016-02-15,-0.07622020755238912
2016-02-16,-0.044190296861875006
2016-02-17,-0.014700830604732484
2016-02-18,-0.0692711126558072
2016-02-19,-0.046546828407636964
2016-02-22,-0.09001064636495165
2016-02-23,-0.10444852664746085
2016-02-24,-0.15537420118641349
2016-02-25,-0.14607314105964006
2016-02-26,-0.20397740272587564
2016-02-29,-0.2035240323261796
2016-03-01,-0.16611789415493008
2016-03-02,-0.20298903345582106
2016-03-03,-0.11454129251148798
2016-03-04,-0.009282819083357742
2016-03-07,0.050933939419292376
2016-03-08,-0.04378725696476441
2016-03-09,-0.03771111614872124
2016-03-10,-0.07561626882501327
2016-03-11,-0.03878220459244538
2016-03-14,-0.04913273181907317
2016-03-15,-0.08516442287677578
2016-03-16,-0.0663912487930377
2016-03-17,-0.03886865968272966
2016-03-18,-0.005579613452357967
2016-03-21,-0.05899102179044099
2016-03-22,0.02834195959375103
2016-03-23,0.010196211539374203
2016-03-24,0.07766548556962362
2016-03-25,0.051419115196424586
2016-03-28,0.0044394437444502215
2016-03-29,-0.08254801578719027
2016-03-30,-0.06626024461524667
2016-03-31,-0.13927685014518026
2016-04-01,-0.1708752530251369
2016-04-05,-0.1877193829914894
2016-04-06,-0.1737411649074228
2016-04-07,-0.1718868447595237
2016-04-08,-0.15944241928500066
2016-04-11,-0.15447035575830845
2016-04-12,-0.07174633519803385
2016-04-13,-0.0700816500070915
2016-04-14,-0.06565192488896787
2016-04-15,-0.09006411995402859
2016-04-18,-0.0793550821342179
2016-04-19,-0.04919691135507587
2016-04-20,-0.006818266868066941
2016-04-21,0.07579645671371918
2016-04-22,-0.015049803503608832
2016-04-25,-0.022716847117461084
2016-04-26,0.054049445758036774
2016-04-27,0.11574317862820577
2016-04-28,0.09753078593521552
2016-04-29,0.08371879759109602
2016-05-03,0.1275962876521992
2016-05-04,0.08483032877923759
2016-05-05,0.10485978506604927
2016-05-06,0.06292293974290415
2016-05-09,0.09768133893428953
2016-05-10,0.10435788719555157
2016-05-11,0.1125705426345645
2016-05-12,0.1379091814671682
2016-05-13,0.10240626472122101
2016-05-16,0.15579745699103018
2016-05-17,0.17897999270776496
2016-05-18,0.1565541017757449
2016-05-19,0.15553208139508898
2016-05-20,0.1852846308864302
2016-05-23,0.16503885314447594
2016-05-24,0.12807778267341838
2016-05-25,0.1312161659795
2016-05-26,0.17974101786493482
2016-05-27,0.2059175073581036
2016-05-30,0.29963257802778975
2016-05-31,0.24879046728812648
2016-06-01,0.22801694702526515
2016-06-02,0.2639091302858908
2016-06-03,0.3320999035167078
2016-06-06,0.34255457342222123
2016-06-07,0.3408751112847961
2016-06-08,0.35218754668701036
2016-06-13,0.3662622277885115
2016-06-14,0.33854773309337777
2016-06-15,0.3384029344510147
2016-06-16,0.24103623827109352
2016-06-17,0.2885030376451
2016-06-20,0.281188028041152
2016-06-21,0.19985185304391248
2016-06-22,0.27766781824857917
2016-06-23,0.28909373621674567
2016-06-24,0.21765668284411233
2016-06-27,0.22022895947957832
2016-06-28,0.24658629326882905
2016-06-29,0.1801374146388692
2016-06-30,0.23956103386462865
2016-07-01,0.2583094693417447
2016-07-04,0.20665328663551483
2016-07-05,0.12367881648665904
2016-07-06,0.050401075785092876
2016-07-07,-0.007775289582058924
2016-07-08,-0.07910624066589071
2016-07-11,-0.09570499445225326
2016-07-12,-0.0254570229835184
2016-07-13,-0.006149962364180667
2016-07-14,0.033826533520847
2016-07-15,-0.04419509416774472
2016-07-18,-0.08528509752116817
2016-07-19,-0.030145816507276255
2016-07-20,-0.07636773881073744
2016-07-21,-0.02857378084458305
2016-07-22,-0.012045690410862129
2016-07-25,-0.050603255137905034
2016-07-26,-0.08045473662656254
2016-07-27,-0.08266484996042175
2016-07-28,-0.15631090720249513
2016-07-29,-0.18619260909023277
2016-08-01,-0.16871475285997692
2016-08-02,-0.12394157910796998
2016-08-03,-0.06345222508769269
2016-08-04,0.0055710257544172755
2016-08-05,0.08087751836554556
2016-08-08,0.07497245920412017
2016-08-09,0.022967247125647638
2016-08-10,-0.05344027715264229
2016-08-11,-0.05730717048752022
2016-08-12,-0.015296792682703623
2016-08-15,0.05075664389402633
2016-08-16,-0.022963218007575194
2016-08-17,-0.02565014367920246
2016-08-18,-0.12978958283660083
2016-08-19,-0.08444725106512883
2016-08-22,-0.09776650264138703
2016-08-23,-0.1791413088140624
2016-08-24,-0.20125683788168816
2016-08-25,-0.12351537045272093
2016-08-26,-0.10369991305975325
2016-08-29,-0.13554961706405005
2016-08-30,-0.1493584062435547
2016-08-31,-0.17144641136034242
2016-09-01,-0.1627332690632786
2016-09-02,-0.22294564381130377
2016-09-05,-0.20776915296854298
2016-09-06,-0.19651479324599616
2016-09-07,-0.21485062104204009
2016-09-08,-0.16605566042204958
2016-09-09,-0.1516345095815653
2016-09-12,-0.209320479134802
2016-09-13,-0.1888192801558212
2016-09-14,-0.19026109622332704
2016-09-19,-0.11966674165830876
2016-09-20,-0.05327793565773836
2016-09-21,-0.09810394759082887
2016-09-22,-0.10361958621532863
2016-09-23,-0.09211338300103303
2016-09-26,-0.1804816696988776
2016-09-27,-0.17198417713463926
2016-09-28,-0.12746394237058953
2016-09-29,-0.11425014900258477
2016-09-30,-0.10425556797939074
2016-10-10,-0.13164156156619666
2016-10-11,-0.08008280372320314
2016-10-12,-0.07739957268228508
2016-10-13,-0.15178967095005685
2016-10-14,-0.17204880916250595
2016-10-17,-0.1297360222500606
2016-10-18,-0.08180022684230448
2016-10-19,-0.10015618511141743
2016-10-20,-0.025288589718339558
2016-10-21,0.04010507369907322
2016-10-24,0.0619050621832737
2016-10-25,-0.013297158462044054
2016-10-26,0.06846252942158597
2016-10-27,0.18443917365687712
2016-10-28,0.21374291131760687
2016-10-31,0.20391266366361496
2016-11-01,0.2005961375173821
2016-11-02,0.11231646766024496
2016-11-03,0.10479740067441684
2016-11-04,0.09565459064582248
2016-11-07,0.122736561067409
2016-11-08,0.11817261739367432
2016-11-09,0.13034893540198433
2016-11-10,0.233688104902431
2016-11-11,0.24133836963328448
2016-11-14,0.13050458296736045
2016-11-15,0.09776185047111377
2016-11-16,0.1585748340181861
2016-11-17,0.1269899212460746
2016-11-18,0.07838230108342172
2016-11-21,0.06999588311432628
2016-11-22,0.11032481832182207
2016-11-23,0.06315419741466188
2016-11-24,-0.01712385779404279
2016-11-25,-0.0005802718400535008
2016-11-28,0.061356461914670646
2016-11-29,0.07633623353826792
2016-11-30,0.1352663177326297
2016-12-01,0.1318854180359125
2016-12-02,0.1515460345603779
2016-12-05,0.14698742404598714
2016-12-06,0.12121152706646172
2016-12-07,0.14738897134099876
2016-12-08,0.028292248154108652
2016-12-09,-0.043107178240033246
2016-12-12,0.05782988816637565
2016-12-13,0.1009700097623379
2016-12-14,0.008520142314403772
2016-12-15,0.01697761444851686
2016-12-16,0.026880734867560534
2016-12-19,-0.036421892367192656
2016-12-20,-0.1027812542813985
2016-12-21,-0.1280204194342439
2016-12-22,-0.12794635773074617
2016-12-23,-0.1067108635057684
2016-12-26,-0.16403067615008138
2016-12-27,-0.12783163420565966
2016-12-28,-0.12385170870808453
2016-12-29,-0.09806266430469286
2016-12-30,-0.11134531451655069
2017-01-03,-0.1681089670821264
2017-01-04,-0.12306391290359797
2017-01-05,-0.16267398841700081
2017-01-06,-0.1336962192760776
2017-01-09,-0.1259585197450722
2017-01-10,-0.1566922645279789
2017-01-11,-0.1709542033995491
2017-01-12,-0.13410304071199086
2017-01-13,-0.13074650485193953
2017-01-16,-0.09175547915327273
2017-01-17,-0.0795712215393095
2017-01-18,-0.003563125792127511
2017-01-19,0.062215177165552256
2017-01-20,0.0791860166076534
2017-01-23,0.07278790792709867
2017-01-24,0.11570660388385173
2017-01-25,0.04453288385925279
2017-01-26,0.056052262171386945
2017-02-03,0.04761664996757799
2017-02-06,0.12024435826003474
2017-02-07,0.11148609950451936
2017-02-08,0.12571572170241369
2017-02-09,0.13169218635438956
2017-02-10,0.17863996509287663
2017-02-13,0.15952042064870892
2017-02-14,0.1161957726633329
2017-02-15,0.04826240909523689
2017-02-16,0.056025779276885214
2017-02-17,-0.03220501620261672
2017-02-20,-0.06802907761304784
2017-02-21,-0.04423275514483222
2017-02-22,-0.08203939167539238
2017-02-23,-0.16057949204831712
2017-02-24,-0.1005550098125099
2017-02-27,-0.0974871681197199
2017-02-28,-0.13085914843301102
2017-03-01,-0.07908836012080787
2017-03-02,-0.055905562369837465
2017-03-03,-0.04418090583138041
2017-03-06,-0.042437353662368525
2017-03-07,-0.017458664595609623
2017-03-08,-0.12835414671810322
2017-03-09,-0.0967733001012083
2017-03-10,-0.18910598779031088
2017-03-13,-0.15384794478441088
2017-03-14,-0.12978218748640186
2017-03-15,-0.05763902625688158
2017-03-16,-0.052968033960764604
2017-03-17,0.01782962443869247
2017-03-20,0.05666995531159025
2017-03-21,0.020188582510113122
2017-03-22,0.06671038139105677
2017-03-23,0.02915772106099288
2017-03-24,-0.05383626049604249
2017-03-27,-0.04180483134616157
2017-03-28,-0.03352126356440511
2017-03-29,0.005959409714422594
2017-03-30,-0.0413140567248023
2017-03-31,-0.038911299724245944
2017-04-05,-0.07662349486477149
2017-04-06,-0.0665477369531954
2017-04-07,-0.06557662281306113
2017-04-10,-0.03842938281766475
2017-04-11,0.01958825982070542
2017-04-12,0.06242224136092817
2017-04-13,0.15160890913437988
2017-04-14,0.12336682859791581
2017-04-17,0.1473640581715857
2017-04-18,0.10459791869291396
2017-04-19,0.13490359569800658
2017-04-20,0.1620869283243286
2017-04-21,0.16568482800990084
2017-04-24,0.2578078874208815
2017-04-25,0.28092156555524295
2017-04-26,0.1693370982181238
2017-04-27,0.14034001481648176
2017-04-28,0.08837751487949995
2017-05-02,0.13694430891884446
2017-05-03,0.12427502945204472
2017-05-04,0.1483736652922963
2017-05-05,0.0739188855216673
2017-05-08,0.04828110283339038
2017-05-09,0.03496549296509052
2017-05-10,0.02947798826960648
2017-05-11,0.017655028034654387
2017-05-12,-0.07898828611009207
2017-05-15,-0.11892176168712316
2017-05-16,-0.15980702530227323
2017-05-17,-0.10900308803403236
2017-05-18,-0.1963162243850206
2017-05-19,-0.1984919409252762
2017-05-22,-0.18427295657618406
2017-05-23,-0.24835084836864948
2017-05-24,-0.22324232468123364
2017-05-25,-0.17096543115265359
2017-05-26,-0.16922414999110597
2017-05-31,-0.19367084266334786
2017-06-01,-0.23170609598949035
2017-06-02,-0.23674118881162112
2017-06-05,-0.30818133354568644
2017-06-06,-0.248662201712168
2017-06-07,-0.21397225913200582
2017-06-08,-0.21628092310716346
2017-06-09,-0.2605936757466508
2017-06-12,-0.3057067604273416
2017-06-13,-0.24444798806402138
2017-06-14,-0.17651880226733002
2017-06-15,-0.17258519691614266
2017-06-16,-0.18453345762121812
2017-06-19,-0.13558595205383758
2017-06-20,-0.14041207456834592
2017-06-21,-0.16333799442209024
2017-06-22,-0.16514486338854276
2017-06-23,-0.20231147570967176
2017-06-26,-0.18105595929990884
2017-06-27,-0.11865701991174163
2017-06-28,-0.0687678648464688
2017-06-29,-0.060115636525773425
2017-06-30,-0.09231506673285908
2017-07-03,0.034484852213303455
2017-07-04,0.09201246828650146
2017-07-05,0.14361452534210925
2017-07-06,0.1146653399627909
2017-07-07,0.15477984020999153
2017-07-10,0.21340424410656447
2017-07-11,0.21487441334335866
2017-07-12,0.20829937216898545
2017-07-13,0.17032091930573615
2017-07-14,0.1031554947498049
2017-07-17,0.055262146785115665
2017-07-18,0.03764040728694319
2017-07-19,0.00414221820509977
2017-07-20,0.06448543569858385
2017-07-21,0.09206924845934973
2017-07-24,0.04211828735459771
2017-07-25,0.0546131693426275
2017-07-26,0.03868297084922621
2017-07-27,0.039205497400265944
2017-07-28,0.06363928285850017
2017-07-31,0.025491476895138487
2017-08-01,-0.05623648576065423
2017-08-02,-0.07335125250418983
2017-08-03,-0.08063383326987675
2017-08-04,-0.06772398023624795
2017-08-07,-0.13054628942052185
2017-08-08,-0.10045146626817839
2017-08-09,-0.08559451243783048
2017-08-10,-0.005146400314841101
2017-08-11,-0.02422304027853034
2017-08-14,0.009835296902885399
2017-08-15,-0.01870129993334385
2017-08-16,-0.013083342271499869
2017-08-17,-0.022189522578569716
2017-08-18,-0.07114410265791717
2017-08-21,-0.0004507140114393503
2017-08-22,0.04065795405028995
2017-08-23,0.07487236015773814
2017-08-24,0.05966277286585819
2017-08-25,0.08201732119139978
2017-08-28,0.058514525036715344
2017-08-29,0.0650063562948868
2017-08-30,0.022509551093266106
2017-08-31,0.04191633460175191
2017-09-01,0.019681332311508707
2017-09-04,0.04036830088540703
2017-09-05,-0.005156655721701761
2017-09-06,-0.055055000090968385
2017-09-07,-0.05229765660008614
2017-09-08,-0.01689571015550179
2017-09-11,0.01584694183637319
2017-09-12,0.024026805706209745
2017-09-13,-0.030857796618459516
2017-09-14,-0.0016847296887652838
2017-09-15,0.030420612842405978
2017-09-18,0.058490223619480315
2017-09-19,-0.03795153191912461
2017-09-20,-0.014571072525167662
2017-09-21,0.028841224993113746
2017-09-22,0.10803584984478803
2017-09-25,0.10483493762743315
2017-09-26,0.12627957291749667
2017-09-27,0.18428698125700937
2017-09-28,0.16468607355448367
2017-09-29,0.1235302287564912
2017-10-09,0.10118836182169418
2017-10-10,0.098483977059914
2017-10-11,0.09493826957438734
2017-10-12,0.06926369665426153
2017-10-13,0.1626383620127714
2017-10-16,0.1272745790627649
2017-10-17,0.1232957480599094
2017-10-18,0.18551042765955192
2017-10-19,0.16662559103018046
2017-10-20,0.1551513995109873
2017-10-23,0.0812276384250557
2017-10-24,0.09680510970101958
2017-10-25,0.09679890623219016
2017-10-26,0.01802490664878077
2017-10-27,-0.11076600480717128
2017-10-30,-0.14671385698189124
2017-10-31,-0.18553644318454884
2017-11-01,-0.2338048686932174
2017-11-02,-0.20146602058881127
2017-11-03,-0.17446734761238863
2017-11-06,-0.16285068977520584
2017-11-07,-0.10467920917849707
2017-11-08,-0.05660455256143716
2017-11-09,-0.001565599709691569
2017-11-10,-0.14513387175720824
2017-11-13,-0.09338701124118498
2017-11-14,-0.08785459714980828
2017-11-15,-0.022584075660178945
2017-11-16,-0.007719629952609727
2017-11-17,-0.048414289965528434
2017-11-20,0.04949144176776083
2017-11-21,0.09442256266128558
2017-11-22,0.06562916877298529
2017-11-23,0.057411852127704596
2017-11-24,0.09548687853885365
2017-11-27,0.058598548073104405
2017-11-28,0.08354485328136735
2017-11-29,0.0821931908710117
2017-11-30,0.05086461483506522
2017-12-01,0.04373269822372816
2017-12-04,0.0695863772912453
2017-12-05,0.02361865508676184
2017-12-06,0.020982790123551934
2017-12-07,-0.04223742439185401
2017-12-08,0.02201286290157175
2017-12-11,-0.02254865854739068
2017-12-12,-0.016768454185664472
2017-12-13,-0.04864076692035536
2017-12-14,-0.1279524248438033
2017-12-15,-0.10883992463501434
2017-12-18,-0.15112966321240395
2017-12-19,-0.23195215625191581
2017-12-20,-0.26462892111242536
2017-12-21,-0.250161503546633
2017-12-22,-0.26907668970869714
2017-12-25,-0.2379287307937756
2017-12-26,-0.1992667141571917
2017-12-27,-0.18062137108366827
2017-12-28,-0.1541835806971355
2017-12-29,-0.1718833200582536
2018-01-02,-0.22433170879599457
2018-01-03,-0.21279913650660115
2018-01-04,-0.23972111683848327
2018-01-05,-0.17264651160749728
2018-01-08,-0.2605327136791954
2018-01-09,-0.24033382551434387
2018-01-10,-0.257391028113579
2018-01-11,-0.30017017685267133
2018-01-12,-0.3007367549213712
2018-01-15,-0.24884121503023823
2018-01-16,-0.2801448533619428
2018-01-17,-0.212108569903331
2018-01-18,-0.19425042339446796
2018-01-19,-0.10059973700105786
2018-01-22,-0.0797537710805729
2018-01-23,-0.06906016192045451
2018-01-24,-0.1444386739158395
2018-01-25,-0.1189843920314498
2018-01-26,-0.12609800601969115
2018-01-29,-0.0038476429545318304
2018-01-30,0.03455809173571664
2018-01-31,0.05413800587898963
2018-02-01,0.08780207006136849
2018-02-02,0.019050518446918546
2018-02-05,0.05520165942062729
2018-02-06,0.03300438050086771
2018-02-07,0.0979062083792118
2018-02-08,0.15698480035888016
2018-02-09,0.17188002047029427
2018-02-12,0.20647112865881262
2018-02-13,0.16651374836960625
2018-02-14,0.1435740924714227
2018-02-22,0.17549893685107276
2018-02-23,0.14278112680140362
2018-02-26,0.08827410861518298
2018-02-27,0.0725566866534771
2018-02-28,0.15064884512849036
2018-03-01,0.16653796500780682
2018-03-02,0.2221888250977536
2018-03-05,0.12818614295111222
2018-03-06,0.11074317034545425
2018-03-07,0.06308069668118084
2018-03-08,0.050945566391939964
2018-03-09,0.056462312404194095
2018-03-12,0.050877088193982005
2018-03-13,0.05088459563447524
2018-03-14,0.023570078914507513
2018-03-15,-0.026544926347306836
2018-03-16,0.02775057296907826
2018-03-19,-0.05365292514517954
2018-03-20,-0.027312981747460885
2018-03-21,-0.03454726805197954
2018-03-22,-0.07736266762564066
2018-03-23,-0.08557384479499797
2018-03-26,-0.03296680482264114
2018-03-27,-0.03250477361559157
2018-03-28,-0.06683809602373049
2018-03-29,-0.12143552158411208
2018-03-30,-0.1412396434252713
2018-04-02,-0.12127348075205181
2018-04-03,-0.1285054886695234
2018-04-04,-0.029551676085041754
2018-04-09,-0.014950629557618266
2018-04-10,-0.007821641584251719
2018-04-11,0.0445372948585894
2018-04-12,0.0346668666554661
2018-04-13,0.032523965865484665
2018-04-16,0.06825435369325891
2018-04-17,0.08093357389450391
2018-04-18,0.09827083308485557
2018-04-19,0.09894408714054823
2018-04-20,0.11117746449655562
2018-04-23,0.1262876022069103
2018-04-24,0.11380184762587295
2018-04-25,0.08142709524485395
2018-04-26,0.06564519833166557
2018-04-27,0.08543601145856604
2018-05-02,0.08841045587235338
2018-05-03,0.0728101372173082
2018-05-04,0.06063566474370308
2018-05-07,0.029105300328587
2018-05-08,-0.07246076228320915
2018-05-09,-0.09875703838558077
2018-05-10,-0.06280600992706656
2018-05-11,-0.14227759551548383
2018-05-14,-0.14623373059893194
2018-05-15,-0.17420880055927765
2018-05-16,-0.1888813501689993
2018-05-17,-0.23349259662319827
2018-05-18,-0.19558581038086173
2018-05-21,-0.1986446385308557
2018-05-22,-0.20738730213909026
2018-05-23,-0.16951605960569957
2018-05-24,-0.0734904269018325
2018-05-25,-0.09052784462123524
2018-05-28,-0.06276825731675073
2018-05-29,-0.03968411492771362
2018-05-30,-0.043644085437768515
2018-05-31,-0.06713954347458112
2018-06-01,-0.0872977843225186
2018-06-04,-0.03686569181534159
2018-06-05,0.00035071617284272537
2018-06-06,0.01939757887610611
2018-06-07,-0.00819207866985038
2018-06-08,-0.01743578375032177
2018-06-11,-0.018605101561896684
2018-06-12,0.0008803895647956136
2018-06-13,0.03876525601018626
2018-06-14,0.0426577191646384
2018-06-15,0.008703490108378589
2018-06-19,-0.011995828662668176
2018-06-20,0.002079163687663798
2018-06-21,-0.027609051004082206
2018-06-22,-0.12296976490529807
2018-06-25,-0.08608619533502396
2018-06-26,-0.06172954277247015
2018-06-27,-0.05519939984974266
2018-06-28,-0.017505106321011252
2018-06-29,0.04755510801390633
2018-07-02,0.12142234828174069
2018-07-03,0.11529312843044011
2018-07-04,0.08883842582383922
2018-07-05,0.11289175066117782
2018-07-06,0.12485263550440523
2018-07-09,0.11651143236249842
2018-07-10,0.16429533591073747
2018-07-11,0.12440395968636835
2018-07-12,0.08707227705657945
2018-07-13,0.07678471179707015
2018-07-16,0.11408484968273047
2018-07-17,0.15683310538284082
2018-07-18,0.11290908849873599
2018-07-19,0.15443407087605632
2018-07-20,0.15982237356414988
2018-07-23,0.12278302041709822
2018-07-24,0.13453346191102192
2018-07-25,0.07840774272298667
2018-07-26,0.07443630802946932
2018-07-27,0.0174735832666157
2018-07-30,-0.01772148204294459
2018-07-31,-0.037828270908482974
2018-08-01,-0.03288092040359868
2018-08-02,-0.07995091127687375
2018-08-03,-0.14157892952863796
2018-08-06,-0.054341692190542835
2018-08-07,-0.07363055764929974
2018-08-08,0.03713237917452018
2018-08-09,0.002446827191322719
2018-08-10,0.015504011505231376
2018-08-13,-0.06111824094351112
2018-08-14,-0.04364523763355859
2018-08-15,0.04690733880562423
2018-08-16,-0.057798796308861214
2018-08-17,-0.04610060959245222
2018-08-20,-0.02874606439815762
2018-08-21,-0.07885340197246296
2018-08-22,-0.02074378898086708
2018-08-23,-0.11100270198983807
2018-08-24,-0.09215759943598045
2018-08-27,-0.1526325210591401
2018-08-28,-0.1499078163290244
2018-08-29,-0.11236100355977717
2018-08-30,-0.09576943528965137
2018-08-31,-0.05522298376877888
2018-09-03,-0.0709963911153621
2018-09-04,-0.10603260010953353
2018-09-05,-0.12787432962506995
2018-09-06,-0.05761676918080281
2018-09-07,-0.10057992145080921
2018-09-10,-0.023199322349579846
2018-09-11,-0.04949286331797695
2018-09-12,-0.10647820782972345
2018-09-13,-0.10981961821830688
2018-09-14,-0.0929684720041019
2018-09-17,-0.10664943276154272
2018-09-18,-0.062329872798650154
2018-09-19,-0.04643644561232345
2018-09-20,0.02632308507936342
2018-09-21,0.03864363253772292
2018-09-25,0.12507926224961452
2018-09-26,0.14672595904912888
2018-09-27,0.17766478993187235
2018-09-28,0.21135123922969082
2018-10-08,0.2285985805404523
2018-10-09,0.22882334643325203
2018-10-10,0.2898961307512553
2018-10-11,0.24709706142079946
2018-10-12,0.19323985920806752
2018-10-15,0.21726746641475883
2018-10-16,0.14855057149302348
2018-10-17,0.16618454081337158
2018-10-18,0.15843121910594932
2018-10-19,0.22356309424404314
2018-10-22,0.168093714463861
2018-10-23,0.16397404290608034
2018-10-24,0.1708934289615007
2018-10-25,0.11782898854944264
2018-10-26,0.16239187985364073
2018-10-29,0.12121352460525457
2018-10-30,0.03759550371996349
2018-10-31,0.0440736730000564
2018-11-01,-0.0041037415618590456
2018-11-02,-0.12211852910719448
2018-11-05,-0.11393898563177424
2018-11-06,-0.13909339204302087
2018-11-07,-0.16103320659345677
2018-11-08,-0.15143958439567232
2018-11-09,-0.13753934712863497
2018-11-12,-0.11935451276948408
2018-11-13,-0.08016052434977612
2018-11-14,-0.10160684373472459
2018-11-15,-0.08551110717240537
2018-11-16,-0.062373116059109134
2018-11-19,-0.024678088518086685
2018-11-20,0.017399495608884808
2018-11-21,0.030773988550485486
2018-11-22,0.05178721476808029
2018-11-23,-0.02245076040256612
2018-11-26,-0.03965692742666222
2018-11-27,-0.03050501051208129
2018-11-28,-0.04735649031103482
2018-11-29,-0.05246755821854017
2018-11-30,0.04553231869466911
2018-12-03,0.03556141735358077
2018-12-04,0.04507667018089621
2018-12-05,0.04601259807272015
2018-12-06,0.06893575222102777
2018-12-07,0.07476304913200726
2018-12-10,0.04058883881371718
2018-12-11,0.01701403811615844
2018-12-12,0.03172444915451589
2018-12-13,0.05858482515463969
2018-12-14,-0.03892630949070379
2018-12-17,-0.043914125176670274
2018-12-18,-0.03881905887902379
2018-12-19,-0.12106801409045666
2018-12-20,-0.11068005812994358
2018-12-21,-0.09400924607129034
2018-12-24,-0.10937557300273275
2018-12-25,-0.0500493208356831
2018-12-26,-0.05898277641458844
2018-12-27,-0.03284300275814297
2018-12-28,-0.02418587504333763
2019-01-02,-0.031561853557111275
2019-01-03,-0.0023458697013993674
2019-01-04,0.02634431798157722
2019-01-07,-0.011971482831304772
2019-01-08,-0.02889899967043892
2019-01-09,-0.000913449904756946
2019-01-10,0.0017800934662279796
2019-01-11,-0.06604830887217164
2019-01-14,-0.11512335003239069
2019-01-15,-0.05139723008939375
2019-01-16,-0.03564811361062883
2019-01-17,-0.07434782845238547
2019-01-18,-0.03959587515483895
2019-01-21,-0.0005680702765803046
2019-01-22,0.06253263705101615
2019-01-23,0.10429361367771621
2019-01-24,0.14934647218849237
2019-01-25,0.15808888762887266
2019-01-28,0.13973465779206617
2019-01-29,0.10162466375967426
2019-01-30,0.07068033650518167
2019-01-31,0.06855923212915445
2019-02-01,0.02007624581332809
2019-02-11,0.07390808030075412
2019-02-12,0.10945976938164681
2019-02-13,0.12372733922391893
2019-02-14,0.09942427746564621
2019-02-15,0.09177856623676892
2019-02-18,0.11839537847176236
2019-02-19,0.0812634761785636
2019-02-20,0.04512066897514036
2019-02-21,0.04865416636555768
2019-02-22,0.006405633439758682
2019-02-25,-0.04911421420623159
2019-02-26,-0.10522546387886433
2019-02-27,-0.13956021692860118
2019-02-28,-0.16922654248839758
2019-03-01,-0.004248941822972289
2019-03-04,-0.019739559679577707
2019-03-05,-0.03239106426825286
2019-03-06,-0.008105387193650601
2019-03-07,-0.00345205726867318
2019-03-08,0.07849817662216509
2019-03-11,0.030331227405787003
2019-03-12,-0.046566557446424156
2019-03-13,-0.053013668379740794
2019-03-14,-0.011106075536528552
2019-03-15,0.04412878799568376
2019-03-18,0.0605771513724719
2019-03-19,0.06505938153852311
2019-03-20,0.07098324639998571
2019-03-21,0.08552624073284727
2019-03-22,0.1187747172903787
2019-03-25,0.10551134792857791
2019-03-26,0.0975722945546125
2019-03-27,0.13560521102260478
2019-03-28,0.1012562216383309
2019-03-29,0.0014042011093070162
2019-04-01,0.011861774729685116
2019-04-02,0.06583406088170088
2019-04-03,0.05805605307123838
2019-04-04,0.04303319966161503
2019-04-08,-0.04058034968807552
2019-04-09,-0.031920788750723156
2019-04-10,0.04849279305846152
2019-04-11,0.059340895083342934
2019-04-12,-0.024205624227918127
2019-04-15,-0.034025422404042174
2019-04-16,-0.048383788353959505
2019-04-17,-0.07740848781881064
2019-04-18,-0.039436082157745134
2019-04-19,-0.03486617666018284
2019-04-22,-0.09148754135451953
2019-04-23,-0.05808862595218265
2019-04-24,-0.07312929711252915
2019-04-25,-0.14028123950307597
2019-04-26,-0.09224999398363107
2019-04-29,-0.05612278040154346
2019-04-30,0.0007436057890282517
2019-05-06,-0.055564764403573004
2019-05-07,-0.025043509955074476
2019-05-08,-0.012465434609392702
2019-05-09,0.04104446176854749
2019-05-10,0.039834494044924645
2019-05-13,0.050393130286347114
2019-05-14,0.007984240157608449
2019-05-15,0.06779490541059412
2019-05-16,0.07293326481435382
2019-05-17,0.056053328428959825
2019-05-20,0.10448969129760848
2019-05-21,0.1572527140482339
2019-05-22,0.12958688640728103
2019-05-23,0.06856023796126214
2019-05-24,0.10570077925018
2019-05-27,0.14176521336488718
2019-05-28,0.17431147278795173
2019-05-29,0.2644069266985694
2019-05-30,0.17836340892930488
2019-05-31,0.15482227470530457
2019-06-03,0.21404925985148182
2019-06-04,0.17328994434501685
2019-06-05,0.10972406494751771
2019-06-06,0.048297667027574015
2019-06-10,0.07052497774031376
2019-06-11,0.059128426810150396
2019-06-12,0.07955712630044505
2019-06-13,0.07966609135186704
2019-06-14,0.05116264076969769
2019-06-17,0.07256933566947228
2019-06-18,0.0338367063378206
2019-06-19,-0.019239416427830384
2019-06-20,-0.014097646398094243
2019-06-21,0.028348689237405418
2019-06-24,0.04147136149711376
2019-06-25,0.0279719411988779
2019-06-26,0.008522798345035882
2019-06-27,-0.0847051055518746
2019-06-28,-0.021772362990925314
2019-07-01,-0.04704914633174156
2019-07-02,-0.12385048916168404
2019-07-03,-0.13429799288420988
2019-07-04,-0.08469314388091596
2019-07-05,-0.061197134671113936
2019-07-08,-0.06091582320700858
2019-07-09,-0.05407167273175298
2019-07-10,-0.05230784814500676
2019-07-11,-0.08371167024550694
2019-07-12,-0.06969424418353161
2019-07-15,-0.062060411166964057
2019-07-16,-0.059657421044369406
2019-07-17,-0.003470794578392627
2019-07-18,-0.032314719850331505
2019-07-19,-0.03977728680760045
2019-07-22,-0.11969882719733052
2019-07-23,-0.09777995591035597
2019-07-24,-0.07922239398831353
2019-07-25,-0.033333598469816844
2019-07-26,-0.0795747722181776
2019-07-29,-0.03331180349356085
2019-07-30,0.010750262641481673
2019-07-31,0.05243605760356112
2019-08-01,0.034359447023164215
2019-08-02,0.07256696250417241
2019-08-05,0.07892051849910439
2019-08-06,0.04770393324675573
2019-08-07,0.05750812729485477
2019-08-08,0.04140104934051387
2019-08-09,0.0362459111803595
2019-08-12,0.0005292655467453011
2019-08-13,0.06330656703400721
2019-08-14,0.002186937349640231
2019-08-15,0.033211331522610854
2019-08-16,0.020461298451276897
2019-08-19,0.09006954991811413
2019-08-20,0.07179410565413324
2019-08-21,0.1078903925301685
2019-08-22,0.12125915260499871
2019-08-23,0.1794618946487407
2019-08-26,0.17791694866977306
2019-08-27,0.14755117203737342
2019-08-28,0.14822195061933233
2019-08-29,0.18105745343930837
2019-08-30,0.09761612136316566
2019-09-02,0.08386990718282639
2019-09-03,0.12531608204096187
2019-09-04,0.02770945708776877
2019-09-05,0.008812200481117471
2019-09-06,-0.06755668676021688
2019-09-09,-0.11148508636755357
2019-09-10,-0.14762214991983194
2019-09-11,-0.17059987213378502
2019-09-12,-0.11588253591680626
2019-09-16,-0.10753984447611964
2019-09-17,-0.1069566120832121
2019-09-18,-0.10600201044361028
2019-09-19,-0.11517122069475874
2019-09-20,-0.1345650656466567
2019-09-23,-0.18840345246276433
2019-09-24,-0.1952985890037222
2019-09-25,-0.1289877344805641
2019-09-26,-0.15634866123138863
2019-09-27,-0.1794812394810444
2019-09-30,-0.11823811155567006
2019-10-08,-0.14701663442945032
2019-10-09,-0.0982674043043907
2019-10-10,-0.028955666879647488
2019-10-11,0.05139305869190704
2019-10-14,0.09811629317097224
2019-10-15,0.1546623568632343
2019-10-16,0.16358312055148758
2019-10-17,0.21413386436847462
2019-10-18,0.1146475305103437
2019-10-21,0.18251177234416646
2019-10-22,0.14544528571127566
2019-10-23,0.109432130165653
2019-10-24,0.07095471774429953
2019-10-25,0.041070609702699885
2019-10-28,0.03813327031892345
2019-10-29,0.028811641785720887
2019-10-30,-0.05117764504624097
2019-10-31,-0.08946499242837987
2019-11-01,-0.04583130653147006
2019-11-04,-0.09725020128726866
2019-11-05,-0.12530069395709156
2019-11-06,-0.21608282688579605
2019-11-07,-0.22615092899855835
2019-11-08,-0.2548325863851036
2019-11-11,-0.28219427878364034
2019-11-12,-0.2475605571718371
2019-11-13,-0.23312304756471974
2019-11-14,-0.2661752493540076
2019-11-15,-0.1851386814964206
2019-11-18,-0.24202333584018057
2019-11-19,-0.21391774768196395
2019-11-20,-0.22209091214506352
2019-11-21,-0.15748806195285697
2019-11-22,-0.17800238730287574
2019-11-25,-0.09581293101305109
2019-11-26,-0.09982468012266674
2019-11-27,-0.09007854047233656
2019-11-28,-0.018071283305657965
2019-11-29,-0.03127992639389321
2019-12-02,0.03237688875931418
2019-12-03,0.1053111946439682
2019-12-04,0.14995522731476066
2019-12-05,0.1558185667024058
2019-12-06,0.13663587725330667
2019-12-09,0.2317362790083336
2019-12-10,0.21259851142950675
2019-12-11,0.23111908590619856
2019-12-12,0.2404052730610843
2019-12-13,0.19025751098776802
2019-12-16,0.14141037198956155
2019-12-17,0.16644788599715904
2019-12-18,0.17111299851718692
2019-12-19,0.09025395913477322
2019-12-20,0.12798566520070143
2019-12-23,0.09900539197891628
2019-12-24,0.07744252762894373
2019-12-25,0.13631496117400227
2019-12-26,0.07889022983749552
2019-12-27,0.09706381770618648
2019-12-30,0.12890497243786173
2019-12-31,0.091020505703494
2020-01-02,0.09212493802043978
2020-01-03,0.05279645353420007
2020-01-06,0.06446082554813025
2020-01-07,0.06505284260821954
2020-01-08,0.014710636369943283
2020-01-09,-0.008114324385681103
2020-01-10,-0.026367852757223434
2020-01-13,-0.028968477090121576
2020-01-14,-0.008732334442294237
2020-01-15,-0.021162183981025356
2020-01-16,0.022031755436171183
2020-01-17,0.08675063706027376
2020-01-20,0.11138616278785543
2020-01-21,0.12126093513944361
2020-01-22,0.12967892568271847
2020-01-23,0.07583638178305999
2020-02-03,0.1466159590092582
2020-02-04,0.14448714637098073
2020-02-05,0.014480252909305864
2020-02-06,-0.007600460920198218
2020-02-07,0.002253166484671884
2020-02-10,0.05278870858559211
2020-02-11,0.0610492198664315
2020-02-12,0.003994484177134185
2020-02-13,0.12134468575763309
2020-02-14,0.10574289073541895
2020-02-17,0.2053078204913664
2020-02-18,0.20714431877076983
2020-02-19,0.231861083273174
2020-02-20,0.18079241258800519
2020-02-21,0.1358762295635084
2020-02-24,0.06998812638758056
2020-02-25,0.08200409331408637
2020-02-26,0.009597278797948439
2020-02-27,0.09672658885753918
2020-02-28,0.014638874207067089
2020-03-02,0.06531746531116006
2020-03-03,0.01975904355690779
2020-03-04,-0.015286394385737489
2020-03-05,-0.031143485512224116
2020-03-06,-0.07038647277720944
2020-03-09,-0.07775401808482749
2020-03-10,-0.058877352522939234
2020-03-11,-0.07123658850884648
2020-03-12,-0.122316881522882
2020-03-13,-0.07044247405129131
2020-03-16,-0.11956785254345483
2020-03-17,-0.07900113290661134
2020-03-18,-0.10370713048836633
2020-03-19,-0.10522679775367333
2020-03-20,-0.0711247509102632
2020-03-23,-0.007359756822435136
2020-03-24,-0.05021826465268847
2020-03-25,-0.039337575020366965
2020-03-26,-0.07343300371807335
2020-03-27,0.019147453377617658
2020-03-30,-0.05780929198239042
2020-03-31,-0.06718497508366106
2020-04-01,-0.10560726541617957
2020-04-02,-0.069027969409028
2020-04-03,-0.07165866784562158
2020-04-07,-0.06862595213528029
2020-04-08,-0.04572716211447851
2020-04-09,0.010508272035939029
2020-04-10,-0.026448510455369962
2020-04-13,-0.1301476453709251
2020-04-14,-0.06135753814458076
2020-04-15,-0.08682297846142653
2020-04-16,-0.11519137046578479
2020-04-17,-0.09660785751497944
2020-04-20,-0.14760397224658833
2020-04-21,-0.1493877356045428
2020-04-22,-0.0958424010331401
2020-04-23,-0.06018849822519019
2020-04-24,-0.047384219220051225
2020-04-27,-0.010584242181079331
2020-04-28,-0.05740591722718325
2020-04-29,-0.06931917111116326
2020-04-30,-0.016473202528901804
2020-05-06,-0.01304259410635063
2020-05-07,0.01874504137224655
2020-05-08,-0.07752000535634865
2020-05-11,-0.15970450944795203
2020-05-12,-0.17191140161143492
2020-05-13,-0.1441503029930803
2020-05-14,-0.1107118047066654
2020-05-15,-0.16733997331002087
2020-05-18,-0.12754908136837814
2020-05-19,-0.09036752923979875
2020-05-20,-0.07618931983496248
2020-05-21,-0.09158597754918545
2020-05-22,-0.11827520376459107
2020-05-25,-0.10475039579654612
2020-05-26,-0.12935866488659778
2020-05-27,-0.08112754603698052
2020-05-28,-0.14327232916148366
2020-05-29,-0.05425831457511416
2020-06-01,-0.07985485555371262
2020-06-02,-0.0640702667662835
2020-06-03,-0.08372052221673296
2020-06-04,-0.04064988819647296
2020-06-05,0.011302284493493494
2020-06-08,0.016326209799683137
2020-06-09,-0.0013117876293774883
2020-06-10,0.016428296265099587
2020-06-11,-0.006609783514377778
2020-06-12,0.052622064769686415
2020-06-15,-0.020280269828952226
2020-06-16,0.00488829508575794
2020-06-17,0.000323396004102047
2020-06-18,0.05394870497254991
2020-06-19,0.052853397628503086
2020-06-22,0.043116554781616266
2020-06-23,-0.01159040734054553
2020-06-24,-0.06269416834922446
2020-06-29,-0.06258635748077372
2020-06-30,-0.09060190941495433
2020-07-01,0.007886101269333763
2020-07-02,0.02615162904249428
2020-07-03,0.04767057807022383
2020-07-06,-0.0042842525394146585
2020-07-07,-0.007758723796360812
2020-07-08,0.04751152043753555
2020-07-09,0.06858048215661722
2020-07-10,0.028920835118360563
2020-07-13,0.03959084970284321
2020-07-14,-0.007824298490851507
2020-07-15,0.04901802945725095
2020-07-16,0.08353457254739562
2020-07-17,0.10063804765218293
2020-07-20,0.13887217266533036
2020-07-21,0.12644062756990607
2020-07-22,0.11682862058048173
2020-07-23,0.17259506669766672
2020-07-24,0.2100902355391129
2020-07-27,0.14574593982710832
2020-07-28,0.065939454594603
2020-07-29,0.03091250550752596
2020-07-30,-0.012529022727355519
2020-07-31,-0.025191926983357937
2020-08-03,0.010550849278899415
2020-08-04,0.01708477287757966
2020-08-05,-0.013356361277351576
2020-08-06,-0.011597966858120977
2020-08-07,-0.00447986488941053
2020-08-10,0.03165676655133035
2020-08-11,0.022947447699289008
2020-08-12,0.01344276887867449
2020-08-13,-0.015219344301913821
2020-08-14,-0.061132099355119075
2020-08-17,-0.11773039640272538
2020-08-18,-0.13102803930587573
2020-08-19,-0.1613641040289456
2020-08-20,-0.1936508858633813
2020-08-21,-0.23606272154108535
2020-08-24,-0.1640875992261104
2020-08-25,0.0011273588105931293
2020-08-26,0.03686821530846084
2020-08-27,0.12536711655561728
2020-08-28,0.10987559083701103
2020-08-31,0.05436640240762833
2020-09-01,0.057213759367151576
2020-09-02,0.09842856780596285
2020-09-03,0.04416121603148816
2020-09-04,0.13522829331042513
2020-09-07,0.11320074994034356
2020-09-08,0.12453679112787965
2020-09-09,0.12585587213703578
2020-09-10,0.07107901277079877
2020-09-11,0.1528288582811748
2020-09-14,0.1251462613451119
2020-09-15,0.1308763013301672
2020-09-16,0.09607659664816891
2020-09-17,0.052185084989008035
2020-09-18,0.09936705165072061
2020-09-21,0.10552253039413242
2020-09-22,0.040258756754364126
2020-09-23,-0.015071450032231929
2020-09-24,-0.05933181523245719
2020-09-25,-0.073635388759528
2020-09-28,-0.08407215555166665
2020-09-29,-0.11105409387314447
2020-09-30,-0.10695111442289502
2020-10-09,-0.0490912336146896
2020-10-12,-0.028390530956644563
2020-10-13,0.003513541223854903
2020-10-14,-0.005045818784834566
2020-10-15,0.004705481713868894
2020-10-16,0.050291837310080696
2020-10-19,-0.010217860218428675
2020-10-20,0.007454644305641708
2020-10-21,0.002479987848480671
2020-10-22,0.030113822867991837
2020-10-23,0.020710066490704778
2020-10-26,-0.036085683099326464
2020-10-27,-0.07085345590729838
2020-10-28,-0.02262478129315856
2020-10-29,0.00019577318914917484
2020-10-30,0.004755577772465907
2020-11-02,0.019921683204206977
2020-11-03,0.03483239981435343
2020-11-04,0.1010540807354834
2020-11-05,0.18363471535391676
2020-11-06,0.14367126128223545
2020-11-09,0.043797111087237627
2020-11-10,-0.01825449226738947
2020-11-11,0.013241247469603236
2020-11-12,-0.018431462848907818
2020-11-13,-0.053105324803920245
2020-11-16,-0.06560798577474261
2020-11-17,-0.06593874077596686
2020-11-18,-0.039751443874231907
2020-11-19,-0.007621246934250467
2020-11-20,0.07123685281316249
2020-11-23,0.1092149661297633
2020-11-24,0.10070725732445855
2020-11-25,0.07698836730552178
2020-11-26,0.08556745178322324
2020-11-27,0.09652047988587487
2020-11-30,0.11448119677337584
2020-12-01,0.09135847986181524
2020-12-02,0.032126833124528506
2020-12-03,-0.0812841665063102
2020-12-04,-0.06757125591843549
2020-12-07,0.0338096903246588
2020-12-08,0.07731671201191581
2020-12-09,0.037601469665762596
2020-12-10,0.11920368285513727
2020-12-11,0.09888961571820722
2020-12-14,0.20144354973098805
2020-12-15,0.16785134077346925
2020-12-16,0.21865823250676303
2020-12-17,0.19931375515991118
2020-12-18,0.17557781786067964
2020-12-21,0.2181448677202133
2020-12-22,0.2765948375279459
2020-12-23,0.28775190662567773
2020-12-24,0.19486532011098281
2020-12-25,0.24005841080573817
2020-12-28,0.1688936358978336
2020-12-29,0.15149083067546307
2020-12-30,0.21840442893496492
2020-12-31,0.2698109624336284
2021-01-04,0.20954090448301316
2021-01-05,0.21711300181974613
2021-01-06,0.25350929981659315
2021-01-07,0.2308190069945436
2021-01-08,0.25703197817430573
2021-01-11,0.3080455511248754
2021-01-12,0.2962391772595049
2021-01-13,0.3647358660736391
2021-01-14,0.3171777215142041
2021-01-15,0.2374992416059931
2021-01-18,0.1891558081299795
2021-01-19,0.13541754349658838
2021-01-20,0.06282811923814527
2021-01-21,0.06436203434851102
2021-01-22,0.05131341050492521
2021-01-25,-0.00431073805749618
2021-01-26,-0.023101101637348246
2021-01-27,0.024257115240680784
2021-01-28,-0.026127795213594915
2021-01-29,-0.037051736173174685
2021-02-01,-0.008910986845284555
2021-02-02,-0.06546317158573121
2021-02-03,-0.0792183047569394
2021-02-04,-0.02016699202356905
2021-02-05,-0.010688701352304663
2021-02-08,-0.06684060000326787
2021-02-09,-0.0628289449190301
2021-02-10,-0.14403031899488855
2021-02-18,-0.14794341676340034
2021-02-19,-0.12512547897775284
2021-02-22,-0.07859095392342506
2021-02-23,-0.004014876004335296
2021-02-24,0.07628618188869081
2021-02-25,0.026445987171513974
2021-02-26,-0.0013412936588278028
2021-03-01,0.019663479314618648
2021-03-02,0.003682197936806584
2021-03-03,-0.010566034374776974
2021-03-04,-0.01270027845326893
2021-03-05,-0.008558195991589012
2021-03-08,0.02263882242114624
2021-03-09,0.013397983791792911
2021-03-10,-0.03793609536988437
2021-03-11,-0.13883347415064967
2021-03-12,-0.1604530902525475
2021-03-15,-0.0890624977996606
2021-03-16,-0.09993142082533145
2021-03-17,-0.07983542368977571
2021-03-18,-0.10679328825551579
2021-03-19,-0.05925612371579474
2021-03-22,-0.06561333889454307
2021-03-23,-0.11623109834946184
2021-03-24,-0.11587049676757426
2021-03-25,-0.07587697216663446
2021-03-26,0.022785290355630837
2021-03-29,0.020623315893904353
2021-03-30,0.08806065794630646
2021-03-31,0.06610120101753222
2021-04-01,0.15574546655471594
2021-04-02,0.15723425128505608
2021-04-06,0.11170788166404014
2021-04-07,0.17091645038575395
2021-04-08,0.22358792279727252
2021-04-09,0.3002712835183741
2021-04-12,0.25889140038506064
2021-04-13,0.1931392168147288
2021-04-14,0.18091336073737305
2021-04-15,0.18635159385440597
2021-04-16,0.24703764215141966
2021-04-19,0.26521829482913484
2021-04-20,0.30681350840273386
2021-04-21,0.33636444628107587
2021-04-22,0.3399175165684024
2021-04-23,0.34624423182811875
2021-04-26,0.2777342659772843
2021-04-27,0.31594965192756036
2021-04-28,0.28102195957241466
2021-04-29,0.2760141817242558
2021-04-30,0.169622229385402
2021-05-06,0.13983707174301202
2021-05-07,0.1640266013140594
2021-05-10,0.12788970630854685
2021-05-11,0.09617002267870495
2021-05-12,0.13180101650860718
2021-05-13,0.1044516770739124
2021-05-14,0.0861646563713944
2021-05-17,0.09367883121565261
2021-05-18,0.08647589754450646
2021-05-19,0.07177996784499677
2021-05-20,0.06914307057875055
2021-05-21,-0.004458227998165078
2021-05-24,0.010121524378646045
2021-05-25,-0.011333325814479182
2021-05-26,-0.012859253754212228
2021-05-27,-0.034843162868170595
2021-05-28,-0.039336967547879305
2021-05-31,-0.06875303397958367
2021-06-01,-0.06409830316950936
2021-06-02,-0.040442940323156124
2021-06-03,-0.0023604510429346597
2021-06-04,-0.054757258058590906
2021-06-07,0.0070729961900641986
2021-06-08,0.05405937383658166
2021-06-09,-0.017856087554613657
2021-06-10,0.04330872069960924
2021-06-11,0.06442726310797302
2021-06-15,0.029374467250458725
2021-06-16,-0.017633730706434658
2021-06-17,-0.01619191347693757
2021-06-18,-0.06921659703218278
2021-06-21,-0.0471038702425563
2021-06-22,-0.09661193227455608
2021-06-23,-0.11614951229631068
2021-06-24,-0.10135502624636014
2021-06-25,-0.041818939390418225
2021-06-28,-0.014853769415587886
2021-06-29,0.021808007465922576
2021-06-30,0.053712385066481946
2021-07-01,0.07404431210050859
2021-07-02,0.06367021581942922
2021-07-05,0.11252037656199616
2021-07-06,0.04566505056185349
2021-07-07,0.004923304503479292
2021-07-08,0.04653505309354335
2021-07-09,0.030815118595874758
2021-07-12,0.07126279459346307
2021-07-13,0.11909118669021322
2021-07-14,0.20432402444133607
2021-07-15,0.20851920535664564
2021-07-16,0.22440063701204618
2021-07-19,0.20727904705243594
2021-07-20,0.2533513170950453
2021-07-21,0.25144084740523154
2021-07-22,0.17516074549200897
2021-07-23,0.1131810456160548
2021-07-26,0.045173300478299976
2021-07-27,0.04176244746352634
2021-07-28,-0.0053654489890793316
2021-07-29,-0.00713961720816312
2021-07-30,-0.014326961345015043
2021-08-02,0.0329462971081297
2021-08-03,0.07896232886788707
2021-08-04,0.1001156731329918
2021-08-05,0.04938374334808298
2021-08-06,0.05938534548618542
2021-08-09,0.08380868856284356
2021-08-10,0.09586234240335327
2021-08-11,0.0670259212986496
2021-08-12,0.03109860266277662
2021-08-13,0.08149125486550103
2021-08-16,0.15262925980102518
2021-08-17,0.11392660336085354
2021-08-18,0.16429423602548776
2021-08-19,0.14334933964005644
2021-08-20,0.14956300208200035
2021-08-23,0.14610323772793887
2021-08-24,0.15818380003693344
2021-08-25,0.144091437749657
2021-08-26,0.155934910748243
2021-08-27,0.1044931967438001
2021-08-30,0.056971795537926785
2021-08-31,0.05795159326905028
2021-09-01,0.02270102443818183
2021-09-02,0.08276275110346441
2021-09-03,0.04559964295949379
2021-09-06,0.0329573159750537
2021-09-07,0.050356460300230665
2021-09-08,-0.011236982973112692
2021-09-09,-0.016313781047339496
2021-09-10,-0.00688880795441441
2021-09-13,0.005081071911309539
2021-09-14,0.036150505166069304
2021-09-15,0.03361509410622005
2021-09-16,0.12426768722431797
2021-09-17,0.14630183621885298
2021-09-22,0.14730316528326537
2021-09-23,0.10774785247044809
2021-09-24,0.10378513452441446
2021-09-27,0.08982756494286465
2021-09-28,0.060874592517435516
2021-09-29,0.05562983130383381
2021-09-30,0.012610113399935839
2021-10-08,0.04096745881810463
2021-10-11,0.005005712558224644
2021-10-12,0.03198735925892527
2021-10-13,-0.050027845138707866
2021-10-14,-0.04421743433463171
2021-10-15,-0.007141325143301334
2021-10-18,-0.028044392330531343
2021-10-19,-0.04540412665241265
2021-10-20,-0.09258027857113015
2021-10-21,-0.1616310462688406
2021-10-22,-0.12038855550824568
2021-10-25,-0.14066044006743997
2021-10-26,-0.14655343860936618
2021-10-27,-0.08516431829845572
2021-10-28,-0.009595135096878257
2021-10-29,-0.01565385810049719
2021-11-01,-0.09588977818412175
2021-11-02,-0.0949173532669521
2021-11-03,-0.06247155186196195
2021-11-04,-0.0195126652976261
2021-11-05,-0.04883349592269422
2021-11-08,-0.0002520103365618109
2021-11-09,0.026664131162165684
2021-11-10,0.0810944119734702
2021-11-11,0.07393504324877817
2021-11-12,0.0995558838592316
2021-11-15,0.13881224005798445
2021-11-16,0.13954340504450108
2021-11-17,0.16611189174097774
2021-11-18,0.17057743589788618
2021-11-19,0.16185047115159873
2021-11-22,0.12444838653598533
2021-11-23,0.16454534880484276
2021-11-24,0.1654967992525847
2021-11-25,0.1101268453478381
2021-11-26,0.14239236971179597
2021-11-29,0.2482016061785343
2021-11-30,0.29530894849554157
2021-12-01,0.30710643681338273
2021-12-02,0.3171670933900818
2021-12-03,0.41615383597892086
2021-12-06,0.36081188099159794
2021-12-07,0.2977530555046204
2021-12-08,0.295837634599877
2021-12-09,0.2843515670542329
2021-12-10,0.29123729400905596
2021-12-13,0.29347018958732796
2021-12-14,0.23718505607451418
2021-12-15,0.22404406264578608
2021-12-16,0.28293694676362713
2021-12-17,0.2610596425815278
2021-12-20,0.2947428387284323
2021-12-21,0.24288306956927003
2021-12-22,0.18610963698346597
2021-12-23,0.2345491688508925
2021-12-24,0.2895260398149041
2021-12-27,0.21406057738485512
2021-12-28,0.1980333036019589
2021-12-29,0.14816661140153445
2021-12-30,0.11347396195242315
2021-12-31,0.08078183433102203
2022-01-04,0.11166043555730085
2022-01-05,0.14264556941173062
2022-01-06,0.08792207355595642
2022-01-07,0.06247371743180863
2022-01-10,0.03104647745130608
2022-01-11,0.04140843778553837
2022-01-12,0.09549734195627008
2022-01-13,0.09677866948230426
2022-01-14,0.05225782744545454
2022-01-17,-0.008443746992363997
2022-01-18,-0.010261728516499572
2022-01-19,0.04596261009455729
2022-01-20,0.08912291058236718
2022-01-21,0.07083382367770459
2022-01-24,0.03221407298897082
2022-01-25,0.10052612685562524
2022-01-26,0.15274875127066054
2022-01-27,0.19600737273525012
2022-01-28,0.19030110067985967
2022-02-07,0.1922719190192485
2022-02-08,0.1416684164685892
2022-02-09,0.18596606101707705
2022-02-10,0.23427999084550727
2022-02-11,0.19114818289219904
2022-02-14,0.19316602089694074
2022-02-15,0.2222748725361196
2022-02-16,0.198814904703479
2022-02-17,0.23888935783193332
2022-02-18,0.2799088907650905
2022-02-21,0.28665031320909146
2022-02-22,0.32324285597261654
2022-02-23,0.3291691855725435
2022-02-24,0.3351459779252029
2022-02-25,0.243018110124858
2022-02-28,0.277073107563096
2022-03-01,0.2594458995020487
2022-03-02,0.21398330655972353
2022-03-03,0.22150933576614998
2022-03-04,0.20806028896661286
2022-03-07,0.22453718831477862
2022-03-08,0.2838756684272188
2022-03-09,0.26156154392387937
2022-03-10,0.2793708565616439
2022-03-11,0.3121614312607674
2022-03-14,0.3401710407803706
2022-03-15,0.3100741776467228
2022-03-16,0.32912944494321555
2022-03-17,0.2777269776814257
2022-03-18,0.2842532622549873
2022-03-21,0.3188203263738832
2022-03-22,0.2921059158059384
2022-03-23,0.26013996369079256
2022-03-24,0.19938492768923732
2022-03-25,0.31577939798897053
2022-03-28,0.2527944785281237
2022-03-29,0.2415237922533155
2022-03-30,0.3141379693725554
2022-03-31,0.27912484193247733
2022-04-01,0.22228895751008335
2022-04-06,0.13903723261122639
2022-04-07,0.06641862611780586
2022-04-08,0.03329681646281381
2022-04-11,-0.0522891893687727
2022-04-12,-0.0345759695298418
2022-04-13,-0.1020726101384983
2022-04-14,0.014629817022630514
2022-04-15,-0.006916317873382163
2022-04-18,0.022125848661446415
2022-04-19,0.048843461950205
2022-04-20,0.044490912915646955
2022-04-21,0.038073648655585164
2022-04-22,-0.011277786755054675
2022-04-25,-0.024402375027803663
2022-04-26,-0.005172879362766205
2022-04-27,0.035782304496657306
2022-04-28,0.06112348865828509
2022-04-29,0.03935043245650064
2022-05-05,0.03494858295579986
2022-05-06,0.08790612590804076
2022-05-09,0.07556517872886731
2022-05-10,0.10265552503220765
2022-05-11,0.10190589496634041
2022-05-12,0.1271975381696063
2022-05-13,0.14807072899795248
2022-05-16,0.2092537328728746
2022-05-17,0.1594404866746314
2022-05-18,0.12321437446731798
2022-05-19,0.10021690551423215
2022-05-20,0.043935577554946474
2022-05-23,-0.0062720895143874135
2022-05-24,-0.08518106889333084
2022-05-25,0.0036403206294177005
2022-05-26,0.09936763687063249
2022-05-27,0.09573174330638973
2022-05-30,0.07566050361976456
2022-05-31,0.03907109638443951
2022-06-01,-0.03144144991797625
2022-06-02,0.0009923577183771994
2022-06-06,0.05544559926439001
2022-06-07,0.05598591177995032
2022-06-08,0.042132893953390656
2022-06-09,-0.002798946572678559
2022-06-10,0.0656311534018798
2022-06-13,-0.028138961903984846
2022-06-14,-0.06909829205346703
2022-06-15,-0.0926087964310923
2022-06-16,-0.08358041268334047
2022-06-17,-0.005361859960377674
2022-06-20,-0.07026343268840995
2022-06-21,-0.029012071687402812
2022-06-22,-0.03158579598409897
2022-06-23,-0.08210764152623767
2022-06-24,-0.1313337734380083
2022-06-27,-0.12631813933477662
2022-06-28,-0.13411226849681804
2022-06-29,-0.17988749205088653
2022-06-30,-0.15990043145771696
2022-07-01,-0.18970376662247168
2022-07-04,-0.19308000722422788
2022-07-05,-0.14573864499839578
2022-07-06,-0.1436187218359616
2022-07-07,-0.056596341364336895
2022-07-08,-0.11290479250999651
2022-07-11,-0.07534771812588069
2022-07-12,-0.1120403908392035
2022-07-13,-0.0850205209485414
2022-07-14,-0.037916499244078465
2022-07-15,-0.13716907800587266
2022-07-18,-0.0543298694201374
2022-07-19,-0.10292831969926365
2022-07-20,-0.11957052984699185
2022-07-21,-0.12733567523164785
2022-07-22,-0.14022334532966715
2022-07-25,-0.19589919175059728
2022-07-26,-0.18273846073087982
2022-07-27,-0.15613623764897572
2022-07-28,-0.12575696029018246
2022-07-29,-0.09447368926798477
2022-08-01,-0.11897077337128212
2022-08-02,-0.1293071684678862
2022-08-03,-0.12442163006072383
2022-08-04,-0.1414633907139115
2022-08-05,-0.06951724169208325
2022-08-08,-0.08751727774789039
2022-08-09,-0.07959100882085351
2022-08-10,-0.087691867349215
2022-08-11,-0.12389561817328808
2022-08-12,-0.03194890792997098
2022-08-15,-0.1163270357016652
2022-08-16,-0.04853651546008535
2022-08-17,-0.0028376645835040118
2022-08-18,-0.033176162253095956
2022-08-19,0.039674476344262605
2022-08-22,0.11529862853714194
2022-08-23,0.151352083423029
2022-08-24,0.17317368130009253
2022-08-25,0.13250513488946722
2022-08-26,0.08421029821492906
2022-08-29,0.10169990992455986
2022-08-30,0.10601016886145619
2022-08-31,0.12134567173542575
2022-09-01,0.11710700738749297
2022-09-02,0.11548143358027267
2022-09-05,0.12436890436535208
2022-09-06,0.10677985593740191
2022-09-07,0.1363010811503191
2022-09-08,0.08685572772262622
2022-09-09,0.08121293276813177
2022-09-13,0.1414972076972511
2022-09-14,0.12461056967485293
2022-09-15,0.08353635819860004
2022-09-16,0.1260471865138831
2022-09-19,0.08691215793049424
2022-09-20,0.02677581932914697
2022-09-21,0.014193591015375593
2022-09-22,0.009557185328091657
2022-09-23,0.005820038272639434
2022-09-26,-0.0042095075584098265
2022-09-27,0.04637600853174406
2022-09-28,0.10216115409276032
2022-09-29,0.12551874403888705
2022-09-30,0.09615475823262569
2022-10-10,0.034777900141814956
2022-10-11,0.018549840665062326
2022-10-12,0.08315880730740605
2022-10-13,0.012495056610209429
2022-10-14,0.11749035265703453
2022-10-17,0.02188146115692136
2022-10-18,-0.03748360659980775
2022-10-19,-0.0492441376814867
2022-10-20,-0.000588624243289353
2022-10-21,-0.05410191564031655
2022-10-24,-0.03532252967188813
2022-10-25,-0.0012053238826298925
2022-10-26,-0.002683114621745425
2022-10-27,-0.05370832418903541
2022-10-28,-0.06673597877205227
2022-10-31,0.006162957787027408
2022-11-01,0.04255449078082527
2022-11-02,-0.04080106720212444
2022-11-03,-0.09285922000268573
2022-11-04,-0.05340305393726273
2022-11-07,-0.053314449921780444
2022-11-08,0.014221620309684711
2022-11-09,0.025926884733540073
2022-11-10,0.07544629704429079
2022-11-11,0.001955528785241489
2022-11-14,0.010416349311834399
2022-11-15,0.006784741121676635
2022-11-16,0.0010813374195055964
2022-11-17,-0.025491226966109014
2022-11-18,-0.021730575615032225
2022-11-21,-0.032241621840934646
2022-11-22,-0.027077051922663062
2022-11-23,-0.01606251622493071
2022-11-24,-0.009689089953617726
2022-11-25,0.05053801448585298
2022-11-28,0.0537711962836251
2022-11-29,0.01179327258830706
2022-11-30,0.03847948104914604
2022-12-01,0.03540380612246443
2022-12-02,0.024876135795896953
2022-12-05,0.04421558843746406
2022-12-06,-0.004423750474746152
2022-12-07,-0.06015656487657824
2022-12-08,-0.048114082242418935
2022-12-09,0.005318912013057142
2022-12-12,0.03644647273219263
2022-12-13,0.08832662175650562
2022-12-14,0.0762898619828331
2022-12-15,0.09758490521212627
2022-12-16,0.1580849545031573
2022-12-19,0.12119615834762314
2022-12-20,0.1197355563469472
2022-12-21,0.09353847324436439
2022-12-22,0.12988175926112774
2022-12-23,0.09981019421320012
2022-12-26,0.06046456518159666
2022-12-27,0.05125197523506324
2022-12-28,0.07833510038613307
2022-12-29,0.1091920972064968
2022-12-30,0.15019399406140793
2023-01-03,0.13589204049129594
2023-01-04,0.09169361461851783
2023-01-05,0.07955745100190123
2023-01-06,0.0456517159120229
2023-01-09,0.013306391453453711
2023-01-10,0.044777274986555045
2023-01-11,0.07596951709408323
2023-01-12,0.12641039507935412
2023-01-13,0.13440277606429227
2023-01-16,0.12933711598336398
2023-01-17,0.18103790477986448
2023-01-18,0.21566964117921505
2023-01-19,0.14357045958044068
2023-01-20,0.09802452706719911
2023-01-30,0.09777662481835135
2023-01-31,0.06174449892325066
2023-02-01,0.0856862572015955
2023-02-02,0.08358704607397778
2023-02-03,0.11963851108994142
2023-02-06,0.07529929991079583
2023-02-07,0.051226399010732115
2023-02-08,0.09500631213200449
2023-02-09,0.05255517164833971
2023-02-10,0.05615378566349858
2023-02-13,0.08244781155744521
2023-02-14,0.11107233772771798
2023-02-15,0.03266189031154388
2023-02-16,0.05540693003836011
2023-02-17,0.04713154135200612
2023-02-20,0.0897628255816768
2023-02-21,0.07513870020067857
2023-02-22,0.03176421226555442
2023-02-23,0.04427702356035025
2023-02-24,0.11048067167245174
2023-02-27,0.07491299775488193
2023-02-28,0.047195133572381844
2023-03-01,-0.021683024353794652
2023-03-02,-0.06044268264973474
2023-03-03,-0.1365022365591215
2023-03-06,-0.14061915532892802
2023-03-07,-0.10189638832564131
2023-03-08,-0.12054242430346485
2023-03-09,-0.05002405346881015
2023-03-10,-0.11265600756563662
2023-03-13,-0.0803007242829235
2023-03-14,-0.08791945793006131
2023-03-15,-0.07971045282506867
2023-03-16,-0.1348464517285742
2023-03-17,-0.20104965683653883
2023-03-20,-0.2848886259490429
2023-03-21,-0.28903247374588253
2023-03-22,-0.28982844152173926
2023-03-23,-0.28981533938548865
2023-03-24,-0.30104624803923297
2023-03-27,-0.30446580363573533
2023-03-28,-0.2413984610984285
2023-03-29,-0.24430636653508492
2023-03-30,-0.22741172642541294
2023-03-31,-0.2446343349613103
2023-04-03,-0.1769042318921608
2023-04-04,-0.174519170223302
2023-04-06,-0.18035173477774002
2023-04-07,-0.1915368524306938
2023-04-10,-0.15387926495963447
2023-04-11,-0.17219941180936824
2023-04-12,-0.17730031684724537
2023-04-13,-0.1345081418457478
2023-04-14,-0.1425635463618358
2023-04-17,-0.041442952426256695
2023-04-18,0.03958477986029949
2023-04-19,0.027020682278326862
2023-04-20,-0.00512082078221669
2023-04-21,-0.01925330002504769
2023-04-24,0.036090146156235195
2023-04-25,0.10400324343606768
2023-04-26,0.13556175154866548
2023-04-27,0.1827141899577389
2023-04-28,0.2470572965542215
2023-05-04,0.24675860067289285
2023-05-05,0.24521454906784446
2023-05-08,0.25474611785409007
2023-05-09,0.26002721788227556
2023-05-10,0.23596520384182004
2023-05-11,0.1827892414740171
2023-05-12,0.2107347242800887
2023-05-15,0.21535435774522474
2023-05-16,0.2222276931144048
2023-05-17,0.20651475684685874
2023-05-18,0.21828911548048935
2023-05-19,0.13276640475660736
2023-05-22,0.15129744931297848
2023-05-23,0.18703755152009616
2023-05-24,0.17534390163605923
2023-05-25,0.12059652024732594
2023-05-26,0.11389977307276448
2023-05-29,0.02662478513327288
2023-05-30,0.018272015985507522
2023-05-31,-0.010101060577190707
2023-06-01,0.05496437344217956
2023-06-02,-0.025262116037244844
2023-06-05,-0.001529106716043275
2023-06-06,-0.04622004682856324
2023-06-07,-0.022665432150228277
2023-06-08,-0.0236654353296718
2023-06-09,-0.04568071591394778
2023-06-12,-0.09022906459287809
2023-06-13,-0.08341941196032612
2023-06-14,-0.08152306885404688
2023-06-15,-0.10258022474020902
2023-06-16,-0.004636966226694666
2023-06-19,0.0005390137976184036
2023-06-20,0.009031634540630483
2023-06-21,0.11499691686657917
2023-06-26,0.17208891052095826
2023-06-27,0.11415270814011258
2023-06-28,0.1914524412410819
2023-06-29,0.2392886285557613
2023-06-30,0.26811811901946764
2023-07-03,0.29281785903069046
2023-07-04,0.29204342588209153
2023-07-05,0.25387826301396943
2023-07-06,0.35644902183080385
2023-07-07,0.296328219324339
2023-07-10,0.36762861233669186
2023-07-11,0.3089248691098629
2023-07-12,0.3300891077271873
2023-07-13,0.3572949683189212
2023-07-14,0.3142884079114518
2023-07-17,0.22516914644739133
2023-07-18,0.13548114473292402
2023-07-19,0.14349870808421591
2023-07-20,0.11126823866369755
2023-07-21,0.03921627344199391
2023-07-24,-0.02874268988439513
2023-07-25,0.021670838465254035
2023-07-26,0.006991168258316709
2023-07-27,-0.05828584829163487
2023-07-28,-0.10666388573559227
2023-07-31,-0.1482260231632486
2023-08-01,-0.10725460929019069
2023-08-02,-0.10554055520436591
2023-08-03,-0.15279659714397495
2023-08-04,-0.13686860954904928
2023-08-07,-0.1861312685675009
2023-08-08,-0.1708526975113557
2023-08-09,-0.18154178231124046
2023-08-10,-0.2571835093043027
2023-08-11,-0.22181120064620646
2023-08-14,-0.15300416521143345
2023-08-15,-0.08148174779955908
2023-08-16,-0.10929702441635455
2023-08-17,-0.08176187226000435
2023-08-18,-0.027203216425221326
2023-08-21,0.10955322600552961
2023-08-22,0.01045887773533945
2023-08-23,-0.023956882550921568
2023-08-24,0.04133585359194095
2023-08-25,0.16535519439356447
2023-08-28,0.09922016003263413
2023-08-29,-0.0755664617642554
2023-08-30,-0.019169937629013208
2023-08-31,-0.06870004774447018
2023-09-01,-0.010045193328554776
2023-09-04,-0.12242565091510488
2023-09-05,-0.10234520010824608
2023-09-06,-0.06361173053589263
2023-09-07,-0.03662139050851059
2023-09-08,-0.10692782926451384
2023-09-11,-0.07048050442157605
2023-09-12,-0.12155973217402363
2023-09-13,-0.15637903164762623
2023-09-14,-0.17253476169329615
2023-09-15,-0.12434415228653033
2023-09-18,-0.12328174401237263
2023-09-19,-0.10584567423041123
2023-09-20,-0.059948368598216124
2023-09-21,-0.0758927063482766
2023-09-22,-0.07659400479060642
2023-09-25,-0.10576957408839746
2023-09-26,-0.08515193098421653
2023-09-27,-0.05706792296681715
2023-09-28,-0.07289225719141644
2023-10-09,-0.1241449854207256
2023-10-10,-0.10338390556908658
2023-10-11,-0.13519061860248877
2023-10-12,-0.13465837510150452
2023-10-13,-0.13601337860117163
2023-10-16,-0.051839098177221134
2023-10-17,-0.09228681785520142
2023-10-18,-0.08790281514158459
2023-10-19,-0.050682910174526793
2023-10-20,-0.06055611233713309
2023-10-23,-0.10683027574252611
2023-10-24,-0.09960094856006964
2023-10-25,-0.1627575682723903
2023-10-26,-0.16298215554181558
2023-10-27,-0.10821376362545852
2023-10-30,-0.1312143094497734
2023-10-31,-0.1340366429393402
2023-11-01,-0.11693742785074074
2023-11-02,-0.13500428059711497
2023-11-03,-0.06102292523520103
2023-11-06,-0.017372463358760266
2023-11-07,0.04822422088264447
2023-11-08,0.02228485632950743
2023-11-09,-0.0034859776601822694
2023-11-10,-0.07908094414648464
2023-11-13,-0.08431170550386241
2023-11-14,-0.059262625145042956
2023-11-15,-0.01943496072700648
2023-11-16,-0.02809025580124396
2023-11-17,-0.01399704636896566
2023-11-20,-0.0121449526999948
2023-11-21,-0.022809318006570635
2023-11-22,0.043675300648357666
2023-11-23,0.00153049250776895
2023-11-24,-0.0181939108649143
2023-11-27,-0.02665622041266344
2023-11-28,0.08335331636823456
2023-11-29,0.09694853489235843
2023-11-30,0.037448678445216925
2023-12-01,-0.06282775921010415
2023-12-04,-0.12596412845580035
2023-12-05,-0.19706884794104193
2023-12-06,-0.04732568556470601
2023-12-07,-0.0023781704812251203
2023-12-08,0.2326231590950996
2023-12-11,0.12114680205056859
2023-12-12,0.1162584459932192
2023-12-13,0.08692064649887209
2023-12-14,0.021840326170890937
2023-12-15,-0.022590221255541332
2023-12-18,-0.051358939407131966
2023-12-19,-0.07958067843337821
2023-12-20,-0.0827585026398724
2023-12-21,0.00013203187054468523
2023-12-22,-0.043292778801796675
2023-12-25,-0.033315512159280046
2023-12-26,-0.1335806748776348
2023-12-27,-0.05532925070018698
2023-12-28,-0.014926467147040066
2023-12-29,-0.07627820546804942
2024-01-02,-0.09609615876854839
2024-01-03,-0.0918896397227937
2024-01-04,-0.10849412355982305
2024-01-05,-0.16947929014558677
2024-01-08,-0.19458898620641366
2024-01-09,-0.17856061109925542
2024-01-10,-0.20991109293003052
2024-01-11,-0.1704585694917484
2024-01-12,-0.12863354306975294
2024-01-15,-0.0804482793660914
2024-01-16,-0.03052872704716122
2024-01-17,-0.051586171157105364
2024-01-18,0.01968898635284708
2024-01-19,-0.06840865964806685
2024-01-22,-0.10328831990653023
2024-01-23,-0.10188794098894506
2024-01-24,-0.017627307672401775
2024-01-25,-0.10568266013277798
2024-01-26,-0.18780467746102394
2024-01-29,-0.15214881021937263
2024-01-30,-0.09991969144067865
2024-01-31,-0.11388968305087772
2024-02-01,-0.08140577880437302
2024-02-02,-0.07902050570872204
2024-02-05,-0.10659152448143248
2024-02-06,-0.0923404455316933
2024-02-07,-0.1091443373986911
2024-02-08,-0.10861890680250937
2024-02-19,-0.10652123401816337
2024-02-20,-0.14578186956206599
2024-02-21,-0.20961554746470562
2024-02-22,-0.12465453570246517
2024-02-23,-0.1475260262271387
2024-02-26,-0.1362024588344962
2024-02-27,-0.0401928237121745
2024-02-28,-0.06003439072444406
2024-02-29,-0.11567337851160613
2024-03-01,-0.02870164139482019
2024-03-04,0.06336394894567485
2024-03-05,0.09229338067379438
2024-03-06,0.04608760476858843
2024-03-07,0.06935925791509585
2024-03-08,0.10070663580476721
2024-03-11,0.12060235969811024
2024-03-12,0.18321780037982838
2024-03-13,0.1279357401496938
2024-03-14,0.20714082450475058
2024-03-15,0.19213815850682142
2024-03-18,0.11851352938161944
2024-03-19,0.18119765568690402
2024-03-20,0.23476478093250133
2024-03-21,0.20482309749865757
2024-03-22,0.1331095519723997
2024-03-25,0.11470842799361822
2024-03-26,0.050086859149552604
2024-03-27,0.08235024317616801
2024-03-28,0.08156450092618306
2024-03-29,0.06194375258270535
2024-04-01,0.06010142090115488
2024-04-02,0.045860003860135154
2024-04-03,0.06418233364124662
2024-04-08,0.05526229486537434
2024-04-09,0.023419809269229905
2024-04-10,0.04089081437982358
2024-04-11,0.013072992680812138
2024-04-12,0.08407431689723376
2024-04-15,0.07000612478083465
2024-04-16,0.08756723083916704
2024-04-17,0.05787749098918882
2024-04-18,0.04214549417183205
2024-04-19,0.05065841827162561
2024-04-22,0.0013217690935618089
2024-04-23,0.06465179390700203
2024-04-24,0.13735385678677378
2024-04-25,0.17040592970047408
2024-04-26,0.16986622220573142
2024-04-29,0.17960145656975204
2024-04-30,0.17775711762542
2024-05-06,0.1383499384868112
2024-05-07,0.19197373061065273
2024-05-08,0.18626621834627807
2024-05-09,0.16776056687486723
2024-05-10,0.12911825810073374
2024-05-13,0.13316490882593962
2024-05-14,0.09949189342097656
2024-05-15,0.07410841120982335
2024-05-16,0.021985470364478194
2024-05-17,0.02663980108453018
2024-05-20,0.08848381024896117
2024-05-21,0.013373904311214378
2024-05-22,0.03531527959483611
2024-05-23,0.041057209409132135
2024-05-24,-0.007465092022550536
2024-05-27,-0.07280885405326117
2024-05-28,-0.10660373999095701
2024-05-29,-0.13276143878701738
2024-05-30,-0.11396175805341902
2024-05-31,-0.1191379491805439
2024-06-03,-0.15024178660594442
2024-06-04,-0.1623219303917772
2024-06-05,-0.14116980131620113
2024-06-06,-0.11484400765317208
2024-06-07,-0.13733375606165069
2024-06-11,-0.1761469280061163
2024-06-12,-0.1111342386315723
2024-06-13,-0.17686636935970584
2024-06-14,-0.1265740977526852
2024-06-17,-0.18865238372213905
2024-06-18,-0.21883208068637355
2024-06-19,-0.19269781980148987
2024-06-20,-0.24434002089468593
2024-06-21,-0.20422208806238246
2024-06-24,-0.1713370907346523
2024-06-25,-0.12671197226185593
2024-06-26,-0.06256097903434128
2024-06-27,-0.02203819798040694
2024-06-28,-0.0036219263793674274
2024-07-01,0.028516445055509182
2024-07-02,0.103076155316349
2024-07-03,0.02952110168047964
2024-07-04,-0.046460160839752705
2024-07-05,-0.03937593891723579
2024-07-08,-0.041050536243232086
2024-07-09,-0.059755148650511986
2024-07-10,-0.10655058246177401
2024-07-11,-0.0900883926929547
2024-07-12,-0.15840556182347157
2024-07-15,-0.1681781704791591
2024-07-16,-0.06006936731276426
2024-07-17,-0.16102065003664673
2024-07-18,-0.1737673933083717
2024-07-19,-0.11264201671299882
2024-07-22,-0.12366071530204283
2024-07-23,-0.18686606871432526
2024-07-24,-0.20456187665485054
2024-07-25,-0.23822613149463054
2024-07-26,-0.22488777867355245
2024-07-29,-0.2415619448828767
2024-07-30,-0.28113340038921386
2024-07-31,-0.2424132886533194
2024-08-01,-0.18860413225908687
2024-08-02,-0.18273497820260512
2024-08-05,-0.1827076246143622
2024-08-06,-0.1918352671942574
2024-08-07,-0.20430599671385466
2024-08-08,-0.20320578582891496
2024-08-09,-0.17685713685281396
2024-08-12,-0.14217024178883994
2024-08-13,-0.22251667662443675
2024-08-14,-0.13936877954431787
2024-08-15,-0.08758020698578606
2024-08-16,-0.1980003277944925
2024-08-19,-0.19231619254401366
2024-08-20,-0.10911933014687894
2024-08-21,-0.05778032438999649
2024-08-22,-0.06907424675954284
2024-08-23,-0.13924749283378796
2024-08-26,-0.09390095893274071
2024-08-27,-0.03205569883437921
2024-08-28,-0.07708584120201904
2024-08-29,-0.09221530605505694
2024-08-30,-0.14339700031031244
2024-09-02,-0.1094320170544133
2024-09-03,0.05527844137055699
2024-09-04,0.07218224287711049
2024-09-05,0.18874339406623297
2024-09-06,0.18472903948939398
2024-09-09,0.23206620332485037
2024-09-10,0.1687909878753103
2024-09-11,0.21425312430223917
2024-09-12,0.19982367887817082
2024-09-13,0.24775746848718855
2024-09-18,0.2619252236657933
2024-09-19,0.24892048859019092
2024-09-20,0.22325288754829373
2024-09-23,0.24793021058180154
2024-09-24,0.2857800272366745
2024-09-25,0.2375572292401116
2024-09-26,0.2303420220314681
2024-09-27,0.24354555658523327
2024-09-30,0.24135278089756862
2024-10-08,0.25083985694362243
2024-10-09,0.23247281524386637
2024-10-10,0.17887814308470812
2024-10-11,0.18333363059373547
2024-10-14,0.12140752315856101
2024-10-15,0.1011563388845947
2024-10-16,0.0017764856244636008
2024-10-17,0.1407999270534696
2024-10-18,0.058625831498189826
2024-10-21,-0.008775431364089668
2024-10-22,-0.07554049240556962
2024-10-23,-0.07863200869973662
2024-10-24,-0.05444728175302506
2024-10-25,-0.07322443102098865
2024-10-28,-0.05959316043284748
2024-10-29,-0.0934184927997596
2024-10-30,-0.023899693193487972
2024-10-31,-0.08495926272129829
2024-11-01,-0.12117738357586734
2024-11-04,-0.152522640118958
2024-11-05,-0.1529611529177999
2024-11-06,-0.06950108630926112
2024-11-07,-0.05217194523313351
2024-11-08,-0.05089024344841286
2024-11-11,-0.06610116081992401
2024-11-12,-0.05249828880535594
2024-11-13,-0.05174219000766776
2024-11-14,0.00638825056226522
2024-11-15,-0.0870125235574149
2024-11-18,-0.005765065952194703
2024-11-19,-0.05689639490881562
2024-11-20,-0.1107848333040969
2024-11-21,-0.14040947109315474
2024-11-22,-0.12880975752489826
2024-11-25,-0.1337262129091442
2024-11-26,-0.17333513969291134
2024-11-27,-0.18744830610434532
2024-11-28,-0.1361154234610711
2024-11-29,-0.0619270771229165
2024-12-02,-0.09642930660549973
2024-12-03,-0.062377415296265414
2024-12-04,-0.12313958434248906
2024-12-05,-0.21438835959009653
2024-12-06,-0.18904896246765718
2024-12-09,-0.16957377859347486
2024-12-10,-0.12012998770730944
2024-12-11,-0.16268317228650733
2024-12-12,-0.16149422907095534
2024-12-13,-0.1106955190722694
2024-12-16,-0.07890038165076478
2024-12-17,-0.09088722890167635
2024-12-18,-0.09811543644177392
2024-12-19,-0.005416762162755679
2024-12-20,0.09691643947142238
2024-12-23,0.0272147655015758
2024-12-24,0.06348979616614128
2024-12-25,0.09624863986994242
2024-12-26,0.12370356393077495
2024-12-27,0.0740105936962539
2024-12-30,0.10783277655736717
2024-12-31,0.1485395294315169
