date,FCT_Turnover
2010-01-04,1.8018275538894095
2010-01-05,2.96756211824705
2010-01-06,2.871984750462107
2010-01-07,3.1220508234592743
2010-01-08,2.305129279773035
2010-01-11,2.337733725761773
2010-01-12,1.973672839506173
2010-01-13,2.3590601866752494
2010-01-14,1.5519354686244544
2010-01-15,1.4320784509266185
2010-01-18,1.2333976302011573
2010-01-19,1.1716106152135366
2010-01-20,1.136177194421657
2010-01-21,1.3347097895923608
2010-01-22,1.6435014894896576
2010-01-25,0.9830230159591793
2010-01-26,1.3814890318134834
2010-01-27,0.8160898089263412
2010-01-28,1.9104604037165904
2010-01-29,1.346797574195717
2010-02-01,1.6231845942549896
2010-02-02,1.1924518566854334
2010-02-03,1.265637040316102
2010-02-04,0.8699805533758657
2010-02-05,1.381547650051218
2010-02-08,0.7468196732817463
2010-02-09,0.8740234029766324
2010-02-10,0.8035320511591341
2010-02-11,0.6472451731666595
2010-02-12,0.6904166569298718
2010-02-22,0.691542890318835
2010-02-23,0.6294687682428488
2010-02-24,0.6956717763751127
2010-02-25,1.1996197718631179
2010-02-26,0.7045052273853634
2010-03-01,0.4990510438517631
2010-03-02,0.5550923012376757
2010-03-03,0.4234267485697714
2010-03-04,1.490328350581321
2010-03-05,0.5474741001815657
2010-03-08,0.7540241590992673
2010-03-09,0.47824749762344126
2010-03-10,0.32340606404080474
2010-03-11,0.5170508070087295
2010-03-12,0.2781554937119104
2010-03-15,0.2480865663763526
2010-03-16,0.24148906168164055
2010-03-17,0.43120870579090553
2010-03-18,0.9189151405004893
2010-03-19,0.6558906255563072
2010-03-22,0.6652215146999052
2010-03-23,0.41707190559553914
2010-03-24,0.8398698884758364
2010-03-25,0.5858673707097375
2010-03-26,0.9335888414174416
2010-03-29,0.864687243281305
2010-03-30,1.1657025168852408
2010-03-31,0.4434649778824428
2010-04-01,0.8245431303853802
2010-04-02,0.5302073384885548
2010-04-06,0.7252640759763543
2010-04-07,0.48206772189941893
2010-04-08,0.3675451753446182
2010-04-09,0.4074631357207343
2010-04-12,0.3576677733427836
2010-04-13,0.40026642636053755
2010-04-14,0.42687919863258733
2010-04-15,0.5254168028767571
2010-04-16,0.33377081453531293
2010-04-19,0.6588588875107337
2010-04-20,0.4974495333188626
2010-04-21,0.5315104635126222
2010-04-22,0.5076338666082256
2010-04-23,0.32148900169204736
2010-04-26,0.6654217926186292
2010-04-27,0.4673379808933643
2010-04-28,0.55553729871837
2010-04-29,0.3995287781891619
2010-04-30,1.2241505297771282
2010-05-04,1.2778279181708785
2010-05-05,1.085017187893016
2010-05-06,1.1837603405348969
2010-05-07,1.6771150097465888
2010-05-10,0.817517212009369
2010-05-11,0.8306783850590497
2010-05-12,0.5525267783575941
2010-05-13,0.39586073233197205
2010-05-14,0.7679353112840467
2010-05-17,1.6745604083947816
2010-05-18,0.789597043180384
2010-05-19,1.2362631523009884
2010-05-20,1.000195198126098
2010-05-21,1.6081071890090457
2010-05-24,1.5683926514278785
2010-05-25,1.2031806890592938
2010-05-26,0.9120542197837663
2010-05-27,1.127639316718006
2010-05-28,1.2597568233993708
2010-05-31,0.7604465528506094
2010-06-01,0.7593044977726685
2010-06-02,1.1974546856922483
2010-06-03,0.8524188774686542
2010-06-04,0.5908108393083087
2010-06-07,1.6175364758698092
2010-06-08,1.3079700525673021
2010-06-09,1.1702104158612692
2010-06-10,0.8000113099782283
2010-06-11,0.6200951428658
2010-06-17,0.8389470872777992
2010-06-18,0.5803996746833973
2010-06-21,1.3264111306264421
2010-06-22,0.6882268436174579
2010-06-23,0.5584748140872737
2010-06-24,0.4497451221655827
2010-06-25,0.40817045254446205
2010-06-28,0.6262466999119977
2010-06-29,0.6380095040492604
2010-06-30,0.7209567604177807
2010-07-01,0.4898838177277498
2010-07-02,0.7290345821325649
2010-07-05,0.41077017158890605
2010-07-06,0.7108727624923772
2010-07-07,0.28985766397253415
2010-07-08,0.3633699361923134
2010-07-09,0.396209418801571
2010-07-12,0.31849835625154654
2010-07-13,0.44886890744308855
2010-07-14,0.41233792061092994
2010-07-15,0.28605163097858716
2010-07-16,0.2837780107965358
2010-07-19,0.23817695653909088
2010-07-20,0.3381368386675376
2010-07-21,0.1719682721399951
2010-07-22,0.2127957857173202
2010-07-23,0.34266590839494293
2010-07-26,0.4039342744735015
2010-07-27,0.30865515233844365
2010-07-28,0.26177983801130866
2010-07-29,0.2936795062779315
2010-07-30,0.18113165013525698
2010-08-02,0.8623717614327943
2010-08-03,0.7474905103331927
2010-08-04,0.618012807271225
2010-08-05,0.4909924400836416
2010-08-06,0.7329799806611037
2010-08-09,0.5749623648556179
2010-08-10,0.46694273377220924
2010-08-11,0.451065234131495
2010-08-12,0.8112179212084799
2010-08-13,0.6471302382048814
2010-08-16,0.5752198177219255
2010-08-17,0.5465387086411821
2010-08-18,0.7154964193398026
2010-08-19,1.0820306757485176
2010-08-20,1.7852159658419426
2010-08-23,1.02616763969975
2010-08-24,0.9334336096265241
2010-08-25,1.0600785574004643
2010-08-26,0.7513430544896393
2010-08-27,0.746305770714837
2010-08-30,1.1712795702302787
2010-08-31,0.8021362283312905
2010-09-01,1.048667439165701
2010-09-02,0.7936837252189949
2010-09-03,0.5349114838108548
2010-09-06,0.7012134473841257
2010-09-07,0.7306110874805047
2010-09-08,0.9265655126163131
2010-09-09,1.4987078273798988
2010-09-10,0.8011030065824586
2010-09-13,0.8916513574198817
2010-09-14,0.79654564026372
2010-09-15,0.7328666945257
2010-09-16,0.4696713176484325
2010-09-17,0.660333820475348
2010-09-20,1.0632284747462089
2010-09-21,1.2673678532901833
2010-09-27,1.0399829254410928
2010-09-28,0.8452967949933624
2010-09-29,1.124179071803853
2010-09-30,1.6471606854959098
2010-10-08,1.3167560168814874
2010-10-11,1.7683131811527408
2010-10-12,0.9128192270496794
2010-10-13,1.5062342342342343
2010-10-14,1.6724632017715253
2010-10-15,1.008584059401691
2010-10-18,1.036917745840645
2010-10-19,1.1542277684288742
2010-10-20,1.1738216266173753
2010-10-21,0.8407926204304749
2010-10-22,0.8586503808886683
2010-10-25,1.1438614976565056
2010-10-26,0.9485925730144047
2010-10-27,0.9308241133285079
2010-10-28,0.9306483957219251
2010-10-29,0.8170419990304526
2010-11-01,0.6283531632787461
2010-11-02,0.9405800214822772
2010-11-03,0.8561091815834001
2010-11-04,1.123302186687217
2010-11-05,1.4137629471728022
2010-11-08,0.7177365242675017
2010-11-09,2.6801243910769177
2010-11-10,2.4009241776806123
2010-11-11,2.6603361344537815
2010-11-12,5.016420456748478
2010-11-15,2.9660409718913767
2010-11-16,1.6049382716049383
2010-11-17,2.9112775824287827
2010-11-18,1.8388861669116445
2010-11-19,1.2948799155449986
2010-11-22,1.7851497837347146
2010-11-23,1.744789315774102
2010-11-24,1.0183689839572192
2010-11-25,1.1856037013969214
2010-11-26,1.053784564097985
2010-11-29,1.013352944569418
2010-11-30,1.8897783770118817
2010-12-01,1.1416202314616373
2010-12-02,1.0397980647875473
2010-12-03,1.176258539413648
2010-12-06,1.1491073906206641
2010-12-07,0.6617231965202905
2010-12-08,0.8360441767068273
2010-12-09,0.6008132147395171
2010-12-10,0.5464785335262904
2010-12-13,0.7127474490995439
2010-12-14,0.48841717321590966
2010-12-15,0.47219529171949187
2010-12-16,0.9338724561659139
2010-12-17,0.49464294032701356
2010-12-20,0.7048729432382436
2010-12-21,0.46131525688229985
2010-12-22,0.6824740307589912
2010-12-23,0.6155529242174629
2010-12-24,0.5283501080255045
2010-12-27,0.44426142550043274
2010-12-28,0.4769370339920052
2010-12-29,0.6837006539113587
2010-12-30,0.5130873441416288
2010-12-31,0.4501367734963358
2011-01-04,0.5051148071828083
2011-01-05,0.19934133323238823
2011-01-06,0.19020828345702656
2011-01-07,0.22749618579420242
2011-01-10,0.2674703246963189
2011-01-11,0.4793423271500843
2011-01-12,0.7932115845784911
2011-01-13,0.696582995951417
2011-01-14,0.4654275092936803
2011-01-17,0.6262608123073239
2011-01-18,0.47098140027219115
2011-01-19,0.48295212992092507
2011-01-20,0.35357802271582833
2011-01-21,0.6012363899640779
2011-01-24,0.5250788945204169
2011-01-25,0.5832493818115212
2011-01-26,0.6410393135876679
2011-01-27,0.46340550788265816
2011-01-28,0.4591988692294101
2011-01-31,0.5837084174039009
2011-02-01,0.37747891497606567
2011-02-09,0.4164911865609843
2011-02-10,0.6064868660712326
2011-02-11,0.5646476917736897
2011-02-14,0.534409643741255
2011-02-15,0.5978702263694488
2011-02-16,0.49497079105723196
2011-02-17,0.3522467965595928
2011-02-18,0.3694491739910727
2011-02-21,0.47761574074074076
2011-02-22,1.140880301083165
2011-02-23,0.5817051718072006
2011-02-24,1.3972213451215663
2011-02-25,0.6389670051306271
2011-02-28,0.7142112656908506
2011-03-01,0.49015663494790135
2011-03-02,0.43610034207525655
2011-03-03,0.689269558428437
2011-03-04,0.31156176523783685
2011-03-07,0.6409803833951473
2011-03-08,0.47578132376546123
2011-03-09,0.2871542428504454
2011-03-10,0.4542836744407425
2011-03-11,0.464814770353653
2011-03-14,0.5117191354978782
2011-03-15,0.3236927406588436
2011-03-16,0.4016722055177507
2011-03-17,0.37188540972684875
2011-03-18,0.26832206313138224
2011-03-21,0.32479230188257013
2011-03-22,0.18777845003025137
2011-03-23,0.3506596455466848
2011-03-24,0.3118575940281367
2011-03-25,0.1957678429453856
2011-03-28,0.34424716813032963
2011-03-29,0.3178584261588214
2011-03-30,0.2615199034981906
2011-03-31,0.34027811191839485
2011-04-01,0.18684889118102113
2011-04-06,0.07351351351351351
2011-04-07,0.36915606936416184
2011-04-08,0.8998816042622465
2011-04-11,0.49631778620843564
2011-04-12,0.7301152619962397
2011-04-13,0.5492118161345874
2011-04-14,0.30363051059644103
2011-04-15,0.32963117219676985
2011-04-18,0.27438908884258384
2011-04-19,0.5287503194479939
2011-04-20,0.2697438069023925
2011-04-21,0.2724523897936449
2011-04-22,0.14390717698325195
2011-04-25,0.13902299745626331
2011-04-26,0.32298293446430376
2011-04-27,0.22396095401026467
2011-04-28,0.3649104593822995
2011-04-29,0.1621496050797584
2011-05-03,0.1589728066192422
2011-05-04,0.4031737370981676
2011-05-05,0.17186502507979937
2011-05-06,0.6577172558958718
2011-05-09,0.26411940298507464
2011-05-10,0.38490964252737103
2011-05-11,0.876764519122747
2011-05-12,0.4624546114742193
2011-05-13,0.5455426356589147
2011-05-16,0.43433258470852454
2011-05-17,0.392358705335049
2011-05-18,0.33239316694162097
2011-05-19,0.22865595942519018
2011-05-20,0.13468473390886243
2011-05-23,0.7383777561321172
2011-05-24,0.7385714889838034
2011-05-25,0.39566241927037876
2011-05-26,0.4396848842934515
2011-05-27,0.22386463998512526
2011-05-30,0.40518835783120805
2011-05-31,0.49117721840833967
2011-06-01,0.3981759767851591
2011-06-02,0.31574964868662847
2011-06-03,0.1848492931448386
2011-06-07,0.9393502960473675
2011-06-08,0.5339153794492948
2011-06-09,0.6920770877944326
2011-06-10,0.41579510063682423
2011-06-13,0.16904382096274748
2011-06-14,0.1838928798318917
2011-06-15,0.19163846117175953
2011-06-16,0.6117733461386362
2011-06-17,0.21714188344882426
2011-06-20,0.4044396007800849
2011-06-21,0.21405877680698968
2011-06-22,0.20009279665932025
2011-06-23,0.4588702810105024
2011-06-24,0.2985645370043535
2011-06-27,0.4247987490588985
2011-06-28,0.19523647884136683
2011-06-29,0.3645701242708598
2011-06-30,0.17004976427448926
2011-07-01,0.1381240943222237
2011-07-04,0.21730697034163435
2011-07-05,0.1365930599369085
2011-07-06,0.10965661164864351
2011-07-07,0.08457997698504027
2011-07-08,0.10809412981639514
2011-07-11,0.21417239555790588
2011-07-12,0.11773782369515631
2011-07-13,0.2033598005118446
2011-07-14,0.08797163500133798
2011-07-15,0.09468506626588331
2011-07-18,0.10836717033881382
2011-07-19,0.16346876066917038
2011-07-20,0.12739579144886745
2011-07-21,0.06398348813209494
2011-07-22,0.1046462661426165
2011-07-25,0.12069716775599129
2011-07-26,0.09991584423533012
2011-07-27,0.16702110256829708
2011-07-28,0.2052600017133556
2011-07-29,0.22966960143898513
2011-08-01,0.031057692307692307
2011-08-02,0.02531645569620253
2011-08-03,0.0029154518950437317
2011-08-04,0.039
2011-08-05,0.043434343434343436
2011-08-08,0.13424947145877378
2011-08-09,0.0536480686695279
2011-08-10,0.20790774299835255
2011-08-11,0.17803253814380848
2011-08-12,0.13390535621424857
2011-08-15,0.07488160128674828
2011-08-16,0.24975338534660568
2011-08-17,0.0572348417098909
2011-08-18,0.1302820244990979
2011-08-19,0.2583135391923991
2011-08-22,0.10623050333024196
2011-08-23,0.22397330119588393
2011-08-24,0.08065126845891708
2011-08-25,0.11449769400441147
2011-08-26,0.03611055073633246
2011-08-29,0.07313829787234043
2011-08-30,0.19564982144789525
2011-08-31,0.030749100425253518
2011-09-01,0.05104155305922129
2011-09-02,0.05739781866255371
2011-09-05,0.07539335664335664
2011-09-06,0.15691754841285685
2011-09-07,0.06970618034447822
2011-09-08,0.08783713960938307
2011-09-09,0.04950598023920957
2011-09-13,0.044049697094157514
2011-09-14,0.10607304062371768
2011-09-15,0.026608216943623204
2011-09-16,0.0748059280169372
2011-09-19,0.10183529411764707
2011-09-20,0.07981659960699916
2011-09-21,0.1123584631762315
2011-09-22,0.15453418349273823
2011-09-23,0.3258091286307054
2011-09-26,0.48853049401080406
2011-09-27,0.22381267582326658
2011-09-28,0.24808184143222506
2011-09-29,0.19106009218192888
2011-09-30,0.0994586098498079
2011-10-10,0.08943955946354028
2011-10-11,0.11690348772836316
2011-10-12,0.09498655397618133
2011-10-13,0.059554784619832324
2011-10-14,0.22888577284003883
2011-10-17,0.18553349587832346
2011-10-18,0.16131010794896958
2011-10-19,0.17667407956510997
2011-10-20,0.8911022576361222
2011-10-21,0.3323503391329991
2011-10-24,0.3074903474903475
2011-10-25,0.2661895618781637
2011-10-26,0.13767725722491475
2011-10-27,0.21611111111111111
2011-10-28,0.1484437350359138
2011-10-31,0.30596388072238556
2011-11-01,0.032688172043010756
2011-11-02,0.02631578947368421
2011-11-03,0.045454545454545456
2011-11-04,0.0319634703196347
2011-11-07,0.0498812351543943
2011-11-08,0.23772609819121446
2011-11-09,0.06666666666666667
2011-11-10,0.07880434782608696
2011-11-11,0.13450292397660818
2011-11-14,0.09177215189873418
2011-11-15,0.01935483870967742
2011-11-16,0.01948051948051948
2011-11-17,0.10333333333333333
2011-11-18,0.01
2011-11-21,0.01
2011-11-22,0.013422818791946308
2011-11-23,0.0033444816053511705
2011-11-24,0.006688963210702341
2011-11-25,0.016666666666666666
2011-11-28,0.0033222591362126247
2011-11-29,0.0033112582781456954
2011-11-30,0.0
2011-12-01,0.30414746543778803
2011-12-02,0.24835164835164836
2011-12-05,0.06100217864923747
2011-12-06,0.15415821501014199
2011-12-07,0.065439672801636
2011-12-08,0.1488970588235294
2011-12-09,0.13333333333333333
2011-12-12,0.06500956022944551
2011-12-13,0.026615969581749048
2011-12-14,0.04150943396226415
2011-12-15,0.3282608695652174
2011-12-16,0.1137855579868709
2011-12-19,0.09259259259259259
2011-12-20,0.013921113689095127
2011-12-21,0.013921113689095127
2011-12-22,0.08796296296296297
2011-12-23,0.07126436781609195
2011-12-26,0.046511627906976744
2011-12-27,0.03747072599531616
2011-12-28,0.016355140186915886
2011-12-29,0.07223476297968397
2011-12-30,0.05829596412556054
2012-01-04,0.2894168466522678
2012-01-05,0.1471861471861472
2012-01-06,0.03655913978494624
2012-01-09,0.03296703296703297
2012-01-10,0.019823788546255508
2012-01-11,0.030973451327433628
2012-01-12,0.015590200445434299
2012-01-13,0.15274463007159905
2012-01-16,0.05378973105134474
2012-01-17,0.2804878048780488
2012-01-18,0.0821256038647343
2012-01-19,0.0827250608272506
2012-01-20,0.11282051282051282
2012-01-30,0.6272965879265092
2012-01-31,0.08333333333333333
2012-02-01,0.03804347826086957
2012-02-02,0.05542725173210162
2012-02-03,0.22478991596638656
2012-02-06,0.10441767068273092
2012-02-07,0.08070866141732283
2012-02-08,0.14855072463768115
2012-02-09,0.259567387687188
2012-02-10,0.06741573033707865
2012-02-13,0.05984251968503937
2012-02-14,0.054313099041533544
2012-02-15,0.04897314375987362
2012-02-16,0.10476190476190476
2012-02-17,0.060897435897435896
2012-02-20,0.1935483870967742
2012-02-21,0.07731958762886598
2012-02-22,0.05272108843537415
2012-02-23,0.06643952299829642
2012-02-24,0.09612141652613827
2012-02-27,0.12520868113522537
2012-02-28,0.06711409395973154
2012-02-29,0.09090909090909091
2012-03-01,0.0743801652892562
2012-03-02,0.07528641571194762
2012-03-05,0.05081967213114754
2012-03-06,0.14705882352941177
2012-03-07,0.0922242314647378
2012-03-08,0.09925093632958802
2012-03-09,0.07254901960784314
2012-03-12,0.05102040816326531
2012-03-13,0.0743801652892562
2012-03-14,0.09417040358744394
2012-03-15,0.015873015873015872
2012-03-16,0.14903846153846154
2012-03-19,0.07808564231738035
2012-03-20,0.3489583333333333
2012-03-21,0.1348314606741573
2012-03-22,0.2684931506849315
2012-03-23,0.5802469135802469
2012-03-26,0.20634920634920634
2012-03-27,0.18352059925093633
2012-03-28,0.1
2012-03-29,0.13524590163934427
2012-03-30,0.20080321285140562
2012-04-05,0.1522633744855967
2012-04-06,0.11570247933884298
2012-04-09,0.0851063829787234
2012-04-10,0.23376623376623376
2012-04-11,0.2087378640776699
2012-04-12,0.054187192118226604
2012-04-13,0.06735751295336788
2012-04-16,0.13186813186813187
2012-04-17,0.016483516483516484
2012-04-18,0.1329479768786127
2012-04-19,0.04142011834319527
2012-04-20,0.03571428571428571
2012-04-23,0.024096385542168676
2012-04-24,0.062111801242236024
2012-04-25,0.00625
2012-04-26,0.15894039735099338
2012-04-27,0.10303030303030303
2012-05-02,0.08024691358024691
2012-05-03,0.12716763005780346
2012-05-04,0.1834319526627219
2012-05-07,0.20348837209302326
2012-05-08,0.16374269005847952
2012-05-09,0.31382978723404253
2012-05-10,0.14606741573033707
2012-05-11,0.22631578947368422
2012-05-14,0.11398963730569948
2012-05-15,0.425
2012-05-16,0.11961722488038277
2012-05-17,0.07142857142857142
2012-05-18,0.1497584541062802
2012-05-21,0.10426540284360189
2012-05-22,0.056338028169014086
2012-05-23,0.0330188679245283
2012-05-24,0.0
2012-05-25,0.07511737089201878
2012-05-28,0.2081447963800905
2012-05-29,0.21794871794871795
2012-05-30,0.14741035856573706
2012-05-31,0.2846153846153846
2012-06-01,0.2099236641221374
2012-06-04,0.2454212454212454
2012-06-05,0.19272727272727272
2012-06-06,0.08992805755395683
2012-06-07,0.16165413533834586
2012-06-08,0.12015503875968993
2012-06-11,0.17427385892116182
2012-06-12,0.11016949152542373
2012-06-13,0.0611353711790393
2012-06-14,0.03896103896103896
2012-06-15,0.3203463203463203
2012-06-18,0.2850877192982456
2012-06-19,0.05217391304347826
2012-06-20,0.034934497816593885
2012-06-21,0.10970464135021098
2012-06-25,0.3076923076923077
2012-06-26,0.0273972602739726
2012-06-27,0.0871559633027523
2012-06-28,0.0228310502283105
2012-06-29,0.06880733944954129
2012-07-02,0.1971153846153846
2012-07-03,0.17391304347826086
2012-07-04,0.15121951219512195
2012-07-05,0.06796116504854369
2012-07-06,0.09595959595959595
2012-07-09,0.19576719576719576
2012-07-10,0.22727272727272727
2012-07-11,0.09411764705882353
2012-07-12,0.04093567251461988
2012-07-13,0.18238993710691823
2012-07-16,0.09210526315789473
2012-07-17,0.31007751937984496
2012-07-18,0.17355371900826447
2012-07-19,0.04132231404958678
2012-07-20,0.21621621621621623
2012-07-23,0.11428571428571428
2012-07-24,0.047619047619047616
2012-07-25,0.17346938775510204
2012-07-26,0.04081632653061224
2012-07-27,0.0851063829787234
2012-07-30,0.3953488372093023
2012-07-31,0.04878048780487805
2012-08-01,0.4067796610169492
2012-08-02,0.16981132075471697
2012-08-03,0.2708333333333333
2012-08-06,0.0
2012-08-07,0.21951219512195122
2012-08-08,0.2564102564102564
2012-08-09,0.019230769230769232
2012-08-10,0.019230769230769232
2012-08-13,0.12244897959183673
2012-08-14,0.02040816326530612
2012-08-15,0.10204081632653061
2012-08-16,0.1875
2012-08-17,0.0784313725490196
2012-08-20,0.019230769230769232
2012-08-21,0.11764705882352941
2012-08-22,0.46296296296296297
2012-08-23,0.7872340425531915
2012-08-24,0.0
2012-08-27,0.13333333333333333
2012-08-28,0.4117647058823529
2012-08-29,0.12244897959183673
2012-08-30,0.2727272727272727
2012-08-31,0.13043478260869565
2012-09-03,0.27906976744186046
2012-09-04,0.3541666666666667
2012-09-05,0.12244897959183673
2012-09-06,0.10416666666666667
2012-09-07,0.17391304347826086
2012-09-10,0.7804878048780488
2012-09-11,0.7959183673469388
2012-09-12,0.823943661971831
2012-09-13,0.08571428571428572
2012-09-14,0.4122137404580153
2012-09-17,0.16666666666666666
2012-09-18,0.08396946564885496
2012-09-19,0.14074074074074075
2012-09-20,0.3333333333333333
2012-09-21,0.07913669064748201
2012-09-24,0.08823529411764706
2012-09-25,0.10294117647058823
2012-09-26,0.3302752293577982
2012-09-27,0.07692307692307693
2012-09-28,0.1111111111111111
2012-10-08,0.04081632653061224
2012-10-09,0.11764705882352941
2012-10-10,0.1
2012-10-11,0.039603960396039604
2012-10-12,0.09278350515463918
2012-10-15,0.14285714285714285
2012-10-16,0.02040816326530612
2012-10-17,0.030927835051546393
2012-10-18,0.1188118811881188
2012-10-19,0.06930693069306931
2012-10-22,0.125
2012-10-23,0.16666666666666666
2012-10-24,0.13592233009708737
2012-10-25,0.1958762886597938
2012-10-26,0.1836734693877551
2012-10-29,0.15151515151515152
2012-10-30,0.02040816326530612
2012-10-31,0.04081632653061224
2012-11-01,0.06382978723404255
2012-11-02,0.021052631578947368
2012-11-05,0.13
2012-11-06,0.05
2012-11-07,0.0891089108910891
2012-11-08,0.11
2012-11-09,0.02040816326530612
2012-11-12,0.05263157894736842
2012-11-13,0.06315789473684211
2012-11-14,0.020833333333333332
2012-11-15,0.09782608695652174
2012-11-16,0.010869565217391304
2012-11-19,1.0
2012-11-20,0.5892857142857143
2012-11-21,0.19298245614035087
2012-11-22,0.07142857142857142
2012-11-23,0.0
2012-11-26,0.017857142857142856
2012-11-27,0.16326530612244897
2012-11-28,0.020833333333333332
2012-11-29,0.16279069767441862
2012-11-30,0.30303030303030304
2012-12-03,0.030303030303030304
2012-12-04,0.09375
2012-12-05,0.28125
2012-12-06,0.0625
2012-12-07,0.03125
2012-12-10,0.13333333333333333
2012-12-11,0.0
2012-12-12,0.1
2012-12-13,0.0
2012-12-14,0.10344827586206896
2012-12-17,0.07142857142857142
2012-12-18,0.0
2012-12-19,0.0
2012-12-20,0.0
2012-12-21,0.0
2012-12-24,0.1
2012-12-25,0.4
2012-12-26,0.04
2012-12-27,0.0
2012-12-28,0.0
2012-12-31,0.0
2013-01-04,0.13043478260869565
2013-01-07,0.7727272727272727
2013-01-08,0.13636363636363635
2013-01-09,0.0
2013-01-10,0.045454545454545456
2013-01-11,0.18181818181818182
2013-01-14,0.23809523809523808
2013-01-15,0.0
2013-01-16,0.3
2013-01-17,0.09523809523809523
2013-01-18,0.047619047619047616
2013-01-21,0.13636363636363635
2013-01-22,0.047619047619047616
2013-01-23,0.10526315789473684
2013-01-24,0.05
2013-01-25,1.7619047619047619
2013-01-28,0.35294117647058826
2013-01-29,0.3333333333333333
2013-01-30,0.2777777777777778
2013-01-31,0.058823529411764705
2013-02-01,0.29411764705882354
2013-02-04,0.4090909090909091
2013-02-05,0.18181818181818182
2013-02-06,0.045454545454545456
2013-02-07,0.0
2013-02-08,0.2727272727272727
2013-02-18,0.23809523809523808
2013-02-19,0.3793103448275862
2013-02-20,0.2631578947368421
2013-02-21,0.10256410256410256
2013-02-22,0.07692307692307693
2013-02-25,0.05
2013-02-26,0.0
2013-02-27,0.3157894736842105
2013-02-28,0.20512820512820512
2013-03-01,0.37209302325581395
2013-03-04,0.023255813953488372
2013-03-05,0.2765957446808511
2013-03-06,0.04081632653061224
2013-03-07,0.04081632653061224
2013-03-08,0.02
2013-03-11,0.058823529411764705
2013-03-12,0.13725490196078433
2013-03-13,0.0
2013-03-14,0.22
2013-03-15,0.14583333333333334
2013-03-18,0.1702127659574468
2013-03-19,0.06521739130434782
2013-03-20,0.0
2013-03-21,0.0
2013-03-22,0.0851063829787234
2013-03-25,0.043478260869565216
2013-03-26,0.0
2013-03-27,0.0
2013-03-28,0.0
2013-03-29,0.28888888888888886
2013-04-01,0.044444444444444446
2013-04-02,0.0
2013-04-03,0.0
2013-04-08,0.022222222222222223
2013-04-09,0.0
2013-04-10,0.0
2013-04-11,0.0
2013-04-12,0.0
2013-04-15,0.045454545454545456
2013-04-16,0.023255813953488372
2013-04-17,0.0
2013-04-18,0.0
2013-04-19,0.023809523809523808
2013-04-22,0.023809523809523808
2013-04-23,0.024390243902439025
2013-04-24,0.075
2013-04-25,0.0
2013-04-26,0.0
2013-05-02,0.0
2013-05-03,0.0
2013-05-06,0.3333333333333333
2013-05-07,0.0
2013-05-08,0.0
2013-05-09,0.6666666666666666
2013-05-10,0.6666666666666666
2013-05-13,1.3333333333333333
2013-05-14,0.3333333333333333
2013-05-15,0.14285714285714285
2013-05-16,0.0
2013-05-17,0.0
2013-05-20,0.14285714285714285
2013-05-21,0.2857142857142857
2013-05-22,0.6666666666666666
2013-05-23,0.0
2013-05-24,0.0
2013-05-27,0.0
2013-05-28,0.0
2013-05-29,0.0
2013-05-30,0.0
2013-05-31,0.0
2013-06-03,0.0
2013-06-04,0.0
2013-06-05,0.0
2013-06-06,3.0
2013-06-07,0.3333333333333333
2013-06-13,0.6666666666666666
2013-06-14,0.3333333333333333
2013-06-17,0.5
2013-06-18,0.5
2013-06-19,2.5
2013-06-20,0.0
2013-06-21,0.5
2013-06-24,0.5
2013-06-25,5.0
2013-06-26,0.0
2013-06-27,0.0
2013-06-28,0.0
2013-07-01,0.0
2013-07-02,0.0
2013-07-03,0.0
2013-07-04,0.0
2013-07-05,0.0
2013-07-08,0.0
2013-07-09,0.0
2013-07-10,0.0
2013-07-11,0.0
2013-07-12,0.0
2013-07-15,0.0
2013-07-16,0.0
2013-07-17,0.0
2013-07-18,0.0
2013-07-19,0.0
2013-07-22,0.0
2013-07-23,0.5
2013-07-24,3.0
2013-07-25,0.0
2013-07-26,0.0
2013-07-29,0.0
2013-07-30,0.0
2013-07-31,0.0
2013-08-01,0.0
2013-08-02,0.0
2013-08-05,0.0
2013-08-06,0.0
2013-08-07,0.0
2013-08-08,0.0
2013-08-09,0.0
2013-08-12,0.0
2013-08-13,0.0
2013-08-14,2.0
2013-08-15,0.0
2013-08-16,0.0
2013-08-19,0.0
2013-08-20,0.0
2013-08-21,0.0
2013-08-22,2.0
2013-08-23,1.0
2013-08-26,0.0
2013-08-27,0.0
2013-08-28,1.0
2013-08-29,0.0
2013-08-30,0.0
2013-09-02,0.3333333333333333
2013-09-03,0.6
2013-09-04,0.6363636363636364
2013-09-05,0.2
2013-09-06,0.0
2013-09-09,0.1
2013-09-10,0.1
2013-09-11,0.2
2013-09-12,0.5
2013-09-13,0.0
2013-09-16,0.0
2013-09-17,0.0
2013-09-18,0.75
2013-09-23,0.625
2013-09-24,1.0
2013-09-25,0.0
2013-09-26,0.0
2013-09-27,0.0
2013-09-30,0.0
2013-10-08,0.14285714285714285
2013-10-09,0.0
2013-10-10,0.2857142857142857
2013-10-11,0.0
2013-10-14,0.0
2013-10-15,0.0
2013-10-16,0.0
2013-10-17,0.0
2013-10-18,0.0
2013-10-21,0.0
2013-10-22,0.0
2013-10-23,0.0
2013-10-24,0.0
2013-10-25,0.0
2013-10-28,0.0
2013-10-29,0.16666666666666666
2013-10-30,0.0
2013-10-31,0.0
2013-11-01,0.5
2013-11-04,0.0
2013-11-05,0.0
2013-11-06,0.0
2013-11-07,0.2
2013-11-08,0.2
2013-11-11,0.2
2013-11-12,0.6666666666666666
2013-11-13,0.0
2013-11-14,0.0
2013-11-15,0.6666666666666666
2013-11-18,0.0
2013-11-19,0.0
2013-11-20,0.6666666666666666
2013-11-21,0.0
2013-11-22,0.0
2013-11-25,0.0
2013-11-26,0.0
2013-11-27,0.0
2013-11-28,0.0
2013-11-29,0.0
2013-12-02,0.0
2013-12-03,0.125
2013-12-04,0.125
2013-12-05,0.0
2013-12-06,0.125
2013-12-09,0.3333333333333333
2013-12-10,0.3333333333333333
2013-12-11,0.0
2013-12-12,0.0
2013-12-13,0.0
2013-12-16,0.0
2013-12-17,0.16666666666666666
2013-12-18,0.0
2013-12-19,0.0
2013-12-20,0.16666666666666666
2013-12-23,0.0
2013-12-24,0.0
2013-12-25,0.2
2013-12-26,0.16666666666666666
2013-12-27,0.3333333333333333
2013-12-30,0.0
2013-12-31,0.0
2014-01-02,0.0
2014-01-03,0.0
2014-01-06,0.0
2014-01-07,0.0
2014-01-08,0.2
2014-01-09,0.6
2014-01-10,0.0
2014-01-13,0.0
2014-01-14,0.0
2014-01-15,0.0
2014-01-16,0.0
2014-01-17,0.0
2014-01-20,0.0
2014-01-21,0.0
2014-01-22,0.0
2014-01-23,0.0
2014-01-24,0.0
2014-01-27,0.0
2014-01-28,0.0
2014-01-29,0.0
2014-01-30,0.0
2014-02-07,0.2
2014-02-10,0.0
2014-02-11,0.0
2014-02-12,0.0
2014-02-13,0.0
2014-02-14,0.0
2014-02-17,0.0
2014-02-18,0.2
2014-02-19,2.3333333333333335
2014-02-20,0.0
2014-02-21,0.0
2014-02-24,0.3333333333333333
2014-02-25,0.0
2014-02-26,0.0
2014-02-27,0.0
2014-02-28,0.0
2014-03-03,0.0
2014-03-04,0.0
2014-03-05,0.0
2014-03-06,0.0
2014-03-07,0.0
2014-03-10,0.0
2014-03-11,0.0
2014-03-12,0.0
2014-03-13,0.0
2014-03-14,0.25
2014-03-17,0.0
2014-03-18,0.0
2014-03-19,0.1111111111111111
2014-03-20,0.26666666666666666
2014-03-21,1.0
2014-03-24,0.0
2014-03-25,0.0
2014-03-26,0.0
2014-03-27,0.15384615384615385
2014-03-28,0.0
2014-03-31,0.25
2014-04-01,5.0
2014-04-02,0.0
2014-04-03,0.0
2014-04-04,1.0
2014-04-08,0.0
2014-04-09,0.0
2014-04-10,0.0
2014-04-11,0.0
2014-04-14,0.0
2014-04-15,0.0
2014-04-16,0.0
2014-04-17,0.0
2014-04-18,0.0
2014-04-21,0.0
2014-04-22,0.0
2014-04-23,0.0
2014-04-24,0.0
2014-04-25,0.0
2014-04-28,0.0
2014-04-29,0.0
2014-04-30,0.0
2014-05-05,0.0
2014-05-06,0.0
2014-05-07,0.0
2014-05-08,0.0
2014-05-09,0.0
2014-05-12,0.0
2014-05-13,0.0
2014-05-14,0.0
2014-05-15,0.0
2014-05-16,0.0
2014-05-19,0.0
2014-05-20,0.0
2014-05-21,0.0
2014-05-22,0.0
2014-05-23,0.0
2014-05-26,0.0
2014-05-27,0.0
2014-05-28,0.0
2014-05-29,0.0
2014-05-30,0.0
2014-06-03,0.0
2014-06-04,0.0
2014-06-05,0.0
2014-06-06,0.0
2014-06-09,0.0
2014-06-10,0.0
2014-06-11,0.0
2014-06-12,0.0
2014-06-13,0.0
2014-06-16,0.0
2014-06-17,0.0
2014-06-18,0.0
2014-06-19,0.0
2014-06-20,0.0
2014-06-23,0.0
2014-06-24,0.0
2014-06-25,0.0
2014-06-26,0.0
2014-06-27,0.0
2014-06-30,0.0
2014-07-01,0.0
2014-07-02,0.0
2014-07-03,0.0
2014-07-04,0.0
2014-07-07,0.0
2014-07-08,0.0
2014-07-09,0.0
2014-07-10,0.0
2014-07-11,0.0
2014-07-14,0.0
2014-07-15,0.0
2014-07-16,0.0
2014-07-17,0.0
2014-07-18,0.0
2014-07-21,0.0
2014-07-22,1.0
2014-07-23,0.0
2014-07-24,0.0
2014-07-25,0.0
2014-07-28,0.0
2014-07-29,0.0
2014-07-30,0.0
2014-07-31,0.0
2014-08-01,0.0
2014-08-04,0.0
2014-08-05,0.0
2014-08-06,0.0
2014-08-07,0.0
2014-08-08,0.0
2014-08-11,0.0
2014-08-12,0.0
2014-08-13,0.0
2014-08-14,0.0
2014-08-15,0.0
2014-08-18,0.0
2014-08-19,0.0
2014-08-20,0.0
2014-08-21,0.0
2014-08-22,0.0
2014-08-25,1.0
2014-08-26,0.0
2014-08-27,0.0
2014-08-28,0.0
2014-08-29,0.16071428571428573
2014-09-01,0.07142857142857142
2014-09-02,0.11864406779661017
2014-09-03,0.16393442622950818
2014-09-04,0.10344827586206896
2014-09-05,0.0
2014-09-09,0.0
2014-09-10,0.0
2014-09-11,0.08620689655172414
2014-09-12,0.05172413793103448
2014-09-15,0.0
2014-09-16,0.0847457627118644
2014-09-17,0.03389830508474576
2014-09-18,0.0
2014-09-19,0.01694915254237288
2014-09-22,0.0
2014-09-23,0.0
2014-09-24,0.0
2014-09-25,0.0
2014-09-26,0.0
2014-09-29,0.0
2014-09-30,0.0
2014-10-08,0.18181818181818182
2014-10-09,0.03076923076923077
2014-10-10,0.0
2014-10-13,0.0
2014-10-14,0.078125
2014-10-15,0.015625
2014-10-16,0.03125
2014-10-17,0.0
2014-10-20,0.0
2014-10-21,0.0
2014-10-22,0.09836065573770492
2014-10-23,0.01639344262295082
2014-10-24,0.06779661016949153
2014-10-27,0.0
2014-10-28,0.0
2014-10-29,0.0
2014-10-30,0.0
2014-10-31,0.0
2014-11-03,0.0
2014-11-04,0.0
2014-11-05,0.03508771929824561
2014-11-06,0.0
2014-11-07,0.06779661016949153
2014-11-10,0.03333333333333333
2014-11-11,0.03333333333333333
2014-11-12,0.06666666666666667
2014-11-13,0.06666666666666667
2014-11-14,0.08771929824561403
2014-11-17,0.21666666666666667
2014-11-18,0.01694915254237288
2014-11-19,0.017241379310344827
2014-11-20,0.0
2014-11-21,0.0
2014-11-24,0.0
2014-11-25,10.6
2014-11-26,0.1111111111111111
2014-11-27,0.0
2014-11-28,0.5
2014-12-01,0.5
2014-12-02,0.0
2014-12-03,0.0
2014-12-04,0.3333333333333333
2014-12-05,0.5333333333333333
2014-12-08,0.25
2014-12-09,0.0
2014-12-10,0.0
2014-12-11,0.0
2014-12-12,0.08333333333333333
2014-12-15,0.0
2014-12-16,0.07692307692307693
2014-12-17,0.07692307692307693
2014-12-18,0.5384615384615384
2014-12-19,0.25
2014-12-22,0.4166666666666667
2014-12-23,0.16666666666666666
2014-12-24,0.0
2014-12-25,0.0
2014-12-26,0.0
2014-12-29,0.0
2014-12-30,0.15384615384615385
2014-12-31,0.08333333333333333
2015-01-05,0.08333333333333333
2015-01-06,0.0
2015-01-07,0.0
2015-01-08,0.0
2015-01-09,0.0
2015-01-12,0.0
2015-01-13,0.0
2015-01-14,0.0
2015-01-15,0.25
2015-01-16,0.0
2015-01-19,0.25
2015-01-20,0.0
2015-01-21,0.26666666666666666
2015-01-22,2.1333333333333333
2015-01-23,0.2857142857142857
2015-01-26,0.15384615384615385
2015-01-27,0.08333333333333333
2015-01-28,0.0
2015-01-29,0.0
2015-01-30,0.0
2015-02-02,0.3333333333333333
2015-02-03,0.0
2015-02-04,0.0
2015-02-05,0.0
2015-02-06,0.0
2015-02-09,0.0
2015-02-10,0.0
2015-02-11,0.2857142857142857
2015-02-12,0.16666666666666666
2015-02-13,0.4
2015-02-16,0.6666666666666666
2015-02-17,inf
2015-02-25,0.7333333333333333
2015-02-26,0.4117647058823529
2015-02-27,0.1875
2015-03-02,0.3888888888888889
2015-03-03,0.9523809523809523
2015-03-04,1.0
2015-03-05,1.7894736842105263
2015-03-06,0.8421052631578947
2015-03-09,0.71875
2015-03-10,0.26666666666666666
2015-03-11,0.5714285714285714
2015-03-12,0.42105263157894735
2015-03-13,0.2222222222222222
2015-03-16,0.8292682926829268
2015-03-17,1.2745098039215685
2015-03-18,0.5
2015-03-19,1.0588235294117647
2015-03-20,0.13432835820895522
2015-03-23,0.8674698795180723
2015-03-24,0.48148148148148145
2015-03-25,0.21428571428571427
2015-03-26,0.8571428571428571
2015-03-27,0.2247191011235955
2015-03-30,0.14772727272727273
2015-03-31,0.09195402298850575
2015-04-01,0.13333333333333333
2015-04-02,0.23404255319148937
2015-04-03,0.05319148936170213
2015-04-07,0.6464646464646465
2015-04-08,0.36893203883495146
2015-04-09,0.15151515151515152
2015-04-10,0.1958762886597938
2015-04-13,0.1276595744680851
2015-04-14,0.05319148936170213
2015-04-15,0.09375
2015-04-16,0.2631578947368421
2015-04-17,0.4411764705882353
2015-04-20,0.36082474226804123
2015-04-21,0.26666666666666666
2015-04-22,0.1797752808988764
2015-04-23,0.32941176470588235
2015-04-24,0.2976190476190476
2015-04-27,0.13636363636363635
2015-04-28,0.2840909090909091
2015-04-29,0.25287356321839083
2015-04-30,0.32941176470588235
2015-05-04,0.34065934065934067
2015-05-05,0.6551724137931034
2015-05-06,0.30337078651685395
2015-05-07,0.3023255813953488
2015-05-08,0.8045977011494253
2015-05-11,0.872093023255814
2015-05-12,0.8588235294117647
2015-05-13,0.9302325581395349
2015-05-14,0.38095238095238093
2015-05-15,0.3170731707317073
2015-05-18,0.41975308641975306
2015-05-19,0.41975308641975306
2015-05-20,0.5116279069767442
2015-05-21,0.6097560975609756
2015-05-22,0.8769230769230769
2015-05-25,1.1794871794871795
2015-05-26,0.5641025641025641
2015-05-27,0.05405405405405406
2015-05-28,1.0
2015-05-29,0.0
2015-06-01,0.3888888888888889
2015-06-02,0.2647058823529412
2015-06-03,0.09090909090909091
2015-06-04,0.21875
2015-06-05,0.22580645161290322
2015-06-08,0.0
2015-06-09,0.23333333333333334
2015-06-10,0.16129032258064516
2015-06-11,0.0
2015-06-12,0.0
2015-06-15,0.03225806451612903
2015-06-16,0.15625
2015-06-17,0.09375
2015-06-18,0.23529411764705882
2015-06-19,0.029411764705882353
2015-06-23,0.3142857142857143
2015-06-24,0.22857142857142856
2015-06-25,0.2702702702702703
2015-06-26,0.5428571428571428
2015-06-29,0.0
2015-06-30,0.0
2015-07-01,0.3333333333333333
2015-07-02,0.02857142857142857
2015-07-03,0.25
2015-07-06,0.027777777777777776
2015-07-07,0.05555555555555555
2015-07-08,0.05714285714285714
2015-07-09,1.1219512195121952
2015-07-10,0.38461538461538464
2015-07-13,0.07894736842105263
2015-07-14,0.325
2015-07-15,0.0
2015-07-16,0.21621621621621623
2015-07-17,0.05263157894736842
2015-07-20,0.18421052631578946
2015-07-21,0.35135135135135137
2015-07-22,0.4722222222222222
2015-07-23,0.21621621621621623
2015-07-24,0.5945945945945946
2015-07-27,0.3611111111111111
2015-07-28,0.2
2015-07-29,0.08571428571428572
2015-07-30,0.2
2015-07-31,0.1891891891891892
2015-08-03,0.32432432432432434
2015-08-04,0.5135135135135135
2015-08-05,0.5277777777777778
2015-08-06,0.38235294117647056
2015-08-07,0.2647058823529412
2015-08-10,0.631578947368421
2015-08-11,0.42105263157894735
2015-08-12,0.6756756756756757
2015-08-13,0.02702702702702703
2015-08-14,0.2702702702702703
2015-08-17,0.22857142857142856
2015-08-18,0.5142857142857142
2015-08-19,0.6857142857142857
2015-08-20,0.23529411764705882
2015-08-21,0.23529411764705882
2015-08-24,0.23529411764705882
2015-08-25,1.7727272727272727
2015-08-26,2.789473684210526
2015-08-27,0.0
2015-08-28,0.0
2015-08-31,0.1111111111111111
2015-09-01,2.8333333333333335
2015-09-02,1.7692307692307692
2015-09-07,1.25
2015-09-08,2.9375
2015-09-09,2.3529411764705883
2015-09-10,0.9230769230769231
2015-09-11,0.3
2015-09-14,0.9090909090909091
2015-09-15,0.5
2015-09-16,0.2222222222222222
2015-09-17,0.0
2015-09-18,0.0
2015-09-21,0.5
2015-09-22,2.75
2015-09-23,1.2857142857142858
2015-09-24,1.1428571428571428
2015-09-25,0.375
2015-09-28,0.125
2015-09-29,0.125
2015-09-30,0.0
2015-10-08,2.75
2015-10-09,0.3333333333333333
2015-10-12,0.0
2015-10-13,0.0
2015-10-14,0.0
2015-10-15,2.3333333333333335
2015-10-16,0.0
2015-10-19,2.0
2015-10-20,0.0
2015-10-21,0.5
2015-10-22,0.0
2015-10-23,0.0
2015-10-26,0.0
2015-10-27,0.0
2015-10-28,0.0
2015-10-29,0.0
2015-10-30,0.0
2015-11-02,0.0
2015-11-03,0.0
2015-11-04,0.0
2015-11-05,0.0
2015-11-06,0.0
2015-11-09,0.0
2015-11-10,0.0
2015-11-11,0.0
2015-11-12,0.0
2015-11-13,0.0
2015-11-16,3.0
2015-11-17,0.0
2015-11-18,inf
2015-11-19,
2015-11-20,inf
2015-11-23,
2015-11-24,
2015-11-25,
2015-11-26,
2015-11-27,
2015-11-30,
2015-12-01,
2015-12-02,
2015-12-03,
2015-12-04,
2015-12-07,
2015-12-08,
2015-12-09,
2015-12-10,
2015-12-11,
2015-12-14,
2015-12-15,
2015-12-16,
2015-12-17,
2015-12-18,
2015-12-21,
2015-12-22,
2015-12-23,
2015-12-24,
2015-12-25,
2015-12-28,
2015-12-29,
2015-12-30,
2015-12-31,
2016-01-04,0.6666666666666666
2016-01-05,0.3333333333333333
2016-01-06,0.5
2016-01-07,1.5
2016-01-08,0.2
2016-01-11,1.2222222222222223
2016-01-12,1.0
2016-01-13,0.16666666666666666
2016-01-14,0.8
2016-01-15,0.16666666666666666
2016-01-18,0.6666666666666666
2016-01-19,0.0
2016-01-20,1.25
2016-01-21,0.8
2016-01-22,0.16666666666666666
2016-01-25,0.7142857142857143
2016-01-26,0.8
2016-01-27,1.4
2016-01-28,2.8
2016-01-29,1.1666666666666667
2016-02-01,0.5
2016-02-02,0.6666666666666666
2016-02-03,0.16666666666666666
2016-02-04,0.0
2016-02-05,5.666666666666667
2016-02-15,0.8
2016-02-16,0.0
2016-02-17,0.2
2016-02-18,0.0
2016-02-19,0.16666666666666666
2016-02-22,0.0
2016-02-23,0.0
2016-02-24,0.0
2016-02-25,0.0
2016-02-26,0.0
2016-02-29,1.6666666666666667
2016-03-01,4.0
2016-03-02,inf
2016-03-03,
2016-03-04,
2016-03-07,
2016-03-08,
2016-03-09,
2016-03-10,
2016-03-11,
2016-03-14,
2016-03-15,
2016-03-16,
2016-03-17,
2016-03-18,
2016-03-21,
2016-03-22,
2016-03-23,
2016-03-24,
2016-03-25,
2016-03-28,
2016-03-29,
2016-03-30,
2016-03-31,3.25
2016-04-01,1.6666666666666667
2016-04-05,0.5
2016-04-06,0.0
2016-04-07,0.0
2016-04-08,0.14285714285714285
2016-04-11,0.0
2016-04-12,0.14285714285714285
2016-04-13,4.5
2016-04-14,1.0
2016-04-15,2.0
2016-04-18,7.25
2016-04-19,1.5
2016-04-20,2.6666666666666665
2016-04-21,3.0
2016-04-22,inf
2016-04-25,inf
2016-04-26,
2016-04-27,
2016-04-28,
2016-04-29,
2016-05-03,0.0
2016-05-04,0.0
2016-05-05,2.0
2016-05-06,0.0
2016-05-09,0.0
2016-05-10,0.0
2016-05-11,0.0
2016-05-12,0.0
2016-05-13,0.0
2016-05-16,0.0
2016-05-17,0.0
2016-05-18,1.0
2016-05-19,0.0
2016-05-20,0.0
2016-05-23,0.0
2016-05-24,0.6666666666666666
2016-05-25,1.2222222222222223
2016-05-26,0.42857142857142855
2016-05-27,0.8
2016-05-30,1.0
2016-05-31,0.0
2016-06-01,0.2
2016-06-02,0.8
2016-06-03,0.42857142857142855
2016-06-06,1.6666666666666667
2016-06-07,0.0
2016-06-08,0.16666666666666666
2016-06-13,0.0
2016-06-14,0.0
2016-06-15,0.0
2016-06-16,0.0
2016-06-17,0.16666666666666666
2016-06-20,0.875
2016-06-21,0.0
2016-06-22,0.0
2016-06-23,0.0
2016-06-24,0.0
2016-06-27,0.0
2016-06-28,0.8333333333333334
2016-06-29,0.0
2016-06-30,0.0
2016-07-01,1.5
2016-07-04,0.42857142857142855
2016-07-05,0.8333333333333334
2016-07-06,0.0
2016-07-07,0.0
2016-07-08,0.0
2016-07-11,0.0
2016-07-12,2.6
2016-07-13,0.16666666666666666
2016-07-14,0.0
2016-07-15,0.0
2016-07-18,0.4
2016-07-19,0.0
2016-07-20,0.16666666666666666
2016-07-21,0.4
2016-07-22,0.0
2016-07-25,0.0
2016-07-26,0.0
2016-07-27,0.0
2016-07-28,0.0
2016-07-29,0.4
2016-08-01,0.0
2016-08-02,0.0
2016-08-03,0.0
2016-08-04,0.0
2016-08-05,0.2
2016-08-08,0.0
2016-08-09,0.0
2016-08-10,0.2
2016-08-11,0.0
2016-08-12,0.0
2016-08-15,0.2
2016-08-16,0.0
2016-08-17,0.0
2016-08-18,1.0
2016-08-19,0.0
2016-08-22,0.0
2016-08-23,0.0
2016-08-24,0.0
2016-08-25,0.0
2016-08-26,0.0
2016-08-29,0.0
2016-08-30,0.0
2016-08-31,0.0
2016-09-01,0.5
2016-09-02,0.5
2016-09-05,0.0
2016-09-06,0.3333333333333333
2016-09-07,1.25
2016-09-08,1.0
2016-09-09,3.0
2016-09-12,2.2222222222222223
2016-09-13,1.7142857142857142
2016-09-14,0.0
2016-09-19,0.0
2016-09-20,0.2857142857142857
2016-09-21,0.0
2016-09-22,0.0
2016-09-23,0.2857142857142857
2016-09-26,0.0
2016-09-27,0.16666666666666666
2016-09-28,2.0
2016-09-29,0.0
2016-09-30,0.5
2016-10-10,0.0
2016-10-11,0.0
2016-10-12,0.0
2016-10-13,0.0
2016-10-14,0.0
2016-10-17,0.0
2016-10-18,0.0
2016-10-19,0.0
2016-10-20,0.0
2016-10-21,0.0
2016-10-24,0.0
2016-10-25,0.5
2016-10-26,0.0
2016-10-27,0.0
2016-10-28,0.0
2016-10-31,0.0
2016-11-01,0.0
2016-11-02,0.0
2016-11-03,0.0
2016-11-04,0.0
2016-11-07,0.0
2016-11-08,0.0
2016-11-09,1.5
2016-11-10,0.7142857142857143
2016-11-11,2.6666666666666665
2016-11-14,0.0
2016-11-15,0.5
2016-11-16,0.0
2016-11-17,0.0
2016-11-18,0.5
2016-11-21,0.0
2016-11-22,0.0
2016-11-23,0.0
2016-11-24,0.0
2016-11-25,0.0
2016-11-28,0.7857142857142857
2016-11-29,0.8333333333333334
2016-11-30,0.16666666666666666
2016-12-01,1.7333333333333334
2016-12-02,0.8823529411764706
2016-12-05,3.1
2016-12-06,0.8888888888888888
2016-12-07,1.170731707317073
2016-12-08,1.0240963855421688
2016-12-09,0.8828828828828829
2016-12-12,0.5759493670886076
2016-12-13,0.8435754189944135
2016-12-14,1.3483870967741935
2016-12-15,0.5755395683453237
2016-12-16,0.9459459459459459
2016-12-19,0.8040540540540541
2016-12-20,0.4351145038167939
2016-12-21,0.3387096774193548
2016-12-22,0.49019607843137253
2016-12-23,0.5727272727272728
2016-12-26,0.6382978723404256
2016-12-27,0.47126436781609193
2016-12-28,0.8172043010752689
2016-12-29,0.6966292134831461
2016-12-30,0.4482758620689655
2017-01-03,0.71
2017-01-04,1.0238095238095237
2017-01-05,0.75
2017-01-06,0.925
2017-01-09,0.41333333333333333
2017-01-10,0.8787878787878788
2017-01-11,1.0149253731343284
2017-01-12,0.6875
2017-01-13,0.29508196721311475
2017-01-16,0.38181818181818183
2017-01-17,0.4423076923076923
2017-01-18,0.3018867924528302
2017-01-19,0.09433962264150944
2017-01-20,0.3333333333333333
2017-01-23,0.33962264150943394
2017-01-24,0.42857142857142855
2017-01-25,0.11320754716981132
2017-01-26,0.2
2017-02-03,0.24
2017-02-06,0.0
2017-02-07,0.24444444444444444
2017-02-08,0.24390243902439024
2017-02-09,0.1951219512195122
2017-02-10,0.24324324324324326
2017-02-13,0.9791666666666666
2017-02-14,0.3898305084745763
2017-02-15,0.671875
2017-02-16,0.6268656716417911
2017-02-17,0.4788732394366197
2017-02-20,0.056338028169014086
2017-02-21,0.4666666666666667
2017-02-22,0.4067796610169492
2017-02-23,0.3090909090909091
2017-02-24,0.03636363636363636
2017-02-27,0.22641509433962265
2017-02-28,0.9024390243902439
2017-03-01,0.0975609756097561
2017-03-02,0.0
2017-03-03,0.25
2017-03-06,0.1794871794871795
2017-03-07,1.0588235294117647
2017-03-08,0.6875
2017-03-09,0.3
2017-03-10,0.37037037037037035
2017-03-13,0.48
2017-03-14,0.0
2017-03-15,0.16666666666666666
2017-03-16,0.42105263157894735
2017-03-17,0.17647058823529413
2017-03-20,0.35714285714285715
2017-03-21,0.5833333333333334
2017-03-22,0.2727272727272727
2017-03-23,0.2727272727272727
2017-03-24,0.2222222222222222
2017-03-27,0.5
2017-03-28,0.5
2017-03-29,1.0
2017-03-30,inf
2017-03-31,
2017-04-05,0.0
2017-04-06,0.0
2017-04-07,0.0
2017-04-10,0.0
2017-04-11,0.0
2017-04-12,3.0
2017-04-13,inf
2017-04-14,
2017-04-17,
2017-04-18,
2017-04-19,
2017-04-20,
2017-04-21,
2017-04-24,
2017-04-25,
2017-04-26,
2017-04-27,
2017-04-28,
2017-05-02,2.5
2017-05-03,5.0
2017-05-04,0.0
2017-05-05,0.0
2017-05-08,0.0
2017-05-09,0.0
2017-05-10,0.0
2017-05-11,0.0
2017-05-12,2.0
2017-05-15,8.0
2017-05-16,8.0
2017-05-17,0.0
2017-05-18,3.0
2017-05-19,0.0
2017-05-22,0.0
2017-05-23,0.0
2017-05-24,0.0
2017-05-25,0.0
2017-05-26,0.0
2017-05-31,0.0
2017-06-01,0.0
2017-06-02,0.0
2017-06-05,0.0
2017-06-06,0.0
2017-06-07,0.0
2017-06-08,0.0
2017-06-09,0.0
2017-06-12,0.0
2017-06-13,0.0
2017-06-14,0.0
2017-06-15,0.0
2017-06-16,0.0
2017-06-19,0.0
2017-06-20,0.0
2017-06-21,0.0
2017-06-22,0.0
2017-06-23,0.0
2017-06-26,0.0
2017-06-27,0.0
2017-06-28,0.0
2017-06-29,0.0
2017-06-30,0.0
2017-07-03,0.0
2017-07-04,0.0
2017-07-05,0.0
2017-07-06,0.0
2017-07-07,0.0
2017-07-10,0.0
2017-07-11,0.0
2017-07-12,0.0
2017-07-13,0.0
2017-07-14,0.0
2017-07-17,0.0
2017-07-18,0.0
2017-07-19,0.0
2017-07-20,0.0
2017-07-21,0.0
2017-07-24,0.0
2017-07-25,0.0
2017-07-26,0.0
2017-07-27,0.0
2017-07-28,0.0
2017-07-31,0.0
2017-08-01,0.0
2017-08-02,0.5
2017-08-03,0.0
2017-08-04,0.0
2017-08-07,0.0
2017-08-08,1.0
2017-08-09,0.0
2017-08-10,0.0
2017-08-11,0.0
2017-08-14,0.0
2017-08-15,0.0
2017-08-16,0.0
2017-08-17,0.0
2017-08-18,1.0
2017-08-21,0.0
2017-08-22,0.0
2017-08-23,0.0
2017-08-24,0.5
2017-08-25,1.0
2017-08-28,0.0
2017-08-29,0.0
2017-08-30,0.0
2017-08-31,0.0
2017-09-01,0.0
2017-09-04,0.0
2017-09-05,0.0
2017-09-06,0.0
2017-09-07,0.0
2017-09-08,0.0
2017-09-11,0.0
2017-09-12,0.0
2017-09-13,0.0
2017-09-14,0.0
2017-09-15,0.0
2017-09-18,0.0
2017-09-19,0.0
2017-09-20,0.0
2017-09-21,0.0
2017-09-22,0.0
2017-09-25,inf
2017-09-26,
2017-09-27,
2017-09-28,
2017-09-29,
2017-10-09,
2017-10-10,
2017-10-11,
2017-10-12,
2017-10-13,
2017-10-16,
2017-10-17,
2017-10-18,
2017-10-19,
2017-10-20,
2017-10-23,
2017-10-24,
2017-10-25,
2017-10-26,
2017-10-27,
2017-10-30,
2017-10-31,
2017-11-01,
2017-11-02,
2017-11-03,
2017-11-06,
2017-11-07,
2017-11-08,
2017-11-09,
2017-11-10,
2017-11-13,
2017-11-14,
2017-11-15,
2017-11-16,
2017-11-17,
2017-11-20,
2017-11-21,
2017-11-22,
2017-11-23,
2017-11-24,
2017-11-27,
2017-11-28,
2017-11-29,
2017-11-30,
2017-12-01,
2017-12-04,
2017-12-05,
2017-12-06,
2017-12-07,
2017-12-08,
2017-12-11,
2017-12-12,
2017-12-13,
2017-12-14,
2017-12-15,
2017-12-18,
2017-12-19,
2017-12-20,
2017-12-21,
2017-12-22,
2017-12-25,
2017-12-26,
2017-12-27,
2017-12-28,
2017-12-29,
2018-01-02,
2018-01-03,
2018-01-04,
2018-01-05,
2018-01-08,
2018-01-09,
2018-01-10,
2018-01-11,
2018-01-12,
2018-01-15,
2018-01-16,
2018-01-17,
2018-01-18,
2018-01-19,
2018-01-22,
2018-01-23,
2018-01-24,
2018-01-25,
2018-01-26,
2018-01-29,
2018-01-30,
2018-01-31,
2018-02-01,
2018-02-02,
2018-02-05,
2018-02-06,
2018-02-07,
2018-02-08,
2018-02-09,
2018-02-12,
2018-02-13,
2018-02-14,
2018-02-22,
2018-02-23,
2018-02-26,
2018-02-27,
2018-02-28,
2018-03-01,
2018-03-02,
2018-03-05,
2018-03-06,
2018-03-07,
2018-03-08,
2018-03-09,
2018-03-12,
2018-03-13,
2018-03-14,
2018-03-15,
2018-03-16,
2018-03-19,
2018-03-20,
2018-03-21,
2018-03-22,
2018-03-23,
2018-03-26,
2018-03-27,
2018-03-28,
2018-03-29,
2018-03-30,
2018-04-02,
2018-04-03,
2018-04-04,
2018-04-09,
2018-04-10,
2018-04-11,
2018-04-12,
2018-04-13,
2018-04-16,
2018-04-17,
2018-04-18,
2018-04-19,
2018-04-20,
2018-04-23,
2018-04-24,
2018-04-25,
2018-04-26,
2018-04-27,
2018-05-02,
2018-05-03,
2018-05-04,
2018-05-07,
2018-05-08,
2018-05-09,
2018-05-10,
2018-05-11,
2018-05-14,
2018-05-15,
2018-05-16,
2018-05-17,
2018-05-18,
2018-05-21,
2018-05-22,
2018-05-23,
2018-05-24,
2018-05-25,
2018-05-28,
2018-05-29,
2018-05-30,
2018-05-31,
2018-06-01,
2018-06-04,
2018-06-05,
2018-06-06,
2018-06-07,
2018-06-08,
2018-06-11,
2018-06-12,
2018-06-13,
2018-06-14,
2018-06-15,
2018-06-19,
2018-06-20,
2018-06-21,
2018-06-22,
2018-06-25,
2018-06-26,
2018-06-27,
2018-06-28,
2018-07-16,5.683300928926334
2018-07-17,7.08043093270366
2018-07-18,8.50510055377441
2018-07-19,6.837730021876206
2018-07-20,7.734166214014123
2018-07-23,6.0147981905530035
2018-07-24,5.609604268563806
2018-07-25,6.500677104730603
2018-07-26,5.8652217492990895
2018-07-27,3.9780598368087037
2018-07-30,4.229597677312318
2018-07-31,4.938908568201653
2018-08-01,4.7941078172520974
2018-08-02,4.687872636306964
2018-08-03,5.321205603847417
2018-08-06,3.80447170320607
2018-08-07,6.190783140604628
2018-08-08,3.8451844613373605
2018-08-09,3.302618922966408
2018-08-10,3.4779083115550886
2018-08-13,2.838960356392031
2018-08-14,3.4005524171374293
2018-08-15,2.7475304275714043
2018-08-16,5.257204002893658
2018-08-17,3.519838987924094
2018-08-20,4.765248344370861
2018-08-21,3.600243373018483
2018-08-22,3.5402642235942374
2018-08-23,3.674020756611985
2018-08-24,3.2400916913059365
2018-08-27,2.8158006705584016
2018-08-28,2.622636618160451
2018-08-29,2.189456315210507
2018-08-30,3.2101243726816495
2018-08-31,2.0982068496643156
2018-09-03,2.365349409175805
2018-09-04,2.6339264356818224
2018-09-05,3.575363816558524
2018-09-06,3.2593395476551774
2018-09-07,2.6944341647546444
2018-09-10,3.1762559419317937
2018-09-11,3.467546596600706
2018-09-12,5.416057982988152
2018-09-13,3.653960452623157
2018-09-14,3.422948405731438
2018-09-17,3.217875605153032
2018-09-18,2.673111995357705
2018-09-19,3.1960217466344494
2018-09-20,3.126697565220911
2018-09-21,2.3874303024981343
2018-09-25,2.34010259563104
2018-09-26,3.127010163879137
2018-09-27,3.135671281925415
2018-09-28,2.6749689286602036
2018-10-08,2.7875168208927947
2018-10-09,5.303970339291093
2018-10-10,4.884926517795651
2018-10-11,7.208880848092427
2018-10-12,5.099585984606407
2018-10-15,4.351498830699454
2018-10-16,5.838254693049214
2018-10-17,4.8392264302981465
2018-10-18,6.659223882701255
2018-10-19,6.193805326088965
2018-10-22,5.8672381903056285
2018-10-23,4.852922747764958
2018-10-24,5.895856980703746
2018-10-25,6.588671540998482
2018-10-26,5.658949919516739
2018-10-29,8.249044641306236
2018-10-30,8.057464565945844
2018-10-31,8.365906373585947
2018-11-01,11.330077926305723
2018-11-02,8.66630972522648
2018-11-05,7.054901261004045
2018-11-06,7.610264205883612
2018-11-07,8.520587950563103
2018-11-08,7.150016365421682
2018-11-09,7.884029068784857
2018-11-12,11.449709664039817
2018-11-13,8.406694288731822
2018-11-14,7.667795975666823
2018-11-15,8.623884228037852
2018-11-16,7.786494660823406
2018-11-19,7.873862453026668
2018-11-20,0.759907978667782
2018-11-21,1.0911245368670517
2018-11-22,0.6809108752786187
2018-11-23,1.0144010808487118
2018-11-26,1.302369194223917
2018-11-27,1.105477749484661
2018-11-28,1.1541779198588988
2018-11-29,1.69937652784319
2018-11-30,1.2983173727208785
2018-12-03,2.6858121392782395
2018-12-04,1.7307502146816207
2018-12-05,1.8916310217112073
2018-12-06,1.9964235750710773
2018-12-07,2.1444418080436587
2018-12-10,3.215619221600909
2018-12-11,2.684766674209703
2018-12-12,2.428749702876159
2018-12-13,3.1395089045951576
2018-12-14,3.4448415613573142
2018-12-17,2.2734934222312226
2018-12-18,2.4320445981520673
2018-12-19,3.207646474106676
2018-12-20,2.314538844755621
2018-12-21,3.9665405211541076
2018-12-24,3.9924105787603352
2018-12-25,3.0344862616357715
2018-12-26,2.9024293396100043
2018-12-27,5.047938170947919
2018-12-28,3.5682252922422952
2019-01-02,1.9057090757584776
2019-01-03,2.8898039302912686
2019-01-04,5.002676265455589
2019-01-07,5.007309692268349
2019-01-08,4.596530885621213
2019-01-09,4.056849416284912
2019-01-10,6.195682373417216
2019-01-11,4.667555692467331
2019-01-14,5.8400544341120435
2019-01-15,4.606879466256766
2019-01-16,4.200863244360053
2019-01-17,4.906351361544845
2019-01-18,5.979678352735347
2019-01-21,5.864409782269425
2019-01-22,5.182896516067451
2019-01-23,5.07251210615965
2019-01-24,4.458186508641237
2019-01-25,7.122174088429767
2019-01-28,5.432403035194793
2019-01-29,5.274576766912119
2019-01-30,5.906339504532435
2019-01-31,4.966652500074128
2019-02-01,5.539236005061303
2019-02-11,3.717241806031892
2019-02-12,3.850189559864478
2019-02-13,4.720451186012726
2019-02-14,4.034356188518573
2019-02-15,5.097205084885185
2019-02-18,6.678694969880026
2019-02-19,4.964588293497418
2019-02-20,5.06441925127118
2019-02-21,4.462866759909626
2019-02-22,4.5633491918828755
2019-02-25,5.031983245742285
2019-02-26,6.60056103147438
2019-02-27,5.107164532222393
2019-02-28,5.02078046926525
2019-03-01,5.458598105337024
2019-03-04,5.795201931298094
2019-03-05,4.427657039216307
2019-03-06,5.3757582520135525
2019-03-07,4.500830813371451
2019-03-08,5.65500926985928
2019-03-11,5.417272644753961
2019-03-12,5.311993298830287
2019-03-13,4.277999715329506
2019-03-14,5.94016557717882
2019-03-15,6.064504903511547
2019-03-18,6.521446988045941
2019-03-19,5.014268401219489
2019-03-20,4.353994665311825
2019-03-21,5.301731317115933
2019-03-22,5.5367187216489855
2019-03-25,5.204148971922642
2019-03-26,4.558384189425422
2019-03-27,4.180084586162737
2019-03-28,4.897156843462488
2019-03-29,5.775292399342173
2019-04-01,4.998690827225899
2019-04-02,5.37172099659752
2019-04-03,4.145617716278674
2019-04-04,4.352393488939545
2019-04-08,0.772412061002665
2019-04-09,1.786108074711278
2019-04-10,1.760326679173641
2019-04-11,1.5983627843956416
2019-04-12,2.0828055052862178
2019-04-15,1.9652626131300255
2019-04-16,3.6384567587414565
2019-04-17,3.559280871977257
2019-04-18,3.098606166907102
2019-04-19,3.6572218754708046
2019-04-22,5.755232453398048
2019-04-23,3.67169372355648
2019-04-24,3.187154491202233
2019-04-25,6.125165130881514
2019-04-26,4.076154549201627
2019-04-29,6.610715329123312
2019-04-30,4.165185045079125
2019-05-06,2.8059956037292504
2019-05-07,4.4110985778426555
2019-05-08,4.875960815557077
2019-05-09,4.859883846504596
2019-05-10,5.443963729034552
2019-05-13,3.6165963587921848
2019-05-14,6.586991676575505
2019-05-15,4.741942089527788
2019-05-16,4.889629130790322
2019-05-17,6.808631336247731
2019-05-20,4.744782946053007
2019-05-21,4.2922547144028425
2019-05-22,5.328558934252722
2019-05-23,5.481522132121275
2019-05-24,7.066686191243227
2019-05-27,5.408315763942012
2019-05-28,3.3947740244287865
2019-05-29,3.492102562153121
2019-05-30,5.525902408265761
2019-05-31,4.242939508588074
2019-06-03,5.055973736090066
2019-06-04,3.8080856201795528
2019-06-05,3.119707778676669
2019-06-06,4.759801819122976
2019-06-10,1.7444826480306093
2019-06-11,3.1337682533662052
2019-06-12,2.883160625280113
2019-06-13,4.683755046041002
2019-06-14,3.3957049919944766
2019-06-17,2.396401503647763
2019-06-18,2.895638857365987
2019-06-19,4.553725873442462
2019-06-20,4.4817627095402965
2019-06-21,5.2794066169027145
2019-06-24,4.973289436295404
2019-06-25,4.425098730117882
2019-06-26,4.684768706530365
2019-06-27,4.698912438073462
2019-06-28,4.976133629028452
2019-07-01,5.225173670148166
2019-07-02,5.08620530636087
2019-07-03,6.341699234652337
2019-07-04,6.152018578063594
2019-07-05,4.875009160481161
2019-07-08,5.593417141153118
2019-07-09,5.64679684157299
2019-07-10,5.830644584346831
2019-07-11,6.268876024315492
2019-07-12,6.468520917593529
2019-07-15,7.3260925095278475
2019-07-16,0.7521737018506824
2019-07-17,0.7990132288571409
2019-07-18,0.5611075338055377
2019-07-19,0.8837998571672344
2019-07-22,0.7767886369325366
2019-07-23,0.7597387203034538
2019-07-24,0.8339801840886439
2019-07-25,0.7082896233394803
2019-07-26,0.7492312457137801
2019-07-29,0.5479848363926576
2019-07-30,0.7476040237274584
2019-07-31,1.3346395903369557
2019-08-01,1.548772700334906
2019-08-02,2.068246176649542
2019-08-05,1.9271095381284034
2019-08-06,1.9369197304896812
2019-08-07,2.4573245264396615
2019-08-08,2.50367318768655
2019-08-09,2.43655550865344
2019-08-12,2.1734533900351223
2019-08-13,1.619613694953758
2019-08-14,2.44170449855551
2019-08-15,2.3807878690712
2019-08-16,1.7574162963575004
2019-08-19,1.8065941237391292
2019-08-20,1.754850204001222
2019-08-21,2.3625765297770407
2019-08-22,2.358990566142811
2019-08-23,2.0339333561602886
2019-08-26,2.8594475131786767
2019-08-27,2.180377180520967
2019-08-28,2.0793506371923747
2019-08-29,2.1285989368939315
2019-08-30,1.873277185507139
2019-09-02,1.8207291824341485
2019-09-03,1.5941909072856786
2019-09-04,1.8448851070210293
2019-09-05,2.0057921844124995
2019-09-06,1.4900421122940204
2019-09-09,1.6289986791708833
2019-09-10,2.11090815482613
2019-09-11,1.703345063408804
2019-09-12,1.754295591456736
2019-09-16,2.75886111370208
2019-09-17,5.081065687887609
2019-09-18,6.154051937883335
2019-09-19,2.9181634317522667
2019-09-20,2.357032364273702
2019-09-23,1.995552424149016
2019-09-24,2.28054061949097
2019-09-25,2.0211220994865666
2019-09-26,1.8324825388651067
2019-09-27,2.109507671872073
2019-09-30,1.840225844400565
2019-10-08,1.1331125378528564
2019-10-09,1.728302276778922
2019-10-10,1.5451086715211793
2019-10-11,2.7866687018930434
2019-10-14,1.84918235964269
2019-10-15,1.6643987431280889
2019-10-16,1.5561279143814821
2019-10-17,1.7159366596952494
2019-10-18,1.192749217181753
2019-10-21,1.3573464411095344
2019-10-22,1.2094371264491093
2019-10-23,1.3333372800121241
2019-10-24,1.4869044192012473
2019-10-25,1.2609646825218646
2019-10-28,1.2383986708528287
2019-10-29,1.3944519997004736
2019-10-30,1.2150128715188393
2019-10-31,1.3949603179057732
2019-11-01,1.0238259550343916
2019-11-04,1.5589334878137635
2019-11-05,1.336606198721122
2019-11-06,1.3791501280322347
2019-11-07,1.4992904801173788
2019-11-08,1.3522230950510605
2019-11-11,2.1068931721659587
2019-11-12,2.0213516120000414
2019-11-13,2.1362045832531797
2019-11-14,2.6402778008067784
2019-11-15,3.9283682222482423
2019-11-18,3.236181961866594
2019-11-19,2.96199871737143
2019-11-20,3.854022759892275
2019-11-21,3.847311770896902
2019-11-22,3.522918272814736
2019-11-25,2.5983222490931075
2019-11-26,1.960708057584403
2019-11-27,1.3515009326743717
2019-11-28,1.9641820324277355
2019-11-29,2.7744480261280784
2019-12-02,2.87000419282871
2019-12-03,2.2530762296773355
2019-12-04,2.8642841095555385
2019-12-05,2.557133411823386
2019-12-06,2.868662140030026
2019-12-09,3.053148151432913
2019-12-10,2.224691932519674
2019-12-11,3.6911708523515574
2019-12-12,2.928745045084288
2019-12-13,2.3315982501877954
2019-12-16,3.275809079629879
2019-12-17,3.3894137069557466
2019-12-18,2.251719941385391
2019-12-19,2.93402099609375
2019-12-20,3.042003740805765
2019-12-23,2.853217476544749
2019-12-24,2.630601309011693
2019-12-25,2.6559946655647177
2019-12-26,1.558077940512291
2019-12-27,3.433947770167995
2019-12-30,2.791992339072196
2019-12-31,4.126584375507552
2020-01-02,1.4893839737841326
2020-01-03,4.797288599379269
2020-01-06,4.742743226133983
2020-01-07,5.376309988129558
2020-01-08,6.855842156700503
2020-01-09,8.311070137812562
2020-01-10,3.626313108696172
2020-01-13,5.565817248365574
2020-01-14,4.786052379200941
2020-01-15,6.832378298536544
2020-01-16,3.5884563060464254
2020-01-17,5.563377888536475
2020-01-20,4.163531880752981
2020-01-21,3.7614307255859125
2020-01-22,5.692965574301234
2020-01-23,7.056075048809531
2020-02-03,1.9452098328046563
2020-02-04,3.82496969986447
2020-02-05,3.8422968318997177
2020-02-06,4.246574512249938
2020-02-07,3.381319857866235
2020-02-10,3.353985520943596
2020-02-11,3.4627194638474608
2020-02-12,5.071426912050997
2020-02-13,4.478974552275307
2020-02-14,3.3797981746611363
2020-02-17,3.403496655200046
2020-02-18,3.2457490814242522
2020-02-19,3.9964163397739076
2020-02-20,4.192166278660218
2020-02-21,3.4341895313746575
2020-02-24,4.916553955498979
2020-02-25,4.762469637415537
2020-02-26,6.056281219680632
2020-02-27,6.310609253491972
2020-02-28,7.162491549901672
2020-03-02,7.4754950182873
2020-03-03,6.019259730263378
2020-03-04,4.913151950509758
2020-03-05,4.056036847029975
2020-03-06,6.275191062970581
2020-03-09,0.06616182210054174
2020-03-10,5.206756752113847
2020-03-11,9.3376026338506
2020-03-12,8.450653762165368
2020-03-13,8.583162701001106
2020-03-16,8.32095902709312
2020-03-17,7.009706858564524
2020-03-18,5.858302437067719
2020-03-19,9.072196453263379
2020-03-20,11.404198163303555
2020-03-23,8.789431479723758
2020-03-24,9.53387336840589
2020-03-25,6.147289749614779
2020-03-26,1.2860943242026142
2020-03-27,1.3920694654784225
2020-03-30,1.5006821048925747
2020-03-31,1.9628057798476957
2020-04-01,1.6849496214803115
2020-04-02,3.1487078832686146
2020-04-03,3.1471423500177496
2020-04-07,2.687281884639954
2020-04-08,3.7124249048532696
2020-04-09,3.269541939543317
2020-04-10,2.374902415302019
2020-04-13,4.167535718101551
2020-04-14,2.956905687641138
2020-04-15,2.9025495318168693
2020-04-16,4.008178602361573
2020-04-17,4.217013413843037
2020-04-20,3.7688333060531125
2020-04-21,5.310517493883702
2020-04-22,1.8315087112319288
2020-04-23,5.177934967759345
2020-04-24,5.346467217895495
2020-04-27,4.489214992325233
2020-04-28,6.247335551040054
2020-04-29,5.351431451385132
2020-04-30,4.618615889911582
2020-05-06,3.366375278216832
2020-05-07,4.106160514427003
2020-05-08,4.163393110079063
2020-05-11,4.013945968083684
2020-05-12,3.4585532882294556
2020-05-13,4.149178902393844
2020-05-14,4.037933369394242
2020-05-15,4.59387656460941
2020-05-18,4.5641992992161216
2020-05-19,6.168352412607382
2020-05-20,4.623776990943185
2020-05-21,4.479733272713496
2020-05-22,5.813380958922929
2020-05-25,4.658449125268826
2020-05-26,3.3129822471070844
2020-05-27,4.1626445162940815
2020-05-28,4.311678011452278
2020-05-29,3.6074538989121367
2020-06-01,3.936910274182087
2020-06-02,3.440778571644193
2020-06-03,4.827157549789611
2020-06-04,4.3450371016189795
2020-06-05,3.0039590668332843
2020-06-08,5.052946329814402
2020-06-09,3.576275834174549
2020-06-10,3.0110105264678895
2020-06-11,3.6014904817965747
2020-06-12,5.080209338846547
2020-06-15,4.167424710317936
2020-06-16,3.3846134844356275
2020-06-17,3.3212675046811886
2020-06-18,2.8452794265875236
2020-06-19,3.1643996546935407
2020-06-22,3.018544074521304
2020-06-23,3.0466015558122557
2020-06-24,2.2951405626506385
2020-06-29,2.25839953091389
2020-06-30,2.6868465060397453
2020-07-01,2.362561885503103
2020-07-02,3.4185106644218903
2020-07-03,2.8855984173254146
2020-07-06,2.895017437539306
2020-07-07,2.746891013936765
2020-07-08,2.386455868522423
2020-07-09,2.185985790711146
2020-07-10,3.2926451307630886
2020-07-13,3.556540491566174
2020-07-14,3.416670706902801
2020-07-15,3.7019669154240935
2020-07-16,4.294731167443715
2020-07-17,4.386245263165464
2020-07-20,3.8444621211436423
2020-07-21,3.396807291901167
2020-07-22,3.690948324984268
2020-07-23,3.318714385536714
2020-07-24,3.576316377146028
2020-07-27,2.2680704441041346
2020-07-28,3.035818711768644
2020-07-29,2.514811222492073
2020-07-30,2.4777457834305574
2020-07-31,4.077597318246367
2020-08-03,2.1491579146683404
2020-08-04,1.814842361433923
2020-08-05,2.0828945976754847
2020-08-06,2.7989573058148065
2020-08-07,1.2301232057576283
2020-08-10,1.4870755553621076
2020-08-11,1.8160050189016574
2020-08-12,3.7416457525287092
2020-08-13,1.8384213493704191
2020-08-14,2.749559006131671
2020-08-17,1.8156772171852757
2020-08-18,2.7576284350110503
2020-08-19,2.7325683846963282
2020-08-20,3.5274454878635684
2020-08-21,3.4461469256937223
2020-08-24,5.028393792644916
2020-08-25,3.1285163221125836
2020-08-26,3.9938031518081147
2020-08-27,2.6284952018127137
2020-08-28,3.1985025718024938
2020-08-31,2.849373093866486
2020-09-01,2.6388990342075043
2020-09-02,2.7756005558498025
2020-09-03,3.0071897140758814
2020-09-04,2.9034811766273374
2020-09-07,2.7811989831806034
2020-09-08,1.7399520348629307
2020-09-09,4.158003650898562
2020-09-10,2.6046177810963207
2020-09-11,2.5330289609063534
2020-09-14,1.982685740375398
2020-09-15,1.9157540798922519
2020-09-16,2.788625305138181
2020-09-17,2.6872430399656384
2020-09-18,2.879228516960818
2020-09-21,2.384726192583985
2020-09-22,3.907590963290248
2020-09-23,2.607965521132744
2020-09-24,2.236330046306293
2020-09-25,2.5060188542422046
2020-09-28,2.1569738759086388
2020-09-29,2.187706983905792
2020-09-30,2.573965843894144
2020-10-09,1.7027011610357818
2020-10-12,2.2369628128089714
2020-10-13,2.6960251100293124
2020-10-14,2.609616372925421
2020-10-15,3.8527198460710617
2020-10-16,3.6526843175481627
2020-10-19,2.587844809003907
2020-10-20,2.895846459653587
2020-10-21,2.9943347854581903
2020-10-22,2.756839089957583
2020-10-23,3.3621382399168054
2020-10-26,3.3901688565119605
2020-10-27,2.099903217412629
2020-10-28,2.8540268630939374
2020-10-29,3.1790921396612832
2020-10-30,4.999904565842752
2020-11-02,3.427652586211273
2020-11-03,2.7595252561081396
2020-11-04,2.694124573773334
2020-11-05,2.149831144190408
2020-11-06,2.456866482697855
2020-11-09,2.9323205260914573
2020-11-10,3.287757869013501
2020-11-11,1.9481560013586816
2020-11-12,2.4186513737066893
2020-11-13,2.524062164365481
2020-11-16,2.1183059311425163
2020-11-17,2.6153047412434405
2020-11-18,2.415867181220357
2020-11-19,2.3547371886741293
2020-11-20,2.7884759077010806
2020-11-23,2.3532645530536938
2020-11-24,3.8071204863443233
2020-11-25,5.670280907244945
2020-11-26,3.3348381362911184
2020-11-27,3.29370888782437
2020-11-30,4.735571972688467
2020-12-01,3.102749712326756
2020-12-02,2.7831246658194972
2020-12-03,3.5502420739104794
2020-12-04,4.987472315099067
2020-12-07,1.9234815877570541
2020-12-08,2.8588421281854766
2020-12-09,3.2506427092067054
2020-12-10,3.19765703659564
2020-12-11,4.087792702923193
2020-12-14,3.8908012520133766
2020-12-15,3.2958381909066228
2020-12-16,3.15490225151982
2020-12-17,3.985964039513894
2020-12-18,2.8509085309516475
2020-12-21,4.5714992812196025
2020-12-22,4.46631202091961
2020-12-23,4.43481681806189
2020-12-24,3.8803357931537272
2020-12-25,3.1769830065621703
2020-12-28,3.700456672910499
2020-12-29,4.48038537788925
2020-12-30,4.506891845533812
2020-12-31,3.7522469511242567
2021-01-04,3.7059708509637987
2021-01-05,3.986512716086825
2021-01-06,4.656069811316398
2021-01-07,4.02703157518037
2021-01-08,3.43426232785195
2021-01-11,5.138788028668699
2021-01-12,3.9053192013109865
2021-01-13,3.549713468021854
2021-01-14,3.5283466050982426
2021-01-15,4.025652149310599
2021-01-18,3.3896222389351114
2021-01-19,2.5314080086789748
2021-01-20,2.8871302139504187
2021-01-21,2.753164868841265
2021-01-22,3.297495279278332
2021-01-25,2.924372405010293
2021-01-26,2.516674854568111
2021-01-27,2.4841053503364985
2021-01-28,2.497865183399586
2021-01-29,3.51641786194046
2021-02-01,3.2205581704939856
2021-02-02,3.2143103452814343
2021-02-03,2.839592978119588
2021-02-04,3.1274418124047427
2021-02-05,2.799835709364566
2021-02-08,3.2484522397926527
2021-02-09,2.5169257887271574
2021-02-10,2.847613849185986
2021-02-18,2.1008106463579796
2021-02-19,3.540540107790989
2021-02-22,3.161246898847981
2021-02-23,4.356915205352263
2021-02-24,3.5163715175374826
2021-02-25,4.059322901383268
2021-02-26,5.4571302940215105
2021-03-01,5.484339925595414
2021-03-02,5.210689896177829
2021-03-03,4.36929733687482
2021-03-04,5.436490282084563
2021-03-05,6.2452480054851485
2021-03-08,3.5183110850082966
2021-03-09,6.5024999014234455
2021-03-10,6.522569473351204
2021-03-11,5.528369981607017
2021-03-12,5.357943373550259
2021-03-15,4.78101557644889
2021-03-16,4.036915586243941
2021-03-17,4.869403081592357
2021-03-18,5.7538733289741355
2021-03-19,8.06890634225494
2021-03-22,6.352752197328235
2021-03-23,4.015643564356435
2021-03-24,5.55621403862909
2021-03-25,5.24140146698824
2021-03-26,5.456128398041716
2021-03-29,7.121039147366264
2021-03-30,7.339660014613207
2021-03-31,5.750174761365675
2021-04-01,6.009613993251104
2021-04-02,7.075055522238551
2021-04-06,4.062820916571961
2021-04-07,1.7655852300350947
2021-04-08,1.7982413058394424
2021-04-09,1.6879635055126376
2021-04-12,1.9416173543538604
2021-04-13,2.7771200731370973
2021-04-14,4.246387346377813
2021-04-15,4.591151884501947
2021-04-16,4.010433423034713
2021-04-19,3.3154403611595122
2021-04-20,3.293643754201811
2021-04-21,3.7537262122236448
2021-04-22,5.050548074097599
2021-04-23,3.2481161688414475
2021-04-26,4.544857347519961
2021-04-27,3.731435636243175
2021-04-28,3.9330937410076348
2021-04-29,3.2303501434706776
2021-04-30,3.9124668435013263
2021-05-06,2.028207480874334
2021-05-07,3.221177250010802
2021-05-10,4.515558572298478
2021-05-11,4.05839576152904
2021-05-12,3.681617808818083
2021-05-13,5.000523549245042
2021-05-14,4.445774220996257
2021-05-17,4.528650272377251
2021-05-18,3.7607611392077427
2021-05-19,4.755880173973521
2021-05-20,4.044918369836043
2021-05-21,3.623628629520058
2021-05-24,4.169692441596253
2021-05-25,3.5792216099332332
2021-05-26,3.2836980639547533
2021-05-27,4.213825720957211
2021-05-28,3.8510386033702098
2021-05-31,3.1432931358554184
2021-06-01,3.316254764651208
2021-06-02,3.008403956760287
2021-06-03,2.743937743108739
2021-06-04,2.4361033638518563
2021-06-07,3.154529660096722
2021-06-08,2.7083733982221
2021-06-09,2.5267352629111457
2021-06-10,3.4676624377275482
2021-06-11,3.703270172915289
2021-06-15,2.1376971676623544
2021-06-16,2.783647419933978
2021-06-17,2.631097237049142
2021-06-18,3.5236976039830483
2021-06-21,2.8757304757410855
2021-06-22,2.7702117764899477
2021-06-23,2.480442818127606
2021-06-24,2.429220607024903
2021-06-25,3.1746979363438714
2021-06-28,3.594744556958621
2021-06-29,3.186832475972105
2021-06-30,3.0081776483994216
2021-07-01,3.8159099444765876
2021-07-02,4.3807478716960055
2021-07-05,3.248679573167755
2021-07-06,3.630433202740468
2021-07-07,5.743659050397018
2021-07-08,4.126460369578497
2021-07-09,3.8210109412762576
2021-07-12,3.9133279955655467
2021-07-13,3.4929271302372333
2021-07-14,4.20437682332507
2021-07-15,5.193950576105451
2021-07-16,3.5775135052589384
2021-07-19,4.494750509440427
2021-07-20,4.583380695737383
2021-07-21,3.458457951548438
2021-07-22,4.194226442017452
2021-07-23,4.135198340132226
2021-07-26,4.510769130509666
2021-07-27,4.038480421363712
2021-07-28,3.8037091876190656
2021-07-29,3.7542275979271134
2021-07-30,5.088445769008696
2021-08-02,5.086432031826495
2021-08-03,5.012832031991496
2021-08-04,4.850405214015947
2021-08-05,5.908500497892568
2021-08-06,4.992390649382754
2021-08-09,2.2000642531362904
2021-08-10,1.9542597243207285
2021-08-11,2.1251751124927605
2021-08-12,2.8472640353398586
2021-08-13,2.8213971642878977
2021-08-16,3.150215325722879
2021-08-17,2.9111559139784946
2021-08-18,3.02102993531565
2021-08-19,3.320234071848792
2021-08-20,3.3641346225547464
2021-08-23,3.211740376432898
2021-08-24,3.8589950579849965
2021-08-25,3.5173822986060572
2021-08-26,3.501516432329854
2021-08-27,3.666976166366333
2021-08-30,3.2996597311318125
2021-08-31,2.74276323555909
2021-09-01,3.1307231735561465
2021-09-02,3.993281224014635
2021-09-03,3.348943538954628
2021-09-06,3.103433468263942
2021-09-07,2.4898624854049216
2021-09-08,3.1680866003863506
2021-09-09,3.0356698278298624
2021-09-10,4.43868800938774
2021-09-13,3.3936342468502496
2021-09-14,2.7875535795106625
2021-09-15,2.5031183660915106
2021-09-16,3.796555913827749
2021-09-17,3.284984385817824
2021-09-22,2.2432701517961204
2021-09-23,3.2403770671127985
2021-09-24,2.882914225131256
2021-09-27,2.924807596095505
2021-09-28,2.6088772229698476
2021-09-29,3.4281237630294235
2021-09-30,2.7252937376397526
2021-10-08,2.2028427838976596
2021-10-11,2.826933224173791
2021-10-12,2.830841532389272
2021-10-13,4.4213703298040645
2021-10-14,2.927093944419656
2021-10-15,3.3435191432304787
2021-10-18,3.478121793880792
2021-10-19,3.7546210369156006
2021-10-20,3.7547060101663896
2021-10-21,3.9294561857823074
2021-10-22,5.138232346994114
2021-10-25,4.3471178848672345
2021-10-26,4.2065310666326505
2021-10-27,5.040472633972734
2021-10-28,7.920522692272851
2021-10-29,6.168837506649163
2021-11-01,4.911496605203155
2021-11-02,3.0391527050099785
2021-11-03,3.241509540185127
2021-11-04,2.4480956769616564
2021-11-05,3.0755610768306667
2021-11-08,1.8189245122419346
2021-11-09,1.3912880879026943
2021-11-10,1.6465577652133414
2021-11-11,1.7810520917495996
2021-11-12,1.3003772825594848
2021-11-15,1.4490992897575314
2021-11-16,1.7072565141864504
2021-11-17,1.2367791576135707
2021-11-18,1.6155035891012777
2021-11-19,1.7106589119037554
2021-11-22,2.112686750384185
2021-11-23,1.3980994319264937
2021-11-24,1.7995967087727431
2021-11-25,1.184965949693089
2021-11-26,1.5255946986859992
2021-11-29,2.50337726704533
2021-11-30,2.676365267338479
2021-12-01,4.398635767466126
2021-12-02,3.906329357361085
2021-12-03,2.0609620146214955
2021-12-06,1.4345686533319795
2021-12-07,1.4145788259050915
2021-12-08,1.210811366674665
2021-12-09,1.313266455817728
2021-12-10,1.3791795220029228
2021-12-13,1.2794098894871069
2021-12-14,1.1976315487461984
2021-12-15,1.2180644219642132
2021-12-16,1.3123088809811412
2021-12-17,1.0175720862263207
2021-12-20,1.4163434386317002
2021-12-21,1.4171465325062804
2021-12-22,1.200038145844278
2021-12-23,1.094567579313342
2021-12-24,0.8078884247493484
2021-12-27,0.8132920338014615
2021-12-28,1.093099608545419
2021-12-29,0.7712817924968387
2021-12-30,0.9595796508716956
2021-12-31,0.9585027216977882
2022-01-04,0.7261662862965457
2022-01-05,1.1162173525323964
2022-01-06,1.163985980756659
2022-01-07,1.0152096464784872
2022-01-10,0.8704597800581754
2022-01-11,0.7137772990944691
2022-01-12,0.9695160764050473
2022-01-13,0.7754120575221239
2022-01-14,0.8551287509369997
2022-01-17,0.8475882090218848
2022-01-18,0.7737412092817946
2022-01-19,0.8478641871904488
2022-01-20,0.8349282963060506
2022-01-21,0.9754852015074699
2022-01-24,0.8093203471931429
2022-01-25,0.8978801270722991
2022-01-26,0.8396989142501287
2022-01-27,0.8871520027661732
2022-01-28,0.8690508322087269
2022-02-07,0.6597743500549249
2022-02-08,0.7121542670146602
2022-02-09,0.8842940485909576
2022-02-10,0.739253093057461
2022-02-11,0.8832768912868787
2022-02-14,1.031893513930184
2022-02-15,0.9140134303969947
2022-02-16,1.1242182280200221
2022-02-17,1.0179033182944377
2022-02-18,1.023876089442326
2022-02-21,1.1645774978802046
2022-02-22,1.061557539813696
2022-02-23,0.8380529738480003
2022-02-24,1.2894589344532912
2022-02-25,1.3312716999387926
2022-02-28,1.5627742996556204
2022-03-01,1.2423265433517288
2022-03-02,1.6433424796868163
2022-03-03,2.0342165973774886
2022-03-04,1.9526288489396184
2022-03-07,0.8808537594135247
2022-03-08,2.2445134374087665
2022-03-09,1.9525887403848612
2022-03-10,2.4133282323149516
2022-03-11,2.609202039031955
2022-03-14,1.9765979672944909
2022-03-15,2.388840138155678
2022-03-16,2.2734491256056475
2022-03-17,2.083435245450889
2022-03-18,2.028830245211422
2022-03-21,1.817147860310085
2022-03-22,1.8992324017692446
2022-03-23,2.2196408616238297
2022-03-24,2.1862456098665697
2022-03-25,2.142999228989977
2022-03-28,1.9832374177719598
2022-03-29,2.207988717662441
2022-03-30,2.441277531436651
2022-03-31,2.7036157537068983
2022-04-01,2.742089576204
2022-04-06,1.7103367274728731
2022-04-07,3.209785152904908
2022-04-08,2.957775024822146
2022-04-11,2.786564040003335
2022-04-12,3.07335418557456
2022-04-13,2.80981855357503
2022-04-14,2.4503229011425733
2022-04-15,2.33845137250943
2022-04-18,2.5973298343447597
2022-04-19,2.6822695839852155
2022-04-20,3.6461882117078215
2022-04-21,2.910406508141444
2022-04-22,3.4467751455524005
2022-04-25,3.5757061984539784
2022-04-26,3.475264983950198
2022-04-27,3.476114083877754
2022-04-28,3.2809344677722194
2022-04-29,2.0216159470709587
2022-05-05,0.8783794031774921
2022-05-06,1.563259915588227
2022-05-09,1.7248283902901926
2022-05-10,2.383539149494166
2022-05-11,1.9647495903739878
2022-05-12,1.829281907610642
2022-05-13,1.8284282926694253
2022-05-16,1.5375132937620168
2022-05-17,1.3024325231974234
2022-05-18,1.3664069649147024
2022-05-19,1.761918648607781
2022-05-20,1.7516754114318416
2022-05-23,1.4549978086818955
2022-05-24,1.584406727076268
2022-05-25,1.4582757636455947
2022-05-26,1.1911869478483899
2022-05-27,1.4664084142249048
2022-05-30,1.7176054255367141
2022-05-31,1.7769910229328174
2022-06-01,1.8336661525418536
2022-06-02,1.955546572396337
2022-06-06,1.2982273459093232
2022-06-07,1.7312931861512866
2022-06-08,1.8125628545456638
2022-06-09,1.974652571156048
2022-06-10,1.9859690944205266
2022-06-13,1.7495172434229047
2022-06-14,1.9734847049012547
2022-06-15,1.8751718554275763
2022-06-16,1.9488310980697083
2022-06-17,1.9638111883069878
2022-06-20,2.154672678526646
2022-06-21,1.7377600713578036
2022-06-22,1.7054203395301297
2022-06-23,1.9654305434849053
2022-06-24,1.973496852157012
2022-06-27,1.9604505905135967
2022-06-28,2.2205586242960096
2022-06-29,1.9865863515059092
2022-06-30,2.075059093388534
2022-07-01,2.093746805809717
2022-07-04,2.0014473023796264
2022-07-05,2.239020524980634
2022-07-06,3.155750251428445
2022-07-07,3.0401596787693963
2022-07-08,2.497648629729338
2022-07-11,2.6000773451284656
2022-07-12,2.4901205733992176
2022-07-13,2.732181660147762
2022-07-14,2.26543765165414
2022-07-15,2.9066198020531333
2022-07-18,2.992808407515516
2022-07-19,2.5127636026442524
2022-07-20,2.78865119898227
2022-07-21,2.3548288327440097
2022-07-22,2.5729552414756345
2022-07-25,2.5091936909535155
2022-07-26,2.490717121907592
2022-07-27,2.624074671265984
2022-07-28,2.8818054230499333
2022-07-29,2.9912506969739607
2022-08-01,1.8028245297540753
2022-08-02,2.111950983602812
2022-08-03,2.586681319460446
2022-08-04,2.718356378267201
2022-08-05,2.3652700183424544
2022-08-08,3.121602855936927
2022-08-09,2.8226023516078764
2022-08-10,2.5499473859647974
2022-08-11,3.010451829776416
2022-08-12,2.173108700047173
2022-08-15,2.3090468563919346
2022-08-16,2.981847497133135
2022-08-17,2.7834374837415528
2022-08-18,2.6946880111549083
2022-08-19,3.436917514529455
2022-08-22,2.996932104551929
2022-08-23,3.672627905089148
2022-08-24,2.904143118742275
2022-08-25,2.663574196558693
2022-08-26,2.7661249479308703
2022-08-29,3.597448899702492
2022-08-30,4.017778935869554
2022-08-31,3.671189148492064
2022-09-01,2.928748662060913
2022-09-02,2.7153476250392377
2022-09-05,3.0994509255618183
2022-09-06,2.7050656835522786
2022-09-07,3.313745496595268
2022-09-08,3.476351107812997
2022-09-09,2.7601701905045175
2022-09-13,2.256953147057512
2022-09-14,3.349311480694261
2022-09-15,3.1873829027463105
2022-09-16,3.4461963680005696
2022-09-19,3.0953468441589376
2022-09-20,3.0759882958635596
2022-09-21,4.114605477053895
2022-09-22,3.625916826286377
2022-09-23,2.2640948531393157
2022-09-26,2.0790100873297157
2022-09-27,1.4694663521444613
2022-09-28,1.5401702994656519
2022-09-29,1.5704663110618144
2022-09-30,1.3449979297839836
2022-10-10,1.1630519289027104
2022-10-11,1.3699700347484371
2022-10-12,1.3261612729895877
2022-10-13,1.305348041940255
2022-10-14,1.2186732463341183
2022-10-17,1.3421074278193634
2022-10-18,0.9766769568621804
2022-10-19,1.2362315109855706
2022-10-20,1.7179258466967506
2022-10-21,1.5840364889141203
2022-10-24,1.3099276778733386
2022-10-25,1.2440566984643837
2022-10-26,1.3771331209298945
2022-10-27,1.8733692595213471
2022-10-28,1.6237876938975189
2022-10-31,2.0564100017605553
2022-11-01,2.2000054220712806
2022-11-02,1.8049442067094845
2022-11-03,1.6507806711125226
2022-11-04,1.7855882969988786
2022-11-07,1.6342234763287395
2022-11-08,1.2991758465932273
2022-11-09,1.619434962801343
2022-11-10,1.6644623699942676
2022-11-11,1.9836275003282706
2022-11-14,1.5966737400364222
2022-11-15,1.5880989253367122
2022-11-16,1.7273079572855667
2022-11-17,1.7765081316334355
2022-11-18,1.9648135371654745
2022-11-21,1.9882385327801388
2022-11-22,1.7497518756391652
2022-11-23,1.5698298864377858
2022-11-24,1.5429413842767465
2022-11-25,1.491399281825553
2022-11-28,1.7597815002170862
2022-11-29,1.8963072305155302
2022-11-30,1.6132113841634146
2022-12-01,1.3751115527820366
2022-12-02,1.3374971457737304
2022-12-05,1.4602550618900174
2022-12-06,2.4144796924473515
2022-12-07,2.6143607136791793
2022-12-08,2.3195846998283054
2022-12-09,2.8760863477972287
2022-12-12,2.857651147900851
2022-12-13,2.9180964713499513
2022-12-14,2.433130782410051
2022-12-15,2.8186857613216687
2022-12-16,2.8919846498842916
2022-12-19,2.7827963434199146
2022-12-20,4.017477165569551
2022-12-21,3.507379062294872
2022-12-22,2.302213339177133
2022-12-23,2.5271414837451864
2022-12-26,2.9027122725829657
2022-12-27,2.4127490109176133
2022-12-28,2.703384654079011
2022-12-29,2.5323896339316128
2022-12-30,2.992474069590119
2023-01-03,2.457818840721769
2023-01-04,2.742225211765289
2023-01-05,1.9665993756857354
2023-01-06,1.9258592650081314
2023-01-09,1.5228185987452039
2023-01-10,1.9759603368925824
2023-01-11,1.1912483353884094
2023-01-12,2.524927960810681
2023-01-13,2.1419099002157096
2023-01-16,2.079957577173579
2023-01-17,1.8969486300808343
2023-01-18,2.769746734554697
2023-01-19,3.1455787288255554
2023-01-20,2.486728297406434
2023-01-30,1.7330560536139443
2023-01-31,2.4489215467629024
2023-02-01,2.33465429421006
2023-02-02,3.0406617691578033
2023-02-03,2.0304400735951016
2023-02-06,2.333903494924769
2023-02-07,2.4042639092405285
2023-02-08,2.2824185002479576
2023-02-09,2.534522005081208
2023-02-10,2.3687910774189764
2023-02-13,2.5883116358749256
2023-02-14,2.158727823624435
2023-02-15,3.2427952873256674
2023-02-16,2.424210507033998
2023-02-17,2.013161077592584
2023-02-20,2.8131160231346115
2023-02-21,2.139555489160251
2023-02-22,2.9023805484592047
2023-02-23,2.6060354279866473
2023-02-24,3.4318154839956385
2023-02-27,3.8092775220141672
2023-02-28,2.613038559889983
2023-03-01,2.5388058609707516
2023-03-02,2.648424506925919
2023-03-03,2.2299393275854205
2023-03-06,2.8039680456460467
2023-03-07,2.585759731651157
2023-03-08,3.2385188896251167
2023-03-09,2.84742070332077
2023-03-10,4.579694634927111
2023-03-13,4.097823297403895
2023-03-14,4.936293935941003
2023-03-15,3.9060424858195235
2023-03-16,4.719648344455152
2023-03-17,3.618479814219364
2023-03-20,3.519654292847064
2023-03-21,3.10417803194191
2023-03-22,2.2124438172885963
2023-03-23,1.8512315584532708
2023-03-24,3.116313980590195
2023-03-27,2.5639587799986168
2023-03-28,1.9726275903487644
2023-03-29,1.6865143347473168
2023-03-30,1.6548684535032658
2023-03-31,1.8024205028634372
2023-04-03,2.387710421164294
2023-04-04,2.7559437354159724
2023-04-06,1.6994729743031742
2023-04-07,2.5693802241900796
2023-04-10,1.824542702426129
2023-04-11,1.9970029480004121
2023-04-12,2.1722021269878495
2023-04-13,2.1369166608837364
2023-04-14,2.007645328907011
2023-04-17,2.2260954020605546
2023-04-18,2.1927234131022333
2023-04-19,2.125749660123765
2023-04-20,3.0042746003248695
2023-04-21,2.1591199966332715
2023-04-24,2.6324715521850783
2023-04-25,2.7518562465805982
2023-04-26,2.706581243256923
2023-04-27,3.2426551255046516
2023-04-28,2.5657366276077864
2023-05-04,2.3832313941350582
2023-05-05,3.147372989282199
2023-05-08,3.3540253079184468
2023-05-09,2.3923219148857715
2023-05-10,2.6097159672196852
2023-05-11,3.091550945114169
2023-05-12,3.674900147151566
2023-05-15,3.1523559786993705
2023-05-16,3.03351197881775
2023-05-17,2.9763526351961405
2023-05-18,2.9744579863099876
2023-05-19,2.322407020111816
2023-05-22,3.0165667636537856
2023-05-23,1.9193560656003732
2023-05-24,1.763182945496361
2023-05-25,1.827862273163623
2023-05-26,2.264651522668442
2023-05-29,2.0535334414764397
2023-05-30,2.207592808754285
2023-05-31,2.003421504930053
2023-06-01,2.4856267841578776
2023-06-02,2.3154758741072903
2023-06-05,2.1310498469865062
2023-06-06,1.89634824966531
2023-06-07,1.66287338401468
2023-06-08,1.6575859955605226
2023-06-09,2.012304879763746
2023-06-12,2.4011010137224034
2023-06-13,1.8988254351750238
2023-06-14,1.7618146784752537
2023-06-15,1.761478234775255
2023-06-16,1.5921487171878692
2023-06-19,1.6545827026686772
2023-06-20,1.3593618525125375
2023-06-21,1.7243807112953253
2023-06-26,1.2868941788444657
2023-06-27,2.1094732591011365
2023-06-28,2.27075244233334
2023-06-29,1.943907649836031
2023-06-30,1.6575620167219807
2023-07-03,1.6751971704342228
2023-07-04,1.6076346852300243
2023-07-05,1.2944587417018618
2023-07-06,1.2109739287672858
2023-07-07,1.6200943911539363
2023-07-10,1.4993255681535493
2023-07-11,1.0717487909710899
2023-07-12,1.179223009822141
2023-07-13,1.2375439494254592
2023-07-14,1.5296947518743307
2023-07-17,1.4906248493709733
2023-07-18,1.1610583220213855
2023-07-19,1.2100070164601455
2023-07-20,1.434189296002822
2023-07-21,1.1188222820959255
2023-07-24,1.3293842866971646
2023-07-25,1.1574426722043034
2023-07-26,1.0791834238091598
2023-07-27,1.0223276429913395
2023-07-28,1.281989936937716
2023-07-31,1.611367079240752
2023-08-01,1.4315491650902865
2023-08-02,1.768104105585881
2023-08-03,2.154100773689433
2023-08-04,1.5683216092757721
2023-08-07,1.4383873211978502
2023-08-08,1.4651095599596347
2023-08-09,1.3457874743463016
2023-08-10,1.4218202059560257
2023-08-11,1.061292786225092
2023-08-14,1.228026209772975
2023-08-15,1.3646138606536151
2023-08-16,1.4181855832174688
2023-08-17,1.6190202246457526
2023-08-18,1.3714854922381996
2023-08-21,1.8279821723119771
2023-08-22,1.3285066328332034
2023-08-23,1.3540123988289994
2023-08-24,2.054375524027159
2023-08-25,1.8859266854652652
2023-08-28,3.0429319784158495
2023-08-29,3.3988783709154267
2023-08-30,0.911229008059485
2023-08-31,0.8594071695250854
2023-09-01,1.0411761215015134
2023-09-04,1.009128798125639
2023-09-05,0.943698416026533
2023-09-06,1.4649442379182156
2023-09-07,1.075730058260807
2023-09-08,1.216489947326825
2023-09-11,1.2348491540632396
2023-09-12,1.0556702792770982
2023-09-13,1.233044530773715
2023-09-14,1.0615716733803664
2023-09-15,0.9576682002037855
2023-09-18,1.4890502896019122
2023-09-19,1.2684253321842607
2023-09-20,1.2233916963462927
2023-09-21,1.0660881680371934
2023-09-22,1.4836781858231323
2023-09-25,1.026231956626839
2023-09-26,1.3297027622189124
2023-09-27,1.6063712797325658
2023-09-28,1.2445457691111608
2023-10-09,2.501771014236796
2023-10-10,2.3980892900546684
2023-10-11,2.111224351134665
2023-10-12,2.527357047313154
2023-10-13,2.0660348206516876
2023-10-16,2.9104243125562226
2023-10-17,2.451374336942703
2023-10-18,2.4694928045157716
2023-10-19,2.6417475323809922
2023-10-20,2.7772785971305702
2023-10-23,3.200277238923389
2023-10-24,2.5130074907917064
2023-10-25,2.7374671163853175
2023-10-26,3.0113252102044092
2023-10-27,3.2669590466917686
2023-10-30,3.0309080894319123
2023-10-31,3.198745001162742
2023-11-01,3.371310148360089
2023-11-02,3.262842886375967
2023-11-03,3.018615010799136
2023-11-06,3.7305016601063987
2023-11-07,3.081403712253298
2023-11-08,3.52909684163842
2023-11-09,2.887662295429884
2023-11-10,2.860827013613488
2023-11-13,2.664334218474449
2023-11-14,2.2757601871229842
2023-11-15,2.876070662683851
2023-11-16,2.976996968687271
2023-11-17,3.7300486528253973
2023-11-20,3.223439334716659
2023-11-21,2.6182527656939896
2023-11-22,3.1024386704059896
2023-11-23,6.2919181899768555
2023-11-24,3.420431720774302
2023-11-27,3.885285780444485
2023-11-28,3.3610075508553785
2023-11-29,4.193704626202223
2023-11-30,4.027906440834197
2023-12-01,3.774261891299968
2023-12-04,3.602140933867472
2023-12-05,3.490261531280499
2023-12-06,4.362096297172601
2023-12-07,1.1330534114270199
2023-12-08,1.196314721359171
2023-12-11,1.3234284204965663
2023-12-12,1.27364455743009
2023-12-13,1.6892034590028253
2023-12-14,1.5400088930512217
2023-12-15,2.1115127919911014
2023-12-18,2.052537707971148
2023-12-19,2.3792607348384243
2023-12-20,2.2180894482753257
2023-12-21,2.6169162546975873
2023-12-22,3.174072758277675
2023-12-25,3.35487702046294
2023-12-26,3.0748396041877326
2023-12-27,3.5017242841394127
2023-12-28,4.308477402584663
2023-12-29,4.2501618978994316
2024-01-02,2.3579685360801994
2024-01-03,3.630992046297818
2024-01-04,5.022123528697974
2024-01-05,4.21927102239901
2024-01-08,4.3478450978016365
2024-01-09,3.8777928445705663
2024-01-10,4.030045595865434
2024-01-11,4.120113000050447
2024-01-12,3.763952419950862
2024-01-15,3.604688116998349
2024-01-16,3.065504067951214
2024-01-17,2.8490834768748234
2024-01-18,3.693486020226056
2024-01-19,4.092391361740324
2024-01-22,4.040576653778991
2024-01-23,1.3195731200922984
2024-01-24,1.1318011887169177
2024-01-25,1.3177232057871693
2024-01-26,1.530047310673422
2024-01-29,1.4711770629845784
2024-01-30,1.1612536518472882
2024-01-31,1.463535772183648
2024-02-01,2.18941350852982
2024-02-02,2.5098432835820894
2024-02-05,2.051195011346346
2024-02-06,2.0230113791250304
2024-02-07,1.6450223442631777
2024-02-08,1.8376657093624353
2024-02-19,1.2504853368151596
2024-02-20,1.4179767962548342
2024-02-21,1.7591243937406582
2024-02-22,1.6074155162854178
2024-02-23,1.789614676810412
2024-02-26,2.102663202599659
2024-02-27,1.928304922595234
2024-02-28,1.8428760827293618
2024-02-29,2.4044425347481693
2024-03-01,2.016962074468337
2024-03-04,2.962223602317965
2024-03-05,2.048477151391143
2024-03-06,2.3620780487380104
2024-03-07,2.155503779179951
2024-03-08,1.6105738937875824
2024-03-11,2.514775375935845
2024-03-12,1.9300996591180495
2024-03-13,2.251352205825807
2024-03-14,2.478278903330656
2024-03-15,1.5298930601913983
2024-03-18,1.966450560095178
2024-03-19,2.0307192502313494
2024-03-20,1.832627110592581
2024-03-21,2.0229473808859226
2024-03-22,1.87175372375291
2024-03-25,2.122679165540675
2024-03-26,2.7012733633682355
2024-03-27,2.237780527588728
2024-03-28,2.186414670305285
2024-03-29,2.9042869577832584
2024-04-01,0.6210721577146013
2024-04-02,0.7500981525308676
2024-04-03,0.7809427246707434
2024-04-08,0.9669722264898175
2024-04-09,1.218667210108009
2024-04-10,1.255601186332032
2024-04-11,1.6075970222113742
2024-04-12,1.3594782394638052
2024-04-15,1.900135867700542
2024-04-16,1.7212459656072214
2024-04-17,1.2835486049094988
2024-04-18,1.8675845418598385
2024-04-19,3.5026435420509805
2024-04-22,2.4150845821458122
2024-04-23,1.9112990230947977
2024-04-24,1.7692909778747234
2024-04-25,1.624609730424078
2024-04-26,1.9691262983730122
2024-04-29,1.440506776090689
2024-04-30,1.485936625807436
2024-05-06,1.5297086572242895
2024-05-07,1.3433985318155377
2024-05-08,1.302933740651006
2024-05-09,1.2911295855899065
2024-05-10,1.5573244879254138
2024-05-13,1.820991666552635
2024-05-14,1.1876385310699944
2024-05-15,1.4899253858471602
2024-05-16,2.0712752074887337
2024-05-17,1.3872991862403181
2024-05-20,1.9195706006579611
2024-05-21,1.9316594987788043
2024-05-22,1.6085327316748141
2024-05-23,2.1073303639445746
2024-05-24,1.718812549995556
2024-05-27,1.7326852643249682
2024-05-28,2.0322503469065505
2024-05-29,1.7094023590349914
2024-05-30,1.4623425133313654
2024-05-31,1.8674580552921969
2024-06-03,1.96929599806774
2024-06-04,2.1239034555509173
2024-06-05,1.6238538149739963
2024-06-06,1.8303008803895644
2024-06-07,1.564664695971509
2024-06-11,1.734180557468889
2024-06-12,1.6764192384619698
2024-06-13,1.8170757499432808
2024-06-14,1.8646790883759683
2024-06-17,2.097352356615559
2024-06-18,1.8253605241824524
2024-06-19,1.9587129224056092
2024-06-20,1.5715529689619205
2024-06-21,1.3188413671433046
2024-06-24,1.8407118896879815
2024-06-25,1.767260942306276
2024-06-26,1.8251405226760264
2024-06-27,2.0341099268915706
2024-06-28,1.9878927949667864
2024-07-01,1.6461729290754414
2024-07-02,1.9219347267889717
2024-07-03,1.4613850226536258
2024-07-04,1.4440695335332296
2024-07-05,1.9311845975577147
2024-07-08,1.9544173040926212
2024-07-09,1.6615086653621605
2024-07-10,2.0603001270560766
2024-07-11,1.9896410810146474
2024-07-12,2.175853507965482
2024-07-15,2.1304689102764223
2024-07-16,1.7315965412729541
2024-07-17,2.461909264430384
2024-07-18,2.206944948062197
2024-07-19,2.4098533942167135
2024-07-22,2.206641755540578
2024-07-23,1.7828235015679545
2024-07-24,2.042549121550701
2024-07-25,2.131308584572008
2024-07-26,3.0766630704556204
2024-07-29,2.545104645394131
2024-07-30,2.5171071898627435
2024-07-31,2.544169809556463
2024-08-01,1.0504851990327975
2024-08-02,1.0709255429162359
2024-08-05,1.5652408649178364
2024-08-06,1.1006772852113158
2024-08-07,1.0334619084619086
2024-08-08,1.38197587268748
2024-08-09,1.2514929587897081
2024-08-12,1.2076286417800464
2024-08-13,2.1042939398120852
2024-08-14,2.0705707569813443
2024-08-15,2.0731101091522457
2024-08-16,2.063476837073913
2024-08-19,2.500856782106782
2024-08-20,2.351867651017909
2024-08-21,2.2648870869102358
2024-08-22,2.390062492252273
2024-08-23,2.2293564960685797
2024-08-26,2.8578615572425896
2024-08-27,3.1358781289699955
2024-08-28,3.264287549859778
2024-08-29,2.8897184878895037
2024-08-30,3.1335695948506377
2024-09-02,3.714442639970018
2024-09-03,1.871914044597929
2024-09-04,3.278733492147929
2024-09-05,3.1186718674624068
2024-09-06,2.9853467722582194
2024-09-09,3.7315941295792734
2024-09-10,3.564017189591973
2024-09-11,4.643609432896413
2024-09-12,3.934409204715463
2024-09-13,3.109180956040496
2024-09-18,1.900789256176024
2024-09-19,3.320898628596758
2024-09-20,3.563425345396679
2024-09-23,2.9212560330154584
2024-09-24,3.3148093462773613
2024-09-25,4.360466639670327
2024-09-26,5.362755638793512
2024-09-27,4.512624974326017
2024-09-30,1.8834112052680512
2024-10-08,0.16769932547842803
2024-10-09,3.7210058416793683
2024-10-10,2.783181469514888
2024-10-11,3.026629249157594
2024-10-14,2.5498216864476526
2024-10-15,3.3176588728872067
2024-10-16,2.64129061002555
2024-10-17,2.9399207470883946
2024-10-18,2.886457375213821
2024-10-21,3.376315363445038
2024-10-22,2.4570441378952017
2024-10-23,3.3622426332502475
2024-10-24,2.44677846640921
2024-10-25,2.5881798548684984
2024-10-28,3.24622483613685
2024-10-29,2.392116881425357
2024-10-30,2.2020621780808285
2024-10-31,2.5852852852852855
2024-11-01,2.815663443087243
2024-11-04,2.6347455943698743
2024-11-05,2.6640911214032874
2024-11-06,3.7979752493412056
2024-11-07,3.1660208689284843
2024-11-08,2.870693649716053
2024-11-11,3.2575569998968326
2024-11-12,2.9928030916622315
2024-11-13,2.6763949440140515
2024-11-14,2.879976452691791
2024-11-15,4.297220017612716
2024-11-18,2.6997209516412073
2024-11-19,2.9245276147351427
2024-11-20,0.873215332195848
2024-11-21,0.8927031352041198
2024-11-22,1.0682489028877193
2024-11-25,1.0071196637016733
2024-11-26,1.0742979968901492
2024-11-27,1.1011435745165838
2024-11-28,0.9702146281914955
2024-11-29,0.7738887096598798
2024-12-02,1.1353971584028382
2024-12-03,1.5288218979066235
2024-12-04,1.4462197611333827
2024-12-05,2.1856671171710604
2024-12-06,1.8644324392676999
2024-12-09,1.7840293351534315
2024-12-10,1.5295315114333519
2024-12-11,1.4928821255445788
2024-12-12,3.448413848147075
2024-12-13,1.8034259819911322
2024-12-16,1.8305284705074094
2024-12-17,1.384978983094746
2024-12-18,1.6455999573458453
2024-12-19,1.6229351496616584
2024-12-20,2.1850184703058426
2024-12-23,1.825369978858351
2024-12-24,1.3517303230031175
2024-12-25,1.434474596089951
2024-12-26,1.4419150075203304
2024-12-27,2.9505524997716943
2024-12-30,2.380253872186096
2024-12-31,2.6311330541360896
