date,FCT_Demark_Ref_1@40
2013-11-08,
2013-11-11,
2013-11-12,
2013-11-13,
2013-11-14,
2013-11-15,
2013-11-18,
2013-11-19,
2013-11-20,
2013-11-21,
2013-11-22,
2013-11-25,
2013-11-26,
2013-11-27,
2013-11-28,
2013-11-29,
2013-12-02,
2013-12-03,
2013-12-04,
2013-12-05,
2013-12-06,
2013-12-09,
2013-12-10,
2013-12-11,
2013-12-12,
2013-12-13,
2013-12-16,
2013-12-17,
2013-12-18,
2013-12-19,
2013-12-20,
2013-12-23,
2013-12-24,
2013-12-25,
2013-12-26,
2013-12-27,
2013-12-30,
2013-12-31,
2014-01-02,
2014-01-03,
2014-01-06,
2014-01-07,0.4956886503870101
2014-01-08,0.45273109243697435
2014-01-09,0.45273109243697435
2014-01-10,0.4366767983789257
2014-01-13,0.4366767983789257
2014-01-14,0.41350210970464135
2014-01-15,0.40788072417465354
2014-01-16,0.4048625792811836
2014-01-17,0.3755060728744935
2014-01-20,0.3739919354838707
2014-01-21,0.387573964497041
2014-01-22,0.27627302275189564
2014-01-23,0.25816326530612205
2014-01-24,0.2640918580375778
2014-01-27,0.24657534246575277
2014-01-28,0.2598343685300202
2014-01-29,0.27772126144455705
2014-01-30,0.2763975155279502
2014-02-07,0.2763975155279502
2014-02-10,0.2845927379784099
2014-02-11,0.2911646586345377
2014-02-12,0.30306021717670223
2014-02-13,0.2696969696969688
2014-02-14,0.282025819265143
2014-02-17,0.335759781619653
2014-02-18,0.3682242990654199
2014-02-19,0.37511693171188
2014-02-20,0.3774464119291698
2014-02-21,0.3571428571428565
2014-02-24,0.3955078124999994
2014-02-25,0.406519654841802
2014-02-26,0.39078341013824824
2014-02-27,0.3617594254937158
2014-02-28,0.3542234332425062
2014-03-03,0.3607770582793704
2014-03-04,0.40173160173160116
2014-03-05,0.422723475355054
2014-03-06,0.4474999999999996
2014-03-07,0.4474999999999996
2014-03-10,0.47836349331235206
2014-03-11,0.525514089870525
2014-03-12,0.5889864325618512
2014-03-13,0.5889864325618512
2014-03-14,0.6454948301329391
2014-03-17,0.6465390279823267
2014-03-18,0.5856465809072441
2014-03-19,0.574918602631624
2014-03-20,0.5833534378769604
2014-03-21,0.6014376547553727
2014-03-24,0.6286246571149106
2014-03-25,0.622889212413805
2014-03-26,0.6431876084536147
2014-03-27,0.6700374874738664
2014-03-28,0.6719113790347023
2014-03-31,0.6639216696219646
2014-04-01,0.6558456682144118
2014-04-02,0.657881352070631
2014-04-03,0.6450190837620793
2014-04-04,0.6430529777215466
2014-04-08,0.6509765905500506
2014-04-09,0.6721499235439979
2014-04-10,0.671233471672619
2014-04-11,0.6803155691045556
2014-04-14,0.6766217644600679
2014-04-15,0.6602205849174586
2014-04-16,0.654054657145858
2014-04-17,0.6582201329226783
2014-04-18,0.6682493388399589
2014-04-21,0.7016530835317367
2014-04-22,0.7330455153128185
2014-04-23,0.7309138292756202
2014-04-24,0.760435464307902
2014-04-25,0.7786325153079076
2014-04-28,0.7760560063878016
2014-04-29,0.7883331435286407
2014-04-30,0.7777979219134482
2014-05-05,0.7729516977342964
2014-05-06,0.7737386709474604
2014-05-07,0.7737386709474604
2014-05-08,0.7558963523581085
2014-05-09,0.7490012643725927
2014-05-12,0.7307118668932386
2014-05-13,0.7500397167627437
2014-05-14,0.729113184634068
2014-05-15,0.7313342724894348
2014-05-16,0.8256107834877846
2014-05-19,0.8438016528925619
2014-05-20,0.7960159362549797
2014-05-21,0.8062992125984249
2014-05-22,0.7335423197492166
2014-05-23,0.722222222222222
2014-05-26,0.7101669195751137
2014-05-27,0.6819221967963387
2014-05-28,0.6750572082379861
2014-05-29,0.7015825169555387
2014-05-30,0.7037037037037033
2014-06-03,0.6632277081798084
2014-06-04,0.6484149855907781
2014-06-05,0.6617126680820947
2014-06-06,0.6659678546471
2014-06-09,0.6741649625085209
2014-06-10,0.6774628879892036
2014-06-11,0.6695768972464743
2014-06-12,0.6805194805194806
2014-06-13,0.6885993485342022
2014-06-16,0.677564102564103
2014-06-17,0.668612191958496
2014-06-18,0.6679662118258615
2014-06-19,0.6638157894736847
2014-06-20,0.6441504178272984
2014-06-23,0.6586506346025388
2014-06-24,0.6706989247311834
2014-06-25,0.677931034482759
2014-06-26,0.6816632583503753
2014-06-27,0.6635446685878968
2014-06-30,0.6768707482993204
2014-07-01,0.6748802190280637
2014-07-02,0.6481861738535253
2014-07-03,0.5690157251019221
2014-07-04,0.5605700712589075
2014-07-07,0.569517161140198
2014-07-08,0.5839541547277939
2014-07-09,0.5483293556085923
2014-07-10,0.537003058103976
2014-07-11,0.5252586731588563
2014-07-14,0.5774877650897232
2014-07-15,0.5678531701890995
2014-07-16,0.5881336405529961
2014-07-17,0.5787332945961656
2014-07-18,0.618731117824774
2014-07-21,0.598130841121496
2014-07-22,0.5919075144508679
2014-07-23,0.5804988662131524
2014-07-24,0.5746352413019085
2014-07-25,0.573678290213724
2014-07-28,0.5805911879531519
2014-07-29,0.6296495956873323
2014-07-30,0.6541019955654109
2014-07-31,0.6261176671074613
2014-08-01,0.6243354891595252
2014-08-04,0.5984628931703713
2014-08-05,0.5866395509928606
2014-08-06,0.5951648303286107
2014-08-07,0.5819547440437717
2014-08-08,0.5552706387829368
2014-08-11,0.5474405279564856
2014-08-12,0.5475183417292235
2014-08-13,0.5412339557871373
2014-08-14,0.5280701690545181
2014-08-15,0.5102184300408762
2014-08-18,0.49050025976962974
2014-08-19,0.4886834805742094
2014-08-20,0.46755399316195845
2014-08-21,0.4544281153413995
2014-08-22,0.45850394767977704
2014-08-25,0.4295914706345376
2014-08-26,0.445702935746945
2014-08-27,0.45853979034681047
2014-08-28,0.4966680649289284
2014-08-29,0.4966680649289284
2014-09-01,0.4571306473654068
2014-09-02,0.44387188746468204
2014-09-03,0.43971066716047286
2014-09-04,0.4251893942765038
2014-09-05,0.4287359333776052
2014-09-09,0.32441071589951403
2014-09-10,0.32161583677599986
2014-09-11,0.34711528919626655
2014-09-12,0.34640160157354066
2014-09-15,0.32713176767353463
2014-09-16,0.362520091717556
2014-09-17,0.3648618267051804
2014-09-18,0.3873908735853686
2014-09-19,0.41303642875876995
2014-09-22,0.38544290741538834
2014-09-23,0.3522350470566818
2014-09-24,0.2989003145612819
2014-09-25,0.2899331099621358
2014-09-26,0.30118577075098873
2014-09-29,0.3353383458646624
2014-09-30,0.3419062027231477
2014-10-08,0.36659275683666026
2014-10-09,0.3731884057971022
2014-10-10,0.3609295570079894
2014-10-13,0.39248895434462555
2014-10-14,0.43763518385003713
2014-10-15,0.45639943741209665
2014-10-16,0.4490377761938713
2014-10-17,0.4606741573033723
2014-10-20,0.47954545454545605
2014-10-21,0.48145285935085136
2014-10-22,0.4862174578866779
2014-10-23,0.5137540453074445
2014-10-24,0.5324036095159979
2014-10-27,0.5304777594728176
2014-10-28,0.5171568627450985
2014-10-29,0.48751076658053466
2014-10-30,0.5004198152812769
2014-10-31,0.5306122448979597
2014-11-03,0.5221757322175736
2014-11-04,0.4660194174757287
2014-11-05,0.4598378776713345
2014-11-06,0.48006019563581737
2014-11-07,0.48006019563581737
2014-11-10,0.4963126843657823
2014-11-11,0.5022288261515613
2014-11-12,0.5067466266866576
2014-11-13,0.48259860788863185
2014-11-14,0.48711943793911094
2014-11-17,0.4909520062942571
2014-11-18,0.5175242356450417
2014-11-19,0.5320754716981136
2014-11-20,0.5331325301204826
2014-11-21,0.519938650306749
2014-11-24,0.5365278868813831
2014-11-25,0.5472756410256412
2014-11-26,0.5382139983909897
2014-11-27,0.5360576923076926
2014-11-28,0.5334928229665074
2014-12-01,0.5075757575757578
2014-12-02,0.49281870314983195
2014-12-03,0.4997641537385775
2014-12-04,0.561216471149186
2014-12-05,0.5731664432003545
2014-12-08,0.5619741925978124
2014-12-09,0.5537027537558832
2014-12-10,0.5043297168340476
2014-12-11,0.5254500573249152
2014-12-12,0.5252138551727132
2014-12-15,0.5248977752426203
2014-12-16,0.5164701647086866
2014-12-17,0.497048209448254
2014-12-18,0.49667112639206146
2014-12-19,0.4903678858645212
2014-12-22,0.4577859238247073
2014-12-23,0.469976542779655
2014-12-24,0.4728496212036685
2014-12-25,0.4657078668054165
2014-12-26,0.4517337679585685
2014-12-29,0.4572533577799821
2014-12-30,0.5365210410146439
2014-12-31,0.5468833711479941
2015-01-05,0.49998358689786426
2015-01-06,0.5173504100809769
2015-01-07,0.5099909502787419
2015-01-08,0.5126924475772884
2015-01-09,0.5141560073352014
2015-01-12,0.5111602986311943
2015-01-13,0.5155002447217818
2015-01-14,0.49440078808263943
2015-01-15,0.42805007461939465
2015-01-16,0.4238164627273017
2015-01-19,0.4239783634819496
2015-01-20,0.4337225948840305
2015-01-21,0.43185902795576886
2015-01-22,0.425839126147218
2015-01-23,0.428341093083377
2015-01-26,0.4357330763532349
2015-01-27,0.4567635098503908
2015-01-28,0.4719062663349021
2015-01-29,0.474198047419804
2015-01-30,0.441843971631205
2015-02-02,0.35132957292505956
2015-02-03,0.353127474267616
2015-02-04,0.3607198748043812
2015-02-05,0.3510722795869732
2015-02-06,0.3814345991561176
2015-02-09,0.3455357142857135
2015-02-10,0.364818024263431
2015-02-11,0.3475887170154682
2015-02-12,0.3413762287756921
2015-02-13,0.3466424682395638
2015-02-16,0.3379629629629623
2015-02-17,0.3438077634011082
2015-02-25,0.3683168316831673
2015-02-26,0.4069343065693425
2015-02-27,0.41063244729605775
2015-03-02,0.43397887323943596
2015-03-03,0.4535186794092089
2015-03-04,0.4519480519480513
2015-03-05,0.4404865334491742
2015-03-06,0.42369991474850777
2015-03-09,0.4447345517841601
2015-03-10,0.42977291841883936
2015-03-11,0.42395921835174183
2015-03-12,0.4411764705882352
2015-03-13,0.45346869712351956
2015-03-16,0.44966442953020147
2015-03-17,0.4524207011686146
2015-03-18,0.4857397504456333
2015-03-19,0.5146364494806425
2015-03-20,0.5331516802906454
2015-03-23,0.5270394133822185
2015-03-24,0.5182072829131656
2015-03-25,0.5261707988980721
2015-03-26,0.4811083123425699
2015-03-27,0.4576677316293934
2015-03-30,0.4554931836407384
2015-03-31,0.4373956594323876
2015-04-01,0.42245072836332564
2015-04-02,0.43813559322033957
2015-04-03,0.4003405921310791
2015-04-07,0.39606142295403646
2015-04-08,0.373209841501927
2015-04-09,0.36621173445668415
2015-04-10,0.35749454592227564
2015-04-13,0.39099667372192953
2015-04-14,0.39099667372192953
2015-04-15,0.3942254228055881
2015-04-16,0.3956327537783886
2015-04-17,0.4106214511797127
2015-04-20,0.43727395908210426
2015-04-21,0.4515731318674558
2015-04-22,0.4453938682648764
2015-04-23,0.4519774459702694
2015-04-24,0.43876809883982637
2015-04-27,0.439112740539179
2015-04-28,0.4060768863357516
2015-04-29,0.42333521805744406
2015-04-30,0.42462185353922316
2015-05-04,0.39156997036549285
2015-05-05,0.40112836938952334
2015-05-06,0.4231991208399632
2015-05-07,0.44320539787666524
2015-05-08,0.4356477657499399
2015-05-11,0.41335236278079546
2015-05-12,0.38601262188746693
2015-05-13,0.3943609273575823
2015-05-14,0.38747927256348125
2015-05-15,0.39027703027516303
2015-05-18,0.40778517152495464
2015-05-19,0.3941118881258084
2015-05-20,0.38036301252754434
2015-05-21,0.36615682290850093
2015-05-22,0.3579446462684072
2015-05-25,0.40894393034850895
2015-05-26,0.4111428354570142
2015-05-27,0.4111428354570142
2015-05-28,0.3926418560091405
2015-05-29,0.38398789080991114
2015-06-01,0.366123720933395
2015-06-02,0.43896891584533854
2015-06-03,0.4471042471042482
2015-06-04,0.4703087885985761
2015-06-05,0.4462809917355384
2015-06-08,0.44251134644478185
2015-06-09,0.39068666140489366
2015-06-10,0.40615384615384675
2015-06-11,0.3892405063291146
2015-06-12,0.3883188634569857
2015-06-15,0.3589546502690245
2015-06-16,0.31150038080731224
2015-06-17,0.2970451010886476
2015-06-18,0.305660377358491
2015-06-19,0.30156366344005997
2015-06-23,0.30000000000000066
2015-06-24,0.30621301775147947
2015-06-25,0.30872483221476527
2015-06-26,0.31536189069423926
2015-06-29,0.31536189069423926
2015-06-30,0.3284615384615385
2015-07-01,0.30942028985507253
2015-07-02,0.3255982596084113
2015-07-03,0.31559766763848335
2015-07-06,0.33527272727272683
2015-07-07,0.35672082717872905
2015-07-08,0.3709677419354833
2015-07-09,0.32701421800947816
2015-07-10,0.3720783322804792
2015-07-13,0.40088663711209577
2015-07-14,0.39745222929936275
2015-07-15,0.40689655172413747
2015-07-16,0.42613263296126025
2015-07-17,0.4339250493096644
2015-07-20,0.4339250493096644
2015-07-21,0.46619897959183626
2015-07-22,0.509194673430564
2015-07-23,0.509194673430564
2015-07-24,0.5399746192893397
2015-07-27,0.5434508816120901
2015-07-28,0.526475958612294
2015-07-29,0.5338526063511079
2015-07-30,0.538043478260869
2015-07-31,0.5277108433734935
2015-08-03,0.5502512562814066
2015-08-04,0.5269709543568459
2015-08-05,0.5364520048602673
2015-08-06,0.5020081014006686
2015-08-07,0.48612467428614
2015-08-10,0.45907699239189403
2015-08-11,0.48066943991766004
2015-08-12,0.5131803421538126
2015-08-13,0.5086665339599787
2015-08-14,0.5064351391641528
2015-08-17,0.5239894499863672
2015-08-18,0.5121648235934995
2015-08-19,0.502631901592566
2015-08-20,0.49355982975457274
2015-08-21,0.4658368681289336
2015-08-24,0.4635721019225875
2015-08-25,0.4409502244383721
2015-08-26,0.46843427387812236
2015-08-27,0.4283558195568159
2015-08-28,0.43059092534596194
2015-08-31,0.4482431483929945
2015-09-01,0.4377858338529569
2015-09-02,0.4393829830636135
2015-09-07,0.47805596695875124
2015-09-08,0.45290960553080106
2015-09-09,0.4238943528491721
2015-09-10,0.4241750084058019
2015-09-11,0.40588179988796713
2015-09-14,0.40588179988796713
2015-09-15,0.4132473480612159
2015-09-16,0.39523309360401954
2015-09-17,0.3588861680113612
2015-09-18,0.32531337647915437
2015-09-21,0.3219850223487409
2015-09-22,0.3019457665097501
2015-09-23,0.28166314643220136
2015-09-24,0.29261822700852946
2015-09-25,0.24664532069571804
2015-09-28,0.2646151931765568
2015-09-29,0.2700074968887441
2015-09-30,0.2674041342938161
2015-10-08,0.2765773552290402
2015-10-09,0.2942664418212477
2015-10-12,0.3152664859981932
2015-10-13,0.3077601410934744
2015-10-14,0.3323809523809523
2015-10-15,0.33554502369668243
2015-10-16,0.30174081237911005
2015-10-19,0.3102439024390247
2015-10-20,0.29803186504217477
2015-10-21,0.2692682926829272
2015-10-22,0.289320388349515
2015-10-23,0.2969052224371378
2015-10-26,0.307307307307308
2015-10-27,0.307307307307308
2015-10-28,0.30903790087463606
2015-10-29,0.3510292524377033
2015-10-30,0.33151581243184325
2015-11-02,0.37050359712230263
2015-11-03,0.35273972602739767
2015-11-04,0.3502890173410409
2015-11-05,0.37573616018845774
2015-11-06,0.3808411214953281
2015-11-09,0.4047619047619056
2015-11-10,0.40047961630695506
2015-11-11,0.3818393480791626
2015-11-12,0.35603345280764703
2015-11-13,0.3907514450867062
2015-11-16,0.3956422018348633
2015-11-17,0.36761487964989165
2015-11-18,0.3640303358613228
2015-11-19,0.3688254665203084
2015-11-20,0.38105489773950574
2015-11-23,0.43843843843843905
2015-11-24,0.4600577478344566
2015-11-25,0.4847870182555784
2015-11-26,0.4505183788878423
2015-11-27,0.46217712177121834
2015-11-30,0.4433061307507301
2015-12-01,0.46617274458192115
2015-12-02,0.48709628339384337
2015-12-03,0.4895852558863084
2015-12-04,0.47427017459860654
2015-12-07,0.4604192181245125
2015-12-08,0.4904506134073969
2015-12-09,0.4634500671002812
2015-12-10,0.4562693851960428
2015-12-11,0.4594675111338064
2015-12-14,0.456716047839204
2015-12-15,0.46284311288115026
2015-12-16,0.4803746827046824
2015-12-17,0.46973947832842705
2015-12-18,0.46880759060572347
2015-12-21,0.4733670784415256
2015-12-22,0.5104894143254813
2015-12-23,0.5280493227578518
2015-12-24,0.5176129261057494
2015-12-25,0.5251633719214477
2015-12-28,0.517055688697513
2015-12-29,0.5038989047377077
2015-12-30,0.4699709010631079
2015-12-31,0.47890351412854665
2016-01-04,0.47382019615788284
2016-01-05,0.45659665421883516
2016-01-06,0.4470599392741547
2016-01-07,0.465268908369435
2016-01-08,0.4804166265969331
2016-01-11,0.4633187561604899
2016-01-12,0.4449139487863277
2016-01-13,0.45081905916729453
2016-01-14,0.45555600073234415
2016-01-15,0.45555600073234415
2016-01-18,0.45318041855454294
2016-01-19,0.45225522726263867
2016-01-20,0.4374959718514291
2016-01-21,0.439685035917827
2016-01-22,0.5087218861238368
2016-01-25,0.5301897074679603
2016-01-26,0.5091074681238618
2016-01-27,0.49603174603174616
2016-01-28,0.4816326530612246
2016-01-29,0.46804326450344136
2016-02-01,0.4594594594594593
2016-02-02,0.47868217054263545
2016-02-03,0.47716229348882383
2016-02-04,0.5135983263598324
2016-02-05,0.5348360655737703
2016-02-15,0.5251509054325955
2016-02-16,0.4767123287671232
2016-02-17,0.48694029850746245
2016-02-18,0.45973782771535554
2016-02-19,0.4636449480642113
2016-02-22,0.4671669793621012
2016-02-23,0.4745605920444032
2016-02-24,0.4208494208494207
2016-02-25,0.39539347408829156
2016-02-26,0.40195121951219487
2016-02-29,0.39727361246348564
2016-03-01,0.3823805060918461
2016-03-02,0.41129831516352783
2016-03-03,0.41252485089463187
2016-03-04,0.41658440276406694
2016-03-07,0.4295366795366794
2016-03-08,0.49255121042830524
2016-03-09,0.4628975265017667
2016-03-10,0.4557640750670239
2016-03-11,0.4498644986449863
2016-03-14,0.4498644986449863
2016-03-15,0.479090909090909
2016-03-16,0.5072595281306714
2016-03-17,0.5411985018726592
2016-03-18,0.5411985018726592
2016-03-21,0.5682819383259912
2016-03-22,0.5111308993766696
2016-03-23,0.5192644483362522
2016-03-24,0.5230234578627279
2016-03-25,0.48476702508960556
2016-03-28,0.4554161648133102
2016-03-29,0.472126328529156
2016-03-30,0.4703473698973979
2016-03-31,0.4664496668964163
2016-04-01,0.44925868279094044
2016-04-05,0.4597193077559399
2016-04-06,0.486490908524481
2016-04-07,0.487277614399842
2016-04-08,0.4927177777375783
2016-04-11,0.4749982966415524
2016-04-12,0.5216902345791424
2016-04-13,0.5758384464675227
2016-04-14,0.6148335262381686
2016-04-15,0.6288540780248092
2016-04-18,0.6288540780248092
2016-04-19,0.6455045510274865
2016-04-20,0.6382913212512089
2016-04-21,0.6974792623563115
2016-04-22,0.737329763696893
2016-04-25,0.6926464355917834
2016-04-26,0.6746742054125262
2016-04-27,0.7031258028990095
2016-04-28,0.6824785552598813
2016-04-29,0.6639548480135641
2016-05-03,0.6576718634061046
2016-05-04,0.663024321909248
2016-05-05,0.632285389930615
2016-05-06,0.668668340751232
2016-05-09,0.6167643225333697
2016-05-10,0.5983273184426819
2016-05-11,0.5869377972577438
2016-05-12,0.5939749692591761
2016-05-13,0.5709655519004909
2016-05-16,0.5353562764233802
2016-05-17,0.5353562764233802
2016-05-18,0.511885281014759
2016-05-19,0.5529572753228393
2016-05-20,0.5433663637613719
2016-05-23,0.5416618455826404
2016-05-24,0.5301394546483429
2016-05-25,0.5381355932203383
2016-05-26,0.5562467599792633
2016-05-27,0.5703165542293716
2016-05-30,0.5881763527054104
2016-05-31,0.6166150670794628
2016-06-01,0.6041456016177952
2016-06-02,0.5591836734693872
2016-06-03,0.55873340143003
2016-06-06,0.5544200306591718
2016-06-07,0.5667159034958142
2016-06-08,0.5519348268839099
2016-06-13,0.5494111623143876
2016-06-14,0.5278864970645787
2016-06-15,0.5278864970645787
2016-06-16,0.4963201471941117
2016-06-17,0.4722222222222215
2016-06-20,0.481498612395929
2016-06-21,0.43949999999999917
2016-06-22,0.38928939237898996
2016-06-23,0.4082073434125261
2016-06-24,0.41940789473684126
2016-06-27,0.4225736095965096
2016-06-28,0.4674027339642473
2016-06-29,0.49582463465553167
2016-06-30,0.5148166750376688
2016-07-01,0.501290655653071
2016-07-04,0.5242621310655319
2016-07-05,0.5340519353258198
2016-07-06,0.5422885572139298
2016-07-07,0.5678889990089191
2016-07-08,0.5816275586620064
2016-07-11,0.5558362809499743
2016-07-12,0.5861042183622825
2016-07-13,0.6143222506393858
2016-07-14,0.6143222506393858
2016-07-15,0.6008004002000996
2016-07-18,0.5812859383167793
2016-07-19,0.5788651743883388
2016-07-20,0.5505787619526922
2016-07-21,0.5613134940995379
2016-07-22,0.5493030459473407
2016-07-25,0.523613963039014
2016-07-26,0.5040567951318453
2016-07-27,0.4819087572102775
2016-07-28,0.4746471510716147
2016-07-29,0.4832357637040975
2016-08-01,0.5131147540983602
2016-08-02,0.5066352180343786
2016-08-03,0.5056796659031109
2016-08-04,0.4945850531995628
2016-08-05,0.49710064574090596
2016-08-08,0.5062655874364896
2016-08-09,0.4929063511538469
2016-08-10,0.4860567484087181
2016-08-11,0.535529131167145
2016-08-12,0.5353721931081638
2016-08-15,0.516709687556114
2016-08-16,0.5221656565477232
2016-08-17,0.5513945650412901
2016-08-18,0.5706964488334157
2016-08-19,0.5652954377126026
2016-08-22,0.5503668008566829
2016-08-23,0.5149888802615051
2016-08-24,0.4634826644243119
2016-08-25,0.4243973640237691
2016-08-26,0.412107166945497
2016-08-29,0.3790553816121384
2016-08-30,0.33991156455418814
2016-08-31,0.3715665795973384
2016-09-01,0.3307591241912687
2016-09-02,0.32019172085627956
2016-09-05,0.3617554993047874
2016-09-06,0.30848230983237357
2016-09-07,0.30221043242482765
2016-09-08,0.3253879769007273
2016-09-09,0.35906084188451354
2016-09-12,0.36115552452967037
2016-09-13,0.3481022793215653
2016-09-14,0.3774902699249467
2016-09-19,0.38403975779732596
2016-09-20,0.41204847775612924
2016-09-21,0.43117354350583986
2016-09-22,0.4519400915177616
2016-09-23,0.45623784476297
2016-09-26,0.4512180683332243
2016-09-27,0.444832053237939
2016-09-28,0.4085277934035518
2016-09-29,0.4044715447154469
2016-09-30,0.4064386317907442
2016-10-10,0.4016227180527379
2016-10-11,0.4052419354838706
2016-10-12,0.4004065040650404
2016-10-13,0.44980694980694946
2016-10-14,0.46699029126213554
2016-10-17,0.45911330049261023
2016-10-18,0.47289156626505974
2016-10-19,0.5437330928764648
2016-10-20,0.5340699815837932
2016-10-21,0.5557506584723436
2016-10-24,0.5252252252252247
2016-10-25,0.5509300265721874
2016-10-26,0.5511744966442952
2016-10-27,0.5456810631229234
2016-10-28,0.5960034752389225
2016-10-31,0.62037037037037
2016-11-01,0.640869565217391
2016-11-02,0.617770326906957
2016-11-03,0.5900720576461169
2016-11-04,0.584664536741214
2016-11-07,0.6146341463414634
2016-11-08,0.6532553035844917
2016-11-09,0.6582552271088681
2016-11-10,0.672514619883041
2016-11-11,0.7023255813953487
2016-11-14,0.6972972972972973
2016-11-15,0.6259398496240604
2016-11-16,0.6259398496240604
2016-11-17,0.6334812935954344
2016-11-18,0.612883435582822
2016-11-21,0.6256948733786288
2016-11-22,0.6329497274379164
2016-11-23,0.6250753465943337
2016-11-24,0.6351351351351349
2016-11-25,0.609310548025928
2016-11-28,0.595622119815668
2016-11-29,0.6045165026056745
2016-11-30,0.6130358191426892
2016-12-01,0.6441535259279141
2016-12-02,0.6490685223216286
2016-12-05,0.6437095245542988
2016-12-06,0.6369387946237941
2016-12-07,0.6181681880762626
2016-12-08,0.6023308610691359
2016-12-09,0.5749857837708107
2016-12-12,0.5609641021356723
2016-12-13,0.564272331246954
2016-12-14,0.5330156723676588
2016-12-15,0.5335575570441845
2016-12-16,0.5090815477222378
2016-12-19,0.5242637449912139
2016-12-20,0.5134703465677465
2016-12-21,0.4804413031436634
2016-12-22,0.47817303694636715
2016-12-23,0.4694942883026743
2016-12-26,0.447413092469661
2016-12-27,0.4391800780525256
2016-12-28,0.4612216360147654
2016-12-29,0.4871392426861004
2016-12-30,0.4894044118982256
2017-01-03,0.47265437595120585
2017-01-04,0.4269563147565133
2017-01-05,0.4027139337858897
2017-01-06,0.412244662320634
2017-01-09,0.34168762676733705
2017-01-10,0.3373679281764095
2017-01-11,0.3789868425743463
2017-01-12,0.4277579059334479
2017-01-13,0.43790079850022057
2017-01-16,0.440331183685005
2017-01-17,0.4303506305788382
2017-01-18,0.4039696972056948
2017-01-19,0.4084497809372928
2017-01-20,0.4196523635827094
2017-01-23,0.43307403620593143
2017-01-24,0.44517119825874146
2017-01-25,0.44808305504707985
2017-01-26,0.45683103753779486
2017-02-03,0.41773162939297154
2017-02-06,0.3830584707646181
2017-02-07,0.3778476040848393
2017-02-08,0.37882352941176517
2017-02-09,0.3969526864474741
2017-02-10,0.393481717011129
2017-02-13,0.40714285714285764
2017-02-14,0.4188741721854311
2017-02-15,0.4115674769488692
2017-02-16,0.3930348258706477
2017-02-17,0.39050791007493857
2017-02-20,0.3767068273092378
2017-02-21,0.36026380873866526
2017-02-22,0.36961819658814044
2017-02-23,0.414069456812111
2017-02-24,0.42470694319206553
2017-02-27,0.43717277486911055
2017-02-28,0.4509450945094517
2017-03-01,0.46383363471971106
2017-03-02,0.44631185807656426
2017-03-03,0.43562439496611827
2017-03-06,0.42654028436018965
2017-03-07,0.4343629343629343
2017-03-08,0.4189944134078213
2017-03-09,0.38817005545286515
2017-03-10,0.36952380952380975
2017-03-13,0.3991935483870967
2017-03-14,0.3952095808383233
2017-03-15,0.3909547738693464
2017-03-16,0.31341600901916533
2017-03-17,0.29469122426868855
2017-03-20,0.30527497194163816
2017-03-21,0.3766497461928931
2017-03-22,0.3987473903966594
2017-03-23,0.3987473903966594
2017-03-24,0.3680175246440303
2017-03-27,0.3676148796498903
2017-03-28,0.37374860956618444
2017-03-29,0.35281837160751556
2017-03-30,0.3591923485653561
2017-03-31,0.33700000000000024
2017-04-05,0.35548523206751076
2017-04-06,0.3333333333333335
2017-04-07,0.33201189296333006
2017-04-10,0.3093869731800767
2017-04-11,0.28508384819064425
2017-04-12,0.27536231884057966
2017-04-13,0.2607449856733523
2017-04-14,0.2448470769344902
2017-04-17,0.25433866513948555
2017-04-18,0.2759411553761287
2017-04-19,0.2918247680040027
2017-04-20,0.26634981667008567
2017-04-21,0.25360922010148185
2017-04-24,0.2531520533095698
2017-04-25,0.24865854312687669
2017-04-26,0.23890300864092248
2017-04-27,0.26421227548676196
2017-04-28,0.262293974266744
2017-05-02,0.27033468306784164
2017-05-03,0.28229875808898697
2017-05-04,0.27586376723583744
2017-05-05,0.272989179194455
2017-05-08,0.28190082655478427
2017-05-09,0.2696645723720562
2017-05-10,0.25756211429718384
2017-05-11,0.2528707373503672
2017-05-12,0.2572335033974989
2017-05-15,0.2578901072658163
2017-05-16,0.2447206169471791
2017-05-17,0.24639227324432456
2017-05-18,0.24865389965795132
2017-05-19,0.1850744849484977
2017-05-22,0.16632372484731847
2017-05-23,0.16582401919704892
2017-05-24,0.1659610731309278
2017-05-25,0.17946380949592544
2017-05-26,0.17946380949592544
2017-05-31,0.16261292505676503
2017-06-01,0.15923136633140042
2017-06-02,0.2303380004485111
2017-06-05,0.2649856566515423
2017-06-06,0.27660819202192966
2017-06-07,0.28605305854124
2017-06-08,0.2973679686270738
2017-06-09,0.352605381884373
2017-06-12,0.37428025938185766
2017-06-13,0.38563554276016476
2017-06-14,0.4072059823249487
2017-06-15,0.41200269723533356
2017-06-16,0.42037786774628877
2017-06-19,0.44002607561929596
2017-06-20,0.5183211192538307
2017-06-21,0.5251655629139073
2017-06-22,0.5427295918367346
2017-06-23,0.5587668593448941
2017-06-26,0.518563603164942
2017-06-27,0.481322718922229
2017-06-28,0.49583333333333346
2017-06-29,0.4964328180737217
2017-06-30,0.4885265700483092
2017-07-03,0.49089805825242716
2017-07-04,0.49938271604938267
2017-07-05,0.45628877608573026
2017-07-06,0.4873493975903614
2017-07-07,0.5536951501154734
2017-07-10,0.5674314493564633
2017-07-11,0.5687815833801233
2017-07-12,0.5670800450958284
2017-07-13,0.5616973757677274
2017-07-14,0.5761741122565864
2017-07-17,0.5715068493150688
2017-07-18,0.5876956287101999
2017-07-19,0.588583737210555
2017-07-20,0.6017130620985012
2017-07-21,0.5953389830508475
2017-07-24,0.5897435897435899
2017-07-25,0.5632653061224492
2017-07-26,0.6139438085327784
2017-07-27,0.6183047321892877
2017-07-28,0.5904017857142859
2017-07-31,0.5541967759866594
2017-08-01,0.5798722044728437
2017-08-02,0.5748922413793107
2017-08-03,0.5598111227701997
2017-08-04,0.5445168295331163
2017-08-07,0.5791150353409096
2017-08-08,0.596829768700065
2017-08-09,0.5960533240049817
2017-08-10,0.6222508470042555
2017-08-11,0.6117629164091679
2017-08-14,0.6029104164921745
2017-08-15,0.5847870173093992
2017-08-16,0.5774889728699549
2017-08-17,0.5634842642988754
2017-08-18,0.5485120139090232
2017-08-21,0.5781462658173413
2017-08-22,0.618660330681632
2017-08-23,0.6083892915390993
2017-08-24,0.5511738891751625
2017-08-25,0.5501628417169239
2017-08-28,0.5514911166996566
2017-08-29,0.541533497840811
2017-08-30,0.5875716952299792
2017-08-31,0.5760073151934954
2017-09-01,0.5407280114968774
2017-09-04,0.5304527117249141
2017-09-05,0.5418139744250265
2017-09-06,0.531149659128877
2017-09-07,0.5591324487661398
2017-09-08,0.533394080105181
2017-09-11,0.5256672557955343
2017-09-12,0.5187565448013378
2017-09-13,0.514880489011944
2017-09-14,0.48523890059553465
2017-09-15,0.4905089057514851
2017-09-18,0.4963291576254256
2017-09-19,0.49462333378945617
2017-09-20,0.4693106130815076
2017-09-21,0.47636095771154197
2017-09-22,0.5131660581984956
2017-09-25,0.5314587630010792
2017-09-26,0.4833556718286507
2017-09-27,0.4833556718286507
2017-09-28,0.4930448222565686
2017-09-29,0.5119047619047618
2017-10-09,0.46434403919433836
2017-10-10,0.43815862451469767
2017-10-11,0.43815862451469767
2017-10-12,0.3970238095238095
2017-10-13,0.3970238095238095
2017-10-16,0.3776693105552168
2017-10-17,0.3924955330553903
2017-10-18,0.3934328358208956
2017-10-19,0.3934328358208956
2017-10-20,0.4178041543026707
2017-10-23,0.43490783410138245
2017-10-24,0.38350391330523775
2017-10-25,0.3893858079904592
2017-10-26,0.4397306397306396
2017-10-27,0.4483677548301133
2017-10-30,0.4433465085638999
2017-10-31,0.4471760797342193
2017-11-01,0.4369973190348527
2017-11-02,0.49692412850307577
2017-11-03,0.4989704873026768
2017-11-06,0.49550794747753957
2017-11-07,0.49931412894375854
2017-11-08,0.5241046831955922
2017-11-09,0.535305985205111
2017-11-10,0.5685714285714285
2017-11-13,0.5916305916305918
2017-11-14,0.5718370264474625
2017-11-15,0.5693745506829619
2017-11-16,0.5970479704797048
2017-11-17,0.5935436537050621
2017-11-20,0.5893118594436308
2017-11-21,0.6163859111791725
2017-11-22,0.6235476374903169
2017-11-23,0.6496034607065604
2017-11-24,0.6260364842454388
2017-11-27,0.6219110378912677
2017-11-28,0.6774193548387092
2017-11-29,0.6774193548387092
2017-11-30,0.701754385964912
2017-12-01,0.6709956709956711
2017-12-04,0.6489904096615755
2017-12-05,0.6414578969938411
2017-12-06,0.5727597165007402
2017-12-07,0.5591502759995828
2017-12-08,0.5324500132463229
2017-12-11,0.5477880154374017
2017-12-12,0.5112059739656529
2017-12-13,0.5161801892402829
2017-12-14,0.5024689362307074
2017-12-15,0.48881848786613014
2017-12-18,0.4659113940281345
2017-12-19,0.4925820697606456
2017-12-20,0.46320819903109345
2017-12-21,0.4510818112154704
2017-12-22,0.4330813849858938
2017-12-25,0.4580161945779138
2017-12-26,0.47225352874246374
2017-12-27,0.475197899246469
2017-12-28,0.44364675903897816
2017-12-29,0.4600790079209107
2018-01-02,0.4583418183765745
2018-01-03,0.44155430742477464
2018-01-04,0.4208365139876504
2018-01-05,0.3892632115747204
2018-01-08,0.3905656820798987
2018-01-09,0.3553906353104211
2018-01-10,0.36505713203901213
2018-01-11,0.3577804505096029
2018-01-12,0.35611328288583777
2018-01-15,0.3538613205585367
2018-01-16,0.34840907773958374
2018-01-17,0.3493937783439375
2018-01-18,0.34713602913907665
2018-01-19,0.28734500352548503
2018-01-22,0.27587475217743
2018-01-23,0.27540613651531115
2018-01-24,0.2623590378331793
2018-01-25,0.2856587031241581
2018-01-26,0.24224964849242217
2018-01-29,0.2382767720206041
2018-01-30,0.23480083857442235
2018-01-31,0.23728813559321912
2018-02-01,0.2597864768683262
2018-02-02,0.2624113475177293
2018-02-05,0.2723926380368088
2018-02-06,0.33816964285714196
2018-02-07,0.353558926487747
2018-02-08,0.3525345622119807
2018-02-09,0.3601485148514845
2018-02-12,0.3786057692307689
2018-02-13,0.38528678304239344
2018-02-14,0.3875776397515527
2018-02-22,0.39593908629441615
2018-02-23,0.396946564885496
2018-02-26,0.4681872749099637
2018-02-27,0.4824766355140185
2018-02-28,0.4657039711191332
2018-03-01,0.4657039711191332
2018-03-02,0.4669030732860511
2018-03-05,0.46309523809523784
2018-03-06,0.4219088937093274
2018-03-07,0.3918495297805641
2018-03-08,0.4006376195536662
2018-03-09,0.4161147902869757
2018-03-12,0.4089935760171305
2018-03-13,0.41566920565832394
2018-03-14,0.41566920565832394
2018-03-15,0.4313725490196072
2018-03-16,0.43870967741935424
2018-03-19,0.43964562569213667
2018-03-20,0.3706816059757233
2018-03-21,0.3538324420677359
2018-03-22,0.3547810545129577
2018-03-23,0.3655723158828746
2018-03-26,0.3822075782537064
2018-03-27,0.3866891322662169
2018-03-28,0.379966887417218
2018-03-29,0.36033755274261553
2018-03-30,0.32397572078907394
2018-04-02,0.3208114199849732
2018-04-03,0.36525612472160307
2018-04-04,0.36525612472160307
2018-04-09,0.3730098559514779
2018-04-10,0.43317340644276847
2018-04-11,0.44041811846689827
2018-04-12,0.41144268976721754
2018-04-13,0.4166074710444471
2018-04-16,0.4321193860280355
2018-04-17,0.43490544845936463
2018-04-18,0.4109260959151323
2018-04-19,0.41669479343440063
2018-04-20,0.3995406278226129
2018-04-23,0.40720386678143355
2018-04-24,0.4266425940240923
2018-04-25,0.38464384665870827
2018-04-26,0.3727425258026959
2018-04-27,0.37921330846642154
2018-05-02,0.3907255528136642
2018-05-03,0.4264633641492423
2018-05-04,0.42250318408059556
2018-05-07,0.4450993519406062
2018-05-08,0.462237935329177
2018-05-09,0.4597855976129646
2018-05-10,0.4719626651090517
2018-05-11,0.4781114569133767
2018-05-14,0.5021569400698621
2018-05-15,0.5021569400698621
2018-05-16,0.46728625351123554
2018-05-17,0.45175567360069185
2018-05-18,0.45688757655293066
2018-05-21,0.5586227380839994
2018-05-22,0.5994452915088336
2018-05-23,0.6320826764242513
2018-05-24,0.6039079634327306
2018-05-25,0.6008316542805381
2018-05-28,0.5885543438792122
2018-05-29,0.6124349573586995
2018-05-30,0.6180218091271558
2018-05-31,0.6826689504532331
2018-06-01,0.6828396061629672
2018-06-04,0.6686474201620038
2018-06-05,0.6575516070367688
2018-06-06,0.6406386152972198
2018-06-07,0.5928393005828475
2018-06-08,0.5900974025974024
2018-06-11,0.5791164658634539
2018-06-12,0.5642458100558659
2018-06-13,0.5564581640942324
2018-06-14,0.5539513677811546
2018-06-15,0.5709828393135723
2018-06-19,0.5641838351822502
2018-06-20,0.6025835866261395
2018-06-21,0.609923664122137
2018-06-22,0.6092767295597483
2018-06-25,0.6180223285486438
2018-06-26,0.626182965299684
2018-06-27,0.6272944932162803
2018-06-28,0.61630695443645
2018-06-29,0.5818815331010445
2018-07-02,0.5685106382978719
2018-07-03,0.5782145782145778
2018-07-04,0.5814345991561177
2018-07-05,0.5698924731182792
2018-07-06,0.5575757575757572
2018-07-09,0.5567986230636829
2018-07-10,0.5679530201342278
2018-07-11,0.5693979933110366
2018-07-12,0.603053435114504
2018-07-13,0.616117850953206
2018-07-16,0.6176975945017181
2018-07-17,0.5871985157699442
2018-07-18,0.5741935483870969
2018-07-19,0.5227272727272727
2018-07-20,0.5205761316872428
2018-07-23,0.5249745158002038
2018-07-24,0.5114200595829195
2018-07-25,0.46673387096774216
2018-07-26,0.46403242147922985
2018-07-27,0.505376344086022
2018-07-30,0.5232443125618201
2018-07-31,0.5125125125125125
2018-08-01,0.5240532241555781
2018-08-02,0.5229826353421859
2018-08-03,0.5353233830845775
2018-08-06,0.588878760255242
2018-08-07,0.6072727272727277
2018-08-08,0.6196660482374775
2018-08-09,0.6530706987342231
2018-08-10,0.6713074001559616
2018-08-13,0.6825762667656478
2018-08-14,0.6947566273893513
2018-08-15,0.6760739682024871
2018-08-16,0.674358786640973
2018-08-17,0.6150563369018861
2018-08-20,0.6094588601677962
2018-08-21,0.6141213856172852
2018-08-22,0.6156078882212591
2018-08-23,0.612076630357445
2018-08-24,0.6218352101758918
2018-08-27,0.6030177079465432
2018-08-28,0.598819981891834
2018-08-29,0.6194489264562979
2018-08-30,0.6313609605681186
2018-08-31,0.6162010342964346
2018-09-03,0.6172337890068984
2018-09-04,0.5868069235388615
2018-09-05,0.5834030438474417
2018-09-06,0.5955442917645217
2018-09-07,0.6093220131751204
2018-09-10,0.6084417144801071
2018-09-11,0.6078563085906139
2018-09-12,0.5945772304966732
2018-09-13,0.5945772304966732
2018-09-14,0.6355856475342293
2018-09-17,0.647083472995999
2018-09-18,0.6941217786339391
2018-09-19,0.7151022281692032
2018-09-20,0.7086105618827842
2018-09-21,0.6887086326935882
2018-09-25,0.6780043178427736
2018-09-26,0.6629656828818055
2018-09-27,0.6718188637002026
2018-09-28,0.6861223238261047
2018-10-08,0.6820349609214079
2018-10-09,0.6712954393742947
2018-10-10,0.6814882032667876
2018-10-11,0.6987124463519313
2018-10-12,0.6803278688524591
2018-10-15,0.6713483146067416
2018-10-16,0.6857654431512982
2018-10-17,0.6710402999062792
2018-10-18,0.6820652173913044
2018-10-19,0.6820652173913044
2018-10-22,0.7140151515151516
2018-10-23,0.7256977863330124
2018-10-24,0.7175421209117937
2018-10-25,0.6779026217228461
2018-10-26,0.6843100189035917
2018-10-29,0.7103209019947962
2018-10-30,0.7432915921288015
2018-10-31,0.7478184991273995
2018-11-01,0.7165919282511213
2018-11-02,0.7159498207885305
2018-11-05,0.7083333333333336
2018-11-06,0.694178974804518
2018-11-07,0.7133928571428572
2018-11-08,0.7003454231433509
2018-11-09,0.7049319727891157
2018-11-12,0.7098662207357861
2018-11-13,0.6914893617021279
2018-11-14,0.6737880032867708
2018-11-15,0.7184313725490198
2018-11-16,0.7184313725490198
2018-11-19,0.7168769716088328
2018-11-20,0.700080840743735
2018-11-21,0.695402298850575
2018-11-22,0.6746153846153851
2018-11-23,0.6702536510376639
2018-11-26,0.6622464898595951
2018-11-27,0.6284233900814218
2018-11-28,0.6420972644376904
2018-11-29,0.5966325036603226
2018-11-30,0.6005895357406046
2018-12-03,0.6035335689045939
2018-12-04,0.5856720827178733
2018-12-05,0.566795366795367
2018-12-06,0.5593087195600944
2018-12-07,0.550120288692863
2018-12-10,0.5430359937402192
2018-12-11,0.5096557514693536
2018-12-12,0.5196971322066222
2018-12-13,0.5144397076377577
2018-12-14,0.5144397076377577
2018-12-17,0.5110296146486746
2018-12-18,0.5085502313164886
2018-12-19,0.5156007701243217
2018-12-20,0.5350374501467691
2018-12-21,0.5292593671472573
2018-12-24,0.48412475185370846
2018-12-25,0.4585858865060592
2018-12-26,0.4533773494055794
2018-12-27,0.45502600553386446
2018-12-28,0.45157920966214216
2019-01-02,0.46842486336670647
2019-01-03,0.44645380896529163
2019-01-04,0.44367326131072227
2019-01-07,0.4548889433905168
2019-01-08,0.4806033046016778
2019-01-09,0.4768608543677082
2019-01-10,0.49104984142024344
2019-01-11,0.506155903742956
2019-01-14,0.45164765971986776
2019-01-15,0.4274052423290924
2019-01-16,0.408968012625582
2019-01-17,0.40939507319309926
2019-01-18,0.389952556836273
2019-01-21,0.38356738169626864
2019-01-22,0.41044597215462997
2019-01-23,0.3937700512036026
2019-01-24,0.41927928075688653
2019-01-25,0.41844909361983434
2019-01-28,0.453764727936567
2019-01-29,0.45033130777056923
2019-01-30,0.4145298752148128
2019-01-31,0.40920285892792907
2019-02-01,0.39575633746628175
2019-02-11,0.3647394609823545
2019-02-12,0.3686707429395639
2019-02-13,0.3721212121212112
2019-02-14,0.36729857819905143
2019-02-15,0.36526946107784325
2019-02-18,0.36374549819927937
2019-02-19,0.36374549819927937
2019-02-20,0.3686176836861767
2019-02-21,0.3645320197044334
2019-02-22,0.3783132530120484
2019-02-25,0.38489646772228986
2019-02-26,0.37574316290130816
2019-02-27,0.35069444444444475
2019-02-28,0.367718446601942
2019-03-01,0.38343195266272173
2019-03-04,0.4023809523809525
2019-03-05,0.4266211604095566
2019-03-06,0.4266211604095566
2019-03-07,0.5028248587570626
2019-03-08,0.506257110352674
2019-03-11,0.48123620309050835
2019-03-12,0.48294829482948354
2019-03-13,0.4671201814058964
2019-03-14,0.4763995609220646
2019-03-15,0.4622124863088728
2019-03-18,0.4744444444444459
2019-03-19,0.5422077922077934
2019-03-20,0.549342105263159
2019-03-21,0.5439739413680793
2019-03-22,0.5449620801733489
2019-03-25,0.5526036131774715
2019-03-26,0.5388828039430458
2019-03-27,0.5324675324675333
2019-03-28,0.5400658616904509
2019-03-29,0.5462555066079303
2019-04-01,0.5310492505353328
2019-04-02,0.5457413249211367
2019-04-03,0.5614035087719311
2019-04-04,0.5647442872687716
2019-04-08,0.5853658536585378
2019-04-09,0.6052803724548442
2019-04-10,0.6276009036436471
2019-04-11,0.6220983455391045
2019-04-12,0.6314171928780123
2019-04-15,0.6227201109556054
2019-04-16,0.6259209428142078
2019-04-17,0.6198927132955643
2019-04-18,0.6361054786213478
2019-04-19,0.6487693362755698
2019-04-22,0.6485308472735652
2019-04-23,0.6384839539566235
2019-04-24,0.6618810222518432
2019-04-25,0.6925615542074038
2019-04-26,0.6862484122674276
2019-04-29,0.6368529682324315
2019-04-30,0.6306779093658387
2019-05-06,0.6446912315879477
2019-05-07,0.6598919851245206
2019-05-08,0.6355685598037726
2019-05-09,0.6370475163471286
2019-05-10,0.6756170910334584
2019-05-13,0.621087550353017
2019-05-14,0.6307523196380432
2019-05-15,0.6241844114921283
2019-05-16,0.6398448710368958
2019-05-17,0.6589290503823759
2019-05-20,0.6014288895182599
2019-05-21,0.5760032549263381
2019-05-22,0.5894933154286729
2019-05-23,0.564673481981573
2019-05-24,0.569067219687439
2019-05-27,0.5932808861784774
2019-05-28,0.6465109250070866
2019-05-29,0.6333369399269217
2019-05-30,0.6912932654903423
2019-05-31,0.7116038202137988
2019-06-03,0.7180487756223726
2019-06-04,0.7228843740285602
2019-06-05,0.7040143588381319
2019-06-06,0.6937295109673397
2019-06-10,0.6566901408450705
2019-06-11,0.6703296703296704
2019-06-12,0.6737468139337298
2019-06-13,0.6805555555555557
2019-06-14,0.6907563025210085
2019-06-17,0.6854700854700857
2019-06-18,0.6716917922948076
2019-06-19,0.6598860862489829
2019-06-20,0.65531561461794
2019-06-21,0.6547420965058235
2019-06-24,0.6350245499181666
2019-06-25,0.5928189457601217
2019-06-26,0.5857359635811833
2019-06-27,0.5944108761329302
2019-06-28,0.6050860134629765
2019-07-01,0.6050860134629765
2019-07-02,0.6121391561806065
2019-07-03,0.6083707025411056
2019-07-04,0.6077844311377241
2019-07-05,0.6029850746268653
2019-07-08,0.6099706744868034
2019-07-09,0.6389290882778581
2019-07-10,0.6539528432732316
2019-07-11,0.6552447552447551
2019-07-12,0.6616334934797528
2019-07-15,0.6298611111111111
2019-07-16,0.644633972992182
2019-07-17,0.6732954545454546
2019-07-18,0.6732954545454546
2019-07-19,0.7117607070020395
2019-07-22,0.7285531370038413
2019-07-23,0.6998697916666666
2019-07-24,0.6949152542372885
2019-07-25,0.6904145077720208
2019-07-26,0.6510948905109488
2019-07-29,0.5769728331177228
2019-07-30,0.513133781307269
2019-07-31,0.5039901780233269
2019-08-01,0.5118898623279096
2019-08-02,0.518587360594795
2019-08-05,0.5153940886699503
2019-08-06,0.4712362301101585
2019-08-07,0.472103004291845
2019-08-08,0.4791725737068143
2019-08-09,0.43290814526302973
2019-08-12,0.42077610528271875
2019-08-13,0.43290067145249767
2019-08-14,0.43468629018433697
2019-08-15,0.43623111388177005
2019-08-16,0.4413970337567121
2019-08-19,0.4620112409005094
2019-08-20,0.47754685324919405
2019-08-21,0.4756445996961479
2019-08-22,0.48916109510256717
2019-08-23,0.49982697450058483
2019-08-26,0.5380589968120731
2019-08-27,0.5390379900159578
2019-08-28,0.5166414423794369
2019-08-29,0.5181089500774998
2019-08-30,0.5203761151467265
2019-09-02,0.5119947986996742
2019-09-03,0.5076311225791444
2019-09-04,0.5008581565798136
2019-09-05,0.5034823582092584
2019-09-06,0.49285713691727967
2019-09-09,0.4906059845106491
2019-09-10,0.4821580637200292
2019-09-11,0.46623553885428065
2019-09-12,0.46623553885428065
2019-09-16,0.45122044880993795
2019-09-17,0.4762516347927721
2019-09-18,0.497585674427766
2019-09-19,0.4941182597729833
2019-09-20,0.501590083047535
2019-09-23,0.5064925775422952
2019-09-24,0.5332818346977949
2019-09-25,0.5819889257703358
2019-09-26,0.5615148999361173
2019-09-27,0.5545020527761196
2019-09-30,0.5602474395415246
2019-10-08,0.5445717824225725
2019-10-09,0.5899324739103747
2019-10-10,0.5899324739103747
2019-10-11,0.5884165126309308
2019-10-14,0.6423884514435698
2019-10-15,0.6470588235294122
2019-10-16,0.6414844267726977
2019-10-17,0.6527958387516261
2019-10-18,0.6435897435897442
2019-10-21,0.6361256544502625
2019-10-22,0.6739002932551323
2019-10-23,0.6988737403675169
2019-10-24,0.6985422740524789
2019-10-25,0.6884057971014501
2019-10-28,0.7001743172574093
2019-10-29,0.6985981308411223
2019-10-30,0.6822660098522175
2019-10-31,0.7039106145251405
2019-11-01,0.6744186046511637
2019-11-04,0.6753623188405802
2019-11-05,0.6717467760844085
2019-11-06,0.6499123319696088
2019-11-07,0.627068557919622
2019-11-08,0.6250742721330959
2019-11-11,0.624778761061947
2019-11-12,0.5867490174059518
2019-11-13,0.595781071835804
2019-11-14,0.5920679886685554
2019-11-15,0.5893258426966294
2019-11-18,0.5577244841048523
2019-11-19,0.4703222159412098
2019-11-20,0.468820861678005
2019-11-21,0.46696781479390237
2019-11-22,0.44872490504612095
2019-11-25,0.44206479956068134
2019-11-26,0.4631760644418876
2019-11-27,0.4796430563301733
2019-11-28,0.4960674157303375
2019-11-29,0.4900110987791346
2019-12-02,0.48399775407074724
2019-12-03,0.5361173814898422
2019-12-04,0.5161859917598588
2019-12-05,0.5170928442412274
2019-12-06,0.5007852046353547
2019-12-09,0.4961878591982173
2019-12-10,0.44710159562168567
2019-12-11,0.42774939446359356
2019-12-12,0.4169937768249205
2019-12-13,0.42183902501951787
2019-12-16,0.40096295610588156
2019-12-17,0.32843761112209985
2019-12-18,0.3151727144199039
2019-12-19,0.30152263139060037
2019-12-20,0.30152263139060037
2019-12-23,0.26598093171557546
2019-12-24,0.20563185346233223
2019-12-25,0.19993242445052242
2019-12-26,0.18847688962800413
2019-12-27,0.19469712352984847
2019-12-30,0.15786670833271285
2019-12-31,0.1525681577949052
2020-01-02,0.16539409349340958
2020-01-03,0.1800905387183133
2020-01-06,0.17506555866181486
2020-01-07,0.1665724345738173
2020-01-08,0.1833376862755864
2020-01-09,0.19229045577450196
2020-01-10,0.1829466249102606
2020-01-13,0.17936275889367542
2020-01-14,0.19088527907563071
2020-01-15,0.20894711376720468
2020-01-16,0.19618407989511874
2020-01-17,0.24623015307001161
2020-01-20,0.25826492695923337
2020-01-21,0.2833966630678335
2020-01-22,0.2833966630678335
2020-01-23,0.23517033397506323
2020-02-03,0.2287914865260215
2020-02-04,0.20606665808372546
2020-02-05,0.17509487269344529
2020-02-06,0.17808904452226118
2020-02-07,0.19460784313725504
2020-02-10,0.20435835351089593
2020-02-11,0.21560077519379844
2020-02-12,0.21254863813229574
2020-02-13,0.22689511941848392
2020-02-14,0.23406534547402252
2020-02-17,0.23651895355045366
2020-02-18,0.26891615541922287
2020-02-19,0.2873563218390804
2020-02-20,0.32781124497991954
2020-02-21,0.3403940886699506
2020-02-24,0.3599999999999998
2020-02-25,0.3672763222936231
2020-02-26,0.3665158371040722
2020-02-27,0.3767228177641653
2020-02-28,0.36105675146771027
2020-03-02,0.3451824134705331
2020-03-03,0.37931034482758597
2020-03-04,0.4101299865531152
2020-03-05,0.414027149321267
2020-03-06,0.41269841269841256
2020-03-09,0.39258597588209027
2020-03-10,0.3951219512195121
2020-03-11,0.40481599273057683
2020-03-12,0.388743455497382
2020-03-13,0.3658026755852841
2020-03-16,0.3734528382415705
2020-03-17,0.38280581693755333
2020-03-18,0.38005159071367145
2020-03-19,0.36378600823045265
2020-03-20,0.35465587044534413
2020-03-23,0.33305439330543934
2020-03-24,0.32489795918367353
2020-03-25,0.3150800336983995
2020-03-26,0.3121869782971621
2020-03-27,0.32985204525674516
2020-03-30,0.33419801124081294
2020-03-31,0.36342266102491805
2020-04-01,0.41716135995682707
2020-04-02,0.400333148250972
2020-04-03,0.3850509626274068
2020-04-07,0.3956594323873124
2020-04-08,0.4425051334702261
2020-04-09,0.4425051334702261
2020-04-10,0.47131147540983637
2020-04-13,0.47792207792207814
2020-04-14,0.4793941129342486
2020-04-15,0.44635906579720636
2020-04-16,0.45257309512094035
2020-04-17,0.4233114073691466
2020-04-20,0.4085789906680304
2020-04-21,0.3810470040837583
2020-04-22,0.36696968329195856
2020-04-23,0.3633052011308494
2020-04-24,0.3575361913188279
2020-04-27,0.3842748539085288
2020-04-28,0.39976397077030923
2020-04-29,0.3501757158035258
2020-04-30,0.32254255897526196
2020-05-06,0.3459150472595904
2020-05-07,0.320337639539759
2020-05-08,0.3353344058581279
2020-05-11,0.3379302936774493
2020-05-12,0.34232148361390563
2020-05-13,0.34141706722209775
2020-05-14,0.35829634770975294
2020-05-15,0.37978981418814567
2020-05-18,0.3748558518453248
2020-05-19,0.3581612122127126
2020-05-20,0.4058617741387491
2020-05-21,0.4169798032648043
2020-05-22,0.4208956543208376
2020-05-25,0.44446569222931975
2020-05-26,0.4218051506593269
2020-05-27,0.4130158984826474
2020-05-28,0.4108619681783086
2020-05-29,0.38852831406047317
2020-06-01,0.3936456550113822
2020-06-02,0.40272152684924045
2020-06-03,0.37376272688088213
2020-06-04,0.3729954653974032
2020-06-05,0.34306294201117554
2020-06-08,0.2634062131582445
2020-06-09,0.2516219885538707
2020-06-10,0.21694158564233246
2020-06-11,0.20928527212987202
2020-06-12,0.1811750404271821
2020-06-15,0.1908907213796039
2020-06-16,0.1547609269724657
2020-06-17,0.1547609269724657
2020-06-18,0.15223008653904582
2020-06-19,0.20459189024562052
2020-06-22,0.21768499476064782
2020-06-23,0.24047902551742048
2020-06-24,0.2429850319130154
2020-06-29,0.24031801906548036
2020-06-30,0.25024050851137075
2020-07-01,0.25972836150353035
2020-07-02,0.28046420637618436
2020-07-03,0.2608094960373527
2020-07-06,0.28110280343022725
2020-07-07,0.27936705667772377
2020-07-08,0.2980739218911588
2020-07-09,0.2914233943124376
2020-07-10,0.30606832950500024
2020-07-13,0.3137439593453306
2020-07-14,0.328885637669459
2020-07-15,0.3447754511114341
2020-07-16,0.36899874545770583
2020-07-17,0.33890938698246514
2020-07-20,0.34572763549001057
2020-07-21,0.36928461825232595
2020-07-22,0.38227235895640915
2020-07-23,0.4050342226926297
2020-07-24,0.44173669609445126
2020-07-27,0.47271973893803004
2020-07-28,0.5294894791826852
2020-07-29,0.5123979256344996
2020-07-30,0.49856189606370327
2020-07-31,0.5497445065176909
2020-08-03,0.5547934784373607
2020-08-04,0.5382471684329473
2020-08-05,0.5354737922861839
2020-08-06,0.5686583767058053
2020-08-07,0.5541765982314839
2020-08-10,0.5413614298928968
2020-08-11,0.5397003746050734
2020-08-12,0.5247723488816923
2020-08-13,0.5376344086021511
2020-08-14,0.5376344086021511
2020-08-17,0.5316172355903755
2020-08-18,0.5056586686311744
2020-08-19,0.5015709803401605
2020-08-20,0.4883625899658503
2020-08-21,0.4762289425633963
2020-08-24,0.4692886189319145
2020-08-25,0.47110410282858056
2020-08-26,0.4680466173441152
2020-08-27,0.44856272124843133
2020-08-28,0.4449627423023535
2020-08-31,0.44357271958358074
2020-09-01,0.43318043281685475
2020-09-02,0.4173586470554438
2020-09-03,0.3937322899719313
2020-09-04,0.3940749772030816
2020-09-07,0.39517089450455667
2020-09-08,0.3618157829048244
2020-09-09,0.37144534104894555
2020-09-10,0.36776559087089883
2020-09-11,0.3629894009735506
2020-09-14,0.3710836067232424
2020-09-15,0.3411273572364613
2020-09-16,0.307331580875425
2020-09-17,0.3116234141553143
2020-09-18,0.28722973742152774
2020-09-21,0.25806868657350374
2020-09-22,0.19153020706855237
2020-09-23,0.19884453675740124
2020-09-24,0.200033228767872
2020-09-25,0.17452149730594135
2020-09-28,0.19596480720956402
2020-09-29,0.21048103275869276
2020-09-30,0.20875627564094623
2020-10-09,0.2225659461360369
2020-10-12,0.2773811117271761
2020-10-13,0.3073795810414483
2020-10-14,0.30024349660125016
2020-10-15,0.31555262716374716
2020-10-16,0.31065293055909915
2020-10-19,0.31065293055909915
2020-10-20,0.36959506551443244
2020-10-21,0.3516832830612909
2020-10-22,0.34062466969628
2020-10-23,0.33582268444931407
2020-10-26,0.37214502578198533
2020-10-27,0.38623965817504036
2020-10-28,0.37931356141673095
2020-10-29,0.3612242049627998
2020-10-30,0.37797807510281095
2020-11-02,0.38969751593200713
2020-11-03,0.39789435204210993
2020-11-04,0.39787620676856117
2020-11-05,0.39360631749931113
2020-11-06,0.4263004879245698
2020-11-09,0.45008406396800943
2020-11-10,0.44293812937048505
2020-11-11,0.4306722371169641
2020-11-12,0.3857722420157407
2020-11-13,0.38651608394500386
2020-11-16,0.3737491603144746
2020-11-17,0.3562957205449034
2020-11-18,0.34848529720949056
2020-11-19,0.36268105326129496
2020-11-20,0.34422947594487824
2020-11-23,0.35285217326475715
2020-11-24,0.3472110686596247
2020-11-25,0.3737927564705991
2020-11-26,0.3725014182424981
2020-11-27,0.3794875887873628
2020-11-30,0.3546663124610162
2020-12-01,0.3614142750956329
2020-12-02,0.363243968061568
2020-12-03,0.3651590801656799
2020-12-04,0.34778185988590876
2020-12-07,0.3089351656757348
2020-12-08,0.37031067640785886
2020-12-09,0.39819939072290755
2020-12-10,0.378165235121182
2020-12-11,0.45823672445801167
2020-12-14,0.45823672445801167
2020-12-15,0.49435576309297463
2020-12-16,0.5051209968003108
2020-12-17,0.5053896775498179
2020-12-18,0.5095910403689419
2020-12-21,0.47285372636319306
2020-12-22,0.5201184943478476
2020-12-23,0.5204229121267386
2020-12-24,0.5491675007473897
2020-12-25,0.5345646438900056
2020-12-28,0.5317081027932472
2020-12-29,0.5494654507241264
2020-12-30,0.5571793363161229
2020-12-31,0.560551697108076
2021-01-04,0.5642921673126762
2021-01-05,0.5845822075929292
2021-01-06,0.5938606387145187
2021-01-07,0.6493599713588167
2021-01-08,0.6658024706337472
2021-01-11,0.6778367585263424
2021-01-12,0.7150389907314973
2021-01-13,0.7253309155363867
2021-01-14,0.7392229781456812
2021-01-15,0.7200181274047845
2021-01-18,0.7619354331334593
2021-01-19,0.7629222679966615
2021-01-20,0.7436502234649849
2021-01-21,0.75128184375232
2021-01-22,0.7414950388684001
2021-01-25,0.7152570331505875
2021-01-26,0.7046928115732924
2021-01-27,0.7032583435761119
2021-01-28,0.6988439858792355
2021-01-29,0.7043421616275558
2021-02-01,0.7104290251750526
2021-02-02,0.6990944110468893
2021-02-03,0.6884504726674885
2021-02-04,0.6761523046092183
2021-02-05,0.69658295594895
2021-02-08,0.6917748917748918
2021-02-09,0.6876075731497416
2021-02-10,0.6548059149722738
2021-02-18,0.6502808988764046
2021-02-19,0.6714932126696835
2021-02-22,0.6836601307189546
2021-02-23,0.6799136069114476
2021-02-24,0.6412944393801282
2021-02-25,0.6414503133393024
2021-02-26,0.6648305084745769
2021-03-01,0.6648305084745769
2021-03-02,0.6192214111922147
2021-03-03,0.602173004596741
2021-03-04,0.613955408753097
2021-03-05,0.6283540248297962
2021-03-08,0.6262585581957313
2021-03-09,0.5976403580146464
2021-03-10,0.6095163193079043
2021-03-11,0.5864223240316536
2021-03-12,0.5634280865507002
2021-03-15,0.5667368421052634
2021-03-16,0.5091973244147162
2021-03-17,0.5091973244147162
2021-03-18,0.4922145328719728
2021-03-19,0.48487430762675804
2021-03-22,0.4368081180811813
2021-03-23,0.44050291872474195
2021-03-24,0.4592696629213487
2021-03-25,0.47356215213358116
2021-03-26,0.4746008708272863
2021-03-29,0.5123367198838901
2021-03-30,0.4995283018867926
2021-03-31,0.4876871076774505
2021-04-01,0.4699860400186135
2021-04-02,0.46634844868735087
2021-04-06,0.4528478057889823
2021-04-07,0.46637848222862616
2021-04-08,0.452127659574468
2021-04-09,0.4641266699653639
2021-04-12,0.4410232117479868
2021-04-13,0.44234404536862004
2021-04-14,0.45539467538533396
2021-04-15,0.46386510471343106
2021-04-16,0.48879539609319167
2021-04-19,0.48374500132028364
2021-04-20,0.46317125053020053
2021-04-21,0.4935693329016895
2021-04-22,0.5042511021564645
2021-04-23,0.5109411023415559
2021-04-26,0.47849983450788847
2021-04-27,0.47855333729690036
2021-04-28,0.5146729199707211
2021-04-29,0.5226031075246598
2021-04-30,0.5297531673148331
2021-05-06,0.5113982583369057
2021-05-07,0.478423807185837
2021-05-10,0.49841015241798325
2021-05-11,0.4977345263228121
2021-05-12,0.46468888238281036
2021-05-13,0.4738801618405748
2021-05-14,0.4452305406014662
2021-05-17,0.48366070635442965
2021-05-18,0.466622386904276
2021-05-19,0.466622386904276
2021-05-20,0.4807557709290797
2021-05-21,0.492466956336202
2021-05-24,0.4868611953483845
2021-05-25,0.48218815361746464
2021-05-26,0.4715007027621605
2021-05-27,0.4928965195755549
2021-05-28,0.4690639200784785
2021-05-31,0.4933276550089733
2021-06-01,0.48520856336375573
2021-06-02,0.5019454277655816
2021-06-03,0.49480929128338014
2021-06-04,0.5193731107602982
2021-06-07,0.5186535481027497
2021-06-08,0.526005875374118
2021-06-09,0.5383923039964552
2021-06-10,0.5680858808961942
2021-06-11,0.5502171300775279
2021-06-15,0.543403715434411
2021-06-16,0.5337114051669809
2021-06-17,0.49762389680923197
2021-06-18,0.485773768216516
2021-06-21,0.46573519627411814
2021-06-22,0.43562978427279025
2021-06-23,0.4332179930795845
2021-06-24,0.42277580071174353
2021-06-25,0.4195997239475496
2021-06-28,0.4173228346456689
2021-06-29,0.45034965034964997
2021-06-30,0.4519298245614033
2021-07-01,0.43569364161849655
2021-07-02,0.43323657474600896
2021-07-05,0.4341818181818182
2021-07-06,0.4310469314079422
2021-07-07,0.3942814145974419
2021-07-08,0.411302982731554
2021-07-09,0.411302982731554
2021-07-12,0.4205457463884427
2021-07-13,0.41719745222929927
2021-07-14,0.4341546304163122
2021-07-15,0.4468438538205977
2021-07-16,0.47897774113767483
2021-07-19,0.4660278745644599
2021-07-20,0.4374488961569911
2021-07-21,0.4601128122481871
2021-07-22,0.47533281127642935
2021-07-23,0.42536115569823435
2021-07-26,0.40365575019040373
2021-07-27,0.44243792325056464
2021-07-28,0.4590163934426227
2021-07-29,0.4414414414414409
2021-07-30,0.4498852333588368
2021-08-02,0.4319754035357418
2021-08-03,0.4120922832140013
2021-08-04,0.4231069476971113
2021-08-05,0.41349206349206347
2021-08-06,0.4023166023166023
2021-08-09,0.39831804281345584
2021-08-10,0.3911382734912152
2021-08-11,0.381066030230709
2021-08-12,0.35586924219910954
2021-08-13,0.3328197226502315
2021-08-16,0.3613847249861641
2021-08-17,0.37272645973206076
2021-08-18,0.36833275455471903
2021-08-19,0.3635412382961319
2021-08-20,0.37238952698620786
2021-08-23,0.37238952698620786
2021-08-24,0.32343628614021525
2021-08-25,0.3469523280016164
2021-08-26,0.3510365694421982
2021-08-27,0.3421492176133252
2021-08-30,0.374146495972544
2021-08-31,0.3766148525745165
2021-09-01,0.38151617158323936
2021-09-02,0.4136229260846942
2021-09-03,0.4092725813562472
2021-09-06,0.4272936667153473
2021-09-07,0.41925708531394634
2021-09-08,0.42448908650077194
2021-09-09,0.3988525874300843
2021-09-10,0.39484671173076785
2021-09-13,0.39343419101537674
2021-09-14,0.3930882820875044
2021-09-15,0.37561472491269904
2021-09-16,0.3855973866261237
2021-09-17,0.40464313304761573
2021-09-22,0.45420883478430535
2021-09-23,0.43810802731400483
2021-09-24,0.4294661593395827
2021-09-27,0.4779962544862485
2021-09-28,0.44246816944614564
2021-09-29,0.44600579877209356
2021-09-30,0.44211055920650083
2021-10-08,0.4317326029548356
2021-10-11,0.40825487102337416
2021-10-12,0.4583046971085036
2021-10-13,0.4646908513475774
2021-10-14,0.45950414110731486
2021-10-15,0.46798448768133155
2021-10-18,0.5121030705865582
2021-10-19,0.5372794487665312
2021-10-20,0.5300813008130083
2021-10-21,0.5144230769230769
2021-10-22,0.533226581265012
2021-10-25,0.5563165905631658
2021-10-26,0.588495575221239
2021-10-27,0.579520697167756
2021-10-28,0.5375086028905709
2021-10-29,0.5223880597014923
2021-11-01,0.5017445917655267
2021-11-02,0.5081272084805653
2021-11-03,0.5444297082228114
2021-11-04,0.5625418060200664
2021-11-05,0.5331249999999995
2021-11-08,0.5198487712665402
2021-11-09,0.5182160804020096
2021-11-10,0.5182160804020098
2021-11-11,0.5372005044136189
2021-11-12,0.5305105853051056
2021-11-15,0.567272727272727
2021-11-16,0.5603448275862065
2021-11-17,0.5624999999999999
2021-11-18,0.5950726468730253
2021-11-19,0.6003740648379049
2021-11-22,0.5674157303370787
2021-11-23,0.5464480874316938
2021-11-24,0.5363128491620108
2021-11-25,0.529893014474512
2021-11-26,0.5181538461538456
2021-11-29,0.5213094502779488
2021-11-30,0.5219542362399501
2021-12-01,0.5112053301029673
2021-12-02,0.49849849849849787
2021-12-03,0.49197860962566803
2021-12-06,0.49460317460317393
2021-12-07,0.474934036939313
2021-12-08,0.4735449735449723
2021-12-09,0.4476854787571327
2021-12-10,0.4214372716199749
2021-12-13,0.4030592420130838
2021-12-14,0.3756560956498978
2021-12-15,0.36639339782003744
2021-12-16,0.372734844608861
2021-12-17,0.36328909979498303
2021-12-20,0.33633263402454777
2021-12-21,0.2800302320284534
2021-12-22,0.28398009406295277
2021-12-23,0.33590271033541824
2021-12-24,0.34134516343416765
2021-12-27,0.3704107131069647
2021-12-28,0.36441350231726727
2021-12-29,0.31606584134586013
2021-12-30,0.296187004141631
2021-12-31,0.32884358577755507
2022-01-04,0.3332301954005272
2022-01-05,0.3426317163551111
2022-01-06,0.3337521680927067
2022-01-07,0.31103043724654006
2022-01-10,0.32270731648537593
2022-01-11,0.25748596087206005
2022-01-12,0.25292484646657487
2022-01-13,0.2548130362978549
2022-01-14,0.2520602838985074
2022-01-17,0.22485433946832883
2022-01-18,0.22476735617764643
2022-01-19,0.23367417234720048
2022-01-20,0.22135732648688938
2022-01-21,0.23686951414697938
2022-01-24,0.2486068620692383
2022-01-25,0.2721145337961792
2022-01-26,0.3085946588820416
2022-01-27,0.3208449773265322
2022-01-28,0.3640541386798203
2022-02-07,0.3796560885680959
2022-02-08,0.4031620527243719
2022-02-09,0.4090437554995596
2022-02-10,0.40573187345258355
2022-02-11,0.4618126237650056
2022-02-14,0.5001397555902244
2022-02-15,0.5225603357817437
2022-02-16,0.5297872340425547
2022-02-17,0.5407166123778522
2022-02-18,0.5561385099685223
2022-02-21,0.5538140020898659
2022-02-22,0.5279503105590073
2022-02-23,0.5592105263157906
2022-02-24,0.5906313645621191
2022-02-25,0.5821205821205835
2022-02-28,0.5802845528455298
2022-03-01,0.5638859556494203
2022-03-02,0.5822649572649586
2022-03-03,0.5948186528497422
2022-03-04,0.5817995910020461
2022-03-07,0.5822267620020439
2022-03-08,0.5962487660414619
2022-03-09,0.6233905579399153
2022-03-10,0.6289640591966186
2022-03-11,0.6223849372384945
2022-03-14,0.6422200198216066
2022-03-15,0.6799580272822671
2022-03-16,0.5874886672710792
2022-03-17,0.5833333333333336
2022-03-18,0.5489323843416368
2022-03-21,0.5831758034026462
2022-03-22,0.6199804113614102
2022-03-23,0.6404174573055028
2022-03-24,0.6433823529411765
2022-03-25,0.6643598615916957
2022-03-28,0.6626086956521742
2022-03-29,0.6318681318681317
2022-03-30,0.6235955056179775
2022-03-31,0.5851339671564387
2022-04-01,0.5652173913043477
2022-04-06,0.5457001166351416
2022-04-07,0.5555283097389905
2022-04-08,0.5189838813508066
2022-04-11,0.522990614731432
2022-04-12,0.5047326836330326
2022-04-13,0.48162380904995217
2022-04-14,0.4799249489663975
2022-04-15,0.4799249489663975
2022-04-18,0.4771681628946401
2022-04-19,0.4909269287630863
2022-04-20,0.4924923597390922
2022-04-21,0.503638198124442
2022-04-22,0.503638198124442
2022-04-25,0.4659131724060068
2022-04-26,0.4827052622775844
2022-04-27,0.46801797223451247
2022-04-28,0.46567278272301693
2022-04-29,0.4730284776134873
2022-05-05,0.4573553140662092
2022-05-06,0.4606989689723609
2022-05-09,0.44162390105143784
2022-05-10,0.41788882133897054
2022-05-11,0.41066339331774976
2022-05-12,0.40387650950730836
2022-05-13,0.42598232951337506
2022-05-16,0.39593113319551687
2022-05-17,0.4060314091814854
2022-05-18,0.48140710074195264
2022-05-19,0.48140710074195264
2022-05-20,0.48769635868701056
2022-05-23,0.48900973388062746
2022-05-24,0.4992025102078692
2022-05-25,0.47834994121691243
2022-05-26,0.48018076067463056
2022-05-27,0.4289607209733729
2022-05-30,0.4082542752901638
2022-05-31,0.40905564733246996
2022-06-01,0.40905564733246996
2022-06-02,0.44714275125230335
2022-06-06,0.44053265119618445
2022-06-07,0.485768500948765
2022-06-08,0.4452122408687048
2022-06-09,0.47624076029566836
2022-06-10,0.46590909090908894
2022-06-13,0.4671052631578924
2022-06-14,0.5087514585764276
2022-06-15,0.5075669383003474
2022-06-16,0.4791208791208775
2022-06-17,0.4971493728620279
2022-06-20,0.4779582366589306
2022-06-21,0.4938132733408302
2022-06-22,0.5062146892655341
2022-06-23,0.48327939590075275
2022-06-24,0.47408207343412345
2022-06-27,0.4478458049886602
2022-06-28,0.4453213077790286
2022-06-29,0.4468325791855191
2022-06-30,0.43205574912891914
2022-07-01,0.41425389755011094
2022-07-04,0.38212290502793256
2022-07-05,0.3770672546857773
2022-07-06,0.3795782463928966
2022-07-07,0.35185185185185197
2022-07-08,0.35318275154004125
2022-07-11,0.35318275154004125
2022-07-12,0.37250996015936205
2022-07-13,0.34577603143418467
2022-07-14,0.3142857142857139
2022-07-15,0.3358778625954195
2022-07-18,0.3401360544217684
2022-07-19,0.34396135265700467
2022-07-20,0.3063414634146338
2022-07-21,0.2934579439252334
2022-07-22,0.2779369627507162
2022-07-25,0.26586936522539084
2022-07-26,0.27804878048780557
2022-07-27,0.27246653919694164
2022-07-28,0.26511627906976815
2022-07-29,0.29211469534050233
2022-08-01,0.30054151624548847
2022-08-02,0.23822222222222378
2022-08-03,0.23801065719360728
2022-08-04,0.2304385210662097
2022-08-05,0.2284739982949716
2022-08-08,0.23588879528222545
2022-08-09,0.21394611727416857
2022-08-10,0.20865533230293734
2022-08-11,0.25096227867590565
2022-08-12,0.2673192771084348
2022-08-15,0.2536683506641776
2022-08-16,0.2780890087528062
2022-08-17,0.2829720359678256
2022-08-18,0.3207631707296924
2022-08-19,0.3305116651476575
2022-08-22,0.3315443905332008
2022-08-23,0.3326883510433229
2022-08-24,0.3337044605843275
2022-08-25,0.35286878597829796
2022-08-26,0.3577749610687915
2022-08-29,0.37307234558786045
2022-08-30,0.39737582666632276
2022-08-31,0.4382965732178481
2022-09-01,0.4646824131841167
2022-09-02,0.45281394316309864
2022-09-05,0.43868508588552596
2022-09-06,0.44293614462828745
2022-09-07,0.475339445661785
2022-09-08,0.4808110207363044
2022-09-09,0.4599689258386415
2022-09-13,0.47246967458438577
2022-09-14,0.48185792833901914
2022-09-15,0.48437796891428053
2022-09-16,0.5105377339178283
2022-09-19,0.503485860945039
2022-09-20,0.5454311220325642
2022-09-21,0.5454311220325642
2022-09-22,0.5607586782822623
2022-09-23,0.5863517718381981
2022-09-26,0.5755836338622016
2022-09-27,0.5590032014253792
2022-09-28,0.6151921732061244
2022-09-29,0.6297521360878979
2022-09-30,0.6513241858767241
2022-10-10,0.6172133836616006
2022-10-11,0.6600227086842564
2022-10-12,0.7048369176836259
2022-10-13,0.7161443574080668
2022-10-14,0.7202804002370283
2022-10-17,0.7136385703387315
2022-10-18,0.7028619528619536
2022-10-19,0.6350000000000005
2022-10-20,0.6306913996627324
2022-10-21,0.6220880069025027
2022-10-24,0.6220880069025027
2022-10-25,0.6209098164405429
2022-10-26,0.6254019292604505
2022-10-27,0.5916349809885935
2022-10-28,0.5671062839410401
2022-10-31,0.5676516329704514
2022-11-01,0.5989505247376318
2022-11-02,0.5903522205206743
2022-11-03,0.5660989456609901
2022-11-04,0.5536992840095473
2022-11-07,0.5526729559748437
2022-11-08,0.5583796664019071
2022-11-09,0.5336032388663975
2022-11-10,0.5112593828190167
2022-11-11,0.5177364864864873
2022-11-14,0.5199321458863453
2022-11-15,0.5253012048192778
2022-11-16,0.5195121951219521
2022-11-17,0.5431799838579511
2022-11-18,0.5313262815297001
2022-11-21,0.5030816640986138
2022-11-22,0.4992236024844724
2022-11-23,0.5076335877862599
2022-11-24,0.5115384615384615
2022-11-25,0.52183734939759
2022-11-28,0.517843583902809
2022-11-29,0.5182370820668687
2022-11-30,0.48123123123123074
2022-12-01,0.4687499999999995
2022-12-02,0.4746136865342158
2022-12-05,0.5070754716981124
2022-12-06,0.5086206896551716
2022-12-07,0.5086206896551716
2022-12-08,0.504273504273504
2022-12-09,0.4611689351481181
2022-12-12,0.45070422535211235
2022-12-13,0.41319942611190796
2022-12-14,0.43225688380519484
2022-12-15,0.4303335775288493
2022-12-16,0.41201191454140074
2022-12-19,0.40539218223120366
2022-12-20,0.3805228207035216
2022-12-21,0.3829162545821512
2022-12-22,0.423693215278203
2022-12-23,0.4309179045283693
2022-12-26,0.427860605567688
2022-12-27,0.3763008668988695
2022-12-28,0.4101797624567525
2022-12-29,0.40926913049970287
2022-12-30,0.4340263101861172
2023-01-03,0.44396274628372673
2023-01-04,0.4593276007923575
2023-01-05,0.4663796649618012
2023-01-06,0.495183431262672
2023-01-09,0.495183431262672
2023-01-10,0.49667435338068805
2023-01-11,0.4968728130629243
2023-01-12,0.4929671456803996
2023-01-13,0.4837582288496837
2023-01-16,0.4939689952094827
2023-01-17,0.5339198118257404
2023-01-18,0.5119892840783715
2023-01-19,0.5080903807565534
2023-01-20,0.5152744090968794
2023-01-30,0.4735511883205111
2023-01-31,0.4961978384561924
2023-02-01,0.508757467525779
2023-02-02,0.5513463705150904
2023-02-03,0.562828335139202
2023-02-06,0.5612591644993938
2023-02-07,0.5538341817629957
2023-02-08,0.4585659945301785
2023-02-09,0.4449077800607055
2023-02-10,0.445399652476107
2023-02-13,0.4756855392312001
2023-02-14,0.4771225002364456
2023-02-15,0.5382589349224661
2023-02-16,0.5840886203423964
2023-02-17,0.5876393110435659
2023-02-20,0.5923309788092835
2023-02-21,0.6069958847736626
2023-02-22,0.6263269639065818
2023-02-23,0.6171548117154807
2023-02-24,0.6253838280450355
2023-02-27,0.6276703967446589
2023-02-28,0.6465067778936393
2023-03-01,0.6746463547334057
2023-03-02,0.6421052631578956
2023-03-03,0.6000000000000001
2023-03-06,0.5896860986547088
2023-03-07,0.5717391304347826
2023-03-08,0.5596755504055614
2023-03-09,0.5596755504055614
2023-03-10,0.5261845386533661
2023-03-13,0.5102781136638443
2023-03-14,0.506602641056422
2023-03-15,0.5412946428571425
2023-03-16,0.5382022471910105
2023-03-17,0.5276211950394584
2023-03-20,0.5292134831460668
2023-03-21,0.48785638859556474
2023-03-22,0.4832635983263598
2023-03-23,0.4706498951781968
2023-03-24,0.42519685039370037
2023-03-27,0.4307078763708872
2023-03-28,0.4045881126173091
2023-03-29,0.41005025125628103
2023-03-30,0.38598326359832585
2023-03-31,0.40587044534412875
2023-04-03,0.3954451345755686
2023-04-04,0.3966770508826575
2023-04-06,0.42070484581497675
2023-04-07,0.42209944751381107
2023-04-10,0.4399551066217716
2023-04-11,0.4473975636766318
2023-04-12,0.46188850967007816
2023-04-13,0.4526198439241897
2023-04-14,0.421631077300427
2023-04-17,0.42588510141233776
2023-04-18,0.5237979453240744
2023-04-19,0.5223144136433434
2023-04-20,0.5223144136433434
2023-04-21,0.49609037730026095
2023-04-24,0.4518350069023969
2023-04-25,0.44950850784562213
2023-04-26,0.43812621607009894
2023-04-27,0.438812027326586
2023-04-28,0.43173027088186006
2023-05-04,0.45657238300204567
2023-05-05,0.4395233166093804
2023-05-08,0.44750718583924254
2023-05-09,0.4252666835747806
2023-05-10,0.4252666835747806
2023-05-11,0.43977676738727917
2023-05-12,0.44997889850876144
2023-05-15,0.44138848740492004
2023-05-16,0.39960131723016434
2023-05-17,0.40553461841635763
2023-05-18,0.4116103521164483
2023-05-19,0.39308306472426147
2023-05-22,0.4124845282472583
2023-05-23,0.39864541091324196
2023-05-24,0.40300242706087996
2023-05-25,0.4595594767290822
2023-05-26,0.468410587330469
2023-05-29,0.45571309733403964
2023-05-30,0.4833768996261861
2023-05-31,0.49003988994171155
2023-06-01,0.4582911565708935
2023-06-02,0.4582911565708935
2023-06-05,0.4774445449036845
2023-06-06,0.4886619940179203
2023-06-07,0.4887718486317436
2023-06-08,0.47893367924776853
2023-06-09,0.4578685593319046
2023-06-12,0.4356777804181427
2023-06-13,0.4450935360728501
2023-06-14,0.4258373205741633
2023-06-15,0.4176974310180785
2023-06-16,0.3304157549234139
2023-06-19,0.35374868004223897
2023-06-20,0.37359263050153557
2023-06-21,0.40111731843575466
2023-06-26,0.4293721973094174
2023-06-27,0.4295532646048104
2023-06-28,0.4426229508196717
2023-06-29,0.4526066350710894
2023-06-30,0.44733581164807884
2023-07-03,0.44733581164807884
2023-07-04,0.515428571428571
2023-07-05,0.5207852193995378
2023-07-06,0.5816326530612242
2023-07-07,0.5816326530612242
2023-07-10,0.5719257540603246
2023-07-11,0.560810810810811
2023-07-12,0.5804195804195806
2023-07-13,0.5472527472527473
2023-07-14,0.5241675617615466
2023-07-17,0.5127388535031843
2023-07-18,0.5232936078006497
2023-07-19,0.5463258785942487
2023-07-20,0.573333333333333
2023-07-21,0.5708013172338088
2023-07-24,0.5907079646017699
2023-07-25,0.6189495365602471
2023-07-26,0.638144329896907
2023-07-27,0.6023579849946408
2023-07-28,0.5935135135135131
2023-07-31,0.6214128035320083
2023-08-01,0.6263616557734202
2023-08-02,0.6438213914849424
2023-08-03,0.667003027245206
2023-08-04,0.6800411522633746
2023-08-07,0.68944099378882
2023-08-08,0.6126954921803125
2023-08-09,0.6416184971098264
2023-08-10,0.659963436928702
2023-08-11,0.6699909338168633
2023-08-14,0.6586452762923355
2023-08-15,0.6229508196721317
2023-08-16,0.6119005328596808
2023-08-17,0.5990323470319323
2023-08-18,0.5758621485280396
2023-08-21,0.5925449477778805
2023-08-22,0.5997881387220403
2023-08-23,0.5906983059839245
2023-08-24,0.5659859742301997
2023-08-25,0.5810994787601452
2023-08-28,0.5947516793648083
2023-08-29,0.5714831139713281
2023-08-30,0.5960852772860913
2023-08-31,0.582727321815832
2023-09-01,0.5791117714968622
2023-09-04,0.5837246364234268
2023-09-05,0.5847936687394004
2023-09-06,0.5939286773914488
2023-09-07,0.6213139363259508
2023-09-08,0.6170883695238849
2023-09-11,0.6284701978720518
2023-09-12,0.6316264028400488
2023-09-13,0.6177361800665994
2023-09-14,0.6082612458186515
2023-09-15,0.6103112070306161
2023-09-18,0.6584809314305694
2023-09-19,0.6424885118779704
2023-09-20,0.6216434452472969
2023-09-21,0.6584946078568907
2023-09-22,0.6606588486661971
2023-09-25,0.6496947590864374
2023-09-26,0.6263311188339753
2023-09-27,0.6054454773753638
2023-09-28,0.588002671461528
2023-10-09,0.5941995942160728
2023-10-10,0.5477884604026048
2023-10-11,0.593146012716352
2023-10-12,0.5898073159549678
2023-10-13,0.5541025856433425
2023-10-16,0.5486418712697703
2023-10-17,0.5490265273827828
2023-10-18,0.5677970212420742
2023-10-19,0.5677970212420742
2023-10-20,0.5628781935285851
2023-10-23,0.5866480404568603
2023-10-24,0.5535996585232696
2023-10-25,0.5399981942532368
2023-10-26,0.5547132138923274
2023-10-27,0.5719453547178603
2023-10-30,0.5679893942068885
2023-10-31,0.5389566218896377
2023-11-01,0.5431850388523058
2023-11-02,0.5200155472254181
2023-11-03,0.5102087693944053
2023-11-06,0.5267481317766218
2023-11-07,0.5057620581903307
2023-11-08,0.5175651382509133
2023-11-09,0.49591985059038185
2023-11-10,0.4531305808586486
2023-11-13,0.4578402177430812
2023-11-14,0.4561048259267663
2023-11-15,0.48177303166392155
2023-11-16,0.5107343958688418
2023-11-17,0.5333842932311821
2023-11-20,0.5354448470180277
2023-11-21,0.4373454271940006
2023-11-22,0.4289855528167669
2023-11-23,0.45360574430794026
2023-11-24,0.38358218976928443
2023-11-27,0.36643035130683266
2023-11-28,0.383872794546997
2023-11-29,0.4013618743494718
2023-11-30,0.36490770664505456
2023-12-01,0.3597474971847342
2023-12-04,0.35750223559393773
2023-12-05,0.3793103448275871
2023-12-06,0.34122448979591913
2023-12-07,0.34234234234234284
2023-12-08,0.35427135678392035
2023-12-11,0.37061769616026774
2023-12-12,0.3693843594009991
2023-12-13,0.36532631596279064
2023-12-14,0.36532631596279064
2023-12-15,0.3569845810491268
2023-12-18,0.346684608081605
2023-12-19,0.3271318412283269
2023-12-20,0.33090239856109643
2023-12-21,0.3223331206373474
2023-12-22,0.3454235940307433
2023-12-25,0.34728054618234633
2023-12-26,0.36432408281391826
2023-12-27,0.3512883034387348
2023-12-28,0.3482717295580097
2023-12-29,0.3478620197293684
2024-01-02,0.3206176566253719
2024-01-03,0.32395331066304167
2024-01-04,0.30705677881061505
2024-01-05,0.3137573394186741
2024-01-08,0.31716666473166405
2024-01-09,0.30292977855323844
2024-01-10,0.29738734882016327
2024-01-11,0.2505831845765961
2024-01-12,0.21132287971608346
2024-01-15,0.17637478922119557
2024-01-16,0.17255041402242344
2024-01-17,0.1640411873798634
2024-01-18,0.18709221742481713
2024-01-19,0.16067783168037628
2024-01-22,0.16271631463120767
2024-01-23,0.1631976014685961
2024-01-24,0.14642077346474738
2024-01-25,0.15073239923141749
2024-01-26,0.16344561862399945
2024-01-29,0.1585041938339733
2024-01-30,0.17732883716065698
2024-01-31,0.18151350974019692
2024-02-01,0.20151149350163447
2024-02-02,0.2383011814927783
2024-02-05,0.24817612685772109
2024-02-06,0.2289575494142449
2024-02-07,0.23556924353549835
2024-02-08,0.24137862003131524
2024-02-19,0.24636588940622617
2024-02-20,0.2404988830207081
2024-02-21,0.23901243733817784
2024-02-22,0.2632466298212656
2024-02-23,0.2845670261212788
2024-02-26,0.3247068993302247
2024-02-27,0.3078860999651279
2024-02-28,0.3078860999651279
2024-02-29,0.2995898151646409
2024-03-01,0.3186166807927867
2024-03-04,0.3176317627352246
2024-03-05,0.31832590606216166
2024-03-06,0.34688624120759054
2024-03-07,0.3558378146138605
2024-03-08,0.3865261994400202
2024-03-11,0.39846432093656864
2024-03-12,0.4202602902995645
2024-03-13,0.45963258347251246
2024-03-14,0.4608880916729874
2024-03-15,0.4650358771535203
2024-03-18,0.45464400575635827
2024-03-19,0.4569286984064404
2024-03-20,0.4456996408534906
2024-03-21,0.4644963455642063
2024-03-22,0.4654237080219444
2024-03-25,0.4891929199606465
2024-03-26,0.4409649278038755
2024-03-27,0.4557003051883844
2024-03-28,0.46371378975893895
2024-03-29,0.4661432210817142
2024-04-01,0.44589156528510165
2024-04-02,0.4338454505759173
2024-04-03,0.4145623333978092
2024-04-08,0.423139385039819
2024-04-09,0.4356063281902825
2024-04-10,0.4225111606878899
2024-04-11,0.42799107204265696
2024-04-12,0.43510275601846615
2024-04-15,0.42866030690069923
2024-04-16,0.4503382044066061
2024-04-17,0.4185011123424866
2024-04-18,0.44366152685967036
2024-04-19,0.45839786324189363
2024-04-22,0.456843644441275
2024-04-23,0.46164755619710274
2024-04-24,0.40843189079799075
2024-04-25,0.4069437742338356
2024-04-26,0.41821989356851874
2024-04-29,0.4783177465594952
2024-04-30,0.4721363209290942
2024-05-06,0.45057775879968137
2024-05-07,0.4537080842482063
2024-05-08,0.4932685537779768
2024-05-09,0.5084367657491727
2024-05-10,0.49215903268230904
2024-05-13,0.48764754478922107
2024-05-14,0.5156770190905501
2024-05-15,0.49079068764979394
2024-05-16,0.49237733975664383
2024-05-17,0.5162566147750913
2024-05-20,0.5340325885811207
2024-05-21,0.55683985986584
2024-05-22,0.5512872730567362
2024-05-23,0.542081550656054
2024-05-24,0.5336729330838414
2024-05-27,0.5468943395643394
2024-05-28,0.5901553932625644
2024-05-29,0.5958545055645937
2024-05-30,0.5654277114542884
2024-05-31,0.5613168354835082
2024-06-03,0.6074955552077413
2024-06-04,0.6486893481729483
2024-06-05,0.6500706050951846
2024-06-06,0.658385093167702
2024-06-07,0.632999228989977
2024-06-11,0.6250980392156863
2024-06-12,0.6209357652656624
2024-06-13,0.6305379746835443
2024-06-14,0.6246081504702199
2024-06-17,0.6164931945556449
2024-06-18,0.5973622963537631
2024-06-19,0.5886850152905204
2024-06-20,0.5835913312693499
2024-06-21,0.5835257890685142
2024-06-24,0.5709754163362409
2024-06-25,0.6089341692789968
2024-06-26,0.6055335968379446
2024-06-27,0.6122766122766122
2024-06-28,0.5742320819112624
2024-07-01,0.567965367965368
2024-07-02,0.6111111111111107
2024-07-03,0.6127917026793428
2024-07-04,0.562072336265884
2024-07-05,0.5594886922320546
2024-07-08,0.5622529644268778
2024-07-09,0.5522813688212932
2024-07-10,0.5205616850551663
2024-07-11,0.5556745182012854
2024-07-12,0.5468914646996842
2024-07-15,0.5025906735751297
2024-07-16,0.5030991735537197
2024-07-17,0.4952279957582189
2024-07-18,0.5165929203539832
2024-07-19,0.49470338983050943
2024-07-22,0.49683544303797583
2024-07-23,0.4963041182682167
2024-07-24,0.48654244306418337
2024-07-25,0.4820512820512833
2024-07-26,0.49525816649104437
2024-07-29,0.5031120331950221
2024-07-30,0.4752155172413806
2024-07-31,0.46593406593406717
2024-08-01,0.48076923076923184
2024-08-02,0.47685683530678274
2024-08-05,0.5307612095933277
2024-08-06,0.5395683453237422
2024-08-07,0.5145145145145155
2024-08-08,0.5150000000000011
2024-08-09,0.53279515640767
2024-08-12,0.49903846153846243
2024-08-13,0.5556745182012861
2024-08-14,0.5258358662613991
2024-08-15,0.5219611848825344
2024-08-16,0.5658263305322139
2024-08-19,0.5621468926553683
2024-08-20,0.5373134328358219
2024-08-21,0.5373134328358219
2024-08-22,0.5255102040816337
2024-08-23,0.4918551738162149
2024-08-26,0.5038767287317693
2024-08-27,0.47386819037218453
2024-08-28,0.4731657826217191
2024-08-29,0.48555660523649763
2024-08-30,0.44598954453045203
2024-09-02,0.45210047265471304
2024-09-03,0.48482432179261
2024-09-04,0.48224629516781864
2024-09-05,0.48938472703504887
2024-09-06,0.4991180690640339
2024-09-09,0.5369270043576422
2024-09-10,0.48814291931720544
2024-09-11,0.48814291931720544
2024-09-12,0.4901165295958754
2024-09-13,0.5311073898127978
2024-09-18,0.5317877119380789
2024-09-19,0.521058125785145
2024-09-20,0.5580764323487418
2024-09-23,0.5937468813767575
2024-09-24,0.5917376261651146
2024-09-25,0.5720287372525609
2024-09-26,0.6001713174540916
2024-09-27,0.5847488769524027
2024-09-30,0.5728538594543061
2024-10-08,0.5832141659541878
2024-10-09,0.5284462029158871
2024-10-10,0.5118390821295187
2024-10-11,0.5417743644414851
2024-10-14,0.5138058295682306
2024-10-15,0.5117762754102955
2024-10-16,0.5480897637879432
2024-10-17,0.5840383402327683
2024-10-18,0.6172262546529902
2024-10-21,0.6213685711668651
2024-10-22,0.5919862701942866
2024-10-23,0.5919862701942866
2024-10-24,0.5966895276728656
2024-10-25,0.5806263321128348
2024-10-28,0.5722373814427596
2024-10-29,0.5644055072507168
2024-10-30,0.543225309328909
2024-10-31,0.5469138485776276
2024-11-01,0.5433688949355818
2024-11-04,0.5324096603488999
2024-11-05,0.6024789322937018
2024-11-06,0.6024789322937018
2024-11-07,0.5724491750732412
2024-11-08,0.5830653804930332
2024-11-11,0.6058763931104357
2024-11-12,0.5844793713163065
2024-11-13,0.5778443113772455
2024-11-14,0.6214128035320083
2024-11-15,0.5907660020986354
2024-11-18,0.5744897959183669
2024-11-19,0.543859649122807
2024-11-20,0.5391032325338894
2024-11-21,0.5318930041152264
2024-11-22,0.5342886386898666
2024-11-25,0.4994571118349618
2024-11-26,0.5346320346320342
2024-11-27,0.5578378378378375
2024-11-28,0.5352272727272728
2024-11-29,0.531003382187148
2024-12-02,0.5483170466883829
2024-12-03,0.5458515283842802
2024-12-04,0.56179775280899
2024-12-05,0.5743243243243255
2024-12-06,0.5394006659267486
2024-12-09,0.5618497109826599
2024-12-10,0.6171717171717183
2024-12-11,0.6225099601593636
2024-12-12,0.5976645435244171
2024-12-13,0.595137420718817
2024-12-16,0.5817610062893089
2024-12-17,0.5740108516734751
2024-12-18,0.5796461507919805
2024-12-19,0.5443213993491602
2024-12-20,0.5528049455484371
2024-12-23,0.565367167805964
2024-12-24,0.5837186069058543
2024-12-25,0.5939853801520859
2024-12-26,0.6103780349212569
2024-12-27,0.6103780349212569
2024-12-30,0.6147717371308468
2024-12-31,0.5120550705660896
